iteration,boot_raw_d,boot_adj_d
0,-0.5748459660290166,-0.7604965086161078
1,-0.4590712966765948,-0.4869256340143229
2,-0.26378218990934676,-0.2855103439900841
3,-0.17773255926903894,-0.244839626246143
4,-0.09386987085158169,-0.15672296280141204
5,-0.4088739842637169,-0.560786283051046
6,-0.2636676452050298,-0.47872144369376235
7,-0.23737780970518343,-0.3716814712772025
8,-0.25463069327601245,-0.313532765805003
9,-0.45895072193964515,-0.643737267153981
10,-0.1757460312103617,-0.2205102914570506
11,-0.2816145912728329,-0.5221441873153966
12,-0.43789370847908354,-0.5831686495762571
13,-0.37691011788299933,-0.542075459730452
14,-0.2570261476560344,-0.4190068769556857
15,-0.5822961737284899,-0.742699494573254
16,0.16759696249238185,0.08856000517026444
17,-0.6987120540331582,-0.8398728093032506
18,0.036744551677346,-0.15658685689351706
19,-0.33314579945041783,-0.3594490187830455
20,-0.03138477801872139,-0.2701565594496471
21,-0.45684983769176046,-0.5754798658437874
22,0.2652217860309982,0.19310314619328217
23,-0.5708905621609243,-0.7051313777661898
24,-0.2667029681328021,-0.41337540462548683
25,-0.37221295219018624,-0.49231764142592344
26,-0.48738665207956666,-0.4720736173614403
27,-0.04185683932022379,-0.11291976123192343
28,-0.025768245937489262,-0.175362832874085
29,-0.21391089695680973,-0.27778044840900984
30,0.15530869779011885,0.04266847075979657
31,-0.16952852300258373,-0.39373131036399067
32,-0.10462040680678206,-0.3284299777730056
33,-0.09939302269531425,-0.230139708091832
34,-0.293901377570175,-0.3598891966726038
35,-0.3918203604491176,-0.4103544305284483
36,-0.1411229791001468,-0.24389438649989428
37,-0.5978741647354187,-0.7624829090968838
38,-0.46058610894299995,-0.5420096195210852
39,-0.12034210218373827,-0.302530285270943
40,-0.5880155016238424,-0.6566071432844822
41,-0.3455111503460673,-0.6015826759503091
42,-0.3003121891545272,-0.30132321224033565
43,-0.3121290916232504,-0.44564965069156554
44,-0.15866280047178813,-0.2122992121328577
45,-0.33815994157167084,-0.4912918250830339
46,-0.10118666146645973,-0.2877811400714487
47,-0.2528679490532978,-0.34791810380679017
48,-0.04224064215252309,-0.18614278905335924
49,-0.3041581539485488,-0.48242633367966953
50,-0.5070123861826279,-0.7446914096978043
51,-0.3458179569993343,-0.4202788659043194
52,-0.5837293377685885,-0.6484944032222331
53,-0.3906886320126257,-0.766033561271904
54,-0.7997523486691472,-0.8552898043641759
55,-0.578586662373659,-0.6876251607002692
56,-0.31995365405591075,-0.34293923944282145
57,-0.5084766950631281,-0.6412581078034034
58,-0.22292144153059476,-0.24221435818399684
59,-0.2102185472521625,-0.23300664736588025
60,-0.0526137622571754,-0.18749429275474847
61,-0.3679942220799888,-0.4255970143224644
62,-0.1374244598648407,-0.21123651985221883
63,-0.22180055318863162,-0.2780494430327838
64,-0.18761993979215408,-0.3510275701679069
65,-0.4285430103224946,-0.43065188703414464
66,-0.5652741328041369,-0.6252713444945185
67,-0.3855411399991892,-0.389387029615405
68,-0.6986584410228284,-0.8123899078947422
69,-0.49665764441420757,-0.6194492467096298
70,-0.42352565352565963,-0.5321630100781228
71,0.01294452793652057,-0.04144628536340137
72,-0.04104565794987809,-0.13548502655059658
73,-0.37289839650407747,-0.45252892339911166
74,-0.10705046718558044,-0.18591099296107633
75,-0.35504340360166836,-0.4011814733346953
76,-0.701655210168471,-0.8005001638981855
77,-0.4981248508137148,-0.6795363993694934
78,-0.2641911357392884,-0.3533414282644962
79,-0.06706010934749977,-0.1135569793908989
80,-0.2883124884400586,-0.3249159170059235
81,-0.5138349029578251,-0.5999027537894188
82,-0.2382256145316339,-0.3844925423341866
83,-0.4852263887359151,-0.6456068781568695
84,-0.24178976611700712,-0.3130392633900821
85,-0.29994532212578984,-0.41300180609979475
86,-0.5241451451712867,-0.7044788036139769
87,-0.5580440431667766,-0.6770753400821786
88,-0.35147372177483405,-0.41775443986924504
89,-0.7331397117079295,-0.9276314264749811
90,-0.17477047690126227,-0.3355260071648456
91,-0.43496497825574626,-0.514083969216624
92,-0.15036250489849115,-0.2529828250539335
93,-0.47836239967093236,-0.538533480291966
94,0.06802314153381955,-0.06456353710213486
95,-0.2756497843141798,-0.4677795126804453
96,-0.6733401897467901,-0.9490045704343586
97,-0.6017184897024296,-0.7852570413394052
98,0.1491116649634434,0.08624696941282936
99,-0.09147232214702473,-0.33131549576205443
100,-0.5384375598512948,-0.5816317830275292
101,-0.2512260440869719,-0.33927252739392366
102,-0.27623191037307276,-0.5019166596178933
103,-0.2128671921012939,-0.3025864546221738
104,0.04698539349867536,0.015285396100178063
105,-0.09668119369295486,-0.2144970139806333
106,-0.06975614982094334,-0.18678992793514473
107,-0.2870817229396387,-0.4054395477126318
108,-0.48062485733178445,-0.6007399499103963
109,-0.6712723829495623,-0.8253345787674085
110,-0.4184261869727322,-0.5931209060057563
111,-0.43292396368009767,-0.528641194990738
112,-0.03543055638486837,-0.153529142990403
113,-0.06435943968184737,-0.18187712509432838
114,-0.011583874151458505,-0.21227800183365167
115,-0.32279955805619903,-0.39574444078407844
116,-0.4429417447944962,-0.5587833148402357
117,-0.24966267528197522,-0.2805827124010052
118,-0.1389499677927972,-0.2373625078545259
119,-0.6412990050089296,-0.8094499750974675
120,-0.4292908069185703,-0.5977976550331823
121,-0.29024913967513705,-0.4060896281534379
122,-0.5563461725666591,-0.5683159011928195
123,-0.16262928886613662,-0.24360768679586295
124,-0.2479905194555698,-0.43278812539856043
125,-0.552934136441401,-0.6256432788176008
126,-0.20437955390409668,-0.3963318341396573
127,-0.328671170520919,-0.5056139948197849
128,-0.544463972089447,-0.6222146549941274
129,-0.1748347746837004,-0.2152873379473942
130,-0.4129041089542909,-0.6454799662072276
131,-0.5113953684793056,-0.6774169228221109
132,-0.4493991750900076,-0.6007196682742244
133,-0.438179192281192,-0.5120180912646262
134,-0.22092828943745285,-0.24077192886913362
135,0.1076518225754487,-0.07590539188625844
136,-0.01437147426836332,-0.20538394960296247
137,-0.1053756257640558,-0.3393869681488474
138,-0.17804917338035928,-0.19480587615243322
139,-0.2143949167368357,-0.31205372696764105
140,-0.3710495900323395,-0.4769270971506368
141,-0.2879778910056271,-0.3116158628805936
142,-0.3425735763938123,-0.43268138247254523
143,-0.470130683718389,-0.6368098438796328
144,-0.2988299272600587,-0.42659666246548955
145,-0.2730010435896232,-0.4091030971520386
146,-0.47603384508474017,-0.5941054126082974
147,-0.11752018951911834,-0.21881979303355722
148,-0.5237253283246679,-0.643972819393879
149,-0.0737542177907276,-0.14809060572793337
150,-0.5548696349159481,-0.7458639550203107
151,-0.5660991981090043,-0.7656589279161877
152,-0.3508109394327884,-0.4226375160895898
153,-0.11132277238063963,-0.18505148755719503
154,-0.2949059036345466,-0.46027835052810434
155,-0.38864175545962815,-0.4888532264400395
156,-0.5641468415817112,-0.7266463091460904
157,-0.947907417509847,-1.0345226996302122
158,-0.5024358734094735,-0.7668350626599755
159,-0.6167222809535358,-0.7791023998035597
160,-0.4250583932926696,-0.573559165961831
161,-0.266076165532312,-0.303254600243716
162,-0.5281678917410482,-0.7894392082410596
163,-0.09161957109407018,-0.2052088236305983
164,-0.6129093562137338,-0.7756514871213817
165,-0.1094652202875754,-0.27319010702474517
166,-0.29092837179239656,-0.42318649353990984
167,-0.5800648348524231,-0.7076734814382752
168,-0.48957700019918454,-0.6446825760959406
169,-0.6415991996144833,-0.7160624398336826
170,-0.5285708374489556,-0.5844842474849881
171,-0.5459637619593605,-0.6880926045623087
172,-0.6211340262750612,-0.7569186256251603
173,-0.16986266735783542,-0.3021580987474519
174,-0.344992591403076,-0.3903543936470703
175,0.03524293291883156,0.017791129422185487
176,-0.28799214118960575,-0.47361174207681467
177,-0.28513936117066463,-0.44776466679658966
178,-0.40293718642086507,-0.5755316110727926
179,-0.4502843937268085,-0.4904714113618235
180,-0.47125242878806933,-0.5865652604765338
181,-0.48707579271339996,-0.5655114843008558
182,-0.29395026892391213,-0.4474260333256177
183,-0.3532676991314235,-0.39448198020729275
184,-0.1660940032281848,-0.24734567082264508
185,0.3177761215633827,0.13128642008447103
186,-0.4636956411816605,-0.6317705911103338
187,-0.30441067745711986,-0.4317763255705712
188,-0.6410119015782427,-0.8299335133662342
189,-0.2091410865460254,-0.2597029284069782
190,-0.08388865254023571,-0.1513381306042882
191,-0.03263437062917581,-0.2116362172731609
192,-0.45427775496135947,-0.490910694807967
193,-0.2073788277935951,-0.2728399037659104
194,-0.590040825251224,-0.722595887951591
195,-0.8514568585904063,-0.988195828150947
196,-0.01762376189993578,-0.23794394387509496
197,-0.2512155542722323,-0.32954885166168624
198,-0.6516068012287544,-0.9027969332235909
199,-0.5918567135714389,-0.642064592968204
200,-0.2750986519493886,-0.48768258343513765
201,-0.15617056759091946,-0.2791948056263707
202,-0.3314649583922006,-0.47197160400574717
203,-0.46328449698041596,-0.519726189051359
204,-0.5204485537599527,-0.5983310387092693
205,-0.17928199065859002,-0.2847002491343281
206,-0.29773658878661863,-0.45540123617963557
207,0.16820430613627288,0.11757240599186715
208,-0.2847469939361834,-0.4175812401798274
209,-0.716542221519649,-0.7985223976061605
210,-0.43903107684262416,-0.5832766654127899
211,-0.80538060919695,-1.114496645586695
212,-0.5394374641514538,-0.6689618182912109
213,-0.4684621177195462,-0.7444443126678051
214,-0.3731033923163181,-0.6245837639304757
215,-0.3720477594867894,-0.4323751752712712
216,-0.24736391871376562,-0.3439927672884919
217,-0.055793401997721155,-0.2705600326285935
218,-0.10973487456260558,-0.21007048921174332
219,-0.30540352790816433,-0.4547858443506077
220,-0.4333428872525854,-0.7522479426647044
221,-0.4037129339148867,-0.48634553991831325
222,-0.2611533530107579,-0.3987899081330633
223,-0.09223052803737052,-0.1880941941236567
224,-0.5130389896348042,-0.5145075413721982
225,-0.4760976652575989,-0.6239308828068129
226,-0.2671192589004008,-0.3255051751050179
227,-0.6318348747912407,-0.7752361638880142
228,-0.41978306309857666,-0.49146088317751585
229,-0.4057923824536748,-0.5018572899450094
230,-0.5013900199534893,-0.5746580659890965
231,-0.7326183505095271,-0.9870005134678452
232,-0.12541737001374442,-0.30384374098215733
233,-0.31289574577836227,-0.48427175034031994
234,-0.2830495630250861,-0.29984346867867656
235,-0.42950012193512205,-0.6123871239132342
236,-0.05895539401471439,-0.16998981560455964
237,-0.11849807383804419,-0.2782946813472586
238,-0.24596380078131297,-0.34662762413696424
239,-0.21411051912631074,-0.46484747502936513
240,-0.16760477381425287,-0.3078115606371861
241,-0.12068214350240396,-0.2117879023824246
242,-0.30937626260474194,-0.483336784242929
243,-0.35861388223295204,-0.4608552225017552
244,0.007965716277872337,-0.022807511366970287
245,-0.2582712498270806,-0.2843013804288824
246,-0.3787388050858393,-0.4634706474343721
247,-0.1553127753090189,-0.3023256668858918
248,-0.5308944763917307,-0.6970292292351733
249,-0.4562788471750916,-0.6982734367783169
250,-0.39611705478255,-0.6164495524347415
251,0.24651748279885247,0.13851567466563308
252,-0.11547228901087435,-0.1833140409074067
253,-0.585240515756918,-0.783412894497165
254,-0.3766968407350519,-0.6014624576705678
255,-0.13515491926705603,-0.16114607536919084
256,-0.3002828715237886,-0.3449723071285017
257,-0.6325646475075295,-0.6978673654248879
258,-0.43696109695746427,-0.5884717527343468
259,-0.395764135249375,-0.568046567529353
260,-0.3047772585956107,-0.4471417029037678
261,-0.2168758237062634,-0.41410930520587214
262,-0.2089112414713645,-0.3581778841718433
263,0.0945968764419783,0.010773558483297908
264,-0.15351972513342932,-0.29289990217887035
265,-0.06534528675165241,-0.1819998455892836
266,-0.4867010127217872,-0.676251108164994
267,-0.39798115482179514,-0.43567000532295136
268,-0.33583526660875357,-0.4054663575751421
269,-0.0020180692899704348,-0.22723714840129133
270,-0.24317681296806948,-0.3198281505707835
271,0.03402009440523298,-0.06203743722617705
272,-0.46782164261328635,-0.6229434932560424
273,0.059705205965896666,0.01721361915090075
274,-0.50834021410729,-0.6252020812558756
275,0.1636397748380587,0.021798681692123453
276,-0.16913157826299263,-0.22706335212825432
277,-0.27207538519148755,-0.46258641304222003
278,-0.24951409160745433,-0.39440787693715484
279,-0.5470857400230585,-0.7596050739183579
280,-0.3792403959879361,-0.5527862996321323
281,-0.4574573338918266,-0.6412187347576019
282,-0.11796248847871012,-0.2559853701262803
283,-0.5209355192666962,-0.7570731583431477
284,-0.4625104332234913,-0.6313277072514457
285,-0.5789817702695215,-0.8554656758553749
286,-0.47749379555565374,-0.48776773792535927
287,-0.3669763482029162,-0.45247847191157403
288,-0.262930412832886,-0.42133677426747657
289,-0.7098514633738093,-0.930433235651826
290,-0.09849987970773262,-0.1573646477334626
291,-0.6462457640418746,-0.7610099531513155
292,-0.45307673682166005,-0.565118631870941
293,0.16567809959529856,0.1307721776535522
294,-0.39126788918865724,-0.5204514014076019
295,-0.2251808035836046,-0.3031153697395648
296,-0.33179539006126424,-0.5269871637761115
297,-0.15902410546713583,-0.32112307618339603
298,-0.31490717746577923,-0.4894355215136655
299,-0.38599894072021745,-0.5955859766986271
300,-0.1474741368636749,-0.23237919846794544
301,-0.14553767882842555,-0.19005195010200837
302,-0.5313406693935009,-0.6188726431420309
303,0.031022686597453396,-0.020619910512221125
304,-0.16711761751191592,-0.3409354411883092
305,-0.22915700471448183,-0.5097168908555176
306,-0.43577719633628803,-0.43401955036983175
307,-0.3516561439474088,-0.5246061292720744
308,-0.06284472805065468,-0.1428678235528602
309,-0.47783371396175806,-0.5839195215583182
310,-0.12450882265518652,-0.18414891854661572
311,-0.18276756527902818,-0.22776093126245403
312,-0.34175492593887674,-0.39917780708995976
313,-0.13297868156300874,-0.284266290841331
314,-0.35442376340179244,-0.45568597136319916
315,-0.35114044776403674,-0.5702619028439994
316,-0.6548548425516654,-0.7352395980314426
317,-0.07536758122685372,-0.13650565412647836
318,-0.0698156056055283,-0.17348549961527857
319,-0.17970486827882404,-0.21812034027832333
320,-0.18204634525534671,-0.19531351212528536
321,-0.325051039393866,-0.4557930298532631
322,-0.42686505737490366,-0.47285109676602677
323,-0.4879239462376971,-0.6376978661347008
324,-0.3868544055338319,-0.42893995809028823
325,-0.19670998419035937,-0.213815059007777
326,-0.4208221106068323,-0.6442676913751911
327,-0.36742068189117977,-0.45345940368449
328,-0.4430444954850073,-0.645494098121697
329,-0.4160324417991944,-0.5971257494952174
330,-0.5457331776763065,-0.5784429853221211
331,0.15659709773327504,0.11868791528141322
332,-0.3729487570486436,-0.5761362181216536
333,-0.4779734161122846,-0.49688591983628816
334,-0.2197627616898246,-0.30489474024691204
335,-0.21516639200934923,-0.2690753909456739
336,-0.08031646297488158,-0.18451354283598917
337,-0.4810284889792669,-0.5995374139877357
338,-0.3811421465973786,-0.5424391196790493
339,-0.5456307668097226,-0.6880121057107502
340,-0.34432682279973875,-0.4117678080579909
341,-0.27644483352315136,-0.3541646430546603
342,-0.30740581566961733,-0.48486210258764945
343,-0.5528715844970382,-0.8417125474514898
344,-0.6639269029313117,-0.7924055670970507
345,-0.05632037170365764,-0.18900250360515397
346,-0.2955959123432094,-0.40118703561752334
347,-0.3661034608195064,-0.46727917994255175
348,-0.24330970047587863,-0.4346785322635834
349,-0.3785467796016397,-0.48520469898846796
350,-0.36801574410738563,-0.5810349379490185
351,-0.20431730411684057,-0.3244371015102566
352,-0.3267544146657237,-0.4472720919856911
353,-0.38187616922027184,-0.5553993319442718
354,-0.4849989648637479,-0.649921000368181
355,-0.38497457186044726,-0.5361722609318272
356,-0.16696314547913924,-0.24209993322226667
357,-0.470305675893586,-0.5986544466721762
358,-0.18341606104784708,-0.36722979441248227
359,-0.24136603561841025,-0.4647441235145666
360,-0.39439208135107745,-0.5431729874841799
361,-0.3579490318348562,-0.7032122414010439
362,-0.2387868834733078,-0.4216876209798234
363,-0.31647464711688733,-0.5675344550132264
364,-0.39510572140847805,-0.6106592112173747
365,-0.0037510199371418355,-0.04361727309036478
366,-0.28169133869661517,-0.6860316819087148
367,-0.42754016980375537,-0.5893749015178206
368,-0.6796822467347082,-0.7750345246186655
369,-0.37218196334818543,-0.409683952414089
370,-0.23315850340482025,-0.29212751463869946
371,-0.11689293451317932,-0.2668144126835674
372,-0.6688340401722963,-0.828983310460519
373,-0.7095322591808906,-0.8937731507305304
374,-0.11650751789255204,-0.16149972425617956
375,-0.043103821047848705,-0.11994449873062832
376,-0.15587338401039874,-0.17367707736065016
377,-0.019544817491385202,-0.08412343521265007
378,-0.4423633921973914,-0.4951254874958718
379,-0.48121546774247353,-0.6564681113603913
380,-0.6084301632709025,-0.6845930095310945
381,-0.4666772122336367,-0.6932606523214819
382,-0.5241061337349078,-0.6595631798393922
383,-0.5279282727985067,-0.6462757362321417
384,-0.33910865404882906,-0.4769680781308398
385,-0.284842697572768,-0.4132234774057878
386,-0.3203732115232225,-0.5516468808589627
387,-0.23011387486042148,-0.4353580716213411
388,-0.03488682207464295,-0.16503520377314757
389,-0.7420645091344682,-0.9955642953406599
390,-0.3188180585921668,-0.5474008223000763
391,-0.15517105883683474,-0.2759226608831857
392,-0.24883429989688283,-0.2957358743054295
393,-0.47783793914488026,-0.6200123354736401
394,-0.23648633584317408,-0.27692174342568027
395,-0.4174859437517225,-0.475646260337305
396,-0.31062455294948454,-0.31606819735780967
397,-0.015021633397856334,-0.15961317097879618
398,-0.18742594310342542,-0.33751966915619386
399,-0.5761939287707658,-0.8585364555976223
400,-0.09100007580236351,-0.2622305900586938
401,-0.03869338067703082,-0.1668953181848751
402,0.19826858651347892,0.040179477280751365
403,-0.0010358072970827546,-0.015323303045020987
404,-0.0650206349999009,-0.1286620199156039
405,-0.09519598903443584,-0.19135773354828514
406,-0.5219701943469053,-0.8717018384566588
407,-0.6084047651650474,-0.7696703959822899
408,-0.03425205992963844,-0.15840886609058796
409,-0.18587433514596427,-0.27549673183056966
410,-0.28746547566100045,-0.4111656101445523
411,0.033965201984677805,-0.10943389254486181
412,-0.15019328434926674,-0.35691109492167405
413,-0.6826665037784724,-0.7914918159173554
414,-0.1846340183264875,-0.3140391249077016
415,-0.2981265576933389,-0.45687077234737306
416,-0.2104848417824596,-0.21785807297511203
417,-0.589114172018331,-0.6842817917942349
418,-0.4525930529913014,-0.7128230166697342
419,0.02535228868205734,-0.11883287682932145
420,-0.4731958484945657,-0.6692020185464934
421,-0.31240881733961395,-0.35652793631354135
422,-0.5482618625441082,-0.736821162383376
423,-0.2729440988377187,-0.5392349639548869
424,-0.38308868451590466,-0.4064237265521185
425,-0.8642801711468553,-1.0710199843942514
426,-0.44654708447778957,-0.5462709165120143
427,-0.30970439612822936,-0.38060930659556924
428,-0.5240456841867059,-0.6419406613814689
429,-0.6988049211650506,-0.7804217769580518
430,-0.15060084611507638,-0.2678295334668054
431,-0.2924217596749979,-0.3619333887091385
432,-0.2543511869045998,-0.47334659930827644
433,-0.1406152470983359,-0.24723962681797088
434,-0.19975989400901414,-0.3326539861764628
435,0.051514483682244525,-0.05867679190029431
436,-0.11254585430802558,-0.14256823988667672
437,-0.09455712954991191,-0.10224851300355847
438,-0.6566053450352066,-0.858342866873417
439,-0.05561294402482054,-0.1088390224333724
440,-0.24219801016536277,-0.28848344223549405
441,-0.482064797478701,-0.5942502423657885
442,-0.46370676316977494,-0.505982327641192
443,-0.4399296587199406,-0.56623233069825
444,-0.14223843845787695,-0.2678267785854559
445,-0.06053030052614289,-0.18515216062345133
446,-0.418435286140166,-0.5404487380548413
447,-0.23491589861681125,-0.2853460308836672
448,0.12534110764956485,0.0709671711976515
449,-0.28511137384048246,-0.4102318267232411
450,-0.4912797513174966,-0.7015057472834109
451,-0.15138341885610027,-0.1957415106944866
452,-0.15409792124365151,-0.29363844018206114
453,-0.09306959870340574,-0.13261878988558168
454,-0.2628155531557739,-0.3726116889377626
455,-0.09367687747807478,-0.2892362074287419
456,-0.1677819656441318,-0.4076134911685764
457,-0.4887613891939838,-0.5334848918311557
458,-0.5237597134969061,-0.7863507577694255
459,-0.6721123160081907,-0.7417318756504652
460,-0.01838826399074336,-0.0484591881450953
461,0.2521783808884784,0.20728199939194897
462,-0.3107029111142453,-0.3989640541808818
463,-0.49329323175251916,-0.6126659168624176
464,-0.19192867524479973,-0.24021106715463247
465,0.029028097571081317,-0.13336891020180608
466,-0.42376804615084473,-0.5303072964439564
467,-0.2215854232406828,-0.40095607463563004
468,-0.3372145401130479,-0.37413282122058417
469,0.034970001798681226,-0.11222299294865946
470,-0.16580437749324042,-0.2538222601820075
471,-0.3434142041471953,-0.46321429915107437
472,-0.25340316453822154,-0.5386550026839243
473,-0.15639833007733833,-0.2496213510465518
474,-0.18215327994957653,-0.34846278946514486
475,-0.12952221236224828,-0.20647406856682732
476,-0.4405321882434001,-0.5398898199890779
477,-0.17160879112706434,-0.3177337032183819
478,-0.29009071389974034,-0.3865565250761945
479,0.00502564161431343,-0.05235824191271541
480,-0.47012907618022926,-0.5816753475364002
481,-0.6901004551617206,-0.948437874230702
482,-0.11486787902178784,-0.2135122804488138
483,-0.18436285602613592,-0.39883253459649154
484,-0.32402650692377166,-0.49469010643325706
485,-0.3156215058377064,-0.38390887681727487
486,-0.13937426803610642,-0.29305933315041993
487,-0.580678953202889,-0.5960724296214328
488,-0.38861638017925276,-0.47266394848928095
489,-0.6683001384010476,-0.8079713048963869
490,-0.5217558544082336,-0.684945722309119
491,-0.5486115902778107,-0.7118908651587295
492,-0.2856407117979126,-0.3246215949398964
493,0.0821833902692964,-0.027915061908143125
494,-0.6378357769873335,-0.6472469278220897
495,-0.5059744229737775,-0.5943197435146579
496,-0.22306154636449455,-0.27852816348455733
497,-0.21880250686464392,-0.3647888436641791
498,-0.5825883255438885,-0.7067201200268921
499,-0.4388971027611993,-0.4731198580503134
500,-0.028831045664781313,-0.09572789583832748
501,-0.31027776381068123,-0.41746747140214224
502,-0.41916791388622066,-0.7402073088999922
503,-0.18834081644481168,-0.39298642247181914
504,-0.23132643127903255,-0.46254432190801764
505,-0.24640864602766546,-0.287652482029684
506,-0.41508269605258546,-0.5511787368820749
507,-0.6640505356662937,-0.9111732294579751
508,-0.3894911511652607,-0.5021221855771978
509,-0.3157268483026175,-0.43630278897848124
510,-0.6209871463231393,-0.6993303119006707
511,-0.24389256833958067,-0.42370878559038416
512,-0.2886854451110607,-0.37296458098133195
513,-0.05559412496997248,-0.11343029244772831
514,-0.08936454281020031,-0.16462898440073065
515,-0.28145934034455117,-0.3781420935299262
516,-0.13144325988798136,-0.25873749689891407
517,-0.24966306975488783,-0.3895137486025137
518,-0.01959608743059283,-0.1536881907550098
519,-0.5743884592102939,-0.8609824445157314
520,-0.2869769523676004,-0.5203218445084937
521,-0.10220422762316067,-0.08911001435347235
522,-0.23710158317312216,-0.37421497215387306
523,-0.3881220529878405,-0.4724954740345924
524,-0.3132231189108828,-0.36822052708313463
525,-0.2973910022856541,-0.4306935119693132
526,-0.4940386394084322,-0.5375022109140408
527,-0.06859881287148586,-0.1833054578667139
528,0.19762056449515397,0.1322074174255944
529,-0.27499020776262123,-0.25634449279604204
530,-0.3426991088593047,-0.4395489261372508
531,-0.328385740528124,-0.3844218064083976
532,-0.25816462838720655,-0.28302919279566213
533,-0.6875854259060582,-0.9778218005714344
534,-0.40584560741054787,-0.5932468731641692
535,-0.41721369023565996,-0.5922223054985806
536,-0.08749392738295153,-0.14750320058011474
537,-0.4622957242291624,-0.522878677806107
538,-0.07110100435967376,-0.16453467838975136
539,-0.277246545568093,-0.3014845663633852
540,-0.4267872801035585,-0.5665897853502353
541,-0.358648218758807,-0.47132571018087516
542,-0.6419755064749052,-0.7567631177959244
543,-0.16349902311223916,-0.34938486613956293
544,-0.2384843058041868,-0.48284470093157683
545,-0.19154470862075085,-0.30354407178072507
546,-0.41212056283456927,-0.49800946211791025
547,-0.27752820210552076,-0.3330567923342706
548,-0.43115043536289693,-0.6075247116061608
549,-0.21894475806392857,-0.2619625129725154
550,-0.17951282787403894,-0.4505703275028161
551,-0.6720591025470478,-0.8452905973975038
552,-0.2934767732694634,-0.4274882381529701
553,-0.22975179465475598,-0.30981606048059684
554,-0.09519510657826706,-0.17093428831844365
555,-0.18020720960886336,-0.33472653730049146
556,-0.49594981058195337,-0.6226934392571645
557,-0.12014444222502257,-0.23027059077324497
558,-0.620239279236309,-0.6406155529241474
559,-0.06343434448370827,-0.1556605549244115
560,0.014008342074645781,-0.11012633617637464
561,-0.6280628434455271,-0.8551314151263671
562,-0.11540354444433427,-0.2651327261638163
563,-0.18252496372500154,-0.3088570044519077
564,-0.25018128962845254,-0.34666323009329475
565,-0.37423718307874926,-0.48425223933939365
566,-0.6383434081722771,-0.7020952062324488
567,-0.3601799002910492,-0.37965639773219906
568,-0.40407328186376335,-0.3837363988114377
569,-0.5452694427496332,-0.6146679317457023
570,-0.4621376510995513,-0.5494823849836007
571,-0.4375394473669274,-0.5462639773289353
572,-0.3139102236186387,-0.39012747028044736
573,-0.13305994234791885,-0.2346132078366504
574,-0.39677047113843533,-0.4531698205793063
575,-0.6273078493656025,-0.8751391538775806
576,-0.07413629900985515,-0.17868827915559393
577,0.002786182036460255,-0.08705302043080458
578,-0.1568373733409676,-0.22178635633783664
579,-0.05866835221188173,-0.15610441531498265
580,-0.2373247083425622,-0.368645771294758
581,-0.24326548780433052,-0.3419706775017552
582,-0.20243740925198897,-0.22473671064940826
583,-0.4828431976416302,-0.5601127282107963
584,-0.1689296999551351,-0.2421298897291521
585,-0.6546975817041477,-0.6448327904222116
586,0.02952718728184308,-0.08892247331822271
587,-0.169184730522516,-0.24426790024676784
588,0.1687481317748568,0.15475522695869587
589,-0.18988073434851807,-0.2933063625343938
590,-0.15078236645172904,-0.3134783196217252
591,-0.34720965083181465,-0.49069288517610954
592,-0.5544528358084985,-0.6511319002933005
593,-0.48669920669429345,-0.5680303350144137
594,-0.49921966527656964,-0.6998894280469864
595,-0.2963083695893014,-0.4409183322984609
596,-0.15633741252893474,-0.1634069230697067
597,-0.5286498254836757,-0.605687549331931
598,-0.16041920043472924,-0.2988709128880799
599,-0.5334448952852577,-0.7384479428091167
600,-0.5796138866867548,-0.8998009491949308
601,-0.34426231181927863,-0.5638600232881402
602,-0.25593762698234535,-0.43828721477153987
603,-0.4809504399867027,-0.5499549705735138
604,-0.8858175260960988,-0.9891534851107815
605,-0.10855327428112446,-0.20052129391782228
606,-0.22964067684810494,-0.3901183663296743
607,-0.3258952602488075,-0.42291244331955663
608,-0.2848628458263381,-0.43633865763317625
609,-0.39564051204563255,-0.47476387372795387
610,-0.29672076330941216,-0.360935378732249
611,-0.5144520990193252,-0.5222427659940011
612,-0.5089539158412743,-0.6508880548884867
613,-0.34913037009685055,-0.38148794580633943
614,-0.5684771140883877,-0.8812687262290694
615,-0.31748920817324583,-0.582975048858915
616,-0.15008461715700538,-0.2018686501228633
617,-0.5483350960011514,-0.663003619440837
618,-0.6944480079084873,-1.0941224569673493
619,-0.28375807507945766,-0.46498182193886123
620,-0.19152921551305996,-0.27054930189068144
621,-0.47627399499636924,-0.6241412617194103
622,-0.28812585583469946,-0.41471263164969796
623,-0.3109524168319952,-0.42711935620848174
624,-0.4970281416150623,-0.6464142504725141
625,-0.2778697431441324,-0.4085568639048716
626,-0.5463554819620098,-0.635530759689236
627,-0.32676213715253927,-0.5237544782361069
628,-0.6936524355425586,-0.8262765572689919
629,-0.22586259977456258,-0.39906208327527215
630,-0.040238812871718745,-0.15669131110559548
631,-0.08139592189784671,-0.13358089558361258
632,-0.5862073106937437,-0.6991726031230023
633,-0.3678021530010996,-0.4557980908847859
634,0.059005342475649494,-0.13803118060948727
635,-0.4592648673135821,-0.5988474189235459
636,-0.33372783384831833,-0.45810810579888067
637,-0.19236316273195098,-0.25619589333505216
638,-0.008215086257620893,-0.07854134980395705
639,-0.15714133557040727,-0.25706228018516
640,-0.4319332564301514,-0.46678889926217415
641,-0.5328127729372076,-0.6441251673613505
642,-0.6241240707472732,-1.033379224938115
643,-0.38673151747500645,-0.48777066448995315
644,-0.47724711549716275,-0.5333542383489948
645,-0.639593127067683,-0.8402841240172737
646,-0.23789982932687348,-0.36188607499990455
647,-0.5528463178525153,-0.7590424433992904
648,-0.5971264713545564,-0.727777506460702
649,-0.4897388255908059,-0.6403485653203518
650,-0.16627875998822847,-0.24956138480813952
651,-0.0013185956710985572,-0.11560027310915603
652,0.08151084922659657,0.032772025183341755
653,-0.48796093559632614,-0.6696470016094422
654,-0.2101962921501207,-0.26734847228484565
655,-0.2617786732925241,-0.42967477766696305
656,-0.24259059577063272,-0.3225831933235325
657,-0.19915342670379368,-0.2915180544002376
658,-0.4981674403293853,-0.5767093365051497
659,-0.3583338174961375,-0.4154417712201814
660,-0.5994590736184304,-0.7412789557437413
661,-0.3612487559815173,-0.5151754399108776
662,-0.3165150816087026,-0.4391539712457418
663,-0.3470374362583726,-0.4622537211301574
664,-0.30652457172857256,-0.41638718076376025
665,-0.43966017811509606,-0.6052873724071463
666,-0.08656825263107365,-0.2957181673871396
667,-0.24197590782319373,-0.40613317272923727
668,-0.4361633075239133,-0.5276921942324692
669,-0.502058855855357,-0.6154235277349949
670,-0.44291276520740175,-0.5332857690005616
671,0.03809484027028585,-0.12925014937684784
672,-0.4327467530095278,-0.6095087965331891
673,-0.24995591851510568,-0.3524605882997077
674,-0.19405193115119715,-0.20278935236286708
675,-0.028916523366336315,-0.09459596536852721
676,-0.12177896336537515,-0.2025582069482276
677,0.03496385885723947,-0.08350148666758177
678,-0.15310343575656873,-0.2463403580258241
679,-0.23260253754772384,-0.2876993572478033
680,0.08209545073207264,-0.06210667924770605
681,-0.2638166011358237,-0.43657738023387715
682,-0.5629587195483452,-0.6577251361878622
683,-0.3600641680170785,-0.432687812202441
684,-0.45016238511841783,-0.5282469380182617
685,-0.2454735404829859,-0.35953939818514946
686,-0.19031861371366046,-0.25136426277594104
687,-0.5479366963342046,-0.6381763829781167
688,-0.8812029728904516,-1.0261238233889973
689,-0.45390182677265817,-0.657864865501914
690,-0.4713213045634784,-0.5044206112222746
691,-0.19834340276418477,-0.2792498557129746
692,-0.6203628608048515,-0.8845096869510277
693,-0.21678799996171347,-0.3783725937060254
694,-0.42465822776473205,-0.6758225643496147
695,-0.4079404553364278,-0.6537876816900875
696,-0.28215956168837336,-0.35600919705982603
697,-0.6076137145153702,-0.73732747874462
698,-0.08322100712057481,-0.24364969999651728
699,-0.3584809356640466,-0.5523623093644027
700,-0.09388157192017663,-0.21729797858403724
701,-0.8255640087770404,-0.9515382168662
702,-0.7884974976317278,-0.9863760004314907
703,-0.4635478581496083,-0.6152131656666338
704,-0.19995581457549033,-0.298472696083886
705,-0.13157362750282176,-0.3086267133896167
706,0.03173631351536955,-0.03720819747603605
707,-0.3583741938929115,-0.5032974671938394
708,-0.04079840417947794,-0.1531812285303545
709,0.010746754610747854,-0.06942813168825927
710,-0.37491934975127994,-0.4248897863705903
711,-0.2987037997041058,-0.45250953903188235
712,-0.15983037812272172,-0.2631945128693162
713,0.04224567628008578,-0.015263972606238106
714,-0.40157028430853015,-0.5124106861103066
715,-0.2752088854056779,-0.3002296621036373
716,-0.3911150916508556,-0.5789245959704876
717,-0.2359572548218454,-0.2773315073748519
718,-0.15007164542357734,-0.21612799393929918
719,0.046676463510680805,-0.11483307517612663
720,-0.18741928349430734,-0.18663593787317379
721,-0.516460557201565,-0.5608837255093976
722,-0.30377828113734373,-0.44361238699834993
723,-0.5213818400174185,-0.6540942059594202
724,-0.1258515291248472,-0.2133763814844409
725,-0.06476867856915863,-0.2002521549541952
726,-0.7247336005924626,-0.9541013416044274
727,-0.35956547727757476,-0.5048279705767459
728,0.3750944733222062,0.2391286795227293
729,-0.42714477326431716,-0.5447526223713104
730,-0.3860023987508964,-0.47458465427642355
731,-0.32454200530138183,-0.5085528478904454
732,-0.27448256708906893,-0.38776693104083415
733,-0.5651335525176747,-0.7740911792128502
734,-0.30914336929033304,-0.3950375899198639
735,-0.6693080146911949,-0.7060037562387853
736,-0.4928672278143749,-0.5540686047236167
737,-0.9432370836646725,-0.9795781099830307
738,-0.3999479243519031,-0.4770244106022225
739,-0.06962847467022935,-0.1837978312369418
740,-0.2620348636092079,-0.37433870370775174
741,-0.48439642526458027,-0.5180820721770483
742,-0.1367717229638938,-0.15280532345106676
743,-0.5744770012335456,-0.7820437085130812
744,-0.5579779583737197,-0.8732194189837911
745,-0.2971326005027248,-0.4419560297997179
746,-0.41078641473026234,-0.5061560521567696
747,-0.2519626764789328,-0.2752118856740142
748,-0.296828138571864,-0.43487025802488166
749,-0.2358296770767923,-0.5104705133789174
750,-0.27689718984016304,-0.39419335191377275
751,-0.41571450212811406,-0.48655383877799974
752,-0.22039494359764122,-0.2530690174245405
753,-0.4574961703568106,-0.6295948492304706
754,-0.04897487119171291,-0.19422141809534263
755,-0.08495989536871465,-0.1786960059809117
756,-0.7113227995232132,-0.8535438326695578
757,-0.30305332679716473,-0.36525072967849737
758,-0.512540858921808,-0.594955299732037
759,-0.09719374848986816,-0.20081130861923358
760,-0.3365379903693694,-0.3894577259011112
761,-0.12687640848267348,-0.17266213102427552
762,-0.3464382763268885,-0.4833025658439299
763,-0.1828691466561389,-0.37299793946742305
764,-0.3390785837778765,-0.383833721475881
765,-0.6676919532501722,-0.9097952606703614
766,-0.014822811377986248,-0.11480432675601401
767,-0.3583508417921664,-0.45997588725010824
768,-0.049965003817155004,-0.1674143913117628
769,-0.2271595978948472,-0.336159027580731
770,-0.5342380728374434,-0.7984706934563522
771,-0.520451495224442,-0.6297496342075383
772,-0.5494232610972714,-0.7819837710898463
773,-0.5194166401987621,-0.7682817349777075
774,-0.2739431903483894,-0.4405720675774412
775,-0.12069105386882074,-0.3806354695697107
776,-0.7143094739864769,-0.8773701185700987
777,-0.14346259808012865,-0.268868923143475
778,-0.42006957353676333,-0.5623411654873482
779,-0.5385183208478684,-0.6243400390627533
780,-0.10883455375514897,-0.20706491803481433
781,-0.7117792998985812,-0.8494816525878104
782,-0.08940502355852958,-0.2916193726990889
783,-0.28538133545916733,-0.39463149347139903
784,-0.33877266501736586,-0.44208378967871054
785,-0.5511589253613199,-0.5656354416017939
786,-0.10761827991169674,-0.15470740783327488
787,-0.6338589530934978,-0.6968934311540825
788,-0.26106996287732037,-0.35562843092918706
789,-0.12448405514056504,-0.24014220896528543
790,-0.5523052564944332,-0.7536691123210232
791,-0.1545789331223195,-0.1557533102148964
792,-0.35011736125806864,-0.5889552586294879
793,-0.3507676930626025,-0.5183758131351244
794,-0.6487462462593454,-0.8595261875660306
795,-0.44330264878891235,-0.6063884071640001
796,-0.07672256300038445,-0.20120121114657358
797,-0.5720932900598634,-0.6471375251898843
798,-0.7045656526623109,-0.7573761297638347
799,0.03535887057106355,-0.09203797086850075
800,-0.20464382198940773,-0.49965715538760513
801,-0.24187513484481604,-0.366300228254936
802,-0.07673304699078902,-0.2876383138717939
803,-0.46051923828006647,-0.6919261452932773
804,-0.2584787143125192,-0.30773387298840144
805,-0.4274300442297863,-0.5873553864618017
806,0.030696715417689317,-0.061533295979081123
807,-0.3415395523914583,-0.48021352533852035
808,-0.06241706480068634,-0.1479692699020585
809,-0.005731295915114067,-0.0856601541611567
810,-0.514685363302606,-0.7415707262743959
811,-0.48955383709170214,-0.6939850483939307
812,-0.4453038903847481,-0.5719894876641015
813,-0.6093894360755795,-0.6599438854300553
814,-0.15796140181997614,-0.2569616658950951
815,-0.17067999211849766,-0.3661187143535023
816,-0.6511461177129244,-0.8469625569497821
817,-0.3900092209343655,-0.532627157869383
818,-0.8584300937667018,-1.046996876538771
819,-0.19221068903180735,-0.37963684290782673
820,-0.2882205521093573,-0.3300759021170368
821,-0.5822913327378587,-0.6131072722965659
822,0.03566984456973026,-0.15824527362945773
823,-0.43496962672154765,-0.5226895933569619
824,-0.29884600218421503,-0.33173553312651394
825,-0.5275941279050761,-0.6921652919898703
826,-0.3470033030231188,-0.4669682114890999
827,-0.4773602104004633,-0.7242133104953333
828,-0.394548897047334,-0.4753159711402356
829,-0.3621707260190165,-0.4580596184082641
830,-0.2027386766971792,-0.2860224724566181
831,-0.09613902765820322,-0.24335398127276853
832,-0.3809088161635651,-0.6048469119972476
833,0.34910208244946617,0.34307106367035006
834,0.006721012874704547,-0.0876353544054272
835,-0.5334422349630553,-0.6190579656673829
836,-0.37143323315146254,-0.5965225063084973
837,-0.271843035698166,-0.5095966749937552
838,-0.8303383975648564,-0.988664913939433
839,-0.4422757050108621,-0.6487010764620578
840,-0.22530607605238723,-0.40702825766126
841,-0.17793650981713047,-0.22397167398033044
842,-0.4701725427970955,-0.5787533166184983
843,-0.1882381158533821,-0.35287471333791903
844,-0.34167533431608493,-0.4557774653765348
845,-0.2788698772574545,-0.34663786676161906
846,-0.1964771251902228,-0.3372955260301069
847,-0.41546159999231014,-0.4953385789376657
848,-0.5833425584602564,-0.6211575355373428
849,0.3703248607342097,0.34431951114238113
850,-0.2878697660330093,-0.454945560968401
851,-0.3663524588520281,-0.5276750247464773
852,-0.08682034798523686,-0.21530575738574748
853,-0.13469940175357858,-0.19267126018811762
854,-0.38541571249880385,-0.4851608020560836
855,-0.3936045581193595,-0.4856947828117991
856,-0.1283765234609234,-0.14402379197201406
857,-0.09363183754280996,-0.2079433252744708
858,-0.5528326940401727,-0.6488262658379689
859,-0.28473525869443284,-0.47772943227901354
860,-0.264397119703501,-0.3693177681342651
861,-0.17648496501145908,-0.3095255400515182
862,-0.3511431603833628,-0.44976583393332203
863,-0.45645525436477086,-0.6601777023503758
864,-0.05793826889325534,-0.09282735496983646
865,-0.16415807003931965,-0.345301268768038
866,0.0986152451303246,-0.061089439453234834
867,-0.4266742244789674,-0.6014364228045476
868,-0.19443739579567823,-0.3977823302220175
869,-0.07185116713747577,-0.15690645475781248
870,-0.37602444750935926,-0.5585025318467334
871,-0.381638709580485,-0.39056021405373653
872,-0.4845725413219508,-0.6038539130650599
873,-0.3515130565595895,-0.5853984779816357
874,-0.0009533431006239725,-0.03239644785719106
875,-0.01199259250302283,-0.12659370481538532
876,-0.24595889024912734,-0.4923575078051352
877,-0.10148112443081325,-0.21835444654389652
878,-0.5132388304769208,-0.7071466241460935
879,-0.1351110543158682,-0.26327700714230917
880,-0.48921635735450864,-0.5991430612550924
881,-0.36751662731007956,-0.4409128158601562
882,-0.3895899025242863,-0.4719302106804936
883,-0.13629896210318826,-0.2500471126363949
884,-0.3998241849194429,-0.5338022668353835
885,-0.6386381185959081,-0.7973425196074279
886,-0.29480810383964284,-0.4081542438062009
887,-0.06566937323887985,-0.2652163612561658
888,-0.5354006861112477,-0.6602717560631467
889,-0.3650773409230564,-0.4079916523052973
890,-0.41600968924989584,-0.4460074572751138
891,0.0001410558572734579,-0.07977864525236437
892,-0.4641415828607037,-0.5580175396556306
893,-0.47765717502401794,-0.5588959809758971
894,-0.19446272048539143,-0.28519424500344787
895,0.046907271097593135,-0.07626296797245703
896,-0.054109605019828574,-0.1260884083301072
897,-0.6492206413401885,-0.8017461648907374
898,-0.35774862563669935,-0.5234073023202586
899,-0.3980117650539749,-0.6588913273561373
900,0.10428239063163487,0.01852616644078206
901,-0.23167059948228022,-0.48287246003725326
902,-0.3488832067230289,-0.47047045147201716
903,-0.189635521366398,-0.3933897697178339
904,-0.33188968999877366,-0.40493942093125374
905,-0.2829261322236065,-0.38611639387344165
906,0.1253517168010219,0.04137552797795312
907,-0.31827403854760555,-0.49266538444677077
908,-0.2351275227927499,-0.2999584799322134
909,-0.32357772287343145,-0.41491528883046064
910,-0.16334076296951938,-0.4148972886996522
911,-0.08966965697744779,-0.23908509016149104
912,-0.4311290271859527,-0.4891564875401147
913,-0.204888064736161,-0.3358943851126525
914,-0.15565715216503825,-0.21086210906320982
915,0.13728257162870566,0.016825557955633026
916,-0.11155384313238653,-0.2368189486204628
917,-0.3572423081759216,-0.364526174131627
918,-0.12482172010855476,-0.13602037005835416
919,-0.4657675484867248,-0.581303624118749
920,-0.2916783906087465,-0.43168014522320347
921,-0.06012227183147521,-0.16014890654584216
922,-0.2656800892211392,-0.42398585223260166
923,-0.1930559478731979,-0.24611873064848164
924,-0.3195063680365033,-0.42338281459149796
925,-0.1847211632193867,-0.35146919147813277
926,-0.2224582364319767,-0.2877890159985405
927,-0.17627135039538064,-0.28610254214090897
928,-0.283662777229786,-0.3642021977508996
929,-0.2518747082808543,-0.3004253018991806
930,-0.3067597634335048,-0.4661729210490463
931,-0.28074857842704165,-0.35331296663189027
932,-0.07229389828761826,-0.18922196004398276
933,-0.39546818339578166,-0.474317003554317
934,-0.30708068454868315,-0.41816291329523037
935,-0.6341450451278661,-0.8401433047890641
936,-0.47078057010573227,-0.5210632028001805
937,-0.38629046843091625,-0.5196092970427943
938,-0.6554881885373349,-0.7574075676793707
939,-0.42810035299314975,-0.6131446689615796
940,-0.04564933702974164,-0.15942310865716935
941,-0.3371220710602986,-0.4446789932259728
942,-0.31535120224333085,-0.5515621643129734
943,-0.30494681532570017,-0.43758495025063565
944,-0.6402394498038937,-0.8006640133156226
945,0.0005682719592605193,-0.1006271684224009
946,-0.6696740700309322,-0.7224575756227972
947,-0.3930609899272465,-0.5274145157468689
948,-0.6948692339749598,-0.8787804764792424
949,-0.276262913645137,-0.38652356563490653
950,-0.36247317867090745,-0.4522878926327688
951,-0.2826442446238133,-0.3379482225440348
952,-0.03927193463349526,-0.10237657381700573
953,0.11652726671495185,-0.011927887098543428
954,-0.525186929245405,-0.801349139758319
955,-0.4337967097166603,-0.5248191740594311
956,-0.2844516839521259,-0.3039743787701661
957,-0.28664858639281654,-0.3645140137211662
958,-0.26474791515322466,-0.439656883648776
959,-0.2437811202152687,-0.34292343134400993
960,0.021638869104635958,-0.03238950287423115
961,-0.6144505106017287,-0.8103544686799201
962,-0.4573799598019198,-0.5867259944382772
963,-0.31865942591067636,-0.42342656586769145
964,-0.0032979588574154855,-0.23844563857614806
965,-0.048016158325245105,-0.1784384940396644
966,-0.42105802306258405,-0.5151615021006698
967,-0.14610934829222721,-0.344228025187841
968,-0.03244986139095242,-0.08443463964682467
969,-0.08026367942104852,-0.22718129987389493
970,-0.3322252178936487,-0.5565875884331069
971,-0.4719812530061364,-0.5732012467874655
972,-0.21151343396399191,-0.22369592278287762
973,-0.2841081543065804,-0.4532780826551445
974,-0.3322508311716706,-0.3454498309296343
975,-0.38639889815290446,-0.5342651807631233
976,-0.21119513547880153,-0.3501694176190442
977,-0.3128794347445977,-0.35839664390159887
978,-0.8319090912683811,-0.9869834731072028
979,-0.11896692603992587,-0.2580490407232414
980,-0.380972127223556,-0.566816627096667
981,-0.3009193385330886,-0.4600532472883499
982,-0.5027381994545777,-0.7155573864531793
983,-0.21562652852258474,-0.3751920125526298
984,-0.1704178361734628,-0.21968012236553805
985,-0.4606073846200391,-0.5989159384947346
986,-0.22304107543464444,-0.3176257286265133
987,-0.35225718917070403,-0.3792639421270886
988,-0.5643347766744229,-0.7258367675647923
989,-0.7901281980078961,-0.9113990384405326
990,-0.8818058551190874,-0.9505078700701804
991,-0.2639930441605113,-0.37683659222826627
992,-0.6927604830960804,-0.7693171327888879
993,-0.40329189370348995,-0.5729082156644717
994,-0.26757747237594104,-0.3561835352809331
995,-0.019170115165206232,-0.03143687385192032
996,-0.509466568291968,-0.6109100443971387
997,-0.6451602439430517,-0.7254801226035773
998,-0.22439552646876576,-0.3029143049550333
999,-0.35859222897502685,-0.41191882773835525
1000,-0.4261799437078383,-0.5545005613208331
1001,-0.24962536356985032,-0.4532920330423978
1002,-0.04500728829794785,-0.15814083735001255
1003,-0.297077291832461,-0.2999533247020434
1004,-0.351979833006531,-0.4316590424984463
1005,0.22521203406133655,0.16654209156979355
1006,-0.0907729806902717,-0.25309021994018677
1007,-0.5470200788440757,-0.7049997921459028
1008,0.04596125826715322,-0.019083246364582866
1009,-0.2250597834876333,-0.35521290460132865
1010,-0.20061450077385945,-0.30428861573973254
1011,-0.41414782523076593,-0.5051940460707353
1012,-0.208632470202399,-0.25155235378375507
1013,-0.21900962390575154,-0.29028721993553414
1014,-0.3413157277529628,-0.46191461172185433
1015,-0.12964050254370466,-0.20661316417556144
1016,0.028759606039814055,-0.09217091740636735
1017,-0.5980194579658068,-0.7110923731682482
1018,-0.5662910689402613,-0.7394885212690491
1019,-0.2840745067264786,-0.43768417469302634
1020,-0.5834269227898996,-0.6825771482231323
1021,-0.6743875143602477,-0.7877289695551691
1022,-0.13625661884544615,-0.15854311026121154
1023,-0.23474854705384862,-0.3685298021273574
1024,-0.2638543703506691,-0.5022022361503968
1025,-0.6144242368182983,-0.7246695183710472
1026,-0.5812945414423907,-0.8119894481439494
1027,-0.5660463270260606,-0.650837577157831
1028,-0.09662031097666157,-0.1994902504956375
1029,0.08799996990516475,-0.09374528804807801
1030,-0.2225517199300651,-0.28828333238305615
1031,-0.46571554292328593,-0.5097625002191223
1032,-0.3488702917558216,-0.46264796398108776
1033,-0.5443101337599797,-0.7157797083830882
1034,-0.2739710631451821,-0.3745046511202418
1035,-0.454591795559372,-0.7262211327563045
1036,-0.17521687413831438,-0.31087016796581024
1037,-0.1664372467089522,-0.26376612747483696
1038,-0.5514465501957647,-0.655960153664312
1039,-0.3239617221595148,-0.36601940479279355
1040,-0.32900275778307925,-0.37445049064935876
1041,-0.30284423452802806,-0.49188582850199414
1042,-0.20983669520427192,-0.3538964127941374
1043,-0.43401105644042604,-0.6003549898577278
1044,0.035316045406199204,-0.024063129762826645
1045,-0.31889885730525563,-0.5100397496876153
1046,-0.3265044735624872,-0.5207158311374792
1047,-0.14363751197356375,-0.24975037150709925
1048,0.07535176474032307,-0.15166078686458762
1049,-0.46973808405171547,-0.593813362522793
1050,-0.34708549472355,-0.45154503944114427
1051,-0.12165183501558989,-0.247223126523405
1052,-0.4335534280223547,-0.5445776094402865
1053,-0.29954272013584127,-0.301580022346181
1054,-0.41824779707307524,-0.44355711905595474
1055,-0.1623534916705127,-0.29183517525424707
1056,-0.38950477878716144,-0.4534218426397217
1057,-0.4942963459989845,-0.7412829479801879
1058,-0.3675538851436103,-0.5198079153768558
1059,-0.16334146095985147,-0.4381919582615516
1060,-0.20997438324186052,-0.4623064046052235
1061,-0.3298816120622242,-0.4526195233955476
1062,-0.5505504365362144,-0.6309614643149899
1063,-0.3306528294459559,-0.4132063380396314
1064,-0.25551658037092256,-0.3766768590210886
1065,-0.5769706695530888,-0.8053413898947565
1066,-0.19078324615514233,-0.20824805732238025
1067,-0.026071520782921163,-0.11832985538832498
1068,-0.3707849766448002,-0.47988153345448087
1069,-0.028435477915378825,-0.12469383817565985
1070,-0.012373388308470484,-0.20920224365182064
1071,-0.17602234310896037,-0.3997636273891231
1072,-0.02980702947839507,-0.22769106638271827
1073,-0.16914334658421404,-0.4428930620523268
1074,-0.4607407681289981,-0.6214039668752277
1075,-0.1989813899773216,-0.34419576978402705
1076,-0.35866407224151386,-0.534266152632783
1077,-0.385288300914081,-0.5983462257638954
1078,-0.565139024302178,-0.5890474246314144
1079,0.07513225208707171,0.015522186427654914
1080,-0.5860262812232901,-0.7940390872664937
1081,-0.49238309346885073,-0.6640481586086886
1082,-0.24184104556792013,-0.27350899080317864
1083,-0.05228312746838217,-0.1950834882871804
1084,-0.516914685824443,-0.6537629726973363
1085,-0.5097909373422354,-0.7909477979813175
1086,-0.0679279636990009,-0.12037837468339406
1087,-0.06606950851168594,-0.1888424744190321
1088,-0.08788076412756404,-0.33507094448491437
1089,-0.08947023176189042,-0.18891884526378866
1090,-0.16804074591674156,-0.2922211542244689
1091,-0.872375197580172,-1.0558248646513981
1092,-0.39119177902537766,-0.643997807095077
1093,-0.7582918299747523,-0.8754185866039627
1094,0.029654868388812258,-0.03956628011171304
1095,-0.4897384532275578,-0.6074291498016026
1096,-0.4125656638965639,-0.47726515259605895
1097,-0.6421313261301848,-0.7303802032735704
1098,-0.04928537608145053,-0.18430616498901337
1099,-0.39853417884958076,-0.5445004522696101
1100,-0.44769477105042244,-0.48419711323438647
1101,-0.19057548596729912,-0.2720634902115618
1102,-0.7826955400318782,-0.9272323417552496
1103,-0.5711375753320289,-0.7280974457647029
1104,-0.4283308473712937,-0.4909485191084346
1105,-0.5064245784998457,-0.6383998244551208
1106,-0.13887620930937983,-0.2550869288583119
1107,-0.24366333283000954,-0.4580473041385986
1108,-0.020026277575837283,-0.11570771754087404
1109,-0.5487477985818574,-0.6273019179027444
1110,-0.6562892752993071,-0.7671419354021101
1111,-0.09582687037430214,-0.33470721334549525
1112,-0.615165471822414,-0.6641441534470708
1113,-0.3725404094633128,-0.4444125859670495
1114,-0.39640831264385334,-0.7198380054431892
1115,-0.5243990946155442,-0.6033992807125916
1116,-0.01096397193248853,-0.08145710534720584
1117,-0.4275739595955944,-0.7422198519597022
1118,-0.27964235438964996,-0.4191937004378945
1119,-0.08542625510572861,-0.255988048137708
1120,-0.6193941371173275,-0.6654290005367213
1121,-0.3895846843665614,-0.603304323422294
1122,-0.19647693488713297,-0.3834800798055105
1123,0.05921083715926575,-0.012856651055274343
1124,-0.4564335172121978,-0.6080940212971836
1125,-0.09118720108666423,-0.16704855293358045
1126,0.03177299291921419,-0.18203258591887375
1127,-0.22864097033405026,-0.34173273829312656
1128,-0.6599065343717728,-0.7658940024376538
1129,-0.23345516062685054,-0.2890695685492085
1130,-0.35053349294923825,-0.42250700930768476
1131,-0.456746507449963,-0.7702186803071316
1132,-0.43890163969610163,-0.652201402810514
1133,-0.40176099854796865,-0.5064556484632601
1134,-0.45974512147054997,-0.5045370595765133
1135,-0.42400945629567716,-0.5900584219264806
1136,-0.036786595503940436,-0.10326153180779496
1137,-0.21353847902557938,-0.34389536232727935
1138,-0.0024058611613769123,-0.19170003121625043
1139,-0.16776513787980785,-0.24606493684369254
1140,-0.16980870372863022,-0.3879097359022836
1141,-0.22836241739425667,-0.32750943352996115
1142,-0.21287717917183846,-0.33329478054128137
1143,-0.46976817434832274,-0.6168165073654879
1144,-0.059531550222982295,-0.14573897369922972
1145,-0.520917250945017,-0.6892245484519527
1146,-0.1590165479679615,-0.23861142750115316
1147,-0.21850844866907024,-0.41796701597966324
1148,-0.13344269441246281,-0.27557339964197786
1149,-0.3096948454461576,-0.45694548923016964
1150,-0.0654877744907206,-0.13479356781022767
1151,-0.44113173647499176,-0.49071622067204024
1152,-0.37866878223217654,-0.5816943144402703
1153,-0.24431973594186235,-0.4111055699517945
1154,-0.5417278300454174,-0.7621968702135459
1155,-0.23698314444373061,-0.327520443994865
1156,0.08398880313973764,-0.04624151422398172
1157,-0.5110831035127549,-0.5249920464206003
1158,-0.5509270136679876,-0.6241957318935099
1159,-0.4275064157653741,-0.5273440324675438
1160,-0.04614433113759616,-0.12851184874255425
1161,-0.07338793840501086,-0.23822361712166437
1162,-0.4283405692048144,-0.6576107723548432
1163,-0.16409720928346183,-0.26146837748482904
1164,-0.10081693913127154,-0.31482777626039926
1165,-0.38606369107574084,-0.5302103538165387
1166,-0.20734813598340693,-0.29833469633235543
1167,-0.4647161216705376,-0.5630785685434196
1168,-0.5724427336918335,-0.8885136070413415
1169,-0.36944540868757986,-0.43882778832088915
1170,-0.2441784474621458,-0.35290849875633
1171,-0.18100572266742282,-0.32522650270042114
1172,-0.29929240696878767,-0.44902365421613194
1173,-0.566743203848735,-0.9051573727649401
1174,-0.5612612732024359,-0.7851662425738538
1175,-0.35328977928662575,-0.5437935791624517
1176,-0.25349824913096236,-0.39957546825253126
1177,-0.00746031608100193,-0.06303040098807919
1178,-0.3255655272552846,-0.6159895173891766
1179,-0.5059172943684983,-0.5706781645371461
1180,-0.5484502249682279,-0.7892454055991622
1181,-0.7470617063861323,-0.967460664985645
1182,-0.19011983179830916,-0.26445114402669423
1183,-0.08318871388588346,-0.21089110339093214
1184,-0.21192182750856983,-0.36986055713349136
1185,-0.28569631614225943,-0.4781479984932791
1186,-0.23401256742356102,-0.26698433625515794
1187,-0.3660446247436024,-0.5675002394344438
1188,-0.19516730327842263,-0.2885662179822168
1189,-0.4041085652278353,-0.611949295821905
1190,-0.41918806429168126,-0.5449814784271882
1191,-0.5089189579788171,-0.5979905988332316
1192,-0.2932563354632746,-0.42792353720264353
1193,-0.6052517971166052,-0.7285221015905445
1194,-0.09175641462889325,-0.2097689782233901
1195,-0.2762884451989093,-0.45664507917267855
1196,-0.1211178863565053,-0.30697230505284845
1197,-0.25606114022584014,-0.4012222229732492
1198,-0.12213818733346835,-0.17399061526772347
1199,-0.24687535296428714,-0.349113465297212
1200,-0.28510752970114506,-0.4126848572117776
1201,-0.25984932362079605,-0.3508089816562039
1202,-0.47711482753988493,-0.5775402988598692
1203,-0.04517450443787725,-0.1717735750612852
1204,-0.3409954734673375,-0.46330639011970465
1205,-0.3495648623819624,-0.5182391823957149
1206,-0.5764465220259849,-0.7273005850698753
1207,-0.33036973107795836,-0.503443533352733
1208,-0.6546197618748286,-0.8365561128540202
1209,-0.5073105152927899,-0.5857711455110404
1210,-0.2662477217846296,-0.32952427795204214
1211,-0.30559128982804956,-0.4183326363187675
1212,-0.6186520410079788,-0.8004532153601228
1213,-0.08817840291794743,-0.15581781152808336
1214,-0.9767690343474285,-1.2511921877534893
1215,-0.18527041087675555,-0.2443095461315869
1216,-0.12547598650354339,-0.23247907679997387
1217,-0.4500254641874907,-0.5916718858057745
1218,-0.7108917201044317,-0.9843653948957388
1219,-0.47236738911235643,-0.7674808006110909
1220,-0.324679891014291,-0.4753384445539807
1221,-0.48683775135371904,-0.6438520815943068
1222,-0.15639893298915147,-0.21996576318614386
1223,-0.2652844072893572,-0.31791493102595275
1224,-0.23967401383426049,-0.417853845969918
1225,-0.12685711923851037,-0.26749938543233803
1226,-0.13753503962690436,-0.28464093457592315
1227,-0.48004908376194266,-0.6412984058762201
1228,-0.3001460043781104,-0.35247172171355867
1229,-0.457703686578972,-0.6068799942255859
1230,-0.40488162616825885,-0.4582581878214631
1231,-0.5432399579427191,-0.6085151141864401
1232,-0.42024019479747265,-0.5978518168496546
1233,-0.5296150240287857,-0.6127598658039362
1234,-0.2698370244825495,-0.3185894012459237
1235,-0.6456536215466879,-0.8041341972741859
1236,-0.5444999227549316,-0.6362068288242178
1237,-0.3092822812347966,-0.42991127689299286
1238,-0.40148800430079534,-0.5280832222713685
1239,-0.33186612933084125,-0.4284870764377802
1240,-0.5722350171094488,-0.6367665682480821
1241,-0.17025922313210345,-0.21659695643600277
1242,-0.40703108399277343,-0.5162044815736258
1243,-0.23656198121277128,-0.32486250362104924
1244,-0.41794675458206826,-0.5838922603349888
1245,-0.47995201244069413,-0.6878584843434489
1246,0.06096577697017851,-0.02448611798762063
1247,-0.3793271803164645,-0.6831094255547988
1248,-0.35475510602833493,-0.5959740212403594
1249,-0.38591992973897576,-0.4494521892631871
1250,-0.3210172884198501,-0.3205026330480206
1251,-0.07776276810398912,-0.110601626368153
1252,-0.5253643972355556,-0.639720391277673
1253,-0.09445278921551291,-0.2723229445095837
1254,-0.2718105588413026,-0.541267211306641
1255,-0.0566711525332214,-0.14295028708077992
1256,-0.5612235061312837,-0.7880282401969049
1257,-0.2833277309895029,-0.2945761592921391
1258,-0.351091467901061,-0.37838655711653135
1259,-0.3800049397722904,-0.6058894547048606
1260,0.34548747344777736,0.22261241884265848
1261,-0.19606341163888164,-0.4535366089469527
1262,-0.06003046052499566,-0.13993046813821905
1263,-0.4030916513552297,-0.5638560567975268
1264,-0.35453171941362815,-0.5570383003426803
1265,-0.03647116361172403,-0.1931328609903694
1266,-0.10806186809190764,-0.20881915538206045
1267,-0.5053292772259234,-0.7356861721706044
1268,-0.3821776656536848,-0.5805809994340715
1269,-0.35274286480001554,-0.4301632052325191
1270,-0.3071976820777326,-0.35898974242720383
1271,-0.2561197722949169,-0.3225398028685365
1272,-0.4627017856338955,-0.5372909741698587
1273,-0.2636020995831723,-0.3555975314657277
1274,-0.19248500625665954,-0.24791576051689307
1275,-0.470596482260592,-0.5452364077957937
1276,-0.17924108026145436,-0.343690628112575
1277,0.2181887241174172,0.11089695411063205
1278,-0.254026511189009,-0.3663172866016118
1279,-0.04408581172448474,-0.15098234608498587
1280,-0.29134815807231174,-0.4052742669790704
1281,-0.16824762983887773,-0.22041162758803634
1282,-0.028734724215530864,-0.07105260337148325
1283,-0.3879959097086384,-0.5452171412845267
1284,-0.03441372805506108,-0.04064072167198514
1285,-0.17617096160339535,-0.21466348831334256
1286,-0.266574528806566,-0.4498774244921549
1287,-0.16992475941729232,-0.24694227214335793
1288,-0.5794734900314439,-0.7630052811128376
1289,-0.1536218645808224,-0.18271518574824078
1290,-0.6323661416295483,-0.7343760267622458
1291,-0.10142600229207288,-0.11683269885693855
1292,-0.4239446304330497,-0.4998235291113147
1293,-0.33430948991665527,-0.5384471267662965
1294,-0.45597854001135935,-0.4938218002730815
1295,-0.169920105797821,-0.27660237590384407
1296,-0.5104580576544268,-0.6299202760105724
1297,-0.055360372259124165,-0.2800982802165996
1298,-0.15369498807350668,-0.27467820543347093
1299,-0.2631230339471014,-0.3622767372159811
1300,-0.3612018769798661,-0.41116262269962206
1301,-0.2243621966370497,-0.36899343291492426
1302,-0.3690030519814926,-0.7052850705007176
1303,-0.4591833174454119,-0.6099711629886909
1304,-0.2331375648589803,-0.3040432486890682
1305,-0.4729256341897183,-0.6029126816073709
1306,-0.25288432449755627,-0.41139171854799866
1307,-0.5498618058536766,-0.7117291250209711
1308,-0.5677173247048329,-0.687911893449568
1309,-0.414863342528574,-0.4417824568836287
1310,-0.0030198658590830456,-0.04084021823776561
1311,-0.28866792750256254,-0.3573845373680242
1312,-0.4555881130456279,-0.5328207399663422
1313,-0.3092347151843575,-0.526922074793762
1314,-0.17233105314497324,-0.2823326912381502
1315,-0.2955909981377211,-0.4002729711584048
1316,-0.7199616746059506,-1.0075725453236224
1317,-0.4036202903950145,-0.5673017549143057
1318,-0.40619589674718976,-0.5252003088466587
1319,-0.020685197299779197,-0.10309156507938425
1320,-0.47190641430720814,-0.6343346490536634
1321,-0.0602960975730698,-0.1761169815830775
1322,-0.632640369398163,-0.7756918066619197
1323,-0.246722740364344,-0.32810995871258336
1324,-0.4446060103238883,-0.7651294940683279
1325,-0.38025053944337184,-0.5293041398184837
1326,-0.4039506385818127,-0.5015391367519493
1327,-0.28997700600974174,-0.46806080160634483
1328,-0.3952631118471257,-0.5033919307944141
1329,0.07595422340318454,0.04653534757159006
1330,-0.414823797484184,-0.5491672222036147
1331,-0.013257007135199762,-0.15124199528769727
1332,-0.49829566721839785,-0.5575573886109505
1333,-0.39402548729944886,-0.5143950014369317
1334,-0.19266277261617432,-0.40942244993702337
1335,-0.2068534528315356,-0.3407590627732553
1336,-0.04792868266347692,-0.17812777855445408
1337,-0.3276492505587587,-0.4693724058347933
1338,-0.24996668850450632,-0.4032073465689673
1339,-0.24143739731169453,-0.3048644360415867
1340,-0.4824428392175465,-0.6136932596679306
1341,-0.23879031002221296,-0.342668275251387
1342,-0.5560285323163904,-0.6640055888644592
1343,-0.27688440823593163,-0.496883550638207
1344,-0.07719412525321433,-0.2185386501442422
1345,-0.06717591518169264,-0.1862143335004672
1346,-0.6743164955390154,-0.7654193491075164
1347,-0.4256941450531316,-0.6222296960172595
1348,-0.10846615664935776,-0.26160350408386407
1349,-0.3381445867690932,-0.46126805537528703
1350,-0.5861293262983173,-0.6265919381194159
1351,-0.09251845822463042,-0.25254719363093503
1352,-0.6103526359102579,-0.7616441097665445
1353,-0.5576781774888411,-0.5931327038998452
1354,-0.2807134579533549,-0.4739152173612043
1355,0.17760120947521818,0.1402678373451234
1356,-0.34801719625348854,-0.4271136074414821
1357,-0.2644657230361308,-0.43266072650726106
1358,-0.5656585824485194,-0.7081037952024796
1359,-0.18179307974932926,-0.3119541711805075
1360,0.1318211759057301,-0.032503797093538234
1361,-0.20634371570481477,-0.419892612176177
1362,-0.15824481996058978,-0.18699472970332762
1363,-0.3427443044727134,-0.4625602137400079
1364,-0.3033509717193694,-0.3800915217800534
1365,-0.052848351676287916,-0.16568005047922416
1366,-0.3863372392805157,-0.4351776179263221
1367,-0.7743652721303065,-1.026959327308638
1368,-0.0833892685098559,-0.15469005233011046
1369,-0.44519367248195624,-0.5370526836116237
1370,-0.32550406527124626,-0.4315604547970859
1371,-0.16635484486189744,-0.23323645686927452
1372,-0.37529164252275915,-0.5808680915169324
1373,-0.20723712317298515,-0.3212936452821312
1374,-0.003710595542080343,-0.02388474570321387
1375,-0.763671488712524,-0.9968483058900902
1376,-0.23907378907035115,-0.3745458729815961
1377,-0.3934165964499739,-0.4599384523912268
1378,-0.461813499167547,-0.5931352728683977
1379,-0.06030191042697489,-0.13482916000629455
1380,-0.5258793015396646,-0.7404459691491518
1381,-0.21605832183761856,-0.3251327190385098
1382,-0.7497376447922445,-0.860125349177512
1383,-0.7679489060254205,-0.9951444614144934
1384,-0.1315423609092917,-0.2679086044504787
1385,-0.1509598889918407,-0.2669462710826683
1386,-0.1912046581674894,-0.2645579154539774
1387,-0.06413813526195862,-0.13585512288770876
1388,-0.3681810079038909,-0.49309254181885936
1389,-0.6981615585043544,-0.827433424180824
1390,-0.3603283163266343,-0.6160791887401882
1391,-0.17365473783017224,-0.22124740843379562
1392,-0.5689525969264598,-0.8869719268091095
1393,-0.24946262591850216,-0.428503054202653
1394,-0.5397074096023474,-0.8259650837784421
1395,-0.2694500018394502,-0.4033332893767269
1396,-0.5710744086102686,-0.8258067250438669
1397,-0.531237530221999,-0.6744113194394701
1398,-0.026750219935256628,-0.09131543828151108
1399,-0.0734674568181046,-0.10094211061820574
1400,-0.12141380068657331,-0.24741762745595688
1401,-0.13958238616682855,-0.14715086532350402
1402,-0.3081300137923356,-0.6424762217604332
1403,-0.46441638275211744,-0.5391680845678044
1404,-0.550978732371039,-0.6686577408682359
1405,-0.2518694248968608,-0.3263753893646097
1406,-0.4132297649323253,-0.42855153922899647
1407,-0.5723671974388154,-0.6060401522091122
1408,0.009477315649496621,-0.12768049350535443
1409,-0.20673038430318272,-0.24783487276327085
1410,-0.216347302058222,-0.4034538982699989
1411,-0.6508229709950274,-1.0684017783312791
1412,-0.2158164076269544,-0.4734487157038327
1413,-0.6777536441332512,-0.8848080558661396
1414,-0.2498278252723825,-0.3734899274712412
1415,-0.1358202444273038,-0.21345169969579883
1416,-0.6210937420007308,-0.780426015815332
1417,-0.27763507529410036,-0.42128798498442555
1418,-0.4152879010702998,-0.5300887657986636
1419,-0.12891902518057863,-0.23450864481892805
1420,-0.5656967311330255,-0.6703267582790264
1421,-0.4117615359807144,-0.6956225459647422
1422,-0.5561999516665114,-0.6353393968173077
1423,-0.35756502607868745,-0.46305164971679835
1424,-0.5009399180001913,-0.595482411146334
1425,0.03672682761712584,-0.05593822220339645
1426,-0.3259311402143928,-0.3764583997150563
1427,-0.36331752371304876,-0.4657493485436695
1428,-0.15306606120862562,-0.2832062792595839
1429,-0.49026650057844817,-0.6064217506643212
1430,-0.4276076886421743,-0.5875618117812946
1431,0.12517952237012314,0.03011220261609482
1432,-0.4819618945184373,-0.6333424095743828
1433,-0.5284347759402056,-0.7236213360029811
1434,-0.06893642172485272,-0.16378779282724307
1435,-0.3850996711875968,-0.5643595409050429
1436,-0.23636051201154548,-0.2839280983347922
1437,-0.13307684303196585,-0.1342421135583228
1438,-0.1618604333621716,-0.22780336325468867
1439,-0.32892474305933633,-0.535047605868101
1440,-0.6404372309391281,-0.8355938293997213
1441,-0.11279712080835501,-0.2498822566562444
1442,-0.13578356010104928,-0.48333695923416103
1443,-0.20401273036585205,-0.2674926893558931
1444,-0.7720520289455766,-0.8673709793702853
1445,0.015010436466574555,-0.1721015471376996
1446,0.31346588386858953,0.34155597493419754
1447,-0.10525915382779191,-0.23423004748613546
1448,-0.30301597618382137,-0.4337333585712344
1449,-0.5057310047038966,-0.6728620623935261
1450,-0.6804402992899115,-0.8723214948360658
1451,-0.18699656494922698,-0.2150110967685122
1452,-0.39580900765790267,-0.5959738780152207
1453,-0.5044013424374517,-0.5678445665066572
1454,-0.3548433851363302,-0.48145685159808016
1455,-0.2177926915443062,-0.4622137657166708
1456,-0.13479475996331827,-0.17438336483276837
1457,-0.18907315198748903,-0.3296939695563738
1458,0.09061800350147464,-0.07387581130953497
1459,-0.4795534378333826,-0.5025765428774097
1460,-0.32601594953496055,-0.5706741682332316
1461,-0.6103006336288834,-0.7054540303120184
1462,-0.540148940963224,-0.6909430664924268
1463,-0.2725490551971101,-0.41170275983805066
1464,-0.24109036696689848,-0.30146493486904935
1465,-0.799369035655374,-0.9982925443800089
1466,-0.2532101776758216,-0.43581591911653295
1467,-0.19659528075667904,-0.34990946735806355
1468,-0.5674155469070727,-0.6537189655949924
1469,-0.10043783750989081,-0.17401536550572533
1470,-0.23931679915004922,-0.374566416958334
1471,-0.4444783798807594,-0.6068443958509646
1472,-0.2964233132831399,-0.4038133298443993
1473,-0.44753478769562866,-0.6169065447511095
1474,-0.3980507252658921,-0.774905156249372
1475,-0.26596639645840425,-0.431859850963383
1476,-0.24337045242063296,-0.25343618503893117
1477,-0.4070107836253705,-0.582555126793643
1478,-0.292831234829965,-0.43968228038054286
1479,-0.11760698828282554,-0.2617517382576231
1480,-0.3690755844539917,-0.41468978726075184
1481,-0.08526479103805058,-0.11722641799988347
1482,-0.40536571006385264,-0.5657018351209918
1483,-0.34250072646549473,-0.4741145021917593
1484,-0.0010073374935840203,-0.11753851646540515
1485,-0.3367986249876149,-0.5137917972634732
1486,0.0322422161458892,-0.035301031490426876
1487,-0.28184302579862475,-0.3110834878359396
1488,-0.2808248652344934,-0.5566738882853136
1489,-0.5245264250675554,-0.6798743142487996
1490,-0.140878498124768,-0.19218994726336988
1491,-0.5141588725072231,-0.6098895008481628
1492,-0.289354935310066,-0.32081654850768854
1493,-0.2951271298725432,-0.44815421932195654
1494,-0.7100663656087148,-0.791030614906995
1495,-0.6871070223157195,-0.722951069603775
1496,-0.21502719683596971,-0.2636251305205796
1497,-0.1535978950516496,-0.17198237003314548
1498,-0.07699700127414097,-0.19275500737027387
1499,-0.22062343754455008,-0.27087741112394265
1500,-0.1085929687879346,-0.16562246788646615
1501,-0.05628613305832357,-0.15947052319731908
1502,-0.34124761754024213,-0.5540002399751496
1503,-0.16805097356773563,-0.2556163246643517
1504,-0.4273139870550983,-0.639594674366637
1505,-0.39202249205761436,-0.6856547211228506
1506,-0.5224783606170238,-0.8217088904210736
1507,-0.3391331643192352,-0.45535470286652147
1508,-0.44946993259263057,-0.5677985438675732
1509,-0.36960780457606995,-0.6205278026514579
1510,-0.4807989711804727,-0.5068156987691693
1511,-0.30622391554107864,-0.4264366204962931
1512,-0.4741374963175143,-0.5873165164539274
1513,-0.3044726752969146,-0.378362654534608
1514,0.06676348530473743,0.012527055497204254
1515,-0.05749271159051678,-0.22510738819654957
1516,-0.4634196913230424,-0.557548653379787
1517,-0.2747212740397091,-0.37088465895629774
1518,-0.017932744834564463,-0.16109715814518005
1519,-0.6190029813214049,-0.6383237248698307
1520,-0.6165444795122471,-0.7717266998303849
1521,-0.3716329571564652,-0.530653004216083
1522,-0.3292705863417947,-0.39877613911997783
1523,-0.344114420351176,-0.6193774447816086
1524,-0.1590935199844534,-0.1923803115970748
1525,-0.34531446287220247,-0.4305909780708004
1526,-0.378017533122685,-0.5601142134516243
1527,-0.24711875988281143,-0.370211291877769
1528,-0.3381093929808133,-0.3968064031044865
1529,-0.02294796044272381,-0.10715687865008533
1530,-0.40765717509626737,-0.6032468510532518
1531,-0.25274876972193766,-0.4063006738586801
1532,-0.4481150461126062,-0.6059665193485559
1533,-0.35122976433087155,-0.47072702245067793
1534,-0.6041448024115174,-0.85199407679387
1535,-0.22100710204878515,-0.2578118160588104
1536,-0.1646688145155217,-0.35038928600123864
1537,-0.44340334502289797,-0.6447750123152637
1538,-0.4771460925095639,-0.5347820133037525
1539,-0.042119399622918864,-0.08992837068174454
1540,-0.3747938432271807,-0.49443833496221323
1541,0.012185493480359353,0.04982332507082626
1542,-0.20727625369555389,-0.30160465158907446
1543,-0.24408341168721207,-0.4004412233774775
1544,-0.5976356078198357,-0.6024277046848102
1545,-0.18505180379641784,-0.3239965288770735
1546,-0.45830188401590766,-0.6697533700438745
1547,-0.2329548432989785,-0.2678122656733336
1548,-0.22326050770211373,-0.3270303560151469
1549,-0.3259830428028833,-0.5273838754267907
1550,-0.06804102299219252,-0.15884473774895086
1551,-0.4245957859021951,-0.5101226557769895
1552,-0.5533596190783917,-0.7414152324983084
1553,-0.33978283289165967,-0.5470804034101135
1554,-0.10900873366605902,-0.14198179542412198
1555,-0.3731104134665834,-0.42078784418761456
1556,-0.6359099547486703,-0.7302409640816123
1557,-0.27341967325352345,-0.48943822191900443
1558,-0.3968731503335479,-0.482969563873039
1559,-0.7163200557844582,-0.8791467284564676
1560,-0.2787860749123958,-0.33498189309916615
1561,-0.028417763582601823,-0.052420477875822796
1562,-0.2207556285233743,-0.3829783612548025
1563,-0.38860807973013783,-0.624114724576716
1564,0.00453807208861104,-0.07399877122950174
1565,-0.40862490480196234,-0.5524347919874171
1566,-0.3450358927813417,-0.4544071573527701
1567,-0.486131807296594,-0.5452575584432112
1568,-0.17047281818118698,-0.2855812288290868
1569,0.051731654807263314,0.050898963189035244
1570,-0.32977607831982064,-0.455004261677833
1571,-0.35378748032867596,-0.41421410141842624
1572,-0.485028723380758,-0.49963775584205083
1573,-0.29685138777061154,-0.39374775424560526
1574,-0.16160713623313047,-0.31217543358271993
1575,-0.6257958195456944,-0.7435986131555977
1576,-0.4506002025602429,-0.49262974634023177
1577,-0.3838811871882811,-0.4691400835215233
1578,-0.6601070885601082,-0.7752481485326521
1579,-0.6265822006656775,-0.8716518954766909
1580,-0.42591251310186534,-0.672309956107152
1581,-0.323215664360729,-0.5005504565298938
1582,-0.42563559945856516,-0.5254522643394656
1583,-0.6307115976954738,-0.8708432477634382
1584,-0.12208417168906537,-0.2536375168701217
1585,-0.1747902701465224,-0.33519404685957394
1586,-0.41176950849655247,-0.6082040254776911
1587,-0.7547154401708855,-0.9425143231183986
1588,-0.7492498053996208,-0.862250587409296
1589,-0.07974574050861405,-0.22255219881560406
1590,-0.5506665685428002,-0.6195964184975392
1591,-0.7382450526159544,-0.9159993336333608
1592,-0.618295784171952,-0.6898948697927404
1593,-0.3553426096526621,-0.4336350800754723
1594,-0.44162110471966626,-0.5575260775410392
1595,-0.09001823524205618,-0.1135757109644075
1596,-0.10350641312798436,-0.12962479098597227
1597,-0.19363893665743231,-0.29129351367619816
1598,-0.16824149026963564,-0.24435754323290362
1599,-0.39930196079418423,-0.4394205415164924
1600,-0.3345262446415541,-0.5618017005129725
1601,-0.4241007142961198,-0.716063582685099
1602,-0.450661858636168,-0.6243826946380446
1603,-0.22817318694335248,-0.33075092942563905
1604,-0.24103278347170828,-0.2853812095056229
1605,-0.3482799505028283,-0.5173288754616069
1606,-0.3172327746670332,-0.45031098194554536
1607,-0.13263466648400649,-0.24212032744339618
1608,-0.1462535288232949,-0.2745148150502261
1609,-0.3280404094076884,-0.44548099324621787
1610,-0.12404649717447178,-0.1947781718612423
1611,-0.3855950919279344,-0.5569420370716561
1612,-0.4486197956114438,-0.4663956972673041
1613,-0.544232583081403,-0.6491172393406767
1614,-0.2795943951805669,-0.41329821271583833
1615,0.042331576066987675,-0.01910154167944095
1616,-0.3201736871673,-0.47363909435522067
1617,-0.3889877386074942,-0.51569275397388
1618,-0.1906007649206608,-0.31279430646531103
1619,-0.18136325783379634,-0.32243519780212404
1620,-0.5229670641460039,-0.5333119177539005
1621,-0.3861682062156106,-0.5828701229647371
1622,-0.36263286511041093,-0.4426493117742559
1623,-0.4308979498629115,-0.5400783115739114
1624,-0.462213957838651,-0.6642312275476691
1625,0.30488665324171055,0.20212278491294236
1626,-0.33313029817830864,-0.4703546337745817
1627,-0.2384078768967784,-0.458892582981086
1628,-0.38743992002637395,-0.501753452107988
1629,-0.11439465446608522,-0.2672113981809994
1630,-0.19354172069304218,-0.30582540328556496
1631,-0.13793347394448285,-0.14259550928635967
1632,-0.1896571970642221,-0.3639813463349515
1633,-0.2319549172865592,-0.2742657574337064
1634,-0.4531203451227863,-0.5892474779998137
1635,-0.5510895383029035,-0.6078195690810672
1636,0.07032118315766367,-0.030806587988798494
1637,-0.48906225983935037,-0.5832339335059865
1638,-0.6274983244427659,-0.7212956989419868
1639,-0.2134089965869538,-0.3809700876884261
1640,-0.08346468279795136,-0.1774907580566153
1641,-0.5252257726939104,-0.6230212127015282
1642,-0.45322604837980035,-0.5320349798734141
1643,-0.8456246070302891,-1.176164790151521
1644,-0.47407791919831027,-0.5940375057622785
1645,-0.23884185440286362,-0.3310473311436775
1646,-0.32500327518734223,-0.4595413943185681
1647,-0.609598819029891,-0.6537275363672537
1648,-0.03250262694079721,-0.1322120410163591
1649,-0.36176710950788254,-0.5345958953436808
1650,-0.4649726095493086,-0.5547226933885151
1651,-0.24391262449841727,-0.40440827252162265
1652,-0.5790898326310251,-0.7931433612497133
1653,-0.5763857330536948,-0.769469821908077
1654,-0.44892590389660514,-0.6838574113393472
1655,-0.24295907926689078,-0.34696031258947424
1656,-0.3624248422406981,-0.496849606928049
1657,-0.13207554785048042,-0.35463873917211625
1658,-0.17187030140142667,-0.375258088738539
1659,-0.21601066495677076,-0.2441417568337062
1660,-0.45431008015818913,-0.6459722885020825
1661,-0.5625375937352746,-0.7777990691649977
1662,-0.41273683985931114,-0.42525311574108143
1663,-0.23135165530655794,-0.3382042184128535
1664,-0.668740329308092,-0.8133883944186971
1665,-0.26070115078971645,-0.3219432440045502
1666,-0.2865121384745292,-0.36519921719206844
1667,-0.3580463448743958,-0.4771339202711307
1668,-0.549061818040296,-0.6387199810275731
1669,-0.23882972262486327,-0.26115527676146355
1670,-0.2118224876772096,-0.3587736885084786
1671,-0.06802601906998298,-0.14557542104091353
1672,-0.058211892644840786,-0.12970883717130866
1673,0.011464610623697732,-0.10388355857469549
1674,-0.5846972033587656,-0.6686323403222275
1675,-0.40219216143091374,-0.3920466123892844
1676,-0.1879739675039639,-0.18858298075279958
1677,-0.1301638000648595,-0.28050856369972665
1678,0.038118455280200296,-0.0644401113527516
1679,-0.37377770850879294,-0.40970453983235455
1680,-0.42105925253574705,-0.5600039245636654
1681,-0.5284598090041929,-0.8824295431708935
1682,-0.32468360432830334,-0.4565221764028823
1683,-0.15184076683113934,-0.24186362970464914
1684,0.22146858551107898,0.20538848841002322
1685,-0.7701134578288945,-1.0130533944316291
1686,-0.30280143135874366,-0.4644069970101209
1687,-0.15948377772509198,-0.21743924671821913
1688,-0.3015301398879561,-0.33132887240792375
1689,-0.060326030943051306,-0.3020874322940614
1690,-0.34078649715772635,-0.5213272572466865
1691,-0.165756186645702,-0.18389203769876825
1692,-0.33800224830549513,-0.4058634758812545
1693,-0.22285112508049457,-0.38182033378039193
1694,-0.24681974324477324,-0.25664499037154503
1695,-0.24978042825816085,-0.36925223236325744
1696,-0.13482000001833666,-0.18051419719470552
1697,-0.5697971677105982,-0.7336174792823016
1698,0.06349038802079296,0.0006756938553749008
1699,-0.4856431976004435,-0.6631774582467223
1700,-0.19560657475332677,-0.2609553039136872
1701,-0.11519496840433827,-0.2180533802269537
1702,-0.39513246705204996,-0.549019985544921
1703,-0.6716623446912259,-0.8032835440989711
1704,-0.4223321995524973,-0.6549297554215102
1705,-0.5894114160650338,-0.7467894509749483
1706,-0.5047417172839207,-0.6545757329631455
1707,-0.1814292658223142,-0.2516195981669933
1708,-0.20006024208161471,-0.36030836145345035
1709,-0.3224541094076183,-0.5296484471095273
1710,-0.22149367286292446,-0.4138736076567276
1711,-0.11367682446864912,-0.2832336605073262
1712,-0.2542379010525939,-0.28469820296965065
1713,-0.5890805022624251,-0.7216583744147073
1714,-0.2885856357223621,-0.34700904005435124
1715,-0.06727103338723253,-0.25903058735752826
1716,-0.34718149167280377,-0.4499360855740059
1717,-0.14728865458778337,-0.25115241004076555
1718,0.06763970371854493,-0.08696146150801845
1719,-0.8150765815189315,-0.9500241598632612
1720,-0.5029552515354903,-0.7362558206501412
1721,-0.5973302821390665,-0.922342457996463
1722,-0.19299396941211086,-0.3983472825559559
1723,-0.3002319630746943,-0.4543987978936645
1724,-0.0036232388618586716,-0.09857065519812021
1725,-0.3044012639656435,-0.363102600687629
1726,0.09283005520185242,0.013868028828697651
1727,-0.6029887620823211,-0.7041128054799052
1728,-0.08201899001093646,-0.13351075334701443
1729,-0.20528864049787784,-0.31706361850695547
1730,-0.5312602481132734,-0.5853005703167441
1731,-0.11617515751212679,-0.27800881609317496
1732,-0.42515021985861395,-0.5633141532920035
1733,-0.31159665071818016,-0.3942365344843403
1734,-0.19707460307896507,-0.34953298392330784
1735,-0.5090597478058676,-0.7468447777395776
1736,-0.42585584565569173,-0.5900561743374471
1737,-0.41238990211072457,-0.6336265098252087
1738,-0.4049320697732386,-0.5961443837090067
1739,-0.1564894129588608,-0.20377633498019113
1740,-0.590209190228609,-0.8005170393958353
1741,-0.16768129698688145,-0.40128963217532326
1742,-0.28987247053643184,-0.3070523610136038
1743,-0.7701269547337232,-0.9354580179195037
1744,-0.24846283232392463,-0.2798416150650216
1745,-0.5046300160155607,-0.6830659680571828
1746,-0.48668779308239657,-0.724882041894199
1747,-0.10943764432045493,-0.237245887182965
1748,-0.4071884612027242,-0.5387186652475688
1749,-0.45899917697526493,-0.7235999912015257
1750,-0.42139482767769926,-0.44666035845316676
1751,-0.39568876692973887,-0.5179312489150381
1752,-0.44213943103244707,-0.6797576976872447
1753,-0.5837636191000025,-0.8998030669335945
1754,-0.04643605530465173,-0.11759773075063892
1755,-0.5350564862406209,-0.6266933848051884
1756,-0.4526691470244203,-0.5972865699389458
1757,-0.4939722926784476,-0.5790669173987774
1758,-0.41617675056452624,-0.5422478700062163
1759,-0.4074612695227029,-0.45442195896457777
1760,-0.6363179792219146,-0.703527718675254
1761,-0.03482514828638395,-0.10947039835577704
1762,-0.12915410216542703,-0.19915159228177312
1763,-0.27822375544975375,-0.4495672534197237
1764,-0.8131176370621275,-0.8686507931134093
1765,-0.5222707381000934,-0.6689267797082102
1766,-0.6769833870667367,-0.886467446243345
1767,-0.010852408814536777,-0.16515893411171922
1768,-0.32835254940012804,-0.3490291578065512
1769,-0.382088141002923,-0.4975688522734811
1770,-0.5833131821392536,-0.7375932742558605
1771,-0.25288820798486955,-0.3099058945448891
1772,-0.521408824855748,-0.6694302946461352
1773,-0.5314514616390271,-0.6670534837681461
1774,-0.5941063980063149,-0.7569541801398444
1775,-0.21142822457481866,-0.2838113241994222
1776,-0.1626858430289388,-0.18940161319702373
1777,-0.271715749770806,-0.31842329027777133
1778,-0.3867698611311443,-0.4651197829367357
1779,-0.30147885353856185,-0.39922210478075315
1780,-0.39209031564265096,-0.5356555027460633
1781,-0.5172811234423892,-0.5690874250078701
1782,-0.19942683984149523,-0.283929110776207
1783,-0.22887465907730895,-0.3968633915650571
1784,-0.38422926291381293,-0.498704776587014
1785,-0.4045261108510815,-0.46818175405549534
1786,-0.3024245682988169,-0.36867646302448437
1787,-0.48413043902319153,-0.630917255928587
1788,-0.25077570061523713,-0.4615672417354259
1789,-0.34385041479686634,-0.40088266350185264
1790,-0.1969859224625468,-0.24570331561446737
1791,-0.17997340514383112,-0.35301494924637405
1792,-0.3070990699636225,-0.5125154169250736
1793,-0.4959739250193502,-0.5750309231599662
1794,0.03756166290829012,-0.06011966425301397
1795,-0.44226068203472063,-0.6809804173268346
1796,0.11330881259004655,0.02404881657823677
1797,-0.2703944366025095,-0.45019464106392854
1798,-0.3256866478069165,-0.39484538733926783
1799,-0.36283182427344723,-0.40771853779329176
1800,-0.09832505518089822,-0.3552650795961121
1801,-0.043351767465828125,-0.21638854686484146
1802,-0.5977315494361296,-0.6228056919627913
1803,-0.18391177698242042,-0.30463153601994775
1804,-0.2860510115387219,-0.48053623826769504
1805,0.22744011031180755,0.1944142341410857
1806,-0.17836802355644185,-0.272075864620384
1807,-0.2084267234956203,-0.24182500316473446
1808,-0.20117834246170727,-0.2620971431043754
1809,-0.718482581800887,-0.8068841854424709
1810,-0.45338141779818514,-0.593617707518238
1811,-0.3592729569736008,-0.5050931711519623
1812,-0.18061110765504038,-0.30149640984433873
1813,-0.36568301106162937,-0.3908721625432765
1814,-0.2547242141417749,-0.40424495418487105
1815,-0.21589892116511722,-0.34610104755758
1816,-0.24494970556041043,-0.46549539939597107
1817,-0.517704958243658,-0.6951156597171961
1818,0.10261574021066046,0.068233155777309
1819,-0.12459399532817736,-0.33299828291550504
1820,-0.14931087630417308,-0.22609239524838382
1821,-0.8456771855937152,-1.063474833518883
1822,-0.24927561796418218,-0.43265322568493914
1823,-0.35035584589231006,-0.5040560149127669
1824,-0.2033397148337971,-0.31159931042179506
1825,-0.23990590492501576,-0.30366716275964545
1826,-0.17411306349379177,-0.2888800637681319
1827,-0.36099269723683675,-0.4629494189921704
1828,-0.21985782765811948,-0.4733345628723865
1829,-0.4925948721362921,-0.6384913636647005
1830,-0.22552790312767337,-0.34311085575455513
1831,-0.5576036556123429,-0.7089455434114256
1832,-0.5086742097002822,-0.7056891444311184
1833,-0.5082657155861726,-0.5856508490113708
1834,-0.2833440203497365,-0.45844547695947685
1835,-0.736244243039573,-0.9090969280233462
1836,-0.5026291108165145,-0.5237754384986664
1837,0.01858091336854185,-0.11826298305703792
1838,-0.5194356964209597,-0.5957601106401313
1839,-0.3925665167793442,-0.5292206424539702
1840,-0.19172611580053553,-0.2869548680643522
1841,-0.013386929722200958,-0.06261603080463655
1842,-0.3555802028996896,-0.4739752855886397
1843,-0.42153976725507747,-0.4766341336139431
1844,-0.4444737961789647,-0.6901956371508636
1845,-0.09006092551030981,-0.10829877596165034
1846,0.014972151294073359,-0.13112659214168004
1847,-0.4006626156664866,-0.6040405865688603
1848,-0.4403043031097627,-0.572644926101059
1849,-0.1923311382238731,-0.28985816132064435
1850,-0.29686808060727404,-0.359766412106617
1851,-0.24171444096775627,-0.2943794540943308
1852,-0.09975409207643778,-0.2969547164331723
1853,-0.5516409098782851,-0.6370995545876108
1854,-0.06202543514951184,-0.1744889234467772
1855,-0.27223449844159403,-0.4036311766053438
1856,-0.2964518880790106,-0.48438291491298857
1857,-0.5185344213866989,-0.5329356222055468
1858,0.12370682814907528,-0.10341455014369688
1859,0.0760366896327458,-0.0235433709903161
1860,-0.3691944695621873,-0.38362202056548256
1861,-0.264268528005057,-0.3888488646431249
1862,0.05701344923704957,-0.004274636167513385
1863,-0.34467196515537213,-0.505401736798876
1864,-0.3702424095192713,-0.5493500578883063
1865,0.003919608194115122,-0.040503799049652935
1866,-0.26450027422411254,-0.4672446470765254
1867,-0.2959927997080589,-0.3743024954893506
1868,-0.5048114558459107,-0.7669744028146077
1869,-0.2636549559776525,-0.36956242500212944
1870,-0.4879287522850344,-0.5968680934132594
1871,-0.3308288779490225,-0.3358588353272886
1872,-0.47396618199807505,-0.49754136771092317
1873,-0.32106033387357447,-0.46967967877516625
1874,-0.3673776802530647,-0.5331201458818879
1875,-0.19597837276944652,-0.38158261924127695
1876,-0.4158232690396264,-0.5058983036053121
1877,-0.14590361264263968,-0.3743004337560762
1878,-0.1717880100923902,-0.21463434105745174
1879,-0.30082048569486153,-0.3917027532782369
1880,-0.11101532912237219,-0.28616574755582974
1881,-0.4434858395749265,-0.5123739863743088
1882,-0.44017202031024544,-0.5947126000423731
1883,-0.421079684705531,-0.5811827141585497
1884,-0.5085517589915121,-0.538176482259227
1885,-0.5240641912874814,-0.709829282633075
1886,-0.3878981282251392,-0.39317553669194566
1887,-0.050801392811286025,-0.2175725666811433
1888,-0.5857445677119845,-0.6335004834470735
1889,-0.19736943802903564,-0.3475256225639639
1890,-0.30863150119487814,-0.3279763795152926
1891,-0.24229243537301506,-0.3793974402369712
1892,-0.17688231313714137,-0.3901080764903987
1893,0.03990898637146713,-0.08988558185916709
1894,-0.4514089343713349,-0.5581393812177629
1895,-0.44365134242967397,-0.5512284666098
1896,-0.5517275206860708,-0.5628370372963715
1897,0.11006093216608995,-0.024926355323173943
1898,0.046543724553781356,0.012281149619015377
1899,-0.14673395693335145,-0.25109856060984487
1900,-0.072750176346715,-0.14555003782656825
1901,-0.0867924387934549,-0.2366406641602287
1902,-0.44562464575197996,-0.5605551034894265
1903,-0.3881200387657936,-0.6386190951038883
1904,0.0266581088528829,-0.051521843490228696
1905,-0.24663015922823528,-0.33352824273566245
1906,0.008986453970683926,-0.11232664793145189
1907,-0.20301871663120935,-0.43851050011767245
1908,-0.13147466091193205,-0.18047752884887874
1909,-0.1539652502096226,-0.36471381590152385
1910,-0.20664912951523437,-0.4352744078321415
1911,-0.499994098880895,-0.5421646836274671
1912,-0.3389911281683454,-0.37045825050202896
1913,-0.7076991196413466,-0.7697336390105826
1914,-0.8885219500983363,-1.0270776469719107
1915,-0.13322271812094102,-0.26337386908027016
1916,-0.0629437065856307,-0.16119936586445816
1917,0.06429937458105761,-0.0752395959270085
1918,0.06302386637509844,-0.2274553553483404
1919,0.21886984556885317,0.15650071514388436
1920,-0.38067779651644396,-0.4475601294067819
1921,-0.6955910521057092,-0.8608743827278931
1922,-0.5896896428753214,-0.7437376378576392
1923,-0.31235259342820776,-0.48414087786423055
1924,-0.14605568290316398,-0.23454946515455397
1925,-0.405853744012343,-0.4506699948454583
1926,-0.3579335199157833,-0.3770702505479343
1927,-0.34667433313904644,-0.39573240262556736
1928,-0.9011233969464998,-1.0951788871790604
1929,-0.2083577833897521,-0.40170855854208387
1930,-0.10354274508043883,-0.13771898277592745
1931,0.18772210026506056,0.056133713414628354
1932,-0.579811317355868,-0.7252080884818187
1933,-0.2324456538046898,-0.34915198358817995
1934,-0.17510868825111883,-0.31769800016651395
1935,-0.3270748673848457,-0.45435540817749953
1936,-0.3542975236345594,-0.4626423585892665
1937,-0.15576519660113522,-0.30116583307267863
1938,-0.24622204931672415,-0.39280995406907
1939,-0.22313340162400042,-0.2753376830894792
1940,-0.4821065627575041,-0.6641413350675043
1941,-0.2965354535230636,-0.43253349590177126
1942,-0.48533481631490194,-0.6039366190499005
1943,-0.4664712274190573,-0.626332736274434
1944,-0.022238016100775932,-0.12371265876811159
1945,-0.33169356657024895,-0.6863651419157845
1946,0.14255011204221618,-0.062091284348758005
1947,-0.14996947287287363,-0.3209689461701
1948,0.3172771335735941,0.27450032482134
1949,-0.5113695878322263,-0.5630573349586885
1950,-0.6326506661171213,-0.6556055886943377
1951,-0.45484028529857773,-0.52354046285093
1952,0.05994228427051763,0.02833107308101731
1953,-0.4219671255034828,-0.6778534654539928
1954,-0.6121521208261532,-0.7209981782697338
1955,-0.5079703564627237,-0.6678305446255295
1956,-0.420332018233511,-0.46721575376472574
1957,-0.05990428498359914,-0.16813451340550914
1958,-0.3768342965036009,-0.7669812017406268
1959,-0.3588711539923078,-0.48244637788560724
1960,-0.24932568306419106,-0.5134750431354815
1961,-0.07764253983940998,-0.12737565852629515
1962,-0.16639110289441514,-0.33772031009711023
1963,-0.31083942760974,-0.5141320907068915
1964,-0.24065463786433353,-0.29075231442927324
1965,-0.27051398507998764,-0.4618303715133584
1966,-0.34069095556185414,-0.4868585273823281
1967,-0.2074071240046479,-0.2678937253903385
1968,-0.3064360126689412,-0.44625157210450495
1969,-0.3553437266140701,-0.3565152840799716
1970,-0.40125459640322153,-0.5737699951259534
1971,0.02043075910340617,0.01674563719232867
1972,-0.464425731760924,-0.5392257203904511
1973,-0.7187147056959243,-0.9332998713078281
1974,-0.24932375679949986,-0.2849284158327816
1975,-0.1379989773440205,-0.4324407189883091
1976,-0.3134289270114008,-0.35974672199827895
1977,-0.21083837800282382,-0.4072162207906947
1978,-0.494150641728005,-0.8110315626328157
1979,-0.26497813316610436,-0.47825574902716667
1980,-0.11393516793576229,-0.15819899212669086
1981,-0.1567018458721396,-0.30263810408572883
1982,-0.1050147702506011,-0.14453587650491162
1983,-0.61752637629333,-0.7521210663476379
1984,-0.2575364450022781,-0.448531333830974
1985,-0.5105248846241199,-0.6718932011619152
1986,-0.6289805984707354,-0.7513720959866564
1987,-0.0793560239392385,-0.1476718965534467
1988,-0.5765270197288987,-0.5799443378377442
1989,-0.24261077980471005,-0.5272724694155031
1990,-0.0418639776241166,-0.2113865508847086
1991,-0.5674465767869269,-0.8197369723226164
1992,-0.3788494245696283,-0.4717775918385984
1993,-0.14623474626427602,-0.2876668034355158
1994,-0.4348146929908242,-0.636949771212224
1995,-0.27315659553945165,-0.315617935855899
1996,-0.2576602589542875,-0.39993703872842373
1997,-0.22471731179115098,-0.5956184052582717
1998,-0.4617611053261825,-0.5388864772112456
1999,-0.5724774829131237,-0.838667712717052
2000,-0.173543361457902,-0.22092194370619037
2001,-0.3785836755594581,-0.4725418937056611
2002,-0.22450522805704082,-0.29402118970603264
2003,-0.07718483438788806,-0.15953113817038975
2004,-0.4044228206803213,-0.6231427172566547
2005,-0.2850052344331365,-0.4256539328119493
2006,-0.3158640339463977,-0.5030050925299862
2007,-0.3554996791892606,-0.4642449736912752
2008,-0.08497728342822604,-0.11096822282617254
2009,-0.020780629754674058,-0.11071300530876087
2010,-0.3860050029139021,-0.5625151524503957
2011,-0.28084625310257777,-0.3851539255011885
2012,-0.32092618148270285,-0.361595527931495
2013,-0.4855881237273142,-0.8646996108431474
2014,-0.38887442010746426,-0.4840335842027728
2015,-0.23338147534255982,-0.3171495127773463
2016,-0.34017978651664976,-0.41541665509002307
2017,-0.529097639737302,-0.5836468533383923
2018,-0.16748235652622417,-0.2669140275135606
2019,-0.6562981415404527,-0.7650028099892461
2020,-0.60481071127444,-0.6622011779683852
2021,-0.41106208344366957,-0.5606957306548416
2022,-0.43441031139579306,-0.6253715316861591
2023,-0.29328486560139755,-0.36378095326823795
2024,-0.059664962240816334,-0.24774359494826165
2025,-0.36359163370819536,-0.4775272351291353
2026,-0.12392995656883482,-0.2094914622096854
2027,-0.4865167452920296,-0.6181534679680817
2028,-0.6162723939612295,-0.6858730146697963
2029,-0.5020500760754775,-0.7256685488615694
2030,-0.4774461212196837,-0.679380527215092
2031,-0.4495889136086803,-0.528382491262535
2032,-0.002844332088221839,-0.10439102177307813
2033,-0.5014966468341369,-0.9455913861404218
2034,-0.36767168867806793,-0.4876218352535565
2035,-0.05781727140296576,-0.09879778331888935
2036,-0.22830376570191593,-0.42567087077832977
2037,-0.59216341781293,-0.6822751182998935
2038,-0.1527201506318292,-0.2827454755777839
2039,-0.2547106281667114,-0.500097966571539
2040,-0.6719295337080419,-0.7284641878216968
2041,-0.1893446039618333,-0.22882956342063385
2042,-0.49323806275289545,-0.6393331728416726
2043,-0.35273529857240066,-0.5491983705440026
2044,-0.5413114500856053,-0.7457023337750398
2045,-0.1535750875721179,-0.3618809193346087
2046,-0.5797536105804334,-0.6619791534547186
2047,-0.6477964874109945,-0.7700107105789555
2048,-0.4594089909512217,-0.6179610441941908
2049,-0.38630976331656497,-0.5042838281591174
2050,-0.11608118374164408,-0.2676117688859999
2051,-0.1241430989843556,-0.23696590280986748
2052,-0.6996032828191473,-0.9389559430717705
2053,-0.354269965664639,-0.49690890574072927
2054,-0.538893830217405,-0.6245230844137435
2055,-0.2600682109412892,-0.42759341204585616
2056,0.06191207913689597,-0.09993710701808706
2057,-0.3501579451693659,-0.33332606729014835
2058,-0.6609746387247358,-0.8794417202533543
2059,-0.2913706832831831,-0.38563528797612057
2060,-0.5618308424468541,-0.7465876069249598
2061,-0.34828026602205286,-0.48636368059671925
2062,-0.2812562550760148,-0.5357988439232921
2063,-0.4080328630017581,-0.4935079627311206
2064,-0.2883107547286503,-0.3315843966499088
2065,-0.28021106100297166,-0.4295837230738415
2066,-0.6077760501131262,-0.7849495035350568
2067,-0.33656283100852674,-0.5347223538691446
2068,-0.37911071467117957,-0.7111268461664834
2069,-0.47817013154010674,-0.6099311542388078
2070,-0.43610442099549845,-0.5553805860559214
2071,-0.16018898174961793,-0.1914221810112169
2072,-0.36600405325868374,-0.4344174342116195
2073,-0.29741281738637004,-0.32864532479391523
2074,-0.39070515324359334,-0.5686641889624133
2075,-0.4032340275006064,-0.463310637494563
2076,-0.18881244294222072,-0.3360127105607942
2077,-0.047044570349865235,-0.14276372798178597
2078,-0.5794731209759233,-0.785039903020021
2079,-0.2513680867515945,-0.25634020862289664
2080,-0.6237684894717389,-0.7336696306606155
2081,-0.17218092905541163,-0.31650066057241677
2082,-0.35931845856773603,-0.5396458018285473
2083,-0.12675763692873934,-0.29149072318544855
2084,-0.17874219415204362,-0.26781586565427157
2085,-0.3852389365947514,-0.5587577045658967
2086,-0.319208643990684,-0.42845318429857054
2087,-0.33078610695752236,-0.34050128329346047
2088,-0.11465257674211737,-0.15235959937974466
2089,-0.3315120363779399,-0.5570978704337589
2090,-0.15767458434130444,-0.2785970262069129
2091,-0.4895609985740201,-0.5849178505719254
2092,-0.6230715071199147,-0.8771271335539265
2093,-0.398707273899345,-0.6439578966841797
2094,-0.3969792390228455,-0.5344046149504709
2095,-0.26405496014982377,-0.49562340457603454
2096,-0.5968646197472218,-0.7446727579410802
2097,-0.2939643025549017,-0.4296993596939044
2098,-0.18974487846065902,-0.2861209266354797
2099,-0.1894438402368389,-0.2881197907682282
2100,-0.6899011347259585,-0.9748584096187833
2101,-0.04146550636430228,-0.16374579710238962
2102,-0.07010173175794396,-0.2010903245782695
2103,-0.3828124028046506,-0.5054798329262142
2104,-0.7324502157108775,-0.8030693022676435
2105,-0.38050255772936176,-0.5685292795445743
2106,-0.4676270796093011,-0.679961340111021
2107,-0.4303551822031651,-0.4901199206440033
2108,-0.4003813867358287,-0.5294649042094054
2109,0.3436255999751543,0.33117640276427057
2110,-0.8770089531889197,-0.9331925477512183
2111,-0.4740140941955052,-0.5431400596286996
2112,-0.36167210277764317,-0.4028871123170705
2113,-0.4923488029820737,-0.7338539519185806
2114,-0.17768338841603754,-0.34749772988555794
2115,-0.053182745873760276,-0.20837176669055207
2116,-0.42923327361681474,-0.6156886453559378
2117,-0.17263264739306192,-0.4241109278260712
2118,-0.5679271473431808,-0.6619942140173121
2119,-0.38723561289193237,-0.4558711351360787
2120,-0.3566270381500725,-0.5564131944137641
2121,0.03215308754261988,-0.08101626434415085
2122,-0.611234753965908,-0.7237990958281241
2123,-0.32034467319619386,-0.44975358517012864
2124,-0.5498123322266021,-0.5486348910752371
2125,-0.17883509681332094,-0.3495903858965018
2126,-0.37414632506234113,-0.5312838245585024
2127,0.15398686325673797,0.06146960752765955
2128,-0.7728990172769765,-0.9566307760965053
2129,0.12655983682424873,0.009913127000372014
2130,-0.21206612982797093,-0.39833142750056266
2131,-0.6393345135086631,-0.7102225152558216
2132,-0.24816190690225737,-0.34666106514654116
2133,-0.43833169546186945,-0.619203605969756
2134,-0.4606641019905802,-0.6012161837045695
2135,-0.2795408710616507,-0.5330714803146861
2136,-0.18277749243075841,-0.2414597640523894
2137,-0.446446071849218,-0.7192773457495778
2138,-0.4172598695040308,-0.4834929473481321
2139,-0.5476531840460885,-0.6923814090373404
2140,-0.4614966251422832,-0.6153601737781356
2141,-0.3254443926615301,-0.5611406914197853
2142,-0.39573294501255246,-0.48607717796650074
2143,-0.14181298801186257,-0.22124996499578742
2144,-0.3956074893944489,-0.4821527562869871
2145,-0.15149459014599245,-0.23372437508350455
2146,-0.8737794801283142,-1.003292727305152
2147,-0.24700358153394875,-0.37028560133462846
2148,-0.392031956883988,-0.4070554808760695
2149,0.297310557535186,0.21924226039155434
2150,-0.36567235335828874,-0.514847858100383
2151,-0.39358507513822993,-0.4703570243828662
2152,-0.7745536064874038,-0.8191394900379394
2153,-0.5668839413484733,-0.7337835953972119
2154,-0.47847250097675587,-0.5755284929807619
2155,-0.19036542314322438,-0.23011834041170268
2156,0.07145716116456863,-0.016528131108938564
2157,-0.4108166436029435,-0.4775784478861468
2158,-0.12463178587881651,-0.2362704628940728
2159,-0.5644150383487601,-0.6458834847584969
2160,-0.5101728865237577,-0.6288596351419062
2161,-0.4612205677437702,-0.5260224620749402
2162,-0.2632682847428038,-0.4215168960184699
2163,-0.5643816347395727,-0.7262938587107653
2164,-0.3585629763510749,-0.5887873138683032
2165,-0.23288994108731761,-0.4089108149324761
2166,-0.46417667149831393,-0.5109962081348101
2167,-0.6914651723362072,-0.7848156004068444
2168,-0.12652251906757528,-0.2732936281726592
2169,-0.45727553212844374,-0.7236657200809513
2170,-0.5379301244346045,-0.6327033179658103
2171,0.12386942213473832,0.10649217949183595
2172,-0.1801904903610738,-0.32528413871749806
2173,-0.5577161258126204,-0.6415422361746996
2174,-0.12940429136679715,-0.219252834291274
2175,-0.057924247016669254,-0.16991845334959924
2176,0.02634826585827843,-0.08564541307909498
2177,-0.31367049982224193,-0.4968569109022617
2178,-0.18631373270548882,-0.19751284564372262
2179,-0.33888190311926336,-0.3736166114719302
2180,-0.11756204462524714,-0.26921470067485315
2181,-0.28723999960823493,-0.4036217627622825
2182,-0.3753368938563792,-0.5298558144708024
2183,-0.42569910045587367,-0.5628600956733188
2184,-0.5308059573093814,-0.6356103650059064
2185,-0.3321250220790655,-0.3438549556546527
2186,-0.48175914782948714,-0.553210482796987
2187,-0.5095375258436632,-0.5059523128036546
2188,-0.4826170399870877,-0.5422195042445731
2189,-0.3463562163860245,-0.4063728643570809
2190,0.052254129215067134,-0.07001780284366779
2191,-0.4036934376917972,-0.5919820276368921
2192,-0.2277538932742148,-0.2549063892012733
2193,-0.2825163986967136,-0.41989744379578253
2194,-0.3046513902982515,-0.4875872722422145
2195,-0.17839959714517148,-0.30701790565032316
2196,-0.45028600022735904,-0.6053257720173489
2197,-0.5255532147026345,-0.6491393629523527
2198,-0.6670708439433246,-0.8841838885248419
2199,0.1601556988360732,0.0629035419661329
2200,-0.5081391003589729,-0.5324718939824462
2201,-0.5667061606374453,-0.6299192511954244
2202,-0.4950719316489493,-0.6514252847287644
2203,0.04561364420290131,-0.06618074513005275
2204,-0.2634931785718642,-0.36646542752652705
2205,-0.7633763989999179,-0.7677055626191224
2206,-0.49113432980382654,-0.5511013583303421
2207,-0.46260204254836573,-0.6408876732718838
2208,-0.6328256856033352,-0.6903622370030107
2209,-0.018120277717706787,-0.16517643558438602
2210,-0.27005249067134157,-0.3744848148984528
2211,-0.1510850677697397,-0.2562839571463291
2212,-0.4454536714111116,-0.5262045649038559
2213,-0.3976279199247621,-0.613182199656306
2214,-0.6061887987482129,-0.7633809808032456
2215,-0.6216715581275816,-0.6898970675929892
2216,-0.5194918692302192,-0.5796061034080289
2217,-0.3174432536217362,-0.4108650553640405
2218,0.04761373134254629,-0.019678132485535786
2219,-0.38563083107829693,-0.47955863399126225
2220,-0.2722043114796163,-0.5114976084578428
2221,-0.19371058875742103,-0.2393833279369375
2222,-0.4135601514046661,-0.5352349657891442
2223,-0.021804650947139587,-0.1787509078729995
2224,-0.45935061401622407,-0.5010610223463855
2225,-0.298873379142873,-0.36902015608426353
2226,-0.08945784254299376,-0.215017590588732
2227,-0.6393329827694957,-0.8195287678799313
2228,-0.07212015840254302,-0.15209947264521187
2229,-0.10262895587624549,-0.17918532730172532
2230,-0.33941866857421443,-0.4312583175870294
2231,-0.5422472632118639,-0.727876725194441
2232,0.10235816815687389,0.09160360601262298
2233,-0.7485531064745065,-1.0138873044923673
2234,-0.3678989037658888,-0.5365359581147805
2235,-0.6103056772617899,-0.8581220228956123
2236,-0.12317109153280831,-0.1739617800691949
2237,-0.3295151042086069,-0.5320346575608292
2238,-0.2683049720816312,-0.40785436401417097
2239,-0.1304787501318081,-0.3250686363440887
2240,-0.0015176010433849416,-0.18602975321574985
2241,-0.204091098774885,-0.30338266276668374
2242,-0.01720283549622613,-0.21550513963992365
2243,-0.16794425768061402,-0.31006822789572314
2244,-0.4897331809753649,-0.6055392938374379
2245,-0.009877696151515996,-0.20852455873145093
2246,-0.11348870052056602,-0.399943941536413
2247,-0.313285420878203,-0.46285387542162904
2248,-0.37395524987248613,-0.4232570920951664
2249,-0.3623062726600514,-0.4728743567719191
2250,0.09014569264974516,0.017098036379344712
2251,-0.6454934327757156,-0.6756934305290605
2252,-0.39859384058260666,-0.6996761925765699
2253,-0.2245604506936083,-0.3135214589124517
2254,0.04117069832917858,-0.07525045233907976
2255,-0.21248816915996632,-0.41391856648459646
2256,-0.4565632637167261,-0.6182785909463656
2257,-0.27414395273659975,-0.30153924887513434
2258,-0.2935312955051599,-0.5742264173053183
2259,-0.5876914640323717,-0.6715716627353653
2260,-0.4046547943757993,-0.49007381742355
2261,-0.1923592701665414,-0.27325856564253814
2262,-0.6046209094531684,-0.7996061208695701
2263,-0.5479156460516397,-0.5506542208688375
2264,-0.33505830514663243,-0.5569989509230925
2265,-0.3601453297557855,-0.42326949922205753
2266,-0.1610068448241829,-0.42173825714089175
2267,-0.2770897353062821,-0.45670830743230373
2268,-0.5529376217515269,-0.6064062838195627
2269,-0.6000565541216909,-0.6726467441801518
2270,-0.4688116453406254,-0.6301522327255543
2271,-0.31635342191127386,-0.44636372125145074
2272,-0.06725872693606215,-0.32142363665001933
2273,-0.24661059480858952,-0.30454923673355977
2274,-0.008566901119439148,-0.10885912339565662
2275,-0.4272238175862504,-0.6005258155957157
2276,-0.5132276103303767,-0.7668235360643451
2277,-0.0882619867726486,-0.08356198704944746
2278,-0.49650628980692607,-0.6225164142165113
2279,-0.5353866935800716,-0.7733110744413368
2280,-0.1600851431063481,-0.25308524379059066
2281,0.08008682567532016,0.03131692227487059
2282,-0.17219195681613014,-0.3211735884538578
2283,-0.16542192627569594,-0.3252213446773137
2284,-0.5290735635107299,-0.6205266307691195
2285,-0.6598470535888366,-0.8792885874500549
2286,-0.1525224771407964,-0.16151551045100604
2287,-0.19050978675202665,-0.29880926529277857
2288,-0.8444524129609741,-1.0807804753274877
2289,-0.003510379473062529,-0.0910788703252043
2290,-0.40999318270852725,-0.5635310332676523
2291,-0.20763553505616095,-0.2858049233687775
2292,-0.39697176199787115,-0.5847258590609232
2293,-0.6607215514550993,-0.8106788627193607
2294,-0.00295821246965469,-0.2472564329157254
2295,-0.47046674257754545,-0.54557673118488
2296,-0.9300301592896295,-1.0520057682305466
2297,-0.5868419516112948,-0.73739618502571
2298,-0.2621296193115679,-0.45991073820009576
2299,-0.34409729154747426,-0.4781705788446446
2300,-0.40494668415283414,-0.4244413322712122
2301,-0.3928674152685092,-0.5259036243072349
2302,-0.41844134575950975,-0.5522082913258658
2303,-0.11761932920766582,-0.298943082386221
2304,-0.21037931296870213,-0.42632378490946826
2305,-0.2737798244034749,-0.33379495648354324
2306,-0.3588633795381161,-0.4032341346132588
2307,-0.36811416545382486,-0.48982767492708756
2308,-0.04907452296796434,-0.21017014044292753
2309,-0.374465849956257,-0.5532488585539881
2310,-0.3853087173884114,-0.5627063308424929
2311,-0.4664195923849331,-0.7082711072352768
2312,-0.5148075273087148,-0.6784963351423599
2313,-0.1576324875092382,-0.23353414522819838
2314,0.06796545759984793,0.04736572863833488
2315,0.012542289431812282,-0.0663401243157864
2316,-0.8035365783493625,-1.008519862305187
2317,-0.08764440754407299,-0.22743778322848032
2318,-0.132566871571911,-0.43427208827069524
2319,-0.34145313013408174,-0.5290076828651815
2320,-0.5365611416243175,-0.7810629968561925
2321,-0.45259348630388707,-0.5946745036685585
2322,-0.3542257325554584,-0.47918456773890955
2323,-0.6037001647117461,-0.7327953834426773
2324,-0.5822957511028597,-0.6358591683161389
2325,-0.25575648198860285,-0.4137580240468804
2326,-0.39746319821503745,-0.3973870674526281
2327,-0.15944273104720041,-0.22101108275082187
2328,-0.5504922420415977,-0.6252234144030485
2329,-0.008045232724471591,-0.11854779680727635
2330,-0.03925038278481455,-0.1716353170629732
2331,-0.29009845017099817,-0.3695531449961083
2332,-0.08821236890362472,-0.1924524159929565
2333,-0.15262121384453356,-0.1953838688181073
2334,-0.25383853369777953,-0.4033414516781918
2335,-0.6631256530231322,-0.8191821306949514
2336,-0.11539335648430193,-0.19931667330503366
2337,-0.5706530263028242,-0.5822476956212633
2338,-0.01672455501226167,-0.18512928187491035
2339,-0.36961808127029516,-0.45244252141971913
2340,-0.32321023361788376,-0.5778521080756666
2341,-0.45313506748847565,-0.6187477606563404
2342,0.08011378218089472,-0.13509452852007503
2343,-0.3768239592207332,-0.5587423011365046
2344,-0.18493499078684847,-0.3435822646169502
2345,-0.2469271720776193,-0.40138701237011987
2346,-0.538521255160843,-0.6910831038341058
2347,-0.33826300095251965,-0.5564671646885025
2348,-0.2294314639797205,-0.3222396583903621
2349,-0.5105035412548392,-0.6090638663480621
2350,0.024638225789456358,0.008448319000970542
2351,-0.44057821019354765,-0.5507467646716769
2352,-0.24199265023878863,-0.3857882042064482
2353,-0.1997323674068417,-0.26763115346525634
2354,-0.5266462764729306,-0.7748192137748753
2355,-0.2534589162361934,-0.31319473260922925
2356,-0.15199470597050876,-0.22347415826419792
2357,-0.28115076709398235,-0.3609798620037273
2358,-0.22978443237490348,-0.3523895956503579
2359,-0.5858561711323421,-0.7581830804103263
2360,-0.2698199633560751,-0.41184518905464307
2361,-0.5469946679860842,-0.7657525877616176
2362,-0.6095903850278966,-0.7373673375781811
2363,-0.40880285288022966,-0.7485218172029008
2364,-0.37744287862430237,-0.5228927734114229
2365,-0.370646808740963,-0.4969209359279365
2366,0.26053157905590185,0.12969140104226468
2367,-0.0593927505925205,-0.19941653579811872
2368,-0.21874360585330394,-0.2915574456244486
2369,-0.5932028618961326,-0.8366799185342988
2370,-0.538293028238829,-0.6620850041031184
2371,-0.04115833230669939,-0.16747154349937804
2372,-0.16195121705194096,-0.32519137769662415
2373,-0.6358599409858248,-0.6870207151887511
2374,0.09436238404696605,0.027833155429647864
2375,-0.09715815701800001,-0.23908759479339733
2376,-0.619737599044818,-0.6520957322473228
2377,-0.09261595812708817,-0.19998391903717153
2378,-0.3467678822393438,-0.5051123129955362
2379,-0.5507674645386678,-0.6451334034509252
2380,-0.14158444797180963,-0.32517474782090755
2381,-0.3951531370776778,-0.5319365248895014
2382,-0.002380293609003557,-0.15558736101706816
2383,-0.36129024697906964,-0.42308302951931526
2384,-0.24900465970914376,-0.3865483278943641
2385,-0.04981846872807447,-0.20738424146113016
2386,-0.8531202403698778,-0.9257600764564967
2387,-0.2366987984298088,-0.36125082532737685
2388,-0.30892762214624375,-0.4546482162538766
2389,-0.6772019231452969,-0.8440569677720935
2390,-0.24327373958233123,-0.6001796049711714
2391,-0.14173980693541705,-0.2541726468938465
2392,-0.11367412175544106,-0.16591816854400568
2393,-0.6040408687166665,-0.6748001536450516
2394,-0.2521171838515792,-0.40395283151590267
2395,0.01374064180976963,-0.12425947720483486
2396,-0.3979925542736288,-0.4723259083043998
2397,-0.6753827598346474,-0.8350082963937069
2398,-0.3572286401639712,-0.40202555370538207
2399,-0.24296788764968325,-0.29931425163824893
2400,-0.06766931264814854,-0.146246924702404
2401,-0.3790557449678322,-0.6354471756162615
2402,-0.083499183835436,-0.18587702373342818
2403,-0.562971533832737,-0.667405978294578
2404,-0.4514958162043242,-0.5071678071101031
2405,-0.1542115016543756,-0.3372980789923268
2406,-0.11400184103219713,-0.16696059401583227
2407,-0.5441254135922439,-0.6572339930630187
2408,-0.16147905333640902,-0.23295958563194172
2409,-0.2514386782306479,-0.27520875185937976
2410,-0.5323412014173449,-0.7361352832354334
2411,-0.5010275075063686,-0.5869278854858062
2412,-0.8193951367654327,-0.8825842892045076
2413,-0.4752079605052837,-0.6005428650312636
2414,-0.6006964431309472,-0.7816818848564995
2415,-0.19539474220697806,-0.27900583284938274
2416,-0.5634449512946625,-0.6625327781049545
2417,-0.3954787843845464,-0.5749538966713824
2418,-0.08690748825324705,-0.21112286660007412
2419,-0.5564552939007017,-0.8080074346834083
2420,-0.5479822765348258,-0.7708433289063884
2421,-0.11653094507950598,-0.25503672364156244
2422,0.02114452871687112,-0.2916830098150301
2423,-0.5137688042187402,-0.6551317202949983
2424,-0.027835998721830384,-0.23117884092228494
2425,-0.5568153062573467,-0.6970145335500184
2426,-0.3034680331238374,-0.4051635550447945
2427,-0.4434359963763878,-0.6462851281845452
2428,-0.1502787533001297,-0.23387922340904244
2429,-0.30441233215925545,-0.39037609154047603
2430,-0.35327758881968235,-0.4999818987921271
2431,-0.42485932973735935,-0.5595301392665255
2432,-0.43865589664326693,-0.5676240990664146
2433,-0.18889762405645016,-0.3876834317620793
2434,-0.6075586941885772,-0.810456726603109
2435,-0.24018794609111338,-0.3229866335775142
2436,-0.14762815766702478,-0.2887026285744306
2437,-0.57308549770646,-0.7317989035778458
2438,-0.5422784725157873,-0.7006768975472462
2439,-0.33543115656506595,-0.46820783290437734
2440,-0.3130564148984443,-0.37272663424635727
2441,-0.03002341154295487,-0.08497217177366995
2442,-0.3800304008346746,-0.4230749442159353
2443,-0.2462477830477927,-0.3721349912506961
2444,-0.5363789886880426,-0.6685403847052646
2445,-0.30935330081677587,-0.3823125408786325
2446,-0.48110923642801134,-0.5012288649322498
2447,-0.31639029673320807,-0.3694911608082602
2448,-0.4030994931216951,-0.5277622342805495
2449,-0.2006569044782198,-0.24100415201875589
2450,-0.41327248508348363,-0.5382947390925268
2451,-0.3764112683612077,-0.4668712109916304
2452,-0.30380671248348656,-0.5449805650812901
2453,-0.16086298276901886,-0.3943737720694498
2454,-0.3886099909261084,-0.4738947060227268
2455,-0.33295589592529373,-0.40973175871344586
2456,-0.12383595767717497,-0.20630656120059043
2457,-0.36384186419487086,-0.53318413442391
2458,-0.3622786731389862,-0.42207666605752064
2459,-0.5974797705780174,-0.6733059998239987
2460,-0.1374095918056999,-0.27328239750334593
2461,-0.6498735584559338,-1.0339557141701425
2462,-0.33397526107487757,-0.4434107271666324
2463,-0.38466431835468456,-0.42118925337798585
2464,-0.2804122951820268,-0.5408144288861345
2465,-0.5128127675275148,-0.8951894187970593
2466,-0.46605218303010915,-0.6284182398767568
2467,-0.14050322163229806,-0.20817416548030984
2468,-0.31011955508791117,-0.3298281763035266
2469,-0.4323904329231021,-0.5567024242019281
2470,-0.22981362891299756,-0.44467699121763776
2471,0.06960985302777134,-0.06018824666253991
2472,0.10777178346319637,-0.13786132524348332
2473,-0.16265154921111002,-0.25753419236239417
2474,-0.3150679227189681,-0.5235095696721076
2475,-0.08458889345434494,-0.17411979015215698
2476,-0.28345596819677105,-0.3491327808429217
2477,-0.20975554201100838,-0.23252985796170125
2478,-0.31861519988518455,-0.44044032817342443
2479,-0.8519799059412745,-0.9545955351303218
2480,0.031918526913011606,-0.04622859184333591
2481,-0.4048950104616085,-0.5987748326498978
2482,-0.6931062347251289,-0.8473372750666819
2483,-0.40467238960586527,-0.5316889531268331
2484,-0.6454720113818155,-0.7651727160872329
2485,-0.10563297478143906,-0.19473318569852346
2486,-0.42210154703321107,-0.5138039780283319
2487,-0.13084601599712967,-0.16086177634021545
2488,-0.5502110250951181,-0.6341092998880954
2489,-0.30282790970674767,-0.4614479770554599
2490,-0.4785848571559434,-0.6380367061831239
2491,-0.44237684191754656,-0.47954275269171825
2492,-0.35333580096932193,-0.4101787974994915
2493,-0.3448387584759275,-0.5602001031631658
2494,-0.13193371189541955,-0.28065815287707263
2495,-0.5467761189527321,-0.5459360457426178
2496,-0.3736218522717197,-0.43353561959030484
2497,-0.1447951400310418,-0.2400130219070931
2498,0.05896196782628986,-0.01915328788587488
2499,-0.6658290510291268,-0.7421613496215764
2500,-0.39186767675191536,-0.6002063515299054
2501,-0.26017249307165924,-0.3117360262056462
2502,-0.40733037765198704,-0.6326564996213808
2503,-0.10698896187363285,-0.28750289937000434
2504,-0.7744858201085727,-0.7838581194431103
2505,-0.0881101356459944,-0.31185646803706885
2506,-0.23643916271043067,-0.38923060766914336
2507,-0.5122780530633146,-0.6875762716874289
2508,-0.5328307046691519,-0.7186208708469131
2509,-0.3571543945417597,-0.5312378332165582
2510,-0.15161478400614584,-0.2006724423282453
2511,-0.5451612236237013,-0.5852147761728083
2512,-0.6109150588764575,-0.7842276433328079
2513,-0.2426549196682033,-0.4944408947345653
2514,-0.37818079149279993,-0.5755385326519813
2515,-0.20769121268480406,-0.3410571563611903
2516,0.11277050279617391,-0.0029689662729745474
2517,-0.4273601512449823,-0.5487900390332683
2518,-0.17815106106914827,-0.3331865764390045
2519,-0.5580494730465935,-0.637161336499273
2520,-0.2775766236757255,-0.28682972893473957
2521,-0.45034018464985043,-0.7008339674827364
2522,-0.3081869808929749,-0.5056782848132867
2523,-0.3794422198597441,-0.47779322183949774
2524,-0.3123070447281032,-0.42620853064876285
2525,-0.6466328754983784,-0.8001919963454827
2526,-0.40159391867108674,-0.46749313799062814
2527,-0.4457040906413126,-0.6076751426880883
2528,-0.3943733953559857,-0.5121911745774067
2529,-0.1515624000863223,-0.32262170170885635
2530,-0.28420765021378097,-0.3227664239854985
2531,-0.046353168386792105,-0.34726744700656215
2532,-0.4719409537418938,-0.7553925547976432
2533,-0.3729293321834765,-0.5469941652802466
2534,-0.5909698796986419,-0.7785521671781809
2535,-0.42289183964313265,-0.7183996637928702
2536,-0.36912076546055694,-0.5529345102353759
2537,-0.21353891815245313,-0.42267569479552103
2538,-0.14276378422095123,-0.2646381861132489
2539,-0.37193355378715004,-0.5386798155321318
2540,-0.4171237248967324,-0.5880021157984278
2541,-0.24371698080467558,-0.3189900272706575
2542,-0.5779102568335042,-0.6706554468225944
2543,-0.18538475670342888,-0.34510355799868553
2544,0.04882199819096708,-0.10418317416943067
2545,-0.4581052775838016,-0.8676658925177004
2546,-0.43734069062604203,-0.4681328062819551
2547,-0.6400486203514534,-0.7617108506142477
2548,-0.12474808923924188,-0.14676101458229715
2549,-0.6385162688530207,-0.6919138089623637
2550,-0.3077956179285466,-0.6544356878485202
2551,-0.4971638256591251,-0.5478059298690899
2552,-0.3592582036880519,-0.5391745182544847
2553,-0.5535415121416803,-0.7754060281972008
2554,-0.21580100003985772,-0.34113271007455914
2555,-0.15971212259346593,-0.2504976658014318
2556,-0.3736074413299629,-0.4952573192972023
2557,-0.0883799430449175,-0.15196334637175765
2558,-0.7057733823672487,-0.9331766655512255
2559,-0.33619452713814146,-0.4730469166924031
2560,-0.13118652504652153,-0.2853374570669456
2561,-0.4497572947636973,-0.516035706493334
2562,-0.44819447579719013,-0.6515832458278561
2563,-0.35581834998068795,-0.47164222726816685
2564,0.009591933079791467,-0.15191058117344508
2565,-0.2659413711563805,-0.42285688267506377
2566,-0.22710575745840067,-0.4716604739338357
2567,-0.014005863306240545,-0.1404381820400426
2568,-0.4163364705471267,-0.6114554235097183
2569,-0.22190196958461042,-0.2563823801912988
2570,-0.6539670717352453,-0.7664361271043267
2571,-0.5139931253119108,-0.609016443036142
2572,-0.5747431242291251,-0.7435872088531542
2573,-0.008444924460180657,-0.08923221637732912
2574,-0.3352221831970721,-0.4400920134158073
2575,-0.3777454912864204,-0.49351946711026917
2576,-0.41212106509565966,-0.48661712456775197
2577,-0.4494404702414268,-0.6194113754915426
2578,-0.5558528769369733,-0.7248200331796605
2579,-0.32142031714438324,-0.3822465520162419
2580,-0.15965737904625107,-0.20601669441489848
2581,-0.2529123834670366,-0.3325467871507194
2582,-0.45019451723835147,-0.5398110255248587
2583,-0.18598223712898515,-0.25895563167144475
2584,-0.3024136770960114,-0.3839111129533802
2585,-0.27367884434286116,-0.35651073883567397
2586,-0.2950635569800639,-0.339265321468742
2587,0.16701161439456969,0.13544838505932888
2588,-0.4870097392693987,-0.5852611495737648
2589,-0.2102352536060083,-0.3151805877426789
2590,-0.3390748885005917,-0.3416080570558796
2591,-0.39328268035721853,-0.4806157629448029
2592,-0.7369274769575885,-0.8769172707954506
2593,-0.2379996867750742,-0.3477507725866781
2594,-0.11479765604442724,-0.4143301169214404
2595,-0.04543912707187045,-0.1028128661092816
2596,-0.6315996759450476,-0.7063732955315324
2597,-0.3262827484614764,-0.35416075876910175
2598,-0.13984768132080266,-0.20747973424985444
2599,-0.010214534490772849,-0.17681666709442687
2600,-0.6193823191441595,-0.7183328747912268
2601,-0.431485020883578,-0.6721287538024243
2602,-0.6099346480596541,-0.6397986592572021
2603,0.07998991350187283,-0.044939059257282664
2604,-0.39803103462196016,-0.5135043872640525
2605,-0.5702716345206709,-0.7193353000157847
2606,-0.6697719407289111,-0.9395435992576684
2607,-0.2533762249450669,-0.32097218098075586
2608,-0.2714036782086159,-0.49347428419065004
2609,-0.5062555281928605,-0.5961184592217001
2610,-0.309442693173295,-0.5188003923030005
2611,-0.2805245291412652,-0.454123484279321
2612,0.036996479766824554,-0.044515212823488956
2613,-0.357898039309789,-0.5462564587561602
2614,-0.2869807603272635,-0.4340529491234517
2615,-0.1430422857569561,-0.3406020209661109
2616,-0.21693348071152713,-0.271734026318866
2617,-0.25156969856969535,-0.4059399336601532
2618,-0.6182255299482029,-0.7207603589073094
2619,-0.31597110685972696,-0.4067503586545705
2620,-0.19823033481734845,-0.25825615117584005
2621,-0.1599281922418475,-0.26327165067934094
2622,-0.2916909424081879,-0.47546330613120547
2623,-0.6969485063297822,-0.71798008683087
2624,-0.38835319829900455,-0.4350682848787309
2625,-0.6343290080732783,-0.7574023151938349
2626,-0.1738386624196734,-0.22879769094894545
2627,-0.17341360587604526,-0.31502418287588174
2628,-0.4547510428506305,-0.6694648423738615
2629,-0.14445463427517025,-0.3212318555217366
2630,-0.2808756397503565,-0.3537828161262947
2631,-0.527541773325471,-0.5974204887976998
2632,-0.46776634851987087,-0.5805784524777041
2633,-0.07362191848187502,-0.12391714122848943
2634,-0.4428052353803034,-0.6192706353756958
2635,-0.40781773678767,-0.4566327628976648
2636,-0.2009945663769102,-0.32504439580200534
2637,-0.13347950159283006,-0.3036073772421411
2638,-0.6078725226448956,-0.6114455620707423
2639,-0.39949134064490366,-0.4536561591563447
2640,-0.4785125620587122,-0.602061236653891
2641,-0.14123089565991273,-0.3215684686509988
2642,-0.33430574866189877,-0.4181005663704296
2643,-0.5190055101726251,-0.6542348629948255
2644,-0.26978563290029617,-0.4260954996365844
2645,-0.3707973328826444,-0.5264577578130207
2646,-0.06004677301947153,-0.14098536794753658
2647,-0.32571945605076075,-0.5491216517602914
2648,-0.28094357736259656,-0.36211551510202233
2649,-0.20418434572386504,-0.2760543735588535
2650,-0.4625192407112118,-0.6502747221747892
2651,-0.22562702214672017,-0.31538512851119727
2652,-0.6166672641344265,-0.7121388132596368
2653,-0.4878854171596301,-0.6901865501460643
2654,-0.5690634283494942,-0.6909566555580635
2655,-0.07297304957359727,-0.2621183659402367
2656,-0.47033575172023306,-0.6163017106745847
2657,-0.21919486758922066,-0.28781171105812386
2658,-0.3927035197768151,-0.42264949144365255
2659,-0.4232082238177971,-0.5781676857982547
2660,-0.4630093008179678,-0.6187006633634647
2661,-0.3610883219181942,-0.42249223850581036
2662,-0.20118454331015073,-0.4606477307753827
2663,-0.3751833072345679,-0.4203463317075678
2664,-0.2926806356253262,-0.39598860343193854
2665,-0.4525325007676981,-0.5863653489239717
2666,-0.04533306997131979,-0.15032548697465759
2667,-0.2856142612093058,-0.4174862640278881
2668,-0.10387087980555876,-0.13676518959323217
2669,-0.2681282351048418,-0.3494860647588956
2670,-0.21627190438503371,-0.30844804874818094
2671,-0.2030097478038193,-0.28212099723576156
2672,-0.1032161731215463,-0.22629629459888345
2673,-0.23756802914420505,-0.3525123260303672
2674,-0.24289602833805582,-0.3527555123259785
2675,-0.2286998495494568,-0.34285786734108137
2676,-0.2396224939366154,-0.37716923244676787
2677,-0.4982886598152901,-0.6382392278337835
2678,-0.2646921814635234,-0.43418161209847767
2679,0.2858299756121582,0.19710142190604127
2680,-0.22512725732859162,-0.3465072950772438
2681,-0.10998681360189733,-0.2317541867966132
2682,-0.5344787177986351,-0.748506003617241
2683,-0.127153876522463,-0.20019940571044934
2684,-0.04385292363326553,-0.20673098112872568
2685,-0.4174189226293973,-0.4581691729846449
2686,-0.3707088551885046,-0.5023046431414603
2687,-0.17799765406238113,-0.25534684425480314
2688,-0.4763173039816672,-0.5345485202250655
2689,-0.17955945591720246,-0.4294857001316931
2690,-0.20211899206065426,-0.26693521305087065
2691,-0.43372797614829717,-0.5146532503674922
2692,-0.40697782214357975,-0.6664413734568011
2693,-0.4548905333060706,-0.7688748571103174
2694,-0.3594182366965378,-0.5589308436276937
2695,-0.3413438357747449,-0.39899692514345386
2696,-0.5473350356534838,-0.8431196279845772
2697,-0.15183174498822477,-0.24596856914418738
2698,-0.4213109996096082,-0.5046822705097843
2699,-0.14834770853721793,-0.18244595681692036
2700,-0.4995043714483313,-0.5572422752960908
2701,-0.432566784667741,-0.5491912120070688
2702,-0.44116779941339435,-0.5064827585556974
2703,-0.4476670075521012,-0.4633575800132462
2704,-0.7252553116518073,-0.903234333141231
2705,-0.3407379857142729,-0.4179846297023154
2706,-0.16631066850055362,-0.2059903058153423
2707,-0.4716892168178742,-0.6227810128233656
2708,-0.19176555270080928,-0.31867293671722846
2709,0.13556804839165912,-0.03287256305776095
2710,-0.36465794619876113,-0.5334622252524668
2711,-0.19322783018042772,-0.4440257484667519
2712,-0.32065634082250644,-0.3878266988047289
2713,-0.33975074558234825,-0.46726537408307567
2714,-0.045695485951174064,-0.19830217643277848
2715,-0.3793061939315487,-0.49657572005736594
2716,-0.37552332416328577,-0.5483208142411656
2717,-0.1411484438970909,-0.3077258536173733
2718,-0.3347248836054688,-0.5356465687881096
2719,-0.05687466152288983,-0.3139975139943197
2720,-0.3978351755013901,-0.44168953276251977
2721,-0.38115855410703786,-0.47266041316664836
2722,-0.33641250842057074,-0.48238579324469394
2723,-0.49987955254802824,-0.6277336495803385
2724,-0.4955920686397945,-0.5686481184170259
2725,-0.3662995555158614,-0.5328062396728189
2726,-0.43244340978315016,-0.47930790152642544
2727,-0.17077030277439786,-0.26690826723836125
2728,-0.586582816248211,-0.6075651316780337
2729,-0.23935939256874858,-0.3882283230200019
2730,-0.2032318770816861,-0.33021294343288693
2731,-0.19545814278455767,-0.29585591316679744
2732,-0.37860272881538454,-0.507206644460854
2733,-0.4783734734334117,-0.6182060713390432
2734,-0.18190318892473006,-0.2962270110351005
2735,-0.14546621286146272,-0.35158500537719756
2736,-0.40315344728208274,-0.6011254050476813
2737,-0.20918304825687883,-0.33839786270967553
2738,-0.43759318993948376,-0.5624915231313216
2739,-0.268979564007158,-0.3407955611215147
2740,-0.5470851576170449,-0.5990891020093143
2741,-0.436447346615286,-0.5658587998667048
2742,-0.07879163390423706,-0.18796942558697446
2743,-0.0758684362062659,-0.2119786285680041
2744,-0.06213522921085017,-0.17631038586952782
2745,-0.13152937021490904,-0.28315411728844997
2746,-0.24657209540923392,-0.3670344412422999
2747,-0.46364926024695324,-0.6421920882584161
2748,0.06224626365955876,-0.08877400908712833
2749,-0.17359710736008127,-0.2412091040790405
2750,-0.3526096229078111,-0.46497652470211237
2751,-0.14119919687026794,-0.26212022090858655
2752,-0.409828905809734,-0.4290507044610119
2753,-0.5589069687780827,-0.739835040837226
2754,-0.3613526909587301,-0.3735406025255075
2755,-0.38785483168146795,-0.713571840657246
2756,-0.32267185812911603,-0.4358551566515734
2757,-0.5104490516157689,-0.6321085268388197
2758,-0.28128019361681467,-0.40513655170337515
2759,-0.4227284694573213,-0.5703142416474342
2760,-0.25757296016385317,-0.3664515331267359
2761,-0.24543977704641648,-0.30717007944891533
2762,-0.20644187366598651,-0.29992660681495315
2763,0.06623152822798264,-0.0755985504874468
2764,-0.37470985256778827,-0.5916168251788557
2765,-0.27201152409053253,-0.38669180645117374
2766,-0.22909530715954593,-0.31836567487437106
2767,-0.20666061232693578,-0.32085774414378915
2768,-0.37491198427964434,-0.5211152175689514
2769,-0.5894124266913365,-0.84209941305189
2770,-0.23016618570278066,-0.42212670298099264
2771,-0.5451927605954651,-0.5836371262215462
2772,-0.36333414734166053,-0.6164440268238687
2773,-0.5076721620217473,-0.5327577191746717
2774,-0.39154039296355775,-0.5422928746775563
2775,-0.084915360152938,-0.30899005769865945
2776,-0.4817056932034971,-0.7151196372047867
2777,-0.4191951520461551,-0.5000544261666311
2778,-0.7937271424457948,-1.0415126046713725
2779,-0.6412384469487417,-0.8709837539220481
2780,-0.29547751987432436,-0.4364967892857021
2781,-0.4863620547017329,-0.5493127906045515
2782,-0.2835671518485601,-0.42300800998159954
2783,-0.04820537199504202,-0.06323922197986
2784,-0.3068528075117358,-0.39824590429126483
2785,-0.29486243215442093,-0.3530453055000459
2786,-0.4949177264692128,-0.5822453378182838
2787,-0.4791777201762557,-0.5169373896919217
2788,-0.06507389146186407,-0.1398457012699694
2789,-0.3949175033439022,-0.5783072279448385
2790,-0.2685192611852506,-0.3360598848377688
2791,-0.37721941278861904,-0.4643033725368424
2792,-0.4627518930284799,-0.5913665865759156
2793,-0.7113106517242878,-0.8572880081284305
2794,-0.5000439593792922,-0.5685013766689182
2795,-0.10296319988072491,-0.3266316198353412
2796,-0.32976786511978046,-0.39660452745444075
2797,-0.1696301685365039,-0.21421908496789024
2798,-0.16514628880705687,-0.2245752321731636
2799,-0.20713185638453216,-0.29570037167172886
2800,-0.7504739341198268,-0.8689717216178832
2801,-0.24787753604199586,-0.4375389845748182
2802,-0.43713388698632594,-0.4511343488055579
2803,-0.53356035413978,-0.5585804115310476
2804,-0.3711280963627399,-0.3958548927321912
2805,-0.4186880073887409,-0.5052269377832335
2806,-0.29202199798739453,-0.5072957443861887
2807,-0.3259487374635489,-0.38795224280197066
2808,-0.24396315797696322,-0.3625035062655268
2809,0.04926564861047671,0.012476648510680343
2810,-0.7265406163580347,-0.8243502022999992
2811,-0.36644980716335823,-0.438213454354408
2812,-0.1381998190061612,-0.20303339703041495
2813,-0.289526266448754,-0.4808541900269
2814,-0.4930181874690893,-0.6877052694676081
2815,-0.512674160030286,-0.6240789166239576
2816,-0.22623875313037714,-0.44539840968647815
2817,-0.43092161408297697,-0.4714803440490736
2818,-0.500833559265264,-0.6844716012637713
2819,-0.21109793376349573,-0.2835085870053483
2820,-0.0628877413352728,-0.15469298706772291
2821,-0.3553001317633972,-0.5749525121475771
2822,-0.20017578722352183,-0.40425718315584414
2823,-0.48192004744120037,-0.5096478838394939
2824,-0.2569511090033859,-0.40706937379297325
2825,0.3249691203785301,0.28573607869185064
2826,-0.26482567310812544,-0.42626653204682935
2827,-0.4768981989394058,-0.6412995370240335
2828,-0.24360410046823583,-0.3580548981068178
2829,0.04406737538812357,-0.018321220432484853
2830,-0.2202574687036815,-0.36218871509849654
2831,-0.4040600477904473,-0.5396778195734075
2832,-0.40243249570741796,-0.48020289751217726
2833,-0.37832871554348335,-0.6552762290281909
2834,0.0525289476566978,-0.17134703425792308
2835,-0.2834600248543099,-0.3729819157391899
2836,0.19225226618495683,0.0803878512507114
2837,-0.47312421051613135,-0.5946940396899297
2838,-0.40021497033727405,-0.4496260283845413
2839,-0.3513553256400139,-0.57126848472787
2840,-0.4277687477414223,-0.7526471658092729
2841,-0.5260853860057934,-0.6918288964219741
2842,-0.6280357869356561,-0.7351168722484546
2843,-0.31230236812753703,-0.42683478939325953
2844,-0.5157427741606228,-0.6179126027551795
2845,-0.1913699645913525,-0.2447829857543243
2846,-0.17689254933050894,-0.28362514663199145
2847,-0.41155268826498304,-0.45341093554394174
2848,-0.395674360100736,-0.5817548718607292
2849,-0.1999766330776463,-0.3490888894088698
2850,-0.6373469066666249,-0.6992143248382034
2851,-0.48666120362408105,-0.7217317936863975
2852,-0.3032998310585483,-0.4012839950123186
2853,-0.5175167527799405,-0.7857116965011387
2854,-0.30947987355906864,-0.3998673638284601
2855,0.022978061417227604,-0.09343714120418678
2856,-0.45789688816620666,-0.5019337950965242
2857,-0.30313889314830017,-0.39026957717961785
2858,-0.31364137488485794,-0.47749825506455146
2859,-0.4283421448309464,-0.614044629660506
2860,-0.3234702272936332,-0.35172702348749785
2861,-0.3166094438773277,-0.4432368489939025
2862,-0.1351941358734349,-0.1946924284734953
2863,-0.24255282852689794,-0.24534502518317416
2864,-0.34217805079333924,-0.3895707112833918
2865,-0.38370430440858777,-0.516550145522559
2866,-0.07062268501074749,-0.22514281196544486
2867,-0.10029261637216125,-0.23926730988399136
2868,-0.6072173539475758,-0.8263149852889345
2869,-0.3851849168925769,-0.5008149130667412
2870,-0.23767478721196633,-0.4051707342197657
2871,-0.4507867998991944,-0.7468031876507674
2872,-0.40671228924170233,-0.4796474720558667
2873,-0.5354027235176825,-0.6995159364667548
2874,-0.4158576748985298,-0.4500014804976258
2875,-0.16045863633386906,-0.18968424445448082
2876,-0.49108414912472376,-0.5752368466993083
2877,-0.24745438880069323,-0.41168012569733614
2878,-0.35604978360916384,-0.4384654086509437
2879,-0.4977759019357623,-0.535031272418921
2880,-0.12146606900614221,-0.2394344981317375
2881,-0.1020083744928763,-0.20670293374928336
2882,-0.3410772569138238,-0.45352739001823644
2883,-0.6277331849015323,-0.6885451459091854
2884,-0.3097922661425637,-0.3769054075957178
2885,-0.3359288721864402,-0.41304795287569507
2886,-0.19314457726344406,-0.46363867397162745
2887,-0.26586788029864383,-0.33151719728009427
2888,-0.25515134830391967,-0.31547893148670847
2889,-0.3714745238062433,-0.48754677176584443
2890,-0.10094442194157913,-0.21499310146637993
2891,-0.11902037334065096,-0.2391332193985769
2892,-0.2277664948644977,-0.3144962470933627
2893,-0.14349211115570995,-0.23507801982489793
2894,-0.7126987245105313,-0.9161717606842286
2895,0.00882697086654457,-0.08066087734116233
2896,-0.7056951422397392,-0.9024312532098534
2897,0.0736580178171166,-0.03656287000247813
2898,-0.49078849602774016,-0.5215094890708133
2899,-0.19536379221424519,-0.35396405024382627
2900,-0.3126429738524499,-0.3427607817197888
2901,-0.43756958268360496,-0.5043567462363036
2902,-0.47884848935080565,-0.6157212499226051
2903,0.07224990888565938,-0.022057517625302236
2904,-0.4408165615239953,-0.6622727095843872
2905,-0.25459200793033226,-0.30263424043694853
2906,-0.2900365199188801,-0.4845814958838033
2907,-0.3693764718775692,-0.5124803813447877
2908,-0.4973891942112318,-0.5442477161782773
2909,-0.375508842513115,-0.547054956169593
2910,-0.2447877459518854,-0.31033090981101996
2911,-0.31047851428481943,-0.45332258526965385
2912,-0.21229675741372023,-0.2659994062007578
2913,-0.17620967206167118,-0.3014773258595979
2914,-0.11931019523700769,-0.20577526450626488
2915,-0.06808696550113433,-0.14061100120389078
2916,-0.22615213214698018,-0.4176460197464323
2917,-0.41824088572013934,-0.5747538883309582
2918,-0.3886899697625904,-0.43038621178819586
2919,-0.22820948530977264,-0.3108821014185518
2920,-0.3309296419866778,-0.32807445538554353
2921,-0.06716464626040913,-0.2559252561362447
2922,-0.2000635085265462,-0.36311375501691207
2923,-0.6461118907897907,-0.7051876577412536
2924,-0.22592739963436023,-0.34718533943064395
2925,-0.4247298700411578,-0.505250237774319
2926,-0.07808236700498394,-0.09334344768742381
2927,-0.3040684430028197,-0.4305518516106799
2928,-0.5562822980848374,-0.672325443714659
2929,-0.3787133868929927,-0.42588752651640943
2930,0.041280544817909604,-0.029040055503300764
2931,-0.20365798013991804,-0.3659557877304555
2932,-0.24015838847477228,-0.3978143045808939
2933,-0.5525027788834614,-0.7768647556468362
2934,0.17212586106465913,0.06791970329952196
2935,-0.3191439762693867,-0.43944928319209337
2936,-0.21884215196477277,-0.35899932943390717
2937,-0.20933994193140743,-0.37974899370195303
2938,-0.2861703323521718,-0.5175927621338752
2939,-0.6010476287326295,-0.8069755282202105
2940,-0.6487441989821173,-0.8122570736137824
2941,-0.04373548694092203,-0.12047253235056718
2942,-0.42733262433820635,-0.6344509254696663
2943,-0.1208568608616996,-0.17953179797457516
2944,-0.39927559057846834,-0.4753654131481482
2945,-0.3224622385572775,-0.5369166074029103
2946,-0.21775749997510715,-0.33247738377255837
2947,-0.15434354215687834,-0.20643893075880435
2948,-0.3607943621642751,-0.5167293540710454
2949,-0.20531010056390792,-0.31381038400919026
2950,-0.33650815281197566,-0.46630806662654556
2951,-0.20812685361159775,-0.40511879609845625
2952,-0.641483610175858,-0.6864871695389567
2953,-0.4244002739017616,-0.45023113914210044
2954,-0.5348814611205931,-0.8191011103700656
2955,-0.191034967530525,-0.33753167922933097
2956,0.058420999463124505,-0.046814957605212135
2957,-0.2349686490595905,-0.29695446392094865
2958,-0.27491629150150315,-0.46149745763853317
2959,-0.3906960797659491,-0.45777528012801566
2960,0.03234869678183322,-0.008618973565254123
2961,-0.06879163896089016,-0.1398786920928246
2962,-0.6048354571179202,-0.8293949224477156
2963,-0.4390734251323038,-0.6251425402520846
2964,0.1656167507318478,0.09175984946145732
2965,-0.35326529820971536,-0.4231274837828701
2966,-0.42678173273655956,-0.7074469983522877
2967,-0.5562027865657966,-0.6225422934895906
2968,-0.20403533149108186,-0.4307577433084589
2969,-0.5030255001931095,-0.645125986667274
2970,-0.3734031750202511,-0.6333961831141606
2971,0.14881751074715174,0.09293280170952782
2972,-0.30446654860882116,-0.47634955438142645
2973,-0.4169341684491204,-0.5717480079421529
2974,-0.1426810557199293,-0.2068683947855455
2975,-0.40066292681534177,-0.6441704499691714
2976,-0.30507106417069785,-0.35763123433538785
2977,-0.14709928225842261,-0.39186684786774034
2978,-0.16134263693008433,-0.291335063059498
2979,-0.25952795331281586,-0.4658817937360329
2980,-0.2897106902406256,-0.34512054035620165
2981,-0.10555864709814965,-0.23461998796294023
2982,-0.5459329254023255,-0.7265633719444677
2983,0.1030440248756007,0.014020332118391935
2984,-0.24312006127676844,-0.3390527009921831
2985,-0.4212129367591461,-0.55619233478896
2986,-0.4869379057098624,-0.5550583075876171
2987,-0.4342546067785979,-0.5511163835118528
2988,-0.4798117029841918,-0.5400253476119554
2989,-0.20164856941056936,-0.41434925826962254
2990,-0.15388040485824497,-0.2949098120047122
2991,-0.3217402123934953,-0.535517909485587
2992,-0.35689768606831757,-0.5138624287691335
2993,-0.2788659161994301,-0.5184573495141964
2994,-0.5112434490780056,-0.7828163070937362
2995,-0.34197665471623806,-0.4813193758828382
2996,-0.16299222858097764,-0.3583056668603907
2997,-0.10690006357802904,-0.17984338232583602
2998,-0.4901845696724356,-0.6972261309307974
2999,-0.3175614054283732,-0.33238456675318123
3000,-0.14200508995514557,-0.27910196157908335
3001,-0.192563188646938,-0.2306024081082243
3002,-0.34981428987462826,-0.5421291211067313
3003,-0.3897038458693254,-0.38266700389075753
3004,-0.3362078786665988,-0.3907141710564584
3005,-0.46409088643243757,-0.5403254274558882
3006,-0.2649612102709467,-0.33683429255159975
3007,-0.415507821767833,-0.4874363730305208
3008,-0.5019994386731601,-0.6996268499578766
3009,-0.34766145812379917,-0.49507653901125276
3010,-0.552298134057996,-0.6240235715610982
3011,-0.3784694511227694,-0.641233955284469
3012,-0.13092541970724286,-0.24876531674476626
3013,-0.17742800990443341,-0.184375027625643
3014,-0.3182789897278039,-0.3210591806385088
3015,-0.5873398235807062,-0.8258230595769795
3016,-0.4551474679403657,-0.6624437025655134
3017,0.04427592455960211,-0.07431477783517114
3018,-0.31806451441936273,-0.5308512256310215
3019,-0.05095226541490231,-0.06936092841417697
3020,0.14074775346874618,0.0333508636500726
3021,-0.3532230580436315,-0.5008638057015654
3022,-0.476039377834176,-0.5556718714513731
3023,-0.19696345540511923,-0.28393032585897154
3024,-0.8382108760619846,-0.9289524536643553
3025,-0.37327422187410997,-0.5393996401021234
3026,-0.453677959301333,-0.6370109321585479
3027,-0.540416423798841,-0.6944053203598837
3028,-0.2936250943879294,-0.42060591109322715
3029,-0.28921252405770004,-0.3908491975862598
3030,-0.35092763362426155,-0.5344305955738817
3031,-0.5147385282777048,-0.5166698262571388
3032,-0.4639824980182159,-0.5760450064651809
3033,-0.404711319356897,-0.46075313398740797
3034,-0.4087637741434468,-0.6570978680041173
3035,-0.19298024123997293,-0.2913041712695885
3036,-0.48038557560346234,-0.7107593742845272
3037,-0.39768563207933144,-0.48336896766410614
3038,-0.12262282792879875,-0.14262639065084795
3039,-0.4522241820901903,-0.5041614529962978
3040,-0.39735903618988055,-0.4477292505536303
3041,-0.31699411644936976,-0.4958828486102668
3042,-0.1162531244671569,-0.20465463598654315
3043,-0.9230927483083756,-0.9729333582021493
3044,-0.48970944432960045,-0.5682326053613925
3045,-0.7043949606945462,-0.792805161434147
3046,-0.2468772871950956,-0.38736913322044925
3047,-0.5249982392605076,-0.6920559723450762
3048,-0.48945530891751615,-0.6578332856388649
3049,-0.43635333108816227,-0.4764777907575286
3050,-0.390178886951388,-0.46499970841915755
3051,-0.3444413595157293,-0.47825717694803166
3052,-0.4540076648723156,-0.562044041461712
3053,-0.4357953641789587,-0.7782559108709538
3054,-0.14972605287352125,-0.3286515836308956
3055,-0.3092276842916257,-0.32983169753706737
3056,-0.43283666780916286,-0.5521387064951063
3057,-0.0473344398147918,-0.1356431836195773
3058,-0.1538243432393218,-0.23662034669948645
3059,-0.42761346204097367,-0.6166844174404974
3060,-0.25251923763438616,-0.5166890804953401
3061,0.015544014021349592,-0.04969672412069437
3062,-0.5194618336287994,-0.6795858633617153
3063,-0.40964018903027155,-0.4912544407570077
3064,-0.44561326263920087,-0.5594045792783103
3065,-0.50788280209314,-0.6631510857454721
3066,-0.4500201385935471,-0.5584315065816914
3067,-0.4099234045484722,-0.5100397256681964
3068,-0.5704214704370539,-0.7017181545060313
3069,-0.13621894147760344,-0.22273747570484298
3070,-0.2631032069122263,-0.33743245513964015
3071,0.20748260876620503,0.14489064310113772
3072,-0.27495366398683785,-0.28916514032037344
3073,-0.15338350805806844,-0.2460364882362492
3074,-0.3127271528633492,-0.4848923578574141
3075,-0.3473815695635461,-0.4113525758533222
3076,-0.24289149074407787,-0.34302688517179797
3077,-0.4846340623846171,-0.6290165185580932
3078,-0.16204357743564274,-0.2871961293872121
3079,-0.5378238938326322,-0.6166287462574983
3080,-0.3056454299952108,-0.46848122825913835
3081,-0.32122870966207207,-0.44277396654906437
3082,-0.13132280084830886,-0.2647645805957303
3083,-0.42475005559859724,-0.4317895218178978
3084,-0.419915960790627,-0.49564610323245184
3085,-0.14127979088395515,-0.2124957413343549
3086,-0.18001828129976988,-0.3785599841976177
3087,-0.14353488302004846,-0.2047824142996335
3088,-0.16855804182069242,-0.31321814363526784
3089,-0.3398076296199304,-0.48530521499121876
3090,-0.17646120967252607,-0.3486163577094894
3091,-0.06274447437561095,-0.20550977331289053
3092,-0.0890847839802289,-0.34843905567812544
3093,0.038957180546367945,-0.0678668736878438
3094,-0.35940886355058715,-0.5913187762458272
3095,-0.27189235614620394,-0.5037278213080781
3096,-0.12931679652547695,-0.3055698331360761
3097,-0.34216056991937044,-0.46228514704647017
3098,-0.8950818974348643,-1.0453593606857936
3099,-0.07889204372581064,-0.20727253903314444
3100,-0.24196235396972401,-0.4538479802077884
3101,-0.709028277510211,-0.9099611991470649
3102,-0.04367464969922389,-0.17474452520022182
3103,-0.46011635190120287,-0.5966497179863642
3104,-0.2547189943608313,-0.3125941721763933
3105,-0.3424970479430115,-0.4747454476985486
3106,-0.1954826940277902,-0.21856102761242857
3107,-0.28727384135749007,-0.4372005510131101
3108,-0.3755472153820987,-0.5259865087223161
3109,-0.24423552559483042,-0.45018866713336864
3110,-0.46143029299801586,-0.5648842025136666
3111,-0.5655086063168651,-0.6661118865158757
3112,0.0026658703118290408,-0.047292152058924286
3113,-0.43474045010865797,-0.5923546102653978
3114,-0.5844919987228363,-0.6965180214934629
3115,-0.1674855868224669,-0.29847731662422783
3116,-0.3122865114739433,-0.48617015531522784
3117,-0.2981733603403116,-0.3346801464691568
3118,-0.5546830826256053,-0.6274478451022254
3119,-0.5891495135593265,-0.749598601592652
3120,-0.37023278529579673,-0.5035876455568928
3121,-0.24708731851103857,-0.43830323469808746
3122,-0.25646865473162705,-0.2987881784460919
3123,-0.12926309817751788,-0.2541671467428179
3124,-0.4777372959285939,-0.5344845025559639
3125,0.2480660312743737,0.16204613502957646
3126,-0.8077570061672533,-0.9786642498190313
3127,-0.21930457989375324,-0.4506834732667216
3128,-0.1238374718494849,-0.3220580254207909
3129,-0.3035419056651013,-0.5189642464931725
3130,-0.23061303395579277,-0.36217121735689833
3131,-0.25610256276561427,-0.43329847716707665
3132,-0.5995054458648647,-0.8827610706936133
3133,-0.10358377195554629,-0.1734034223542442
3134,-0.5116408228159132,-0.6782731547267589
3135,-0.4024922418583967,-0.4825131684168349
3136,-0.25443646685313026,-0.3525099023095524
3137,-0.7085666830013059,-0.8338088968731182
3138,-0.32054032394607596,-0.44244828293969735
3139,-0.3395925869416535,-0.4828374100995956
3140,-0.04437156630109776,-0.07508428122202784
3141,-0.4792011042823368,-0.7372661299818375
3142,-0.5445311286956896,-0.6610669202240745
3143,-0.19149994077538657,-0.4165135143935
3144,-0.32515675300352415,-0.42250809811880063
3145,-0.3035234125061518,-0.4794364237098512
3146,-0.35963763583666986,-0.41033179480392
3147,-0.05133913670409642,-0.1783390683096099
3148,-0.0040883474872478315,-0.1643031278600069
3149,-0.21986867154964726,-0.3009298093330339
3150,-0.057044513052982,-0.26221112223756243
3151,-0.6264903313425706,-0.7370204514916013
3152,-0.5776016977532727,-0.7156100896118393
3153,-0.2575876003503521,-0.499867196610359
3154,-0.14126397785379488,-0.24415163207596427
3155,-0.33558467362535527,-0.4577768571924835
3156,-0.21368524328546967,-0.3380021971644033
3157,-0.32840701813581014,-0.43326566853081727
3158,-0.3748205889943516,-0.5174882066985791
3159,-0.5823815802879709,-0.7150024106383269
3160,-0.4948973444856006,-0.7583945423020207
3161,-0.06626650029817682,-0.216817436119212
3162,-0.7935375810699318,-0.9147251282207178
3163,0.212531049753661,0.16600065303929942
3164,-0.26084775119423326,-0.345227537071595
3165,-0.525184495079752,-0.5924484501305679
3166,-0.21282359264988368,-0.26507552926747885
3167,-0.041110415057672677,-0.17853671851330521
3168,-0.04578482677108401,-0.10868288368605744
3169,-0.257524436841229,-0.36560083552912415
3170,-0.7152665829420528,-1.1706227156990199
3171,0.009457798663901416,-0.15637385848273516
3172,-0.12906773833978458,-0.17672539326970266
3173,-0.611932603559104,-0.8083800505166209
3174,-0.10268380173658821,-0.14499200150690653
3175,-0.2040132979874678,-0.42048561616176144
3176,-0.23484799558819497,-0.36663213096947594
3177,-0.36887130260826584,-0.4419415730043077
3178,-0.6500547130911263,-0.699705809010249
3179,-0.33442613417785033,-0.45848926972915793
3180,-0.4800770614088549,-0.6520493942753853
3181,-0.22329742604115993,-0.32094990497832143
3182,-0.43587496548515636,-0.6069993789213396
3183,0.14084789667589526,0.03165298476385708
3184,-0.1408553893637957,-0.3778512270766023
3185,-0.3134566023394615,-0.5076940292294845
3186,-0.4561266972278927,-0.9167940482433529
3187,-0.3267234024379658,-0.37409723171091364
3188,-0.2400527561340853,-0.28457805582201207
3189,-0.571538225868676,-0.8466853237398988
3190,-0.24961919829327509,-0.34845997140462487
3191,-0.34582363534563076,-0.5004965800863496
3192,0.2693007210506931,0.18672286368124327
3193,-0.21446092898101796,-0.3515951665834042
3194,-0.5047424499831985,-0.5890611415195928
3195,-0.3122115577093422,-0.4357377843616779
3196,-0.08358870464019087,-0.23599037428818384
3197,-0.39097705603630717,-0.5038850806290531
3198,-0.7035136446825706,-0.9388103846800118
3199,-0.009876874960618006,-0.15026422891337216
3200,-0.02322945524511101,-0.0607687067036533
3201,-0.11260311969921558,-0.2652034589765435
3202,-0.43629748293065185,-0.5383954628943377
3203,-0.4414179763604754,-0.5433732280383008
3204,-0.38185219340964954,-0.4606777090296151
3205,-0.1357548779571662,-0.15991174109539988
3206,-0.13313670488027593,-0.26720081475790197
3207,-0.0034090872900486603,-0.020218078579322635
3208,-0.4199618595138699,-0.590332610293673
3209,-0.23662649982335196,-0.29062848191394236
3210,-0.2393861166321444,-0.3166961495492286
3211,-0.5190827433425245,-0.6911225406243126
3212,-0.5333007996493508,-0.6161099920912863
3213,-0.09190537067711128,-0.21145214737358978
3214,-0.3764431020621184,-0.49997003439075366
3215,-0.49765079329066264,-0.5893740223557429
3216,-0.4125834460887742,-0.4739562892164989
3217,-0.39274682504416664,-0.5113571938333484
3218,-0.19110190613426473,-0.32722743673246846
3219,-0.06356381301316798,-0.15768095072443233
3220,-0.34267855315717133,-0.5263550013641978
3221,-0.2768043495967931,-0.4046552873355004
3222,-0.328622031557868,-0.4435596262321415
3223,-0.656876836265966,-0.8101039902157339
3224,-0.1953938985489639,-0.26847162148449355
3225,-0.27507829982135606,-0.3981574022234653
3226,-0.6763812260090561,-0.8556817080495481
3227,-0.03979436515715364,-0.15734878151283815
3228,-0.5452443733590194,-0.6380762922402303
3229,-0.13118911409293882,-0.3286846468600329
3230,-0.45065469153480253,-0.6706826311400528
3231,-0.07906707855777505,-0.13023449788079217
3232,-0.09513981953266058,-0.17551955702481775
3233,0.1476294890394998,0.1589117829623533
3234,-0.2698861608501803,-0.33641290032192395
3235,-0.5444342558771591,-0.8241911939935138
3236,-0.1365283101940466,-0.2805093590119043
3237,-0.22905754678830656,-0.33832525127700297
3238,-0.6142651326982699,-0.6871004446121742
3239,-0.4118211828294301,-0.5792877368194133
3240,-0.028024773312162535,-0.04473149061484459
3241,-0.3807957517422458,-0.6221383489733295
3242,-0.17488221764598758,-0.252724580950739
3243,-0.23992966763586732,-0.3792569377823005
3244,-0.3070535035095448,-0.4470267784614733
3245,0.24046583363020496,0.11902553554569319
3246,-0.15986624669054453,-0.3235941954013177
3247,-0.4806769487485994,-0.6938265018965615
3248,0.0034871945871049193,-0.06470840893551782
3249,-0.1200943424895869,-0.22364463510270766
3250,-0.3375055615369253,-0.511164475470207
3251,-0.16817077342476253,-0.2583368500874111
3252,-0.4293544009567779,-0.6161996793464996
3253,-0.13321867762532408,-0.26203226740638463
3254,-0.20623500535015965,-0.4270718703200447
3255,-0.5041173317377261,-0.7906646069061842
3256,-0.4852775222873267,-0.808860836446354
3257,-0.009620916826627144,-0.055532287927703594
3258,-0.31678603760243573,-0.36608873422317323
3259,-0.2872991869470486,-0.3578378631044399
3260,-0.052127707142735465,-0.15591104690359064
3261,-0.15802734438354302,-0.21864738790141947
3262,-0.4793906517009967,-0.6322652842680554
3263,-0.46425060205374724,-0.5854020271090313
3264,-0.35985284740917634,-0.5284474831271184
3265,-0.20851883689057055,-0.32669296507440937
3266,-0.41246731994870983,-0.47007069195751083
3267,-0.03647401463901161,-0.1441904635349363
3268,-0.2938910047640564,-0.36974606971218527
3269,-0.24074800792559115,-0.3107096475484389
3270,-0.1510563683183294,-0.38004285260135523
3271,-0.3745490702660236,-0.3972039715711752
3272,-0.53630320358537,-0.6403721618233613
3273,-0.3259033295409812,-0.4713523963619221
3274,-0.2832434966663255,-0.3332894698521293
3275,-0.4618152852008809,-0.5821769853214778
3276,-0.3799048895742877,-0.5280498399169553
3277,-0.03261400858595945,-0.14449269823859529
3278,-0.10191814045070013,-0.22442326107802044
3279,-0.4625090148261175,-0.6055627004669106
3280,-0.022189839158439927,-0.11312115845518698
3281,-0.4713149910418917,-0.5191576552691177
3282,-0.26056326569108207,-0.3587580265344514
3283,-0.47756429530312505,-0.586504809221957
3284,-0.5390827390552602,-0.7979852264162276
3285,-0.6703859001325796,-0.7628380618158638
3286,-0.04935344544739212,-0.11736336367806818
3287,-0.42725305064739894,-0.5521012974923534
3288,-0.34937852780281725,-0.579470324572031
3289,-0.3091437902888581,-0.38834899364152614
3290,0.1731550844124243,0.060651249976508656
3291,-0.3021790627976416,-0.5172646593463631
3292,-0.4156414285686988,-0.5102708194908763
3293,-0.17285816404690785,-0.3783045207904538
3294,-0.12132470358852195,-0.27140595780715554
3295,-0.0762645832845926,-0.4308894069725819
3296,-0.052987555898169995,-0.1667306619927804
3297,0.017607482592093073,-0.04145679965643399
3298,-0.4048452012958423,-0.5042798879368703
3299,0.1326726670419074,-0.012678686681358632
3300,-1.0768623817806642,-1.16646124056712
3301,-0.7357880577408833,-0.9026154674478812
3302,-0.5018834844965561,-0.5107229495655725
3303,-0.5608324237944216,-0.7551487060376044
3304,0.05887646145854445,-0.003895307814034925
3305,-0.07717165589995048,-0.2398615335700102
3306,-0.4506743909520476,-0.5499745126403263
3307,-0.3121952401751917,-0.4819937048450547
3308,-0.5575502682404028,-0.7070183297557385
3309,-0.39907603192050495,-0.5477417687385958
3310,-0.3612752332147515,-0.39979912743693957
3311,-0.5631527984679502,-0.6097135940176424
3312,-0.452501642290269,-0.6186337978518645
3313,-0.4002955081909966,-0.4978437327201968
3314,-0.3085882350494866,-0.4034669401632461
3315,-0.6401534816424614,-0.7499771676437746
3316,-0.30456858828775896,-0.743334380812172
3317,-0.0988678049877748,-0.26008103666874066
3318,-0.1677490853534107,-0.2778005636260897
3319,-0.2377203333227965,-0.49318834391717137
3320,-0.5376962985426325,-0.6116945451068847
3321,-0.4387604760838722,-0.4768763885102783
3322,-0.21425251626065375,-0.5168844359132887
3323,-0.31870528540767185,-0.3407810932268053
3324,-0.14364764547152276,-0.2357497553727943
3325,-0.6100796228550512,-0.7497191319836578
3326,-0.3062975381981192,-0.4364657282638573
3327,-0.24316862704649903,-0.34138586862829756
3328,-0.5158700077798034,-0.5861145516117519
3329,-0.19879508999088893,-0.3717959504529731
3330,-0.28522856215482467,-0.3901722721396652
3331,-0.10571860092278337,-0.2631245707772539
3332,-0.2920231732699009,-0.37698586700890196
3333,-0.3039952647644323,-0.3927333191249323
3334,-0.3468011309571757,-0.4452284772826126
3335,-0.5519739323743473,-0.6438374119291825
3336,0.09437553052671915,-0.06675059730706652
3337,0.10963155111002398,-0.021316991055391334
3338,-0.15515317562061132,-0.34539220983931745
3339,-0.05150810909808936,-0.2181005395238026
3340,-0.5284940053542236,-0.8107213387981419
3341,-0.12286380937553779,-0.16096425089914151
3342,-0.3720119350692224,-0.5946602490422488
3343,-0.2076222407336286,-0.4062615884237832
3344,-0.2664781570002009,-0.39334490203586375
3345,-0.3628742695706066,-0.5549381286450592
3346,-0.26080803491651844,-0.3730701717532746
3347,-0.3111269402490335,-0.33911034606446666
3348,-0.6150129957393241,-0.8736501950533152
3349,-0.3993467157680009,-0.5582006605369814
3350,0.07941144464916185,-0.03931416064820097
3351,-0.46900764455688754,-0.6096140134573059
3352,-0.4755008104313766,-0.6216271702105118
3353,-0.4009362323878662,-0.5493465058572433
3354,-0.4042425926763402,-0.566510457836136
3355,-0.44906354516270786,-0.5637209462403744
3356,-0.17753666505513274,-0.32481372549955156
3357,-0.13711710123206103,-0.3085985334443082
3358,-0.4123969039861404,-0.5217473739992452
3359,0.049931297970857214,-0.07958714309998118
3360,-0.18357942131182484,-0.23783972339653978
3361,0.09851312059667137,0.025148670329173513
3362,-0.18281051966792874,-0.28904026044550213
3363,-0.1451161116662732,-0.22088577849835556
3364,-0.01991055257632323,-0.10030801296781003
3365,0.004986229631228689,-0.11532005881554368
3366,-0.21603735069476657,-0.2826228184193394
3367,-0.42197364592502523,-0.6463850298572994
3368,0.020013960831538655,-0.17927690514975203
3369,-0.3771389248982899,-0.4807531377519441
3370,-0.3330508951727539,-0.4451916340889043
3371,-0.34301194085284065,-0.41937163941436945
3372,-0.49495530630983975,-0.7969942366807192
3373,0.04512032683295484,-0.014230177348299558
3374,-0.5055206291887243,-0.588559123937888
3375,-0.4265273408767034,-0.6255927309086258
3376,-0.11610050217215577,-0.2768823137546822
3377,-0.2577652763784873,-0.2866932548322811
3378,-0.34418807939009305,-0.4952488088704821
3379,-0.4562986852227953,-0.603522129861019
3380,-0.31569977255763854,-0.37713034210046603
3381,-0.21158004520904677,-0.3183832836034731
3382,-0.47559064374832344,-0.7179051897287879
3383,-0.27554563309780333,-0.3103523652395652
3384,-0.4476010120982012,-0.5320859724999862
3385,-0.1689006931909884,-0.17152359822331842
3386,-0.4093857521755281,-0.42518025321850256
3387,-0.4034274554669976,-0.5397664039921178
3388,-0.15401686939020628,-0.22530851501046814
3389,-0.12570294954732503,-0.20583031290340018
3390,-0.4802768837390981,-0.5739314416054042
3391,-0.32330141919488814,-0.4151838551147149
3392,-0.3326891863080182,-0.5507284318038308
3393,-0.3150486200256687,-0.6245215273978734
3394,-0.602136734795023,-0.7782228000604225
3395,-0.27487949324040956,-0.323901856474754
3396,-0.09277488650336471,-0.2596077326131051
3397,-0.4919054331864309,-0.5898874786298656
3398,-0.44555380978648434,-0.7001949344185243
3399,-0.48549651849268194,-0.5635959817819953
3400,-0.6293150193718714,-0.7212395193255267
3401,-0.30832989541348915,-0.36404346539656446
3402,-0.17307559257164729,-0.273770951812088
3403,-0.04662097953783582,-0.1334261526855421
3404,-0.6346221152378378,-0.7467931249561964
3405,-0.3510601702099857,-0.39484404592357314
3406,-0.38431882085127994,-0.5556464854415779
3407,-0.5904969260798891,-0.7659078905811743
3408,-0.6300144017309314,-0.9002600846807829
3409,-0.24834654712370696,-0.38043508897274725
3410,-0.42066238261462646,-0.6624085901455503
3411,-0.35995457493092964,-0.4332546247733309
3412,-0.30118695495351716,-0.34659590793595857
3413,0.003340035515351745,-0.06654372414868125
3414,-0.34473022271250087,-0.6136288809316705
3415,0.11670720980408991,0.007958746555851175
3416,-0.1289808688347803,-0.21815543341867247
3417,0.02745808975483862,-0.053378717481794576
3418,-0.3426370769537995,-0.5496352827944889
3419,-0.3807219976797763,-0.5964131416270579
3420,-0.6358510845695353,-0.7230201633985244
3421,-0.8015576354872946,-0.8747977761042802
3422,-0.571479780784258,-0.6700607595913842
3423,-0.31881680131408496,-0.4490368178634586
3424,-0.46598761065065136,-0.5260535055500396
3425,-0.5018794961765669,-0.590320226738681
3426,-0.27622789588841906,-0.34936352747534766
3427,-0.21831666589023688,-0.22730579840234896
3428,-0.40977727314127854,-0.5157531234718904
3429,-0.040206644649904394,-0.1637176375337606
3430,-0.3894815325100624,-0.45253596970594606
3431,-0.0547911013096808,-0.15762925823763663
3432,-0.1107105731033024,-0.2649399868986692
3433,-0.26553043201043963,-0.39932230950424336
3434,-0.39301626271889145,-0.5374113995527136
3435,-0.4193015044423032,-0.5234718769884643
3436,-0.5333888288326385,-0.7240137387232068
3437,-0.3946114644342681,-0.41832836158177295
3438,-0.37413836556651575,-0.6054220699629517
3439,-0.325747939101397,-0.4101096633396781
3440,-0.40587243136423873,-0.5415755935319474
3441,-0.4968066004375816,-0.632792045795591
3442,-0.2398600473064139,-0.45172901190076714
3443,-0.005689103031761263,-0.037049836351519996
3444,-0.3339488239878416,-0.4627835287070424
3445,-0.6761388996624492,-0.8493256676329772
3446,-0.08694765125686893,-0.2578366303625842
3447,-0.25858215520115146,-0.261313427292725
3448,-0.5590291312492851,-0.5625226273959948
3449,-0.2755416990076599,-0.3154737176527172
3450,-0.0389736406933146,-0.21823228712931808
3451,-0.008683896179060664,-0.1367417820867195
3452,-0.1079562012712231,-0.19517077690661855
3453,-0.15726050376198492,-0.22500995275663796
3454,0.05685772716647884,0.007625130168934527
3455,-0.27661572199175133,-0.4854535609419536
3456,-0.2355085909578156,-0.4189245951722773
3457,-0.5418626208976242,-0.6113953126455816
3458,-0.15899960542961405,-0.2731910363490357
3459,-0.25851913727267795,-0.40739007165626406
3460,-0.8220965464492791,-1.0541705075678751
3461,-0.5282874996587281,-0.6424479665498931
3462,-0.15941243716924283,-0.3517293597498201
3463,-0.3296552953633124,-0.4389798363499588
3464,-0.04477748120053027,-0.19182818818608025
3465,-0.4243126795573947,-0.5670549948805557
3466,-0.5735499841352216,-0.6299993257423584
3467,0.12036335899852525,-0.027370524588672673
3468,-0.11369802121562235,-0.16191530676122218
3469,-0.053851418485894885,-0.1682190984101649
3470,-0.2192027718643878,-0.27191268974602495
3471,-0.18705818045256475,-0.32557245601533347
3472,-0.24509073377821305,-0.4069078956370339
3473,-0.3238284707321925,-0.38598713475035723
3474,-0.31626370694174005,-0.46397478881311394
3475,-0.07441781512441337,-0.20807462688300637
3476,-0.5917670525886359,-0.7248632162380189
3477,0.06358556366711803,-0.03317439626748223
3478,0.06456437940705353,-0.007142963414950338
3479,-0.12168357626924345,-0.18189655367600321
3480,0.028808070478892056,-0.15323301675357234
3481,-0.2002721793613218,-0.34899156418067373
3482,-0.32268862869353476,-0.5077608720856039
3483,-0.5817159838626215,-0.6679158082697447
3484,-0.5544586534211807,-0.7499480510056417
3485,-0.18900232223487595,-0.3027508325302
3486,-0.25549008990737154,-0.3711341194650007
3487,-0.49585417937886767,-0.6108811240686883
3488,-0.15393134014495416,-0.24640097301288716
3489,-0.334982865619799,-0.45888159155599284
3490,-0.3256026334956791,-0.48916267911693023
3491,-0.38957108059806,-0.6318082209788182
3492,-0.5130590916139403,-0.6923830471617386
3493,-0.36393748087791344,-0.5027994697601348
3494,-0.4429058995814816,-0.5621809792367194
3495,-0.43996748766242666,-0.556511224235531
3496,-0.030157406081736962,-0.16729264477664096
3497,-0.06341030747762236,-0.10783554279238405
3498,-0.6037997021724664,-0.7359433719629678
3499,0.008585652475073084,-0.15340184535639564
3500,-0.5763149378726496,-0.7354930293392581
3501,-0.032156224340027455,-0.18575462104884352
3502,-0.25228780652666655,-0.3599628074569875
3503,-0.2679876620949103,-0.36384772855014536
3504,-0.4386931386124946,-0.5444732785138025
3505,-0.46989546071695043,-0.6560492959036033
3506,-0.45457303496304063,-0.5829777546224021
3507,-0.24429860011613697,-0.3224838051447683
3508,-0.6401457633112106,-0.6927806581183918
3509,-0.3126887727281854,-0.4136004559316744
3510,-0.3589141391990152,-0.45751595953561014
3511,-0.4677995760867312,-0.5003869482332843
3512,-0.29870650047522246,-0.4117194156682364
3513,-0.16616233534906358,-0.1981234750341168
3514,-0.4526207970820072,-0.4939786199345452
3515,-0.3556026883024984,-0.5654795456581828
3516,-0.49848240270702115,-0.5290662903487854
3517,-0.44273201176107296,-0.5543710259295392
3518,-0.5202543415083516,-0.5977844726207648
3519,-0.4553691887333744,-0.46241561699684053
3520,-0.28617085109341256,-0.3857905339644898
3521,-0.22457614615908295,-0.25084247400649035
3522,-0.4300202286594814,-0.525790326208942
3523,-0.4610173543608819,-0.5912914773331137
3524,-0.008820301813223796,-0.044165418755113824
3525,-0.0605192340811294,-0.1733678752751187
3526,-0.34305700303391357,-0.43411693723372957
3527,-0.454472597990736,-0.5287330055425038
3528,-0.18590685690638734,-0.4493676548985974
3529,-0.7368730103210959,-0.9888888737589924
3530,-0.042736705887948735,-0.06927109339912556
3531,-0.4663932271707584,-0.5038936719383612
3532,-0.27689394945284634,-0.4059767562497355
3533,-0.48829670709417894,-0.7195366807814328
3534,-0.7550483441765354,-0.8894282848848882
3535,-0.2069099318420739,-0.4558482828595776
3536,-0.5667672733117087,-0.6708251442922396
3537,-0.4165151787621296,-0.6570256310888687
3538,0.020036769278006013,-0.04269157595487413
3539,-0.4282152550878141,-0.43728031335170353
3540,-0.4359508027391507,-0.5064870594843025
3541,-0.4786455467192411,-0.6733838558328098
3542,-0.5304944996109374,-0.7025973168497079
3543,-0.4296047368392501,-0.5198896913150959
3544,0.022142901868748753,-0.15432182691161817
3545,-0.4548974101781484,-0.6792169525632903
3546,-0.4348659356732955,-0.49728434408845024
3547,-0.6142455406834644,-0.7288158812296864
3548,-0.39385675629632644,-0.4638416962384911
3549,0.04930634404621606,-0.06727283399905967
3550,-0.3931946296840039,-0.48656063738487776
3551,-0.30463040663799784,-0.4933504335611351
3552,-0.25295084001691237,-0.33553015362377153
3553,-0.4751452542992454,-0.6369585986627088
3554,-0.5471710471468746,-0.7267805075813574
3555,-0.6725748314104082,-0.6870962069468548
3556,-0.6408158244673245,-0.7586635158345356
3557,-0.5574183669213771,-0.8448973408954973
3558,-0.2805795919370977,-0.3673672487539256
3559,-0.24365705064285453,-0.4384980294707214
3560,-0.32651867684979025,-0.4067189586554785
3561,-0.27748351037442887,-0.31446374261788224
3562,-0.26305367063493673,-0.36608913742047194
3563,-0.1718771381036081,-0.29282005982559145
3564,-0.4173354173916453,-0.4952408821916982
3565,-0.2398277727415055,-0.38750131132415755
3566,-0.20093947515210853,-0.40157735039624753
3567,-0.5017976065735777,-0.6118216372392664
3568,-0.0396644134475628,-0.08612095639603927
3569,-0.4643440421684166,-0.6941810088812468
3570,-0.6031222918886908,-0.79444393027291
3571,-0.4844050326720555,-0.4866730900364474
3572,-0.29019205257999253,-0.4361551732194588
3573,-0.3148112831929611,-0.5544234326243572
3574,-0.07587155302765301,-0.19559520870125766
3575,-0.5663720940461167,-0.8232651445453287
3576,-0.8411985286252911,-0.8918293022005251
3577,-0.07985240364579799,-0.14113318037670095
3578,-0.29947004660980275,-0.4170817395439781
3579,-0.06715926711952215,-0.3239558176919099
3580,-0.47873331457073204,-0.4874769535860282
3581,-0.2914700365845333,-0.5414032747218186
3582,-0.07164997624082464,-0.21291249439269946
3583,-0.22430975113142387,-0.3621680750915905
3584,-0.29929768285137487,-0.42922304047232995
3585,-0.3240825870159573,-0.5388510383253514
3586,-0.5040213763196351,-0.746143528763201
3587,-0.38875706876203125,-0.46086088164691147
3588,-0.3415068057540769,-0.3422772960285749
3589,-0.3012695582771863,-0.42155891132293927
3590,-0.12438889947119579,-0.2911709114945876
3591,-0.16771509766602502,-0.20617371423272732
3592,-0.18055918505880458,-0.3626091393455111
3593,-0.6507260241456743,-0.8769738029447453
3594,-0.3635502194648884,-0.5894529282378148
3595,-0.34419593331989357,-0.3915542273651994
3596,-0.14952182055789429,-0.24448750414739964
3597,-0.39064739835131757,-0.5238264760801734
3598,-0.45469366893130164,-0.5837992431746422
3599,-0.5433137798816395,-0.6156142748357913
3600,-0.6411272930171913,-0.7664740821965021
3601,-0.5142308411916237,-0.7515984672190138
3602,-0.2945597919543845,-0.4196282529244299
3603,-0.004920679916944602,-0.08341509864665493
3604,-0.6461208223095887,-0.7000210058446897
3605,-0.509793723592385,-0.5026113780991293
3606,-0.2574526994210957,-0.38300023554635376
3607,-0.11329943157165118,-0.17257344260706006
3608,0.0015268413520124092,-0.11549948684311048
3609,-0.15117669647140172,-0.20792995532590905
3610,-0.35479623612118083,-0.45560741512011516
3611,-0.5292754931994375,-0.5996423264895674
3612,-0.503896263969232,-0.6153509190639059
3613,-0.4760201447660004,-0.5210485464893689
3614,-0.5445638567408916,-0.5529897756541302
3615,-0.2202504469254869,-0.37374448198897997
3616,-0.37951261722456625,-0.4994951279419128
3617,-0.1275577652507824,-0.18061158091379417
3618,-0.18246670847091295,-0.2460387117922828
3619,-0.607481951027042,-0.8133581498942877
3620,-0.4442134220733917,-0.62533579184755
3621,-0.36425301343653776,-0.5723708757288176
3622,-0.5204190496582265,-0.8186964653965192
3623,-0.6631877399913959,-0.7414584850153494
3624,-0.20245739796767626,-0.2881842680187351
3625,-0.21354378125556414,-0.28769401142742207
3626,-0.4019085776392791,-0.5810158098165461
3627,-0.21138932352806414,-0.3144854130974383
3628,-0.17670878180921976,-0.2142665274950758
3629,-0.16087011542552632,-0.3176419877183146
3630,0.06186893788154276,-0.015351096953853578
3631,-0.3700754244067511,-0.5705187466745708
3632,-0.08079746200705461,-0.1956973695213211
3633,-0.05998557624136778,-0.16625259727765831
3634,-0.26547853167859853,-0.3331301926112528
3635,-0.6387253546210053,-0.8095091584179268
3636,-0.08308037256224607,-0.3278020602726384
3637,-0.2385630049186575,-0.30703966053278275
3638,-0.253542623466745,-0.4034739384346855
3639,-0.5967747740912606,-0.6624076781298373
3640,-0.4214670314636059,-0.6816672804818643
3641,-0.2847998222737627,-0.5223644456895322
3642,-0.20375297497532247,-0.36946336713115124
3643,-0.4640881584185673,-0.6071025635179332
3644,-0.1520464364714934,-0.2647796031984134
3645,-0.47662783880866166,-0.5684437494922314
3646,-0.2476750778712138,-0.2599778141546222
3647,-0.27359857302973767,-0.3644110953588201
3648,-0.1684611539998178,-0.27998919481740536
3649,-0.03974766976459676,-0.09506394407305077
3650,-0.48371899643735206,-0.6342065434682186
3651,-0.40028554139585565,-0.5115521033058954
3652,-0.3443131227348459,-0.4047883913823468
3653,-0.7259918287428213,-0.8724133791539316
3654,-0.34631740113221116,-0.5033732713802629
3655,-0.34076987609837717,-0.4387368021248132
3656,-0.5469154487741064,-0.6172170025508539
3657,-0.5314669277498842,-0.6908416583689418
3658,-0.394453165175576,-0.5864394628544597
3659,-0.6293054640899848,-0.6402577474171127
3660,-0.08532210175724703,-0.18358757893026903
3661,-0.5023685626048369,-0.6212815540153824
3662,-0.36099085571348427,-0.4052550658090985
3663,-0.3983546647329103,-0.5259285745055383
3664,-0.362465710877306,-0.4374797708060334
3665,-0.4833708675878141,-0.5080465583073629
3666,-0.3508820197375054,-0.4939277545884051
3667,-0.07038386690054615,-0.1468815960311259
3668,-0.6628121388449848,-0.7021118227395001
3669,-0.4983980088031992,-0.6480366438842334
3670,-0.23546453836801298,-0.23213595736264148
3671,-0.15593806979825578,-0.24182297199864544
3672,-0.7314146900707347,-0.9637358478576808
3673,-0.23891170942452075,-0.2889143853388018
3674,-0.11082765031574145,-0.17045582279339203
3675,-0.49689556186293565,-0.5622943288966419
3676,-0.21602918133778815,-0.33059238760117904
3677,-0.5396403371594634,-0.7143890077130046
3678,-0.14413204683091704,-0.25318918766852316
3679,-0.762665180181216,-0.9460460252267572
3680,-0.4195042269037763,-0.493405673760306
3681,-0.4474699413505655,-0.5457389369004472
3682,-0.1906873013879357,-0.4376876308982387
3683,0.04835301830222952,-0.049394052034676714
3684,-0.5625772203042165,-0.6525763610142975
3685,-0.5890611805940086,-0.6768567131188791
3686,-0.3925280607160153,-0.6022601859986123
3687,-0.2886332043127705,-0.37520296800592073
3688,-0.04844839148278326,-0.05045480185886799
3689,-0.2816138539285413,-0.42811794071041637
3690,-0.3861607300437559,-0.4823833755042079
3691,-0.34839479619219454,-0.48082563518426286
3692,-0.17980985429049953,-0.25979379687361265
3693,-0.5453600566408771,-0.6355541624205244
3694,-0.2274982745054926,-0.32858938132012827
3695,-0.47762857343476184,-0.621250000335488
3696,-0.2927003618259971,-0.4092738708269218
3697,-0.10008125732144486,-0.2005409526025925
3698,-0.4724688799851356,-0.5606075515349793
3699,-0.44564961202620945,-0.5757221707544945
3700,-0.4694806707017357,-0.5376218957977832
3701,-0.4261811335880724,-0.5353699980875978
3702,-0.15153195185959317,-0.21934806219834355
3703,-0.7343795673765221,-0.9156281761558178
3704,-0.028017701230581712,-0.07700848444840987
3705,0.11283823804225497,-0.008684167995925819
3706,0.052444359215951676,-0.04118983590600776
3707,-0.29910114672276233,-0.39860450257029306
3708,-0.3573911498012744,-0.4132957330813351
3709,-0.26895666632685294,-0.33492592473413435
3710,-0.2915395572974466,-0.4100636753965652
3711,0.07698479364486087,-0.00543043005081806
3712,-0.5144427804248203,-0.6681083232225026
3713,-0.45722452007971937,-0.647895521045997
3714,-0.15802338154190598,-0.2771337727559155
3715,-0.2288244750567224,-0.3984965495574144
3716,-0.34927362121070815,-0.5736130678066181
3717,-0.2650036366221271,-0.3476945454821829
3718,-0.40443883282759746,-0.6324766189832401
3719,-0.34930581614026796,-0.5336097260062062
3720,-0.4739746920223122,-0.6089928513615284
3721,-0.6140477438390661,-0.9089617922832453
3722,-0.3056472435408245,-0.3574994917899333
3723,-0.460234749478625,-0.6117760692663362
3724,-0.4299334625303547,-0.49699024245193085
3725,-0.45753060586301786,-0.6034083760441254
3726,-0.21995416314392452,-0.34826619036052564
3727,-0.5595273974108925,-0.6303242260414026
3728,0.028737011666434734,-0.05606846679408241
3729,-0.8459885095330265,-1.0694280835985073
3730,-0.40458983154756784,-0.5152941484928558
3731,-0.5456844817068452,-0.7664900922595715
3732,-0.4525175945030316,-0.6257271300863196
3733,-0.4502277669399247,-0.5631952356865992
3734,-0.12493556711499881,-0.25271630417626195
3735,-0.3083390720557397,-0.4442006678305494
3736,-0.31546474468249813,-0.509875098967746
3737,-0.5042118937975438,-0.6337447717303419
3738,-0.08801084530489131,-0.25918897145306935
3739,-0.1868470299228823,-0.3468559304119985
3740,-0.39667487437603355,-0.563829277307752
3741,-0.4613517978662348,-0.5526848684451077
3742,-0.19827419674621288,-0.24568773015036127
3743,-0.3450678207399865,-0.4559490449989639
3744,-0.8133427778098055,-0.9843761538951847
3745,-0.5269507448543933,-0.6222925386749691
3746,-0.35207988383146166,-0.4355500230115949
3747,-0.41166332548496454,-0.5443814402181096
3748,-0.31484020702021254,-0.3256076865069872
3749,-0.264244623456772,-0.42570856163616067
3750,0.10578687325319912,0.05478849684409686
3751,-0.08883111560250442,-0.15586308778115274
3752,-0.6559179119572122,-0.8101885507558403
3753,-0.33047153257025913,-0.5139577707314565
3754,-0.36052287195409893,-0.5441801901336677
3755,-0.34226782434547265,-0.4531067392619639
3756,-0.11427731045269955,-0.26279131564866054
3757,-0.28492327309001425,-0.36588208033396574
3758,-0.36866842965791286,-0.5404578202772345
3759,-0.4110251448490269,-0.5382498157899225
3760,-0.3450900464764548,-0.5161541485447713
3761,-0.6471027093356847,-0.8050574591651927
3762,-0.6636569926073194,-0.7909885131726446
3763,-0.03209994585817348,-0.10581926877338498
3764,0.04193289142462008,-0.06604783563556753
3765,-0.7008725491343313,-0.7830437908092457
3766,-0.5418579541078711,-0.6030996136587023
3767,-0.38929227379613296,-0.48339532702258053
3768,-0.2252335026081982,-0.3882589545657994
3769,-0.11454118988397251,-0.21594630171267445
3770,-0.21462137183459504,-0.2528754044340539
3771,-0.25676910432136957,-0.47279712613925035
3772,0.01862814396660794,-0.11738240372965726
3773,-0.31819859963774394,-0.5045360993502945
3774,-0.3135021057852095,-0.4241835406529916
3775,-0.11771762084852101,-0.27236857523828145
3776,-0.4288800519360589,-0.5591157243490706
3777,-0.5121336200791624,-0.6946806633344802
3778,-0.40373909596070934,-0.494262003884978
3779,-0.44015152519785605,-0.47584714929718513
3780,-0.30642167472295495,-0.5200023540821118
3781,0.022267657291713372,-0.1486936179529406
3782,-0.5185030820096723,-0.549975443335735
3783,-0.2805186271518884,-0.42661548522902193
3784,-0.4216443237297367,-0.5651318038786054
3785,-0.11825632811471931,-0.1689948919134683
3786,-0.7817331034855715,-1.0813146768926727
3787,-0.43897115821244836,-0.6744222267762443
3788,-0.33741901903088173,-0.3648268035096553
3789,-0.6085754712599709,-0.8447905976198832
3790,-0.5741806668813029,-0.6937671877121784
3791,-0.3085196910719006,-0.4131115804420226
3792,-0.2635923755713023,-0.3577722379329487
3793,-0.379909005387397,-0.43786560831148447
3794,-0.10595855805981438,-0.2571703800387232
3795,-0.28568048955638087,-0.5366935199724716
3796,-0.3336119731416976,-0.39768638144743634
3797,-0.13094663880884602,-0.24110684654318734
3798,-0.10237320569548813,-0.19488456911313778
3799,-0.39268275567950645,-0.6004997736185738
3800,-0.4888970568049216,-0.6585911234279469
3801,0.01393733731012127,-0.1977361457616711
3802,-0.18762657863308627,-0.3271561909463003
3803,-0.6365608609125406,-0.7299503629793949
3804,-0.37556425663906945,-0.6023882154492225
3805,0.013324738752590727,-0.18029691921216842
3806,-0.21477266132129477,-0.36341470484517535
3807,-0.2793620741774352,-0.41908877848951537
3808,-0.7238409610703438,-0.8026339725598941
3809,-0.48840209045610006,-0.48567444072062743
3810,-0.7204432650059698,-0.8410927864401619
3811,-0.47021066166031766,-0.71796032934648
3812,-0.3660899444705957,-0.5753313827564538
3813,-0.30897937672495596,-0.41680452820387565
3814,-0.5404090234469648,-0.6436503495303327
3815,-0.5392214256913168,-0.776492341369771
3816,-0.5858113174172147,-0.7894526819162547
3817,-0.9398115580087504,-1.1065987988830899
3818,-0.5924634855626167,-0.6259620224502856
3819,-0.29780302417050114,-0.35932276372992844
3820,-0.293857630953422,-0.40158028656587713
3821,-0.13661299990535272,-0.27074752048329614
3822,-0.21428854573354125,-0.30816199106449865
3823,-0.2752908501881856,-0.3279528130640727
3824,-0.6236041264544614,-0.7918904476262092
3825,-0.05113553264645325,-0.11710304397138291
3826,-0.03522190029501,-0.02419982781181078
3827,-0.19410984907951423,-0.4189827043589428
3828,-0.45068672353128625,-0.7573958658542209
3829,-0.09520888769947147,-0.19749624077394998
3830,-0.7442874496088167,-0.852849161018953
3831,-0.28592929585135385,-0.4786386550545638
3832,-0.6252032084353456,-0.7940992274177257
3833,-0.25393512252912415,-0.37675038138352435
3834,-0.1357017799165388,-0.1709180295663401
3835,-0.5314194678415302,-0.624622125004758
3836,-0.3338537939945426,-0.40294380392978846
3837,-0.13495806829110019,-0.25723407641021995
3838,-0.6587863216339394,-0.8422277786198259
3839,-0.3222027985748578,-0.4981892689958704
3840,-0.4298180219548555,-0.5440785885858717
3841,-0.23504761915914468,-0.37353083566768935
3842,-0.24278863123421157,-0.2665094132166523
3843,-0.21167233681101244,-0.3280465760968189
3844,-0.7165597006847215,-0.8405885712435034
3845,-0.07418959617708573,-0.1428378513299247
3846,-0.4133077605272261,-0.5823267366897954
3847,-0.2788792962922332,-0.29276129643293686
3848,-0.4467241360384842,-0.6622641431528908
3849,-0.25287364602656787,-0.38920993901679385
3850,-0.3537854850294978,-0.4465005107879373
3851,-0.42216943077766367,-0.5469215185184185
3852,-0.3579654289647109,-0.4106290782446121
3853,-0.28158633927259136,-0.39036055419299126
3854,0.00924142989345408,-0.24730235915248994
3855,-0.4026408154867866,-0.5072682367287633
3856,-0.37137971118245605,-0.46597569516397713
3857,-0.07478018107906523,-0.29635110131644754
3858,-0.4784437237161497,-0.7075815325718965
3859,-0.19410940300325732,-0.2803316020671425
3860,-0.1059924364492532,-0.2272548228789172
3861,0.011424216715797566,-0.267992265492374
3862,-0.27926286079307094,-0.3845590211750182
3863,-0.4698708393118137,-0.6224868960630222
3864,-0.4778515841223056,-0.709281099438604
3865,-0.38378368541263996,-0.5173767436943035
3866,0.10660211103048642,0.004963827460345899
3867,-0.2903873444854119,-0.3323383184712161
3868,-0.03713636825267985,-0.19658616519613362
3869,-0.6870952278253413,-0.9496109751646838
3870,-0.14056076237128265,-0.28058551361263606
3871,-0.11785680238827331,-0.20917600064899086
3872,-0.1058955339628905,-0.2243550896347162
3873,-0.6885059784416828,-0.7239085187030604
3874,-0.6054711585635734,-0.684287701506153
3875,-0.3315848189293891,-0.3807879919569977
3876,-0.06452392276370367,-0.223046731487206
3877,-0.280211397950518,-0.5042484551799172
3878,-0.38115840182740807,-0.45848163935084735
3879,-0.6316416734283176,-0.8914506951087836
3880,-0.1214842790795545,-0.18318072699533688
3881,-0.45994090813086513,-0.5317634934134843
3882,-0.13412126077474307,-0.2234263315002828
3883,-0.23815288453387268,-0.3719433221250368
3884,-0.14358921413106288,-0.24799768948885303
3885,-0.5504390193929787,-0.6725390930344141
3886,-0.158125932765728,-0.22730871963116459
3887,-0.02401767443659419,-0.23407057101847548
3888,-0.42046083331497924,-0.4394679913114114
3889,-0.4673828103112135,-0.5333245302728108
3890,-0.21136860820440864,-0.28674212315751063
3891,-0.390384933248727,-0.4975791578843214
3892,-0.08031698135298443,-0.20975422399345867
3893,-0.49549809297922104,-0.7544887856161083
3894,0.030437656529939235,-0.1555633437561406
3895,-0.5248871939759416,-0.7007042102912951
3896,-0.32086391238796985,-0.39055865199383555
3897,-0.44961537162851545,-0.5435402772991136
3898,-0.28432521322641563,-0.35032550896821
3899,-0.22038287266781864,-0.41510827081513574
3900,-0.2754536608508342,-0.3613780086072958
3901,-0.5016158478128183,-0.5667154001397794
3902,-0.10862896552888385,-0.09648219252009589
3903,-0.33035338544666143,-0.4173143848858669
3904,-0.4623160061112311,-0.6776620967905832
3905,-0.28920519445803067,-0.37621547444356357
3906,-0.3170283803146719,-0.42876059518000387
3907,-0.33392171750671956,-0.3758215555230845
3908,-0.23550569062992685,-0.356857828332325
3909,-0.2080381575081673,-0.25382779840117664
3910,-0.2920539002920887,-0.630393971790096
3911,-0.14337953226118236,-0.3125417219009581
3912,-0.5502114888935874,-0.7442619561738997
3913,-0.35933151483734954,-0.43296616993301185
3914,-0.3157236302535523,-0.35808374177268687
3915,-0.029418448371311356,-0.08374360856811455
3916,-0.5567220584727266,-0.597301935041399
3917,-0.26176300500410515,-0.3441290066928634
3918,-0.11601430574031293,-0.20230843011622388
3919,-0.20407258602135467,-0.30506235879834204
3920,-0.19355856994975693,-0.2881652724408063
3921,-0.44845727030424887,-0.6679713473173302
3922,-0.35076679382721004,-0.5170294633473789
3923,-0.17375253052047535,-0.39695418764445756
3924,-0.3873302696904246,-0.5186082962482498
3925,-0.16764864058333562,-0.24042125904917278
3926,-0.23383047005408547,-0.4426411554670162
3927,-0.3313913176768585,-0.35941801703842235
3928,-0.6237896672365524,-0.7779412761476073
3929,-0.09543024761430788,-0.1560858701988483
3930,-0.6972485894422266,-0.8064443663123126
3931,-0.5417818425936857,-0.6741981006571923
3932,-0.19250272665570306,-0.3815045573371244
3933,-0.06981739495377717,-0.18079541410888147
3934,-0.17720597206669444,-0.20521487308349395
3935,-0.21192968868171602,-0.41176082316853646
3936,-0.47666022969300287,-0.7236349664105982
3937,-0.5106083156718013,-0.5529058909050649
3938,-0.006389307300347556,-0.07709968566349769
3939,-0.5209781829418113,-0.6390004848416335
3940,-0.39003572912150875,-0.5304096463429259
3941,0.009726133368788043,-0.017946294867654304
3942,-0.4400363469501055,-0.5060702972161872
3943,-0.2457469400215961,-0.35698534078072547
3944,-0.3953877289610146,-0.6103488306353401
3945,-0.20435992040829873,-0.26361286564972036
3946,-0.7069834688012248,-0.913546302218977
3947,-0.517208942623981,-0.6378061445495504
3948,-0.3466649657870034,-0.4780794290217391
3949,-0.3504148040307892,-0.4396320149139947
3950,-0.31527017054578427,-0.49790097730592225
3951,-0.2891709743281744,-0.39994463729938595
3952,-0.23413402143927114,-0.3366330165861917
3953,-0.053657197937325735,-0.12262379594893076
3954,-0.22285561298561946,-0.37762366080612636
3955,-0.4157330303946022,-0.568483304858726
3956,-0.27307207807266004,-0.3866660509129206
3957,-0.31099158122041964,-0.4399684483352269
3958,-0.585487860220085,-0.68592682832242
3959,-0.5115196384304928,-0.7141329678958996
3960,-0.39241785655565226,-0.5051636088124108
3961,-0.35808151505782654,-0.48346183231427636
3962,-0.6780550916124563,-0.830054654305311
3963,-0.44448406138557583,-0.5457651076375782
3964,0.014169362400824724,-0.07204466824378825
3965,-0.06225867987999403,-0.13465460259574985
3966,0.019030770903502803,-0.07336211979026294
3967,-0.06462550087635749,-0.12416860607963644
3968,-0.22401900734423888,-0.30146154260411245
3969,-0.3791053499641076,-0.4532981689752582
3970,-0.5617993915038839,-0.49842636393254597
3971,-0.37423663134552076,-0.5381592380451019
3972,-0.45741790351629286,-0.5447102121630013
3973,-0.4684680289361046,-0.6268646608134234
3974,-0.4337903646123744,-0.6893505825586866
3975,-0.15550003054437816,-0.31978857654037846
3976,-0.36489990367051894,-0.4781495971940476
3977,-0.1487822170910454,-0.2915168846006574
3978,-0.4583136093792831,-0.5369006476929684
3979,-0.39151022975259686,-0.4477781410607797
3980,-0.2539024327137207,-0.3566953284157259
3981,-0.17299124178116826,-0.24100032848595374
3982,-0.4338955809275757,-0.4705801353770837
3983,0.1586492941272542,0.13906511469128233
3984,-0.3603983175640727,-0.6342697819726807
3985,-0.294448238603276,-0.6961364535111417
3986,-0.637783052884547,-0.9135614015158628
3987,-0.4951537547621663,-0.6383668581596502
3988,-0.7203346641145588,-0.838273114533508
3989,-0.3822234051018894,-0.5043380983508204
3990,-0.35226164717996644,-0.3950869208870205
3991,-0.3117813517940738,-0.5238107853068518
3992,-0.18355731468115372,-0.3810903435390474
3993,-0.5378982506022204,-0.7864139849808748
3994,-0.1279937245479304,-0.196501928946286
3995,-0.24740501655535688,-0.49493662304350006
3996,-0.4240039245754023,-0.46481396196399277
3997,-0.38318482278995597,-0.5871080051211146
3998,-0.5071992316100917,-0.5444041509546479
3999,-0.2578708039639494,-0.3346759204090208
4000,-0.3669893969244717,-0.5697800464797569
4001,-0.6049328701592123,-0.8043994426445156
4002,-0.6721787047731425,-0.7845894446918272
4003,-0.44211304642064797,-0.6739705743887716
4004,-0.09011129378691918,-0.16812485612066275
4005,-0.6617141709069624,-0.8378114930078442
4006,-0.46367355503416247,-0.5456799783241134
4007,-0.44025241637499535,-0.5940739656563198
4008,-0.2561218251463882,-0.33146565411829365
4009,-0.33078634726358347,-0.5074641284508725
4010,-0.2784835913595017,-0.5366694078365871
4011,-0.48661277509279105,-0.6341391043145987
4012,-0.09822685764696992,-0.3725518584601267
4013,-0.22031627514214994,-0.3634261458435466
4014,-0.3953707946221755,-0.5160294363879855
4015,-0.5626763282303878,-0.6733806213433792
4016,-0.14047749619552713,-0.19889526847784397
4017,-0.39006271444764373,-0.5553106107242027
4018,-0.22679272915172038,-0.2402198405509656
4019,-0.12326267859759042,-0.17042690828777426
4020,-0.4773619684703555,-0.4916662253435166
4021,-0.22958807185695404,-0.3164854339830726
4022,-0.5013435747082131,-0.6192157095799327
4023,-0.22958856145812678,-0.5071700045119286
4024,-0.6063109216435134,-0.6830862658666557
4025,-0.11536999588213466,-0.28581707634710957
4026,0.018542629874408266,-0.02761788763471797
4027,-0.1391169296383948,-0.5064222518312372
4028,-0.1368022712907468,-0.2939955334132819
4029,-0.12326805616117248,-0.27565374806786413
4030,-0.36235039177071393,-0.4351833068825239
4031,-0.4556923276947117,-0.6113973906914536
4032,0.09209604529931094,-0.13164800844797125
4033,-0.43643678881674824,-0.5489072993866366
4034,-0.3672257614678863,-0.4251262666889949
4035,-0.18735666473939205,-0.2612595124374967
4036,-0.03489827529648164,-0.18039978694549913
4037,-0.37709432807856424,-0.5929564075245871
4038,-0.084568473279184,-0.18904575825044365
4039,-0.476513442438809,-0.6662056286452119
4040,-0.3750842843080273,-0.45114490898968385
4041,-0.33919564954812886,-0.5415935276255126
4042,-0.46302644969325185,-0.5905609502686564
4043,-0.057392198393564645,-0.17900699144040047
4044,-0.06670422997058663,-0.23026901722636808
4045,-0.1722809808258818,-0.3323147170542247
4046,-0.3325451159892619,-0.4586545429127921
4047,-0.1894529787665404,-0.24780953189095797
4048,-0.35573327215767164,-0.4665794340702473
4049,-0.4897844490953368,-0.6217865596318871
4050,-0.2975078041558152,-0.36591557950337766
4051,-0.34860795449711834,-0.5741026395819749
4052,-0.2932410739294333,-0.36804973343988195
4053,-0.3747143579524349,-0.4908939989637049
4054,-0.16706792844696527,-0.3418664193826617
4055,-0.3121912550961018,-0.3342361023240628
4056,-0.19194215693986041,-0.29308316279284136
4057,-0.0903484388889989,-0.22691080941202046
4058,-0.18757183748376247,-0.42975490459233023
4059,-0.14117172271848746,-0.24296966825254432
4060,-0.5289256658419645,-0.6219781619525944
4061,-0.2569870661796097,-0.40018752776838995
4062,-0.4677857777836083,-0.5509733989602038
4063,-0.1360835721801523,-0.1472771937910296
4064,-0.3559441539647307,-0.3903824866286159
4065,-0.6517180703240534,-0.8585972899606816
4066,-0.15277118094454128,-0.2315623768803181
4067,-0.49675831348873895,-0.6293934058103735
4068,-0.3810249348187894,-0.40592771984863163
4069,-0.194095595127477,-0.33836647577948387
4070,-0.21748447995973155,-0.23996647402936255
4071,-0.28380047256645186,-0.42385192842403935
4072,-0.43740945984904006,-0.5012479367527474
4073,-0.4120451894536077,-0.6160061251336597
4074,-0.27348503743815306,-0.38071203966813116
4075,-0.12545078852571953,-0.18845606811890828
4076,-0.30737826958061304,-0.4532247446712127
4077,-0.37002298529931066,-0.5723542004204302
4078,-0.4447898233351554,-0.744034576246476
4079,-0.1720543466620581,-0.2851870487895334
4080,-0.18197634985522484,-0.24022931987060006
4081,-0.019176808007517858,-0.15532315125140733
4082,-0.36882297587195606,-0.3769706199829055
4083,-0.17686361765851502,-0.25893689100749334
4084,-0.5847843420565816,-0.7548524720037673
4085,0.09182932650691845,0.013141001943527249
4086,-0.4127348240401119,-0.5035302259541793
4087,-0.47624356795881007,-0.5950030561766793
4088,-0.28663413623980966,-0.4505609485076776
4089,-0.4184940139568611,-0.45551960805598285
4090,-0.07886850297280698,-0.11329287643554747
4091,-0.4345946118191994,-0.6230236486778793
4092,-0.053103888488804186,-0.12439179864059655
4093,-0.4061286671768241,-0.5275298822172456
4094,-0.15747019287414055,-0.15277312868902088
4095,-0.11711211992924257,-0.1522349993962577
4096,-0.5179768914637446,-0.6263586707982898
4097,-0.299149889963524,-0.3963839495656366
4098,-0.0909659780894773,-0.29435933557601324
4099,-0.041974970521208556,-0.21676891190223005
4100,-0.3427637761635394,-0.4364784548548509
4101,-0.16691412969617025,-0.3664428365480424
4102,-0.34783968213188415,-0.4922624498122702
4103,-0.23424634510688114,-0.45211067757079076
4104,0.03967482762784859,-0.1277976148740063
4105,-0.19315694213107137,-0.2787808308219871
4106,-0.4108205740089706,-0.5931448823557928
4107,-0.5108323178141114,-0.5470018302317484
4108,-0.28004759721357636,-0.4653888954288419
4109,-0.2502392038206154,-0.46008609544506157
4110,-0.26836598924666266,-0.3055261434733872
4111,-0.3649492295238627,-0.4482318272059108
4112,-0.6069588558471194,-0.8702657751207389
4113,-0.1532169303636309,-0.2590072657923873
4114,-0.2244329023006507,-0.27598913318662915
4115,-0.2872667427174014,-0.4178678901455018
4116,-0.36423636600422926,-0.46025639258328893
4117,-0.18895464609847204,-0.2618073074907653
4118,-0.43203918650044615,-0.5477703774318636
4119,-0.367618096830663,-0.6517648259213047
4120,-0.5298275338907137,-0.7076213693616353
4121,-0.5331422618539352,-0.6498865015303619
4122,-0.44153336874567833,-0.6909273139790968
4123,-0.17247228734950287,-0.24188118577987233
4124,-0.2973093095497019,-0.4399856534224252
4125,-0.33316882713297014,-0.5927947626859223
4126,-0.333770200703775,-0.4256379725281836
4127,0.05166491250435389,-0.14749854367723048
4128,-0.08949636340475178,-0.18987800257662318
4129,-0.6051784143375408,-0.6742719453830168
4130,-0.3510352400757329,-0.5232183707340027
4131,-0.6113342597215236,-0.8596125098482953
4132,-0.3771821346221797,-0.5065520466547567
4133,-0.4182423336381108,-0.7346006532425167
4134,-0.23436296999858452,-0.48081400743635977
4135,0.22351393134616526,0.016568352895864384
4136,-0.38709045065037373,-0.5580027054071897
4137,-0.6059590081890448,-0.8023785015159729
4138,-0.231674847510716,-0.48003570303142146
4139,-0.49719878548288204,-0.5757765585382321
4140,0.027116675539109382,-0.07586019487927861
4141,-0.4983885259328417,-0.6416030326464259
4142,-0.45528901433975555,-0.5892074414954303
4143,-0.12544942317282665,-0.22511269298417314
4144,-0.25498176700646863,-0.5015110355775758
4145,-0.4652371418273766,-0.5247205434372775
4146,-0.639605859742277,-0.7821510244940265
4147,-0.7083741946103,-0.8784843916091253
4148,-0.31633477525433257,-0.42017366441217135
4149,-0.259749857898667,-0.4156733760715963
4150,-0.025337046967765044,-0.12096432624946028
4151,-0.4544517042048322,-0.6141234121216986
4152,-0.017666793413356374,-0.2157317895110164
4153,-0.14150081689421087,-0.35498453727804885
4154,-0.4457409066079339,-0.5594296597663111
4155,-0.3559075962173837,-0.44509169694407674
4156,-0.5016359845956285,-0.6077249496958225
4157,-0.1714044530159863,-0.25699702231887717
4158,-0.08517612209048647,-0.3386036062746426
4159,-0.1606344258738849,-0.29882065459788865
4160,-0.29812873759520575,-0.4974017318137535
4161,-0.5201252973374401,-0.671455993062629
4162,-0.24011397208975338,-0.4694271068678095
4163,-0.5709792321109832,-0.5990712259880605
4164,-0.19350377714660763,-0.27729039185895304
4165,-0.4496562631032329,-0.481476544340926
4166,-0.533151718057239,-0.5941939273563779
4167,-0.39090454153299853,-0.4759202311435673
4168,-0.5058038566819906,-0.6444129330977992
4169,-0.3496773148739769,-0.5276163658672116
4170,0.009790724595516763,-0.1295919453054463
4171,-0.2669449176238068,-0.47016621556493626
4172,-0.049880454006424185,-0.1931929562764005
4173,0.15559786983616314,0.07597871374300727
4174,0.2267167299685629,0.09826801777772771
4175,-0.35617595135212893,-0.4722592293683758
4176,-0.5898145287562381,-0.6300991521858205
4177,-0.04788807582486957,-0.1292028240565977
4178,-0.252346635904443,-0.33395890410633705
4179,-0.27823348022278366,-0.35425757662954266
4180,-0.08300708339238184,-0.1603480469785112
4181,-0.40507254092973216,-0.507384619134971
4182,-0.4010705530706564,-0.5294092939543767
4183,-0.3432465337206068,-0.5018594438907353
4184,-0.24752762554503105,-0.39322290101509444
4185,-0.3075270298907074,-0.4082775567059405
4186,-0.3206460149338372,-0.5188538277090364
4187,-0.09571461110159749,-0.13790858960328586
4188,-0.09048211116677031,-0.16787873675357937
4189,-0.33067777200755905,-0.46440083706173924
4190,-0.5603802051119229,-0.6744141995728836
4191,-0.019276018354786713,-0.17556977672477372
4192,-0.30702965254827935,-0.36969513803059917
4193,-0.4745156292830793,-0.7098663583046132
4194,-0.20233171396741437,-0.4526637021437742
4195,0.29026646753161267,0.23784909705994686
4196,-0.12637215106317384,-0.22771524418675823
4197,-0.4824140258222966,-0.5859919682688074
4198,-0.22368602233313414,-0.2627539183508511
4199,-0.3521024392503546,-0.5200730964415162
4200,-0.46921781799647777,-0.7013042552047603
4201,-0.47089405933900663,-0.5454802475206871
4202,-0.4718938395925426,-0.5291389483868044
4203,-0.3215886779243948,-0.40388524932871617
4204,-0.32986488824550514,-0.5218788555455731
4205,0.035794289477885315,-0.04225391449286774
4206,-0.06256339591752974,-0.0911186413027
4207,-0.5507281250488553,-0.6818857020166266
4208,-0.5966696825589953,-0.7458222566891949
4209,-0.613779726438131,-0.6192321439640414
4210,-0.15424411815857203,-0.22783636547936292
4211,-0.5275154214715484,-0.5390659368034956
4212,0.06315809060317147,-0.03628492681684141
4213,-0.6909238281022156,-0.8154624024753342
4214,0.014339342441894814,-0.08781681289945745
4215,-0.22713627284945728,-0.32667708962227116
4216,-0.10720665806557378,-0.16399648826099786
4217,-0.20122218344514067,-0.25240305277713937
4218,-0.3011754421594878,-0.38652011234402733
4219,-0.26941719574878287,-0.37862352069747823
4220,-0.319815272394125,-0.5484278139850578
4221,-0.6226615856313352,-0.7471457652963376
4222,-0.102868170408762,-0.2968768899372752
4223,-0.44595143519810554,-0.6757943685054337
4224,-0.5569259259348609,-0.7438426399873048
4225,-0.5504020843913823,-0.8876606859872155
4226,-0.43406888720258335,-0.46986618293858
4227,-0.24874671522620823,-0.29197046117999825
4228,-0.5453160465887857,-0.7758762111704025
4229,-0.5646396237691095,-0.8586246702284434
4230,-0.4855615256528881,-0.5665920145940219
4231,-0.220034749369616,-0.4878454505746359
4232,-0.18582216502276827,-0.20933608625011382
4233,-0.3167258368492185,-0.43530629496307865
4234,-0.3660239510093049,-0.4919063946635072
4235,-0.20298651368406254,-0.2304094978202563
4236,-0.5161574240657536,-0.8266942708887943
4237,-0.5567627164108999,-0.5965104355697929
4238,-0.46167532791575855,-0.5904637714237463
4239,-0.2394304229030311,-0.3082778675300365
4240,-0.5121633211314472,-0.5845590774931577
4241,-0.32547635378968837,-0.47480191704012226
4242,-0.16128927048410566,-0.26192289618936465
4243,-0.14911656631395032,-0.3990790923561248
4244,-0.20580909738668338,-0.2954958992190805
4245,-0.1802479179631681,-0.4051467481137264
4246,-0.4633485124758967,-0.5574828246671051
4247,-0.38857454423669785,-0.45262479460127825
4248,-0.09954045545345494,-0.2695438671636679
4249,-0.4904596292910654,-0.6691785441489618
4250,-0.23407051431160122,-0.31835321863712973
4251,-0.1503576299414882,-0.3560511382905723
4252,-0.24890637493209417,-0.3353302349102901
4253,-0.4234029351011219,-0.6078957241567221
4254,-0.37347239219857536,-0.5224912526118707
4255,-0.2563613838677021,-0.35413379099518644
4256,-0.5089893123725818,-0.69170629198556
4257,-0.43244545921079974,-0.6152300005693605
4258,-0.3440929935288937,-0.5592329792181726
4259,-0.06708688438937818,-0.179669331366192
4260,-0.1036678687888137,-0.24176767296951365
4261,-0.3259126649602547,-0.4141378052355678
4262,-0.3778341116696905,-0.4996902077888828
4263,-0.12983379000565892,-0.28188572040093524
4264,-0.22384911602684252,-0.429503478512237
4265,0.030638571471061395,-0.09440879614660466
4266,-0.09130459758170949,-0.2349689270894404
4267,0.05328150148050622,-0.12312436091803561
4268,-0.40141921864341884,-0.6058232212256982
4269,-0.7321763618706004,-1.031197296667224
4270,-0.42569760450225114,-0.7076619468367537
4271,-0.742223102576354,-1.1857786030159165
4272,-0.195928330912095,-0.38824397332485827
4273,-0.32427414325096715,-0.37145375759928656
4274,-0.6584381306837812,-0.883669005299752
4275,-0.2706816914355305,-0.370325316967455
4276,-0.2871028512913231,-0.36766056033718564
4277,-0.20170864065226973,-0.36475716562606975
4278,-0.37851406374651664,-0.5147150847356365
4279,-0.4333565376430642,-0.6447201882288149
4280,-0.37150967378672756,-0.48012915927390043
4281,-0.1717658311851443,-0.37745234659631177
4282,-0.484614220481372,-0.4843284986177197
4283,-0.5206014472776225,-0.6292857745980744
4284,-0.3024499449327228,-0.3307350376168689
4285,-0.23467793585032443,-0.439054231333526
4286,-0.23933148129872697,-0.25501014124274834
4287,-0.594599681442816,-0.6675557301074239
4288,-0.3249291568799147,-0.5996657061361839
4289,-0.5493995286991956,-0.7273666085652627
4290,-0.6220322124427751,-0.743346864227881
4291,-0.003123854293957222,-0.2080220914797753
4292,-0.5520960293538627,-0.6503467148847193
4293,-0.5139223402311052,-0.7512375187905669
4294,-0.12660997280883793,-0.2516027186857132
4295,-0.2901936469543801,-0.39809831915493166
4296,-0.6630648218799694,-0.7917866272777286
4297,-0.2063700853619782,-0.23027140205276259
4298,-0.19077239049699293,-0.18739424643470098
4299,-0.37085771886508145,-0.42279945590580675
4300,-0.5683093808583198,-0.6737582680460527
4301,0.07220586460677868,-0.06128462838782996
4302,-0.23099328800662713,-0.342188258627684
4303,0.0013433145056958589,-0.06942325648931764
4304,-0.30125921361970753,-0.35754024503934134
4305,-0.3780853405277604,-0.39858007577779847
4306,-0.24672749433773442,-0.3412374920979634
4307,-0.5260633062351607,-0.6220146356674285
4308,-0.17242578345533957,-0.24960382460718708
4309,-0.28937193933581185,-0.3768549338462794
4310,-0.3640421926599611,-0.39844036847972
4311,-0.6408126772422116,-0.6367315811226796
4312,-0.6512600366472776,-0.7473461160743763
4313,-0.37036903984016584,-0.3854325217533282
4314,-0.4394372010694226,-0.4955430302458387
4315,-0.3172729812205886,-0.4607325354668683
4316,-0.3889719607616267,-0.4964887443606344
4317,-0.26457216219110496,-0.5381954220212322
4318,-0.9342246923132594,-1.0832913456294482
4319,-0.38176201622061173,-0.5309155389698256
4320,-0.6457066550754367,-0.7250924827971494
4321,-0.22072302548951267,-0.4045115891010361
4322,-0.38407748599670916,-0.6429387560040274
4323,-0.6649306507472919,-0.7484337227813487
4324,-0.4623215078786724,-0.6328993081113636
4325,-0.2815749483740767,-0.38480066307414285
4326,-0.30584120179045676,-0.37860319098631245
4327,-0.507499010340667,-0.6588214581874098
4328,-0.40890408141647905,-0.5540975166651171
4329,-0.5476906642630349,-0.754514732158124
4330,-0.6399673909162449,-0.6385463297468518
4331,-0.6078147127320552,-0.8079054759625177
4332,-0.4283910816630448,-0.5383529449573963
4333,-0.020424801094228857,-0.12738996160161045
4334,-0.26082756277017166,-0.28079750389540775
4335,-0.2874709112243611,-0.45937309897407036
4336,-0.27466865677534075,-0.46001410542445553
4337,-0.3979436385950637,-0.4686550316976166
4338,-0.22286801770427547,-0.357274017202779
4339,-0.32975488935249503,-0.5449065885638218
4340,-0.34906195633343784,-0.3795586515909973
4341,-0.6947416142263262,-0.7676077511748162
4342,-0.23208332659219852,-0.4613694760834654
4343,-0.43336385323628857,-0.4586054340466966
4344,-0.24973776690194358,-0.3658808490430492
4345,0.4072989270687947,0.32194423803656885
4346,-0.009030506631337977,-0.020372158269285554
4347,-0.08893650588408974,-0.22710867178668295
4348,-0.214926111465935,-0.258613737427545
4349,0.0081305272509897,-0.04277187151343031
4350,-0.35822574636879473,-0.43062419397726287
4351,-0.045916432901577674,-0.07520905418681155
4352,-0.46122828746690814,-0.6605735081690404
4353,-0.41512702622940423,-0.4898769065357178
4354,-0.23083836836890553,-0.43127071433737
4355,-0.23958217797805148,-0.44459868395959495
4356,-0.448925901641362,-0.6461728621069837
4357,-0.5273567954815743,-0.6092352529763774
4358,-0.4280898476653699,-0.6578922287827346
4359,-0.5557445673826173,-0.6524476537798808
4360,-0.3415504799483325,-0.5169497727936729
4361,-0.18167051729899777,-0.32146433733811147
4362,0.07558659905854129,-0.0021459548408043075
4363,-0.01712190099630297,-0.10304383074021024
4364,-0.7084990483628306,-0.889344936492188
4365,-0.4706332732736533,-0.6184933639858462
4366,-0.44822753109026814,-0.6924725283311798
4367,-0.5325601403134199,-0.6338007728847367
4368,-0.4371476581702256,-0.5500785240784941
4369,-0.6529512036788299,-0.8659635659945867
4370,-0.2402237961971703,-0.3676759046454284
4371,0.018427332396640832,-0.12881569927210226
4372,-0.4467826140194125,-0.6592080621978592
4373,-0.40948624466015665,-0.532221372654484
4374,-0.32019765995170707,-0.49977017850824124
4375,-0.40567004412461516,-0.6184938129717474
4376,-0.21568122231959608,-0.29241338391607713
4377,-0.18619101811524297,-0.34268509018062465
4378,-0.07788767593234207,-0.28529479036346217
4379,-0.5629505031450012,-0.6582827258400166
4380,-0.2109858123471739,-0.3030098398906078
4381,-0.13924089084148936,-0.1380951379270464
4382,-0.19430205083105623,-0.3791486150603055
4383,0.30492450745393784,0.05231026960831693
4384,-0.16078234287903873,-0.37201418358528565
4385,-0.4313095108642364,-0.49627300194092827
4386,-0.5047249369604738,-0.5305231470378737
4387,-0.5600448935747991,-0.6917224384877418
4388,-0.409449979308118,-0.703426278580038
4389,-0.4042503085406715,-0.4550304828639217
4390,-0.3245204586317304,-0.3953858451366148
4391,-0.539523346282183,-0.6227642672981092
4392,-0.27667067836793,-0.45197788033108127
4393,-0.6407673246569107,-0.6785692851337805
4394,-0.6118895818384606,-0.8083059063210326
4395,-0.5874012491056075,-0.790386692492094
4396,-0.44368244590544836,-0.6345754234028951
4397,-0.3965161050501384,-0.4728950410278517
4398,0.019379473051318444,0.01635208216783301
4399,-0.3438410997275864,-0.4534365900035266
4400,0.013701455705520553,-0.06186208424036275
4401,-0.4467056777668157,-0.4884471095831923
4402,-0.24660973678640338,-0.44648185687566494
4403,-0.3500861141102231,-0.5261602301061379
4404,-0.43744347886315865,-0.587083575337315
4405,0.04693105603517105,-0.0741711203008307
4406,-0.22006508156105445,-0.29775219619822985
4407,-0.6691534537908983,-0.766916504622424
4408,-0.6185397454219161,-0.9433481565526116
4409,-0.5677598256081389,-0.7598892743858449
4410,-0.4677777211485514,-0.6085464450367226
4411,-0.3644337939694227,-0.5141101709483059
4412,-0.40759710957927364,-0.5626740644774283
4413,-0.734401975818904,-0.8581002155999703
4414,-0.6990997743317,-0.922008127338922
4415,-0.3857306985624849,-0.4127746770486613
4416,-0.46583707635010435,-0.5596915315327481
4417,-0.23814951222778552,-0.363045712936538
4418,-0.10734832228721244,-0.23206092007868548
4419,-0.4642149524059211,-0.5700704412701154
4420,-0.674437450084558,-0.8671342753372486
4421,-0.7539823818379707,-0.7873766745494525
4422,-0.5586152370443866,-0.7028784835665549
4423,-0.48968539513944476,-0.6803770655601773
4424,-0.04606516165443215,-0.06289441506118028
4425,-0.3544047679558469,-0.42878104650792087
4426,-0.6761011088691694,-0.9671726559082802
4427,-0.028550554771625297,-0.11250081758665337
4428,-0.1817427321952566,-0.2604109665996103
4429,-0.10888008770433298,-0.1594869255054804
4430,-0.17008398898734273,-0.28591625508849106
4431,-0.5841663629823702,-0.8424576528140437
4432,-0.1995449558764037,-0.26855927771145016
4433,-0.14455727625981477,-0.31288004260461943
4434,-0.2588287338416644,-0.4554482795926135
4435,-0.14993492467934974,-0.2785655638380727
4436,-0.2037928396329322,-0.30865544714585796
4437,-0.576973989982887,-0.9251017016452766
4438,-0.25945125047522305,-0.33726918688386204
4439,-0.4034447952209175,-0.5319709179159869
4440,-0.26749364858985974,-0.44639752666313876
4441,0.011706462845208007,-0.19108564903371664
4442,-0.23726766254584936,-0.3885713477598735
4443,-0.27362277313039585,-0.3525654788810622
4444,-0.1580892397038732,-0.3927829594467511
4445,-0.2835621739898222,-0.3634550065550934
4446,-0.09784501570716159,-0.27723452870018606
4447,-0.12028123254525833,-0.2432186149168545
4448,-0.37428848260351116,-0.546545727668338
4449,-0.24725303122198009,-0.4025902283538418
4450,0.01916950653807667,-0.02775663469279908
4451,-0.21630116435920885,-0.40529093829230295
4452,-0.17342911908640737,-0.27594266081301394
4453,-0.3022619752734962,-0.4240391813310961
4454,-0.2913950820357328,-0.3210478985622099
4455,-0.21986815219983824,-0.37379539583697413
4456,-0.29656372543108667,-0.49231326860329966
4457,0.02635990075746147,-0.059887074340429995
4458,-0.3049308993132376,-0.42723402045548586
4459,-0.3263313793329081,-0.41084905349665235
4460,-0.2735600342037231,-0.29093495722261353
4461,-0.12536426931316494,-0.22047362258615763
4462,-0.36670798324487386,-0.4421549200105961
4463,-0.7213190983868853,-0.8674405112436931
4464,-0.3480330380116218,-0.4644195985092247
4465,-0.021303708220477807,-0.21001182287984163
4466,0.05522624129287602,-0.06793024982486187
4467,-0.1808833754276503,-0.2998833420427384
4468,-0.5639790786709247,-0.6190194508076968
4469,-0.14716273907597513,-0.2955896718152462
4470,-0.061742286672922926,-0.15526025198312074
4471,-0.5289408754035627,-0.6257211805955857
4472,-0.32344217517646007,-0.44923675902013077
4473,-0.27501426413019375,-0.35866751670208075
4474,-0.6727336464341468,-0.7786632662782483
4475,-0.35250493987779097,-0.6012245014782586
4476,-0.47684461984914767,-0.4814054170604016
4477,-0.2761829514755158,-0.36492729799994245
4478,-0.36710440771536046,-0.6044518379066207
4479,-0.3770873589155147,-0.4971591433259185
4480,-0.25484926268618274,-0.36421048657281285
4481,-0.5490128629017216,-0.7600086912596217
4482,-0.546165817313906,-0.6588623781684452
4483,-0.3126115946468509,-0.5135810573717919
4484,0.12682843770462385,0.11319341407378511
4485,-0.29203459534579146,-0.46594117995018425
4486,-0.2398229097169581,-0.32311796605009596
4487,0.038608686293373835,-0.07104052912645865
4488,-0.5040360554012406,-0.5922317139447117
4489,0.06493451387633505,-0.03970592989794577
4490,-0.3568473868237056,-0.43786491788562837
4491,-0.5207978765413552,-0.5922421304745452
4492,-0.40554476837753584,-0.4191525583345032
4493,-0.3363682292814821,-0.4193638637845869
4494,-0.44344447874155846,-0.482589939385792
4495,-0.22549162331217187,-0.32247255520169554
4496,-0.00012333132773757188,-0.07057793293962292
4497,0.05526110750054028,-0.02221257849330547
4498,-0.20957167201682347,-0.41201076585878615
4499,-0.21202391554849934,-0.31519020678808973
4500,-0.33291352846497485,-0.4621857856202504
4501,-0.5314727469265725,-0.7250520920867863
4502,-0.5613686070850424,-0.7116486062458158
4503,-0.2727423403236376,-0.36138317966455613
4504,-0.6395765104996534,-0.6522983981307309
4505,-0.016620067549690875,-0.23858245869718464
4506,-0.6729814724885651,-0.8237840442065218
4507,-0.6149373118017137,-0.6084478888588908
4508,-0.24712754539378967,-0.3882506038799704
4509,-0.3470092641816082,-0.40487832423273157
4510,-0.22840597731168705,-0.30748017248701354
4511,-0.5195025294423257,-0.5751732350618605
4512,-0.5734371139282934,-0.7568336752863323
4513,-0.3713562034458454,-0.5113290351399146
4514,-0.2379063519828592,-0.40655459305131664
4515,-0.38578436326346893,-0.5510383500150257
4516,-0.3917515702649015,-0.5561107094963641
4517,-0.48616728507266543,-0.6012378111485431
4518,-0.33130260094538844,-0.5062701802784214
4519,-0.2936769737154583,-0.343865717086095
4520,-0.47792899219964063,-0.5787359135881104
4521,-0.15080046330913935,-0.1713245700644544
4522,-0.6237526581850409,-0.7727412585085562
4523,-0.22347646332253507,-0.28314113277626735
4524,-0.5000319961660307,-0.6044347374608479
4525,-0.09148963037449559,-0.2597561498407083
4526,-0.1528767744724677,-0.23903074067167532
4527,-0.17755820230634398,-0.2263983309888223
4528,-0.6429332153786672,-0.6706493592727545
4529,-0.2357506230086604,-0.2481949481382711
4530,-0.41265578236533673,-0.41249320856583715
4531,-0.2621966094547601,-0.3282356321369791
4532,-0.059408728832869975,-0.1499080653308267
4533,-0.2768349992243628,-0.5639168170599395
4534,0.0010782596546514273,-0.11569953258360828
4535,-0.307521960850045,-0.37357660809312737
4536,-0.42090496606943306,-0.4603399288982631
4537,-0.842896821169228,-0.937234826163341
4538,-0.33420300525153745,-0.461693819656821
4539,-0.3744748384698317,-0.5947069068426319
4540,-0.1511996896256959,-0.2626076542749541
4541,0.0019523168507211643,-0.09505436253304299
4542,-0.19494050097499888,-0.3454841850957785
4543,-0.468925094764931,-0.6528347770469374
4544,-0.19892604658075555,-0.3548363401230406
4545,-0.4928851362038222,-0.5439089108335069
4546,-0.2607642009271829,-0.39519089728577267
4547,-0.4945042491785998,-0.7595926733947398
4548,-0.23223674524361135,-0.3879801491192004
4549,-0.2795849948759045,-0.35971377723522435
4550,-0.5160397066644296,-0.5910544097574683
4551,-0.5238577547042578,-0.6188706666598521
4552,-0.5055001536635213,-0.6838054636731614
4553,0.016195818116401223,0.022621566220172116
4554,-0.5132091507949895,-0.6701788480025804
4555,-0.8459925501750102,-1.03522396575621
4556,-0.1431693993205064,-0.21349628851816893
4557,-0.5148429003424195,-0.8528203760526804
4558,-0.3480946480133682,-0.4070001460085554
4559,-0.4229932285715783,-0.5151870066344234
4560,-0.19606651543270717,-0.27551384367881254
4561,-0.5048519473071665,-0.676963296713983
4562,-0.23600899360291583,-0.44009446373427974
4563,-0.49186218371698526,-0.6454651456786098
4564,-0.5234623024643534,-0.6933346582251755
4565,-0.5996808524448856,-0.7541443599833894
4566,-0.2957083074543455,-0.3320125344746353
4567,-0.2975522956686838,-0.4138595700019575
4568,-0.31180682812102406,-0.42919121136992444
4569,-0.4201908725334759,-0.6911231792520554
4570,-0.2453471601252111,-0.3054200362335653
4571,-0.6666035397241877,-0.7648039786176551
4572,-0.23678440312085638,-0.18962110259904674
4573,-0.4287686209601158,-0.5241966333793008
4574,-0.29504637033612413,-0.3748976830740834
4575,-0.48260109606681617,-0.5372723925232151
4576,-0.4962737868078442,-0.5876518577132828
4577,-0.1390537892241245,-0.17101061442249102
4578,-0.521023195111472,-0.6397205327756027
4579,-0.3536330623582973,-0.45436466468884507
4580,-0.3359690182078047,-0.3531055968496315
4581,-0.054759392034601985,-0.1137672383035937
4582,-0.48001235191597785,-0.5874873413325827
4583,0.08473414616541512,-0.02040601947834104
4584,-0.6726087051737397,-0.8154307716262118
4585,-0.007899089892999644,-0.222422105438082
4586,-0.40143102009938647,-0.6879054552922522
4587,-0.43608838635141367,-0.5723671361958639
4588,-0.11428548033475767,-0.22470857021922105
4589,-0.40060064374665943,-0.6203208438386177
4590,-0.46034451702075624,-0.6262671294881786
4591,-0.4395967542545619,-0.5001798807312507
4592,0.05946252488463968,-0.0640706222343845
4593,-0.24597780921569434,-0.39968763697121307
4594,-0.3822202554724759,-0.5527467300608334
4595,-0.6499604874807574,-0.8065035263166686
4596,-0.6683952940131996,-0.7208110928584797
4597,-0.2708948152117914,-0.4673530479375773
4598,-0.42571948959949235,-0.5629984952808756
4599,-0.6790214236134773,-0.8220178290761214
4600,-0.058492422813923216,-0.136403264119752
4601,-0.49469981505233285,-0.6485829736639843
4602,-0.17651021084086066,-0.3218500388108025
4603,-0.5118463637260143,-0.6418965334032402
4604,-0.37233666627376427,-0.5376975095390999
4605,-0.2601575336202194,-0.2948718933968994
4606,-0.029286155870630468,-0.06823819416875873
4607,0.027034659335687706,-0.061140834043053226
4608,-0.26098113833490266,-0.3198321793395763
4609,-0.2899524601588812,-0.4549712201340342
4610,-0.3047304444476083,-0.4238498668229628
4611,0.027198962096057013,-0.060821691174630946
4612,-0.3376552933138435,-0.47366579448363383
4613,-0.36143941512942723,-0.632018699529559
4614,-0.2778243283295832,-0.6289791905355505
4615,-0.7377538754932528,-0.9284523821683681
4616,-0.31531659394820927,-0.4276235322684323
4617,-0.09764481339272624,-0.23813281943223766
4618,-0.35386006771945977,-0.528657421433117
4619,-0.22765931193785308,-0.29951494774384835
4620,-0.4789422258664494,-0.5151458174039506
4621,-0.06881270513899426,-0.1747856033253017
4622,-0.4435364156629283,-0.5646470614960158
4623,-0.6238717157517525,-0.8311456057626344
4624,-0.3692425148567487,-0.4508247147292934
4625,-0.5028732453933,-0.698098425623621
4626,-0.025635312219380563,-0.10382658507959198
4627,-0.49623603512580006,-0.495963872792479
4628,-0.5537916884573278,-0.708086635577757
4629,-0.32422758595728224,-0.6668914253470221
4630,-0.7340548863615688,-0.9925848559449827
4631,-0.2552202735241185,-0.36180948967393006
4632,-0.35127853232245,-0.4442383693971206
4633,-0.21518764163144496,-0.33979466402569997
4634,-0.775494909949566,-0.8538777218212812
4635,-0.5083225005059324,-0.5693735865889892
4636,-0.6473563384100239,-0.7624341978569623
4637,-0.6151716742290421,-0.6801211678289643
4638,-0.5951660832692834,-0.96557068228283
4639,-0.04116082553953139,-0.25165246562064586
4640,-0.07061745526921723,-0.04835315299131244
4641,-0.5563800052414994,-0.7519908351278434
4642,-0.4980876593554803,-0.5936823291117009
4643,-0.4348669693280539,-0.5679177668317948
4644,-0.588238315548014,-0.8201006117468135
4645,-0.19784990044574163,-0.2881982971990991
4646,-0.2790918499130959,-0.461818798643457
4647,-0.15261645083296652,-0.17688862036121653
4648,-0.47005456687491304,-0.6334135707041617
4649,-0.23078221470795562,-0.4120171523133678
4650,-0.4397449564215346,-0.575714638299209
4651,-0.4810573813312546,-0.6063722201049606
4652,-0.526789524129647,-0.6404354260404308
4653,-0.09746942076323285,-0.21917291694340393
4654,-0.05375486010871817,-0.20487383821961108
4655,-0.38577480928446517,-0.5237457109805579
4656,-0.6202905400396058,-0.8450149563690407
4657,-0.3637614251919987,-0.4916557403030967
4658,-0.34934701635179266,-0.47137479402430954
4659,-0.4236227591395709,-0.627111654842203
4660,-0.3232812695753295,-0.38628074448648037
4661,-0.5943240679203794,-0.7801806768997368
4662,-0.48499007293198637,-0.6250511747643368
4663,-0.3824256811183531,-0.5318037133845867
4664,0.01008135255329754,-0.05887840711578746
4665,-0.1306626788565149,-0.153939064456498
4666,-0.16897143294711586,-0.4214732753694763
4667,-0.3105086718422384,-0.3639723325700326
4668,0.09141819668111613,-0.1381956833547213
4669,-0.5286778803617,-0.6062602304186278
4670,-0.33682551121746596,-0.4382031431601277
4671,-0.5741981272957668,-0.5701838846613257
4672,-0.09713719420474876,-0.24109557134255266
4673,-0.3630303579453114,-0.44323322638039175
4674,-0.13950675672307977,-0.23479424599752519
4675,-0.09474398289697965,-0.19848109462361943
4676,-0.1500711094244893,-0.2952933218141898
4677,-0.5852831946882452,-0.6963459984830331
4678,-0.16629318939480453,-0.21215014214617883
4679,-0.248568199200663,-0.47430318343007727
4680,-0.2735362252343289,-0.3232195052115986
4681,-0.33834611640076995,-0.5468121510688219
4682,-0.514888173762456,-0.5156278679818908
4683,-0.4676036125851567,-0.6924888652570017
4684,-0.3796203237129645,-0.6782441001163876
4685,-0.4538779598253133,-0.5060363953795219
4686,-0.4868732670951796,-0.6700822371294016
4687,-0.5398332209859895,-0.6266141953893978
4688,-0.21571836688397475,-0.3391402586623027
4689,-0.5452954543100668,-0.6513967819501589
4690,-0.453175170850937,-0.5729880495335098
4691,-0.28241473812703954,-0.39365638164402506
4692,0.0846933867183367,-0.0005508367498054439
4693,-0.3798383488193732,-0.5746446784734875
4694,-0.7140095499538528,-0.9812070365855674
4695,-0.6118267772198704,-0.6741234266516061
4696,-0.2629342934642656,-0.3873847172321988
4697,-0.6600073108455515,-0.8341227916733062
4698,-0.36715972786595746,-0.46171112628973654
4699,-0.3127293821293112,-0.4345609700068146
4700,-0.41726556293661177,-0.6115953857440215
4701,-0.25646853451741375,-0.3248482783359514
4702,-0.3147552931596331,-0.4053033272685032
4703,-0.3548314283246665,-0.36004250924132947
4704,-0.11659425683159709,-0.151101351668913
4705,-0.39922557273388615,-0.5592023666945262
4706,-0.3113764415437993,-0.43671836742520453
4707,-0.06527105050577146,-0.1628284126198297
4708,-0.6432459520365796,-0.6946447836470268
4709,-0.21107427658749048,-0.4165335913897857
4710,-0.32861243309296617,-0.4588166250927788
4711,-0.5130065436854603,-0.5469545490328952
4712,-0.30435136400270585,-0.40688523285971545
4713,-0.3175594313771964,-0.519412821956135
4714,-0.5031772655033265,-0.7013200624543738
4715,-0.5533969357690698,-0.7640238120666742
4716,-0.10491399004755204,-0.3205415112573138
4717,-0.3267651876781878,-0.5026353648772305
4718,-0.16375615657905282,-0.4051878701284312
4719,-0.4777135770955429,-0.5068634832842811
4720,-0.15979307594406184,-0.31858676675086484
4721,-0.6199054767562627,-0.7517636452078467
4722,-0.2868841001799533,-0.35803637118378545
4723,-0.5409458713319023,-0.6982967008398306
4724,-0.09599073552368532,-0.11106781574146805
4725,-0.5336759723711498,-0.6840700839692964
4726,-0.524653294271427,-0.6795874075520643
4727,-0.12205422049120156,-0.23685399211248537
4728,-0.4534753199908672,-0.7213225236145708
4729,-0.2346830818880443,-0.4085934893035683
4730,-0.5226137143841787,-0.6892566670470169
4731,-0.35093339952170005,-0.611875634125885
4732,-0.4520930195907366,-0.5684515358873178
4733,-0.5745644155524608,-0.8267417198515012
4734,-0.2925698700058927,-0.4259455323354247
4735,-0.3033925090517089,-0.33606515973299406
4736,-0.31991738469685316,-0.4336875313030044
4737,-0.4381905946447797,-0.638864887518336
4738,0.10815156332640725,-0.014435424584828625
4739,-0.3326544831435323,-0.5254524765395088
4740,-0.4698446854677504,-0.5440363495554615
4741,-0.7199731763569591,-0.7829326546876013
4742,-0.8327964056245862,-1.0051315538245433
4743,-0.19424530159481296,-0.26307777632506363
4744,-0.26635196633525604,-0.6040182490879931
4745,-0.29440234014651734,-0.38181058835549037
4746,-0.17186175070565798,-0.32243867966692774
4747,-0.301086495401455,-0.4084495706238239
4748,-0.6238738672100753,-0.7593673000733124
4749,-0.43031514107234947,-0.6191413804867535
4750,-0.4445092223661923,-0.6578881608126822
4751,-0.5061961639118904,-0.5706570417883524
4752,-0.6907376767209326,-0.8492911946459757
4753,-0.2669800504679608,-0.4139933658248919
4754,-0.3377778690284835,-0.4033723758528123
4755,-0.12202660692535416,-0.1733782766940613
4756,-0.17471312871776584,-0.3241130161365673
4757,-0.4646015689895123,-0.6117433234519445
4758,-0.4473408161055901,-0.6409190640835121
4759,-0.16261301808893758,-0.27279622360279615
4760,-0.13986290711417176,-0.27014754835606597
4761,-0.4136897759267303,-0.6007711557143411
4762,-0.2585392238490688,-0.3748303662589616
4763,-0.39902097360790323,-0.4917001267547303
4764,-0.04385885605201562,-0.0760748298094093
4765,-0.059474184316218405,-0.24771786477679925
4766,-0.3982282932094806,-0.5570985066259013
4767,-0.46867181861860147,-0.6041794315880646
4768,-0.6189048530501636,-0.8294598680337412
4769,-0.018215174681032818,-0.05867652482037422
4770,0.0004493417461944261,-0.06043982318089116
4771,-0.47596381562889317,-0.5957081402264844
4772,-0.35431026102465785,-0.5027640252079095
4773,-0.2020792367911862,-0.4026014592496322
4774,-0.2923970140736807,-0.5682206393829894
4775,-0.5889946286987224,-0.7983755580020155
4776,-0.3745821976085709,-0.6499782775077662
4777,-0.290229994614199,-0.36464418179296054
4778,-0.4951325120574164,-0.5740127661462022
4779,-0.4034412445086363,-0.4772895099378166
4780,-0.8431698527486409,-0.9582258572814978
4781,-0.0003294782033887518,-0.08405408464415841
4782,-0.34133095598066765,-0.47961492585585863
4783,-0.5663843569959887,-0.6459659712819771
4784,-0.1780764607446311,-0.4144312335268656
4785,-0.5672550589905361,-0.6528905483895676
4786,-0.5342411112305214,-0.7830071310555423
4787,-0.2226775895615687,-0.2606963457688552
4788,-0.7960841592022382,-0.9667276416508255
4789,-0.2158458207598439,-0.26849795287685235
4790,-0.6942156552435398,-0.7914363045974515
4791,-0.49689252298215936,-0.6529678457506457
4792,-0.46246062212042127,-0.6023702164460653
4793,-0.12814445691782575,-0.2601479392295495
4794,-0.6994486838866748,-0.8555994438070411
4795,-0.03237847544053378,-0.18118061779508937
4796,-0.34209788065971924,-0.48617655509034724
4797,-0.21625763127242162,-0.2926846840119631
4798,-0.4530509074317076,-0.5740419552285456
4799,-0.2924964995317903,-0.4549623293304212
4800,-0.3247129013118373,-0.3909338580965843
4801,-0.3394357963553478,-0.359229860571989
4802,-0.22242939488579835,-0.4096459420635333
4803,-0.3281603351204179,-0.38229985779402076
4804,-0.4112492439447737,-0.548849266165126
4805,-0.1793364943105318,-0.3243162710533528
4806,-0.6727251781794094,-0.8298840396401794
4807,-0.282403670698719,-0.4639041211507516
4808,-0.3072435753923989,-0.37716421691213114
4809,-0.48298036958826024,-0.676426317712063
4810,-0.20533168853787934,-0.3362648588207541
4811,-0.43461755534528274,-0.5380946376715525
4812,-0.251081608473014,-0.38971156069639307
4813,-0.23718083035340404,-0.3816982519988208
4814,-0.6522057529418003,-0.7348750839984283
4815,-0.483090954479487,-0.633651137954846
4816,0.0043298872701239615,-0.08654041065194604
4817,-0.48781276348723024,-0.6807364039410463
4818,-0.1184348777157274,-0.15274749976819535
4819,-0.5887967664337479,-0.7091742005850553
4820,-0.23217077085518562,-0.4694395030001417
4821,-0.35943610333963266,-0.448131101867914
4822,-0.17031351872933861,-0.2863483483402177
4823,-0.09750791744786293,-0.12712276671892686
4824,-0.502043630622045,-0.6648792819750886
4825,-0.4980072260001378,-0.5923020138811537
4826,-0.41677906052803854,-0.8465598788920101
4827,-0.5235426985462873,-0.5439795040520251
4828,-0.46607496182747155,-0.5396959326631128
4829,-0.1808379379973222,-0.32016642510129883
4830,-0.322878052049042,-0.664185414883562
4831,-0.1376035776096814,-0.36368846772638364
4832,-0.5200364473870298,-0.6872829668621024
4833,-0.155629109182513,-0.2027942884558042
4834,-0.1622389305221041,-0.42614521316409937
4835,-0.43720700467895335,-0.5102605491804411
4836,-0.40991777500433446,-0.4317447267900418
4837,-0.5268340938808649,-0.6490033195878302
4838,-0.4507051120491898,-0.6222294522457853
4839,-0.6328875490618583,-0.8008770708260103
4840,-0.3064580281610773,-0.4694872531359666
4841,-0.44848213088031275,-0.5126244138734058
4842,0.10817153399185826,0.011916276110954164
4843,-0.32838214935551746,-0.5093877344834477
4844,-0.44175235487786774,-0.5820468415315937
4845,-0.1850984574643855,-0.3342599483625543
4846,-0.33968681897906733,-0.3918032266231695
4847,-0.6906607615990299,-0.8321315034017526
4848,-0.314587210403853,-0.3955176596386526
4849,-0.04230147366641864,-0.12375654693713818
4850,-0.1581509723946862,-0.345520793585475
4851,-0.3231439958208057,-0.3964872074810815
4852,-0.6999836571486772,-0.8803751964291597
4853,-0.33018755397354593,-0.3936132486862173
4854,-0.07673384300174212,-0.08426600361978544
4855,-0.6748698009956366,-0.8550041465860486
4856,0.07123942426382787,-0.04405003149276961
4857,-0.1387528286063441,-0.19671634054793893
4858,-0.5118133140207614,-0.7610422349771907
4859,-0.19108742130198692,-0.2690627979951491
4860,-0.6869033513244357,-0.8553301801420811
4861,-0.7455625959902054,-0.9122652773565824
4862,-0.7436669934350538,-1.0142658557730515
4863,-0.04156058867772875,-0.17344024282320786
4864,-0.5337562260807373,-0.7279980215034626
4865,0.029893107155641543,-0.0808121309053808
4866,-0.1934889272648638,-0.2866557789904895
4867,-0.1757975946114026,-0.34473099279911945
4868,-0.6741697877892852,-0.9677797232226308
4869,-0.6197675788733337,-0.9346915170851409
4870,-0.6303614483261206,-0.7593712814122755
4871,-0.44270308949291765,-0.5118218931841179
4872,-0.5548130192093561,-0.7398509497309546
4873,-0.37539733612562703,-0.5837170108532527
4874,-0.26314685429599605,-0.5057747087497081
4875,-0.2221366536176293,-0.2562261420825916
4876,-0.20481732987360488,-0.3519528222226966
4877,-0.7174316934291424,-0.8441556299671983
4878,-0.35779898194086596,-0.5476169624857364
4879,-0.07258261413626037,-0.1313363461885046
4880,-0.5901482006847544,-0.8701746954270014
4881,0.052144599695888895,-0.048844557449494896
4882,-0.3781838079703236,-0.41308398131301427
4883,-0.24032378561119047,-0.3808719423058071
4884,-0.24324407522080696,-0.3937950844950994
4885,-0.3774127615493198,-0.4285589670529312
4886,-0.3849930327495213,-0.6302691184189326
4887,-0.45125260993288185,-0.6707648562844347
4888,-0.509390278225598,-0.6209792245855958
4889,-0.4597971075857346,-0.5990724000039833
4890,-0.46944918712135786,-0.529821758724614
4891,-0.3914555601941997,-0.5000551150768895
4892,-0.4166617682285406,-0.47536591032288983
4893,-0.43643690432145804,-0.6053104999293577
4894,-0.2262212631909311,-0.45110073500624176
4895,-0.46955650425932394,-0.5766482323544633
4896,0.06014545131611379,-0.048602342643900676
4897,-0.3301467616991657,-0.43690263280673175
4898,-0.2574466960367027,-0.43402555087021394
4899,-0.27732050251010254,-0.4178863714619111
4900,-0.14407522681392348,-0.3336721364942231
4901,-0.3655620694112681,-0.49778802491531704
4902,0.050921641023872914,-0.03109309278546997
4903,-0.2230965339641393,-0.35145234242802503
4904,-0.13384127723960296,-0.3407295356134194
4905,-0.45960553605922233,-0.4544327742572084
4906,0.0358023955927429,-0.07701382110316252
4907,-0.12057698502164908,-0.2281998365269291
4908,-0.316289058529261,-0.4079318701363555
4909,-0.4317394725167723,-0.44659236245323713
4910,-0.48910045794138396,-0.506727514690086
4911,-0.5742270153276255,-0.7691596431092071
4912,-0.3923954574001385,-0.45757456591424894
4913,-0.31605305643521286,-0.5582676063400988
4914,-0.5707712773455504,-0.6197067960859752
4915,-0.2845886910899602,-0.35997110594293397
4916,-0.07042475367933454,-0.23976630167445917
4917,-0.37922687588601983,-0.4664055046294207
4918,-0.5931797392616521,-0.7175891897287057
4919,-0.002478940465496683,-0.05783576129514573
4920,-0.5999857171975483,-0.7209242397478564
4921,-0.4951922480462525,-0.6217055250073401
4922,-0.23357270994615395,-0.4287931560330053
4923,-0.01617930388800249,-0.1430071098345354
4924,-0.1559247755881452,-0.31515142761327775
4925,-0.37142319340942653,-0.5180091152360767
4926,0.025282326735381666,-0.05161578424105215
4927,-0.5216647022351383,-0.6282872705259553
4928,-0.2014558486419672,-0.2093125955894239
4929,-0.2490238699422223,-0.32391766917165116
4930,-0.2146734422702802,-0.27669871639751425
4931,-0.3008670904068102,-0.4053157622131395
4932,-0.5402928855334368,-0.5878827386152713
4933,-0.23157053251274004,-0.24830426124635516
4934,-0.30086699601637706,-0.41090932979797207
4935,-0.7468911550149063,-0.9045813925917712
4936,-0.3591586223511144,-0.5538949994694475
4937,-0.2704503284146102,-0.3639965496655175
4938,-0.42994891235076044,-0.6970856570293681
4939,-0.4599350155303906,-0.5837779903059134
4940,-0.5978520620688735,-0.9360450577332027
4941,-0.1652689437125383,-0.22379517131586513
4942,-0.18275574734014816,-0.3805234888091772
4943,-0.311813066905641,-0.3382311273985555
4944,-0.03809494599994745,-0.2934693321011236
4945,0.12781402277529835,0.038803579920460705
4946,0.015169902951925503,-0.04342121709035633
4947,-0.12248264776695927,-0.31023062992975436
4948,-0.21643338335901505,-0.33138231859990425
4949,-0.7326994068477812,-0.8881681872069926
4950,-0.30767402034971264,-0.43527160752438526
4951,-0.36805856919483426,-0.49025170594078643
4952,-0.4732518038187673,-0.5788839323383128
4953,-0.24781761448762596,-0.3808015150520286
4954,-0.7730726354432894,-0.8690964873820817
4955,-0.23712993280132022,-0.37625188051243746
4956,-0.3390447581452884,-0.37047854307276606
4957,-0.47257958326163324,-0.5319096014288363
4958,0.1769342754179611,0.036133929951461564
4959,-0.3634438272913504,-0.48092503091929406
4960,-0.25018745535609543,-0.3610067037046612
4961,-0.35336626968471246,-0.6441002127363347
4962,-0.5324034307468152,-0.6309059921614214
4963,-0.24962872911204406,-0.32903534325220535
4964,-0.4866324238254805,-0.48604560179160283
4965,-0.27808499954991556,-0.28254337208335106
4966,0.0543811201271197,-0.1121398051419724
4967,0.14411078908385688,0.08590047584547691
4968,-0.2098233683123354,-0.24969069989896564
4969,-0.4263406874935083,-0.5213110173561686
4970,-0.2674284600673754,-0.3533360261897232
4971,-0.3719083872187488,-0.46933984130850165
4972,-0.5961755522761566,-0.6663096519649534
4973,-0.3379820845019788,-0.520781476040443
4974,-0.4204738125882011,-0.502450074934888
4975,-0.0477157970664509,-0.19103619053705034
4976,-0.3385457680462514,-0.4238411443856372
4977,-0.4730992076413976,-0.6353007921250541
4978,-0.6035179564765025,-0.6265775377254917
4979,-0.4377739067556367,-0.532180164813692
4980,-0.052812067619095626,-0.11136441223743243
4981,-0.18150125337867462,-0.2681713711254132
4982,-0.15675606857531052,-0.1580343989704971
4983,-0.2820529628105209,-0.47755906810718296
4984,-0.26796379321310104,-0.5001963872558374
4985,-0.17869509126221625,-0.30930332608916783
4986,-0.7436084886291,-1.0144102716903385
4987,-0.7670177163186098,-0.9502914199031496
4988,-0.5243382627717402,-0.5953604141784927
4989,-0.46234980811652515,-0.6368906889038115
4990,-0.42964685738392344,-0.5031281227917853
4991,-0.4426259960121296,-0.5176693469924403
4992,-0.4744084287890942,-0.6584885573238481
4993,-0.18394661626161618,-0.2983268134990332
4994,-0.4268715014482019,-0.504843688492461
4995,-0.4863172488852056,-0.6127432925122439
4996,-0.3338234559348329,-0.4002476873168188
4997,-0.47950904008603806,-0.5769023259036263
4998,-0.4217209055862597,-0.5487240545377577
4999,-0.37324153069067534,-0.4580179881420838
5000,-0.5558986046033729,-0.6797101390674438
5001,-0.3606562677421414,-0.5126989893883238
5002,-0.19991130644965063,-0.2854073952299249
5003,-0.4283176445377449,-0.5745383869517077
5004,-0.3811948109443114,-0.7052903834333133
5005,-0.10211832704257393,-0.17125711279272646
5006,-0.3358281254475199,-0.4362683677185551
5007,-0.23877701679178087,-0.4536657866239714
5008,-0.34732958769062716,-0.4829366254873623
5009,-0.2722196897518603,-0.43804414634588207
5010,-0.29757317344303436,-0.3412731891205772
5011,-0.11441826347874653,-0.19836512271142692
5012,-0.42374694953961867,-0.4403953517433929
5013,0.1716799400707002,0.10309671859845897
5014,-0.8256822563431799,-1.0274445776381063
5015,-0.33039810620225707,-0.46175572944684995
5016,-0.44849702732766505,-0.5344884267467549
5017,-0.31749356103532295,-0.45743884231563886
5018,-0.5604502695030036,-0.8343584416449903
5019,-0.6469228166100743,-0.6908546254495377
5020,-0.24321456508827272,-0.2568044685440243
5021,-0.38047900310902905,-0.5423394684444608
5022,-0.3823680097141025,-0.5084909622454548
5023,-0.5836415347969622,-0.7167007476892423
5024,-0.15228869300775397,-0.20144847485793904
5025,-0.6838438871096287,-0.9691383885514293
5026,-0.30521015658531075,-0.5785682507029782
5027,-0.2910775534992301,-0.5145046995164179
5028,-0.0650940340107346,-0.21475242152202945
5029,-0.48462258463054436,-0.5614722488301742
5030,-0.6437839384423678,-0.8018138076048561
5031,-0.46657289114179756,-0.7053725756305651
5032,-0.4897793334530208,-0.5501244989380824
5033,-0.19569293548735117,-0.2841592678859538
5034,-0.17645839663965013,-0.23642093637862896
5035,-0.3207987005616258,-0.40453019805395807
5036,-0.28101280040847515,-0.45276857920193525
5037,-0.37102312489570904,-0.5095964640028346
5038,-0.14448798449786682,-0.30226481606092215
5039,-0.1862685182352472,-0.3650454254652133
5040,-0.14544981131958426,-0.20140592804159335
5041,-0.10850663349738478,-0.2992076635653142
5042,-0.41785373610232623,-0.4477524575854168
5043,-0.48190869491093663,-0.608963784762069
5044,-0.35179821718432275,-0.5002759170748609
5045,-0.06425153851675709,-0.08655085763021013
5046,-0.27597140802462883,-0.3735029198317243
5047,-0.3379937772524085,-0.37168862605107683
5048,-0.3469094879207822,-0.4696064758621971
5049,-0.3409227421078244,-0.4281876560080384
5050,-0.2096291707586978,-0.29355469222645825
5051,-0.5071163447366597,-0.7205080627970349
5052,-0.6745565169734926,-0.8026555622765967
5053,-0.7211288743191326,-0.8885106084392242
5054,-0.3064801328568562,-0.3914009420613614
5055,-0.6410965379184677,-1.0361350141283723
5056,-0.18753902494100474,-0.28213170990942243
5057,-0.16485187981445729,-0.21385973353028095
5058,-0.3452013652520348,-0.42877757139099903
5059,-0.3847265708977547,-0.4864474762471138
5060,-0.2190185213917087,-0.4383802386286392
5061,-0.5030081602765045,-0.5105229038729215
5062,-0.8710606830589879,-0.9867182117252191
5063,-0.16416958317580027,-0.2599626091816706
5064,-0.3332891671999605,-0.4073996782933232
5065,-0.47580563588401653,-0.5905014539324486
5066,-0.12718566076891974,-0.17235652946323
5067,-0.43988512933044954,-0.5387720019713826
5068,-0.5469218367872057,-0.6006717202907452
5069,0.2972406831562818,0.1589211319060132
5070,-0.19455456624426418,-0.21084836415907235
5071,-0.29089637307210436,-0.4664154301860356
5072,-0.3524224940984483,-0.622071722584768
5073,0.01709957349344849,-0.0810060411212974
5074,-0.2517064146152628,-0.43575258148101664
5075,0.07512579424269543,-0.016600772677824286
5076,-0.20215863682406335,-0.25795550462860645
5077,-0.45237045086425465,-0.6307290976414274
5078,-0.3418506834146105,-0.4125108971115415
5079,-0.28161377783909514,-0.37615712639905236
5080,-0.2559766303797205,-0.45691556720299964
5081,-0.14755092140527415,-0.17360490490834474
5082,-0.35741299478221705,-0.619249436019761
5083,-0.18296212622602234,-0.3378924081217535
5084,-0.2501960680266903,-0.3188444334446237
5085,-0.5684294809946263,-0.6576149022029836
5086,-0.08691249491193684,-0.1124910307575782
5087,-0.1849247151751308,-0.38356297394050526
5088,-0.48975868406090256,-0.5844080263685569
5089,-0.5344615300455836,-0.5984864526285656
5090,-0.3572554482034152,-0.3932071904500759
5091,-0.23864254538059265,-0.30336128248164995
5092,-0.645182074012558,-0.6481891260755634
5093,-0.40212703734102256,-0.6673530990465663
5094,-0.17598871986746062,-0.2228134852153583
5095,-0.4258085806314612,-0.5169932260887766
5096,-0.3964770837544834,-0.6353370859068466
5097,-0.6123587030599584,-0.7195070186648307
5098,-0.3210200154624042,-0.48772953250511736
5099,-0.44186520345074676,-0.5595866699074639
5100,-0.15513582972371062,-0.29251982117228054
5101,-0.3025061828304685,-0.33269133372445153
5102,-0.4106214170666274,-0.4782754766667905
5103,-0.31804067012777004,-0.430147571060166
5104,-0.5790196492552858,-0.7363772759289484
5105,-0.2761243986574693,-0.4346696587132202
5106,-0.46922506768518873,-0.5321881788144441
5107,-0.05923851453093104,-0.23505698748486342
5108,-0.407744429380803,-0.5536499181369202
5109,-0.12724358094278945,-0.18573970810991725
5110,-0.2033745353413411,-0.24881707095836786
5111,0.05607798704997188,-0.03965385784981746
5112,-0.2833476820596924,-0.3502842196624341
5113,-0.20903248625411835,-0.2796546930797041
5114,-0.17436301175794602,-0.3160685110113956
5115,-0.010666505314589252,-0.2018311905592284
5116,0.07257500717262046,-0.1537815899385504
5117,-0.21441874820887555,-0.2924861593285276
5118,0.09178060983393244,-0.03811159772313387
5119,-0.4657896316570618,-0.6245038304784918
5120,-0.6058056223540813,-0.7231394774824278
5121,-0.1607856642160138,-0.2634703411772646
5122,-0.393788054161335,-0.6650959187776847
5123,-0.36701059111860274,-0.5085236222388365
5124,-0.18810622298856206,-0.3028118643075258
5125,-0.3740360369491554,-0.43341277841375003
5126,-0.47452824255769,-0.6558357634702902
5127,-0.16681557800796104,-0.2913047711122927
5128,-0.32015674721365867,-0.3862873164685282
5129,-0.30573958600105705,-0.47325012087468393
5130,-0.29318495374086656,-0.48614637286163487
5131,-0.45841300145860014,-0.5537438363246232
5132,-0.27457341558830983,-0.36979055155205176
5133,-0.2998346269187766,-0.5499400249350681
5134,-0.2622407184440627,-0.29870161152776453
5135,-0.4485274080264298,-0.5632461791805282
5136,-0.6452417193983473,-0.77715310328136
5137,-0.45976332925074365,-0.5037907836990739
5138,-0.25172076923664016,-0.258936932746502
5139,-0.43761413002789895,-0.6902037004277017
5140,-0.49112613985499026,-0.6479260474297042
5141,0.04532262517420492,0.031022838449403924
5142,-0.1772705224553159,-0.2518802244128215
5143,-0.6313792312731712,-0.6998485056835062
5144,-0.15146416125757114,-0.2344674241798995
5145,-0.5592191310684661,-0.773897409026609
5146,-0.21333861076848523,-0.2930600458989268
5147,0.060307853412268186,-0.007405212927269469
5148,0.13120566456882973,0.025621238158669932
5149,-0.2956157438845365,-0.432292625083601
5150,-0.4362266094389932,-0.5356954707961784
5151,-0.36047391266234735,-0.42843288695537185
5152,0.048891179472533915,-0.07120565155413988
5153,-0.372439836970074,-0.4698259792723456
5154,-0.6444680514083527,-0.7519303035054395
5155,-0.16037543622359143,-0.26141279054309446
5156,-0.8143500196022273,-0.9645063830777773
5157,-0.28321364581094804,-0.40883530148547764
5158,-0.17435203579170624,-0.27529463284545946
5159,-0.3408146345621235,-0.4232147585841789
5160,-0.13101542161220583,-0.18335235534886732
5161,-0.175036492098715,-0.29912320391781594
5162,-0.5709449949619257,-0.7678630355902754
5163,-0.4072855781929335,-0.5257360984174682
5164,-0.08870317901309167,-0.19182295730550494
5165,-0.34234822575800816,-0.6039728672233775
5166,-0.4285127100162734,-0.5358192984012291
5167,-0.5034785181278852,-0.6485908675775687
5168,-0.31820423604280484,-0.4699426978025394
5169,-0.36353506869002106,-0.6112965351311059
5170,-0.32065847518849605,-0.47649816633863534
5171,-0.24171133637255224,-0.38319498959221604
5172,-0.23056881578845462,-0.33825213756816874
5173,-0.20225107943981463,-0.23808636000613465
5174,-0.68693303563247,-0.9733171262455237
5175,-0.05481758537309774,-0.16646843636204936
5176,-0.11098669825457153,-0.1831477582128244
5177,-0.4864834007334736,-0.6464060097210835
5178,0.14766983216566656,0.09414127623535135
5179,-0.39378951871591183,-0.6848309547618266
5180,-0.3409456975018931,-0.6034199441181507
5181,-0.487729148720676,-0.5999783910685352
5182,-0.020055351258405133,-0.14871248112237062
5183,-0.16141857451820196,-0.18617130491201936
5184,-0.16831086451595972,-0.35126713639231577
5185,-0.003811971980428956,-0.08245633994954092
5186,-0.2944342356173937,-0.29852275544191403
5187,-0.1413630881815923,-0.33934956253137705
5188,-0.34637689707531427,-0.40210823667616313
5189,-0.18164178459787766,-0.2331313871148415
5190,-0.6030555523730512,-0.9488317246847844
5191,-0.37292852833122,-0.5311884353040465
5192,-0.02666481738495623,-0.06681005319259925
5193,-0.9304910143393242,-1.1074246673356924
5194,-0.7006638116705669,-0.963792833672109
5195,-0.7713039320369498,-0.9997064986787753
5196,-0.4509901513152275,-0.5086880442562904
5197,-0.33347725782713744,-0.3476064444248284
5198,-0.08405484610386303,-0.24202004123589213
5199,-0.359168219322429,-0.4814859939802241
5200,-0.64933511602066,-0.7797576231657992
5201,-0.054054461134473604,-0.2887061490945702
5202,-0.3923399924690139,-0.5389794866417966
5203,-0.25289798297817145,-0.34340473343544914
5204,0.12584925876125036,0.0345146947105992
5205,-0.3357704863445236,-0.4309351204022505
5206,-0.6627807022589439,-0.9385309262613146
5207,-0.2687043523336758,-0.5434861885463035
5208,-0.4837233537820985,-0.5287103590101909
5209,-0.4750963119131875,-0.6841276967051407
5210,-0.3095437453370862,-0.44664240496942753
5211,-0.2830013667517659,-0.39146160520683393
5212,-0.639414693305903,-0.8078029927288367
5213,-0.35468437791724894,-0.38648614420158767
5214,-0.36756071361724113,-0.40350547771536427
5215,-0.34801922282581466,-0.4646572680554747
5216,-0.2714503542709926,-0.4078302031880641
5217,-0.28518186354916847,-0.35413483925470496
5218,-0.14280177724144238,-0.19329462314130552
5219,-0.723844414994838,-1.0910076807219504
5220,-0.5679991179131103,-0.8224892449909407
5221,-0.0004070258417882685,-0.17147324787142032
5222,-0.30898644821872845,-0.4255435725468764
5223,-0.16725121390608935,-0.33655242238527766
5224,-0.6676260783594626,-0.720940580899411
5225,-0.2616135097894998,-0.32158163811003376
5226,-0.09910009211161978,-0.1842155953336391
5227,-0.2577141687749604,-0.3996936597979506
5228,-0.4830846516464386,-0.7232994614825804
5229,-0.3525572568544006,-0.47429680696416565
5230,-0.4883070040516113,-0.7027886429426125
5231,-0.12550724531188914,-0.13021070808076207
5232,0.012347234734153523,-0.08150966201303418
5233,-0.47457126682831746,-0.6042769315201145
5234,-0.01483841908602552,-0.15300098996836486
5235,-0.19607348737460562,-0.30030932958919154
5236,-0.6693064538611353,-0.8592668148875333
5237,-0.1462736766021616,-0.23564498633980613
5238,-0.1441770412937317,-0.201569004291048
5239,-0.5503500385302145,-0.6806631782870735
5240,-0.3253152502763399,-0.44661213679207956
5241,-0.41888737412550237,-0.6878652103042345
5242,-0.8124571347261847,-1.0607708238662477
5243,-0.4330383064609271,-0.5756058728554736
5244,-0.5220432795945308,-0.7083050098394631
5245,-0.4845108031502753,-0.7037897846881748
5246,-0.462694483541019,-0.5814289482774481
5247,-0.30662166530642726,-0.4457585222348411
5248,-0.6706728192204736,-0.9774106799245762
5249,-0.3826504167464394,-0.6012232918394133
5250,-0.08735081505119853,-0.10894405995540064
5251,-0.2740437490219988,-0.3825525074557016
5252,-0.16116282588310593,-0.3700968098710705
5253,-0.7040202014313095,-0.8803724677621501
5254,-0.1553490916303546,-0.34113366430743036
5255,-0.0807095785879173,-0.3009424635321666
5256,-0.545544720511135,-0.6635111621284847
5257,-0.29822935064272843,-0.52127307817686
5258,-0.2107045001242022,-0.3279667284262197
5259,-0.5147531840249546,-0.6751088091656876
5260,0.15675958555287142,0.003648787478734809
5261,-0.47469194476844423,-0.5609043730925205
5262,-0.07598224672640912,-0.22852446413403807
5263,-0.11653062824858011,-0.16691195269063216
5264,-0.48220353416696987,-0.6317410803956676
5265,-0.2981057251220854,-0.5774804019256724
5266,0.08502541457406351,0.07182142207268195
5267,-0.19894772880257014,-0.33334819514690794
5268,-0.2302670319882943,-0.3091663149534128
5269,-0.3043521349759062,-0.36736182060139994
5270,-0.21477669968454133,-0.3894958763074755
5271,-0.49386186325020964,-0.6769097498288716
5272,-0.6004153876413357,-0.7188214392992953
5273,-0.38452459340424383,-0.5792791814901985
5274,-0.48218018746097985,-0.5041843463216847
5275,-0.39176380675373207,-0.4259585612459065
5276,-0.6876989044580168,-1.065517910461753
5277,-0.4787764865091838,-0.7672049663396866
5278,-0.7257206850321453,-0.9000194517570161
5279,-0.514415486629909,-0.628690197484244
5280,-0.13286695720346287,-0.21781317369617156
5281,-0.4569845613047169,-0.606591121734682
5282,-0.1392005590522261,-0.16720221865600027
5283,-0.22350344896287835,-0.3860995059024734
5284,-0.2488134172029057,-0.5043931887191623
5285,-0.5478832457727696,-0.7170216182843988
5286,-0.2473975554071472,-0.36583095663978155
5287,-0.5279712425515757,-0.6462278994004396
5288,0.2449718203413087,0.09772316199251747
5289,-0.44732518853169384,-0.7634729530532625
5290,-0.10734238950596134,-0.3449543868001311
5291,-0.18367681411656606,-0.3573920984146401
5292,-0.4348001520604268,-0.5400095758056983
5293,-0.07453229835634537,-0.26726625699463336
5294,-0.3254771459779429,-0.4699258754651286
5295,-0.543194813128021,-0.673740499784152
5296,-0.3238174473152849,-0.43306427080287146
5297,-0.883563488976471,-1.0625009676315407
5298,-0.6398119142766483,-0.8019398497458414
5299,-0.28603765366113926,-0.4219106574757793
5300,-0.4258943176888544,-0.5726392618971226
5301,-0.43987759690125716,-0.5333117648126913
5302,-0.6219999700070654,-0.8085603126561348
5303,-0.4831308538418345,-0.7377932303358153
5304,-0.016167096294530777,-0.11776020516794072
5305,-0.4920077303343759,-0.6860550502219738
5306,-0.38811081082673987,-0.5034659636486748
5307,-0.22295027794553252,-0.34389319620482023
5308,-0.5271481493664527,-0.7585277202547585
5309,-0.3528382363891479,-0.4519083470709044
5310,-0.1861713438417107,-0.22936227385968638
5311,-0.4937241695649865,-0.5929824795080624
5312,-0.20851598977560287,-0.3321333973662331
5313,-0.719370860515954,-0.9283453510234827
5314,-0.09250563761563439,-0.3455068604247991
5315,-0.744373290374718,-0.9441269378346797
5316,-0.33734666618904635,-0.42045617758683473
5317,-0.3530170332218314,-0.6097526665056797
5318,-0.37620008767271546,-0.4848043803275227
5319,-0.43207757092450183,-0.5481970250527037
5320,0.09504412757950279,0.08666873653536203
5321,-0.22733118510476205,-0.3161875325224774
5322,-0.22860461419876665,-0.34172499180850663
5323,-0.17867588955295538,-0.3482624019311339
5324,-0.08582844917996554,-0.1950109216095259
5325,-0.40695000242389806,-0.7292117654096332
5326,-0.1958102316917384,-0.2801231314337901
5327,-0.28003676429009233,-0.31620474600036225
5328,-0.6861369490554949,-0.8200271887656029
5329,-0.3668544276763902,-0.4093802173010797
5330,-0.3691067086083223,-0.49206527795780586
5331,-0.3210979699768914,-0.3551903919153872
5332,-0.2359574699721315,-0.3969535617206806
5333,-0.4823251083541094,-0.5891375796823317
5334,-0.41053399500678645,-0.5142957687076499
5335,-0.348917533349388,-0.3866720342166318
5336,-0.3309678099218798,-0.5021826791233908
5337,-0.27789320916671467,-0.4292967067483335
5338,0.024389061344677134,-0.03860369166559215
5339,-0.21612874556768047,-0.44601572242827675
5340,-0.0032679612424113547,-0.09323190028664102
5341,-0.6016055222662775,-0.6835339002488299
5342,-0.8307838278508347,-0.8801323757995679
5343,-0.272866976611004,-0.3461462183702485
5344,-0.3556400443060229,-0.5870328585180622
5345,-0.23991277123128948,-0.3067576045826422
5346,-0.2852109805184922,-0.4273721169378914
5347,-0.13406873273996292,-0.15286332630944935
5348,-0.1890322631907161,-0.3062756282292927
5349,-0.7370774627952555,-0.8928648403515272
5350,-0.2903103921947304,-0.3473388544339556
5351,-0.651080563473541,-0.6971501702598888
5352,-0.30967256315739516,-0.4261415961159378
5353,-0.5438623109388859,-0.8300042758777976
5354,-0.49562915451897854,-0.6010857553699002
5355,-0.2904106277546904,-0.3394437583078082
5356,-0.2822336195286991,-0.3530219388241403
5357,-0.453074674468202,-0.6743806314898517
5358,-0.46565717437450466,-0.7074300693467426
5359,-0.2553226239641025,-0.4003692901902283
5360,-0.3815305633383005,-0.6241651558275721
5361,-0.3406536691813911,-0.4289464191823532
5362,-0.6645784378286509,-0.8805116065509436
5363,-0.19030422963961577,-0.2702474526265594
5364,-0.44618654945499786,-0.7105765388158248
5365,-0.3548893841866686,-0.4361006337035997
5366,-0.480029792314348,-0.7452289723128575
5367,-0.35235645813583105,-0.4363175661264612
5368,-0.6458626917975158,-0.8164154648603473
5369,-0.3261977629055391,-0.40527998753215233
5370,-0.16069063465322522,-0.4276595342857745
5371,-0.5320873261003577,-0.6391850735312462
5372,-0.47097424816527655,-0.5745474126711558
5373,-0.048420000863199676,-0.23442644682008035
5374,-0.2285912661316629,-0.401833806779754
5375,-0.38010728522357057,-0.4965653097135564
5376,-0.3746348452051387,-0.656007053724826
5377,-0.14275619790365543,-0.224401493158152
5378,-0.39597754523331835,-0.5823758190305103
5379,-0.820418628990474,-1.1211740143856315
5380,-0.4361312495090757,-0.562713188197001
5381,-0.1917835404637338,-0.2673952208238074
5382,-0.4321834723499765,-0.536337405527908
5383,-0.4399556672071543,-0.4729805926814686
5384,0.27031914144277425,0.2497865617183145
5385,-0.06499333284923767,-0.21194033686112
5386,-0.2656926274835676,-0.35631956409838006
5387,-0.17536231416448259,-0.3468946244295347
5388,-0.34020224299860036,-0.5219128662056997
5389,-0.6028440860275757,-0.6056697026272067
5390,-0.1949899385452383,-0.20961056014483376
5391,-0.24967831747582467,-0.4206013128359698
5392,-0.43046093409396025,-0.5669951377107121
5393,-0.10409150699794166,-0.23470601632489016
5394,-0.2292746807410237,-0.3758175351714922
5395,-0.21741694511182164,-0.4072641249914942
5396,-0.3566873054155042,-0.49948513447489895
5397,-0.4187197812455023,-0.4913956901469006
5398,-0.2084957427938435,-0.28921854509767064
5399,-0.5157569468390395,-0.7509350389130551
5400,-0.29583364211723906,-0.40477143806370147
5401,-0.6803724372229769,-0.7986467002197984
5402,-0.3118007967906916,-0.5072212525880239
5403,-0.21611862340974172,-0.38584396382852515
5404,-0.07153396507965012,-0.34331387310529254
5405,-0.5051203950239876,-0.6235241643158982
5406,-0.16074693522946606,-0.3511104286902947
5407,-0.2966768559817069,-0.4643193801716522
5408,-0.28202636731583763,-0.48464968735373426
5409,-0.3214863868307138,-0.4139701074704632
5410,-0.24183728958930711,-0.3024285985066191
5411,-0.3190900766082332,-0.5098702201390655
5412,-0.37358260069455584,-0.3900843645927194
5413,-0.2707948298930515,-0.5936542918525285
5414,-0.03972428704332744,-0.16352325388403666
5415,-0.2899212347958252,-0.4697071104425913
5416,-0.8616339124317504,-1.0229053900750935
5417,-0.40161758589895896,-0.5791543578675632
5418,-0.4095278133652987,-0.49235135927936075
5419,-0.25049680654698997,-0.40992086902494623
5420,-0.5771274855199826,-0.6227848954389952
5421,-0.21029357474589883,-0.3234574758825283
5422,-0.48270729673905305,-0.5451980350592592
5423,-0.3896732281248034,-0.520333703901654
5424,-0.4017248609440606,-0.4523864109249222
5425,-0.11643018677763446,-0.20521325720679773
5426,-0.677911892835142,-0.7335204712389555
5427,0.00975348633799972,-0.10056405025712331
5428,0.1379468574402475,0.05764958933511048
5429,-0.27484183432487364,-0.3952910841939005
5430,-0.45510374416653787,-0.6229808244187827
5431,-0.3543426380064742,-0.4825675071002858
5432,-0.32381782645380075,-0.5441101296857827
5433,-0.4090816566972191,-0.6875252475971181
5434,-0.05051165320743228,-0.11086590338068865
5435,-0.1984235545120392,-0.34072735599115184
5436,-0.3594313202112881,-0.5323745981949983
5437,-0.35988209810114985,-0.5952745620799519
5438,0.09967302893136383,0.006010122277917598
5439,-0.2526494371524834,-0.4194740320074358
5440,-0.24983271801689536,-0.4340375817085234
5441,-0.24224304956153256,-0.27389002182849315
5442,-0.3801594578152958,-0.542346264676916
5443,-0.07545218821101154,-0.3203892640634685
5444,-0.10265583260985356,-0.22886810974522773
5445,-0.5293350523162436,-0.8043783625662246
5446,-0.19635519422093253,-0.3661458287932124
5447,-0.21867230003994076,-0.28862712837621624
5448,-0.2400924053840962,-0.3890506601834986
5449,-0.927011143662507,-1.1564548339838985
5450,-0.3411506961418165,-0.5096225609952099
5451,-0.5087651368487478,-0.6104883093750353
5452,-0.6267253279564993,-0.635868670383212
5453,-0.5945742307021219,-0.7886418358264516
5454,-0.20122663614624708,-0.2826322804372542
5455,-0.15335992509938867,-0.2870654955540986
5456,-0.10824595795409338,-0.2631886265888477
5457,-0.5702199597263482,-0.6418800967324062
5458,-0.26021471068054025,-0.35716981103511325
5459,-0.3956835746973828,-0.46948776001499737
5460,-0.25744282221803816,-0.443798393441389
5461,-0.051506085018147844,-0.134775013858447
5462,-0.2916921748797149,-0.35080424480404615
5463,-0.3764881273990866,-0.42775670707017693
5464,-0.24898708456502103,-0.36641558666489554
5465,-0.057110750463000876,-0.1787115508001293
5466,-0.4515043515064981,-0.5581629525348026
5467,-0.09290769524315601,-0.1394904536933373
5468,-0.5151853297629283,-0.6699897523481194
5469,-0.5276113921040149,-0.662345041128374
5470,-0.39006434975254134,-0.5750302198220898
5471,-0.2702938293762472,-0.3999977379728193
5472,-0.2537912866859435,-0.47423434642504636
5473,-0.23083014339019636,-0.35724598124181695
5474,-0.014876353430661007,-0.13400586490218536
5475,-0.35286080586189217,-0.5094369352477649
5476,-0.18649362399980457,-0.21673721689964628
5477,-0.1459574756418854,-0.34085562526124424
5478,-0.5577820083151177,-0.6943560618440773
5479,-0.7075393007430221,-0.7301873005240309
5480,-0.3478188041970091,-0.47116335188240427
5481,-0.5828343124685653,-0.7241073628992023
5482,-0.01428125944351205,-0.05954216314612324
5483,-0.31465264292565553,-0.5221982401942341
5484,-0.16002264089501889,-0.3645334854306955
5485,-0.3739620546676731,-0.4696463514462719
5486,-0.13994798411854495,-0.2126387244141368
5487,-0.3017102160503679,-0.5545530871950465
5488,-0.43793442445980263,-0.5656998060979332
5489,-0.3082265843899063,-0.39579744354850294
5490,-0.6683121221066208,-0.7834264876447083
5491,-0.31107240422653665,-0.4320260360636316
5492,-0.12053524677630896,-0.11452768582831635
5493,-0.5466724814972828,-0.7868478239278571
5494,-0.28931506732477796,-0.4870325145374556
5495,0.23036710499579086,0.1035156370991022
5496,-0.23440874761519698,-0.2975596422255051
5497,-0.3016185061753208,-0.3701236671456856
5498,-0.3256129373706374,-0.3909239523502538
5499,-0.6807183063588742,-0.8274447476992987
5500,-0.6525566927786464,-0.838759553887837
5501,-0.5330415034368545,-0.616310530180111
5502,-0.47097108728338427,-0.5887421080839886
5503,-0.17552873716919104,-0.2952212337675738
5504,-0.08066958208550488,-0.11716751781975829
5505,-0.5261541561916483,-0.7127928106226294
5506,-0.1444941398917803,-0.2729939328244378
5507,-0.09305619003084803,-0.16058642275268423
5508,-0.4008508323277093,-0.5442819620422116
5509,-0.469474586290236,-0.5443662337563263
5510,-0.6491575703840926,-0.6786142449573369
5511,-0.2338433571870665,-0.31037001613979814
5512,-0.6139391443311915,-0.7419117043042537
5513,-0.5374177906110823,-0.7358584486547316
5514,-0.3052321073949712,-0.4601942875883157
5515,-0.2693020451872431,-0.33810953452182724
5516,-0.22789262975103955,-0.36074389172601556
5517,-0.21364845248287476,-0.21296121821503872
5518,-0.6477281366709283,-0.7776664633025305
5519,-0.4764962709443329,-0.5128514935114634
5520,-0.4144609799464447,-0.5272181141963004
5521,-0.2542627159493431,-0.47141460894696563
5522,-0.4627381037592942,-0.5531889548191619
5523,0.44269843726545577,0.2757427772038059
5524,-0.4960840847742092,-0.4871242562103982
5525,-0.3899326833974362,-0.4824776341930257
5526,-0.9500360342241605,-1.0526691588835309
5527,-0.16640762396763883,-0.39153532422044823
5528,-0.14492747839835515,-0.25514597932719557
5529,-0.3205566896431019,-0.5326043859853135
5530,-0.6269135348958077,-0.6508655020922436
5531,0.23880044909667603,0.14365507064282268
5532,-0.31651458742631444,-0.4041095657928787
5533,-0.47346745004115665,-0.7064794838265194
5534,-0.16936583756535264,-0.31584150840822023
5535,-0.5040838977687109,-0.6121581075067755
5536,-0.24832232125860604,-0.25173097718202064
5537,-0.08461802566146216,-0.17993650737343467
5538,-0.18206644602189737,-0.25883995919018526
5539,-0.4497030818500133,-0.6678768482078159
5540,-0.13066440157118156,-0.26428359777709565
5541,-0.4412532883847904,-0.5930618374339088
5542,0.009071502653510938,-0.08909894833705778
5543,-0.1801175981597534,-0.32006883860171303
5544,-0.3426960824174999,-0.333582016223107
5545,-0.3779889456999483,-0.5189095579268084
5546,-0.6464511628297067,-0.7535885205861146
5547,-0.22452436045496604,-0.3949136817826593
5548,-0.43046086665704014,-0.6051827736032157
5549,-0.30234056249111735,-0.42216885522940273
5550,-0.3123966043400282,-0.3983665368335843
5551,-0.33042193462387,-0.39731868608342
5552,-0.1808652471577087,-0.39616243379001354
5553,-0.6955348579892068,-0.8906325298535572
5554,-0.07637601360757074,-0.23394228995521377
5555,0.023689230364870185,-0.02460241736704792
5556,-0.26536805598422814,-0.3611443611903734
5557,-0.3776632170832497,-0.5238905372266799
5558,-0.3441314327394005,-0.5064501304310418
5559,-0.15250962466369136,-0.25579456602107664
5560,-0.5561507003183315,-0.6089733378160863
5561,-0.3063469973274873,-0.49448938965013667
5562,-0.17116617382880814,-0.232676934176154
5563,-0.2473083328534881,-0.3970904314603998
5564,-0.3459660011100111,-0.447836024273187
5565,-0.14468620624469314,-0.35309830456227503
5566,-0.14812157273759263,-0.16702155875272182
5567,-0.7535694097848343,-0.828222730023856
5568,0.037785347592555786,0.0026094073981760887
5569,-0.396729975070081,-0.5822632431911752
5570,-0.4694245124381667,-0.6572860777762118
5571,-0.6528492247880495,-0.7740450520183557
5572,-0.4987476498235771,-0.5949435409813889
5573,-0.21676296396536718,-0.2807867031127953
5574,-0.43349269601968315,-0.692636513647263
5575,-0.4951375709972819,-0.630731838363559
5576,-0.2986645411412904,-0.5103958851815527
5577,-0.24247166620521768,-0.3398292246250768
5578,-0.7174276565841214,-1.006447036030481
5579,-0.32357041105779377,-0.4589783156985117
5580,-0.27966418253227676,-0.4294568902876316
5581,0.21889318271347402,0.1261853114368319
5582,-0.5291507749684633,-0.6235978592436325
5583,-0.25135382759426866,-0.28227484212312354
5584,-0.5132973868917626,-0.740779928098095
5585,-0.25732259889860226,-0.5611292000215982
5586,-0.2977710937820976,-0.3843330857338412
5587,-0.0555489880206602,-0.16546149858080933
5588,-0.0014920256822407814,-0.19062666061429148
5589,-0.6076568328242566,-0.8070390337588639
5590,-0.1486754610326884,-0.2124528672049964
5591,-0.03544663212626002,-0.20745297006100435
5592,-0.5290170375796489,-0.6219789726035603
5593,0.004096223450018832,-0.1272495864288122
5594,-0.49800256831368234,-0.6615701442832268
5595,0.08960900809488437,0.004451555140381235
5596,-0.1314023624454939,-0.24759345552576006
5597,-0.09523730503006708,-0.1949576074167149
5598,-0.07599106399762912,-0.06997485038921598
5599,-0.36317331213842874,-0.47233676562834165
5600,-0.34092097823453854,-0.5664921692854834
5601,-0.16830899623104564,-0.2842203674840587
5602,-0.20894319809006492,-0.3495416449644035
5603,-0.17784828398521452,-0.228988546033041
5604,-0.3944621148682566,-0.5845053936725693
5605,-0.3377710668424126,-0.5356124248695179
5606,0.18510151981361975,0.08255141566201656
5607,-0.47462157541847816,-0.7078874576141985
5608,-0.47433453207460413,-0.6556760651562235
5609,-0.44134487708741454,-0.5038599702544527
5610,-0.5660973092135532,-0.7979170198566955
5611,-0.5092550440351005,-0.5391776926432212
5612,-0.24074107891999857,-0.38887210183428067
5613,-0.799011171859685,-0.89270640212287
5614,-0.15372488594786665,-0.20990890898667905
5615,-0.226323171860908,-0.39143970731812755
5616,-0.1948822130272541,-0.2935606816377926
5617,-0.4158282574335484,-0.4288697688057902
5618,-0.1896105781024937,-0.32545351520368165
5619,-0.4334128316139989,-0.45397287794717933
5620,-0.3716232722382082,-0.5052982240216741
5621,-0.2782313557796126,-0.40211283004474774
5622,-0.3916152784158666,-0.5329093738624762
5623,-0.684914520620198,-0.9942050097049007
5624,-0.19255540357658368,-0.33366054070827517
5625,-0.28813522218856397,-0.5028904034499517
5626,-0.18473184559951544,-0.23545380010655673
5627,-0.2858852488067053,-0.4270862956948871
5628,-0.07407620363473247,-0.29065063467660146
5629,-0.36317392710948115,-0.5204039941513905
5630,-0.6405528121538969,-0.9191244614387669
5631,-0.6423959881692517,-0.8092278217876954
5632,-0.612828141770157,-0.6442911690002254
5633,-0.3078047397024772,-0.36345650726400386
5634,-0.6187117222539776,-1.062493896783667
5635,-0.141896193732711,-0.29537635607889456
5636,-0.6041922904206383,-0.6492590334303624
5637,-0.39702318837474676,-0.5505571243906998
5638,-0.3132825840656893,-0.63319045036045
5639,-0.03286200418621898,-0.09379178749616633
5640,-0.5370764700684473,-0.7130191656755063
5641,-0.2494361928675185,-0.47839671214420315
5642,-0.3829369131552619,-0.4146967191119866
5643,-0.040972315474343164,-0.2074598415952305
5644,-0.5437313472720199,-0.7035191450301684
5645,-0.3714087594709301,-0.5391511357649142
5646,-0.4830710632368565,-0.73962015713418
5647,0.0004096841150887169,-0.0747783459703682
5648,-0.41484495201628746,-0.5295707047299842
5649,-0.4056772221797138,-0.5335125324510274
5650,-0.0691089087385748,-0.1985225299104935
5651,-0.06110792427205854,-0.10240215843158212
5652,-0.07594452525390978,-0.1783229128296988
5653,-0.3753210773059112,-0.47832302770836777
5654,-0.2885440135372303,-0.30517972232559215
5655,-0.16559486196450862,-0.18887952363911362
5656,-0.37695267413851846,-0.5198904566229088
5657,-0.29237921428238206,-0.4611877592471226
5658,-0.3410702631727793,-0.4184174507991494
5659,-0.16380811007301818,-0.3587528669215261
5660,-0.04222579295010203,-0.09991922324596132
5661,-0.24321471132059372,-0.36495953452805213
5662,0.057234537792494815,-0.035790242147256866
5663,-0.1330887165263822,-0.24320376070580277
5664,-0.36440592103422126,-0.657884082170494
5665,-0.2731825416840566,-0.43049593348134946
5666,-0.3090374689409992,-0.326886923832251
5667,-0.07058416785258524,-0.16489086611804446
5668,-0.16153388701819235,-0.3510514733951733
5669,-0.553892208741501,-0.7254396925875816
5670,-0.3429275789710783,-0.41633034651829043
5671,-0.6333481929206348,-0.7666810842561496
5672,-0.419170110368288,-0.5031969662688652
5673,-0.35133348522918134,-0.597853283872666
5674,-0.27721954743628197,-0.358748363491792
5675,-0.13737181635505066,-0.2888639637261124
5676,-0.3722747904810544,-0.4537855980577279
5677,-0.10494238405353375,-0.1207383344784102
5678,0.14415846453930434,0.06263724720628103
5679,-0.20159895490675522,-0.23945149787472922
5680,0.0804972524016728,-0.02815334431961514
5681,-0.3098368318512042,-0.41154640696373856
5682,-0.5378549445698398,-0.7890817438088022
5683,-0.3173650675941498,-0.6768077796646456
5684,-0.22440122968264284,-0.34006589216696087
5685,-0.12488401423498109,-0.34984605081027703
5686,-0.3092905684559538,-0.3679194324944545
5687,0.01085373450145576,-0.10155716121545653
5688,-0.3551600249771332,-0.62257766199212
5689,-0.14233133655226315,-0.4005172618863469
5690,-0.2526137316095188,-0.40349162620904255
5691,-0.4504909994450232,-0.5031372379216732
5692,-0.25605432739733197,-0.2924579253593905
5693,-0.5629742476952757,-0.7186629615408043
5694,0.031314169257890045,-0.043305156589687394
5695,-0.18130083077347076,-0.21413015086199294
5696,-0.47895491305685256,-0.715432798184615
5697,-0.45628918527567497,-0.6954282523799435
5698,-0.5103301605259545,-0.8392733814294955
5699,-0.6850866665672043,-0.9014576966940925
5700,-0.2991038684025426,-0.46765962775117265
5701,-0.33099163109294333,-0.46759204003979105
5702,-0.27369088187914575,-0.43378906336007483
5703,-0.3830052599954643,-0.45722245622150576
5704,-0.3006288584365384,-0.3093953443085566
5705,-0.3277236525947154,-0.525557725976817
5706,-0.2833987839077847,-0.43573587709709477
5707,-0.16702030149305128,-0.307867534920638
5708,-0.612818081841725,-0.7261306503039449
5709,-0.3535588768943426,-0.40885158608943695
5710,-0.7417778320877654,-0.871204716356932
5711,-0.5744944657144898,-0.7981060298023819
5712,-0.18163638404116345,-0.33630311487201653
5713,-0.50727503490217,-0.5557916193543337
5714,-0.5425302260331563,-0.6095207841852711
5715,-0.19462648969259053,-0.34176310323832293
5716,-0.43156653341320333,-0.5900432311827494
5717,-0.3681491214416399,-0.38817795451041887
5718,-0.12554371422947913,-0.2591731618906496
5719,-0.39227389544426094,-0.5804610346289099
5720,0.04017732570051474,-0.11304278885556918
5721,-0.19004159559436123,-0.462835648042033
5722,-0.138815076211774,-0.17432857602805
5723,0.05216279407151777,0.036769450715461185
5724,-0.5714895560579145,-0.6332638199193927
5725,-0.3651559771994776,-0.42811135375403664
5726,-0.4213684150108447,-0.557621857326407
5727,-0.5586809687955816,-0.635114621826715
5728,-0.39040970468397435,-0.4507847020438056
5729,-0.2540284064076987,-0.3871927524307949
5730,-0.4986592612397739,-0.672586438600412
5731,-0.09327989868018705,-0.25272426949877763
5732,-0.09802053884413382,-0.21996050057904756
5733,-0.5631275473817176,-0.8164430782301912
5734,-0.12972568016600966,-0.2021109177174155
5735,-0.2859587119608316,-0.36305302072281
5736,-0.6831532531299523,-0.7382187689543545
5737,-0.307393808122156,-0.3341045903756053
5738,-0.33719584406107317,-0.47322196619519014
5739,-0.5535881985286315,-0.642020193520445
5740,-0.4780680028821025,-0.6438811885067925
5741,-0.32425222427235345,-0.4902024196543267
5742,-0.15626348273926136,-0.2895004122234575
5743,-0.47009903175807977,-0.5348752671025072
5744,-0.169736373111881,-0.3045398370638873
5745,-0.4842417395409531,-0.5403827194055718
5746,-0.3920752761517457,-0.4946583764493869
5747,-0.5505512485322385,-0.6593616025416771
5748,-0.6871408060185091,-0.8814313864411462
5749,-0.49165962750849485,-0.6376625546674637
5750,-0.7038530846719624,-1.0710419463067644
5751,-0.30975236000078,-0.5243672147528569
5752,-0.10782813271681413,-0.21637571000107642
5753,-0.47970479525514736,-0.6292349179703788
5754,-0.5145438811577313,-0.6965099955425679
5755,-0.5926539309377824,-0.6756583067518488
5756,-0.4919723488896935,-0.6668257856733776
5757,-0.13913191528528474,-0.24707617317705663
5758,-0.34923615270196645,-0.5178946134386065
5759,-0.12584714442440734,-0.2771223237852594
5760,0.09618895827618684,0.12011415186305241
5761,-0.10075858371245686,-0.14576991871543626
5762,-0.3179805159449009,-0.5862362206685751
5763,-0.5305798597463922,-0.6854143369796762
5764,-0.12652140189214628,-0.17614060360502823
5765,-0.24224846819730492,-0.27911412992865325
5766,-0.44881849932302814,-0.49076994204474966
5767,-0.33019319286663384,-0.4707389702445188
5768,-0.055146462258386646,-0.24985504537980413
5769,-0.18641639275152433,-0.26678260867600506
5770,-0.20840018203319158,-0.3317479340817465
5771,-0.5405658764189356,-0.6126319180432039
5772,-0.6287832983988653,-0.8956015920872408
5773,-0.05935391927094787,-0.16968033542826574
5774,-0.26009740282137045,-0.3453966884085529
5775,-0.6076374364592042,-0.721587625228753
5776,-0.5026110638173686,-0.6106393555244956
5777,-0.1793196298517273,-0.2753697763915227
5778,-0.1980547010919816,-0.3053213799857712
5779,-0.2513470228481489,-0.3054706689752521
5780,-0.06943317443066767,-0.12025248737542593
5781,-0.6238020800742297,-0.6624084127219351
5782,-0.4776523097192465,-0.6328903072435478
5783,-0.38667465645010685,-0.43365818632922215
5784,-0.4275958401675626,-0.5377407131213635
5785,-0.48465542716498444,-0.7304764156369854
5786,-0.27314292466567447,-0.292935962307895
5787,-0.2152687357384395,-0.48626946449099795
5788,-0.15482730900609387,-0.2838885210925667
5789,-0.26112052861213064,-0.3636001557764328
5790,0.25492212567395317,0.19189125108529176
5791,-0.6862049979036063,-0.8869830174479162
5792,-0.25979105707016525,-0.3504061707900835
5793,-0.5057342249784282,-0.5516369862935255
5794,-0.15622005083262896,-0.24069162844462447
5795,-0.52323368500053,-0.6368842048416826
5796,-0.3286837735076653,-0.5384544243216586
5797,-0.5486988781299027,-0.6154568638221581
5798,-0.7628117390364397,-0.8166043620861712
5799,-0.5075907401085854,-0.6693572080091768
5800,-0.387952330112914,-0.4255729427149837
5801,-0.33324083206154603,-0.5787332803576948
5802,-0.30466612844329166,-0.4864355582474078
5803,-0.34253719746368233,-0.5910173809385262
5804,-0.14902886855961978,-0.27595298275046276
5805,-0.44133517992150834,-0.5355938548086594
5806,-0.6933709265518255,-0.7027441375694609
5807,-0.3445778760702712,-0.3216684055920488
5808,-0.38636926284225714,-0.6114805301501174
5809,-0.3100766598284422,-0.38229158776691546
5810,-0.3573365877405654,-0.43315299868397694
5811,-0.7678753841773878,-0.8861779942456032
5812,-0.08326276357507766,-0.21403083239507786
5813,-0.24222337980280573,-0.30845859707021006
5814,-0.8903113626628107,-1.0603006546733025
5815,-0.7407964847755861,-0.8820930960568876
5816,-0.034886297831527725,-0.08782598969153536
5817,-0.5281588454323816,-0.6197919523484342
5818,-0.6112152623797577,-0.6645100722411426
5819,-0.12923089334896593,-0.24647893640344612
5820,-0.5451981653687905,-0.7803385681247165
5821,-0.5430961297980219,-0.7916478973859717
5822,-0.3574594225207407,-0.5436963214615949
5823,-0.5376750509206192,-0.6473715431218213
5824,-0.12688125090983582,-0.25815202226868406
5825,-0.46959439396667885,-0.5003186727938904
5826,-0.33169687669365017,-0.38985996838118947
5827,-0.2104956494251058,-0.45801281912643
5828,-0.05483021121888326,-0.17025919133937154
5829,-0.43606079879589515,-0.4757327104376698
5830,-0.1450069344739418,-0.38198697550237404
5831,-0.17832442808332627,-0.2509079767770578
5832,-0.4874907561818321,-0.5390496939576407
5833,-0.6872956085689649,-0.9237063264906662
5834,-0.32644751406636874,-0.49787897479444326
5835,-0.49401048547923193,-0.6124497947557466
5836,-0.08203586873382238,-0.13233293481903471
5837,0.03467204282824945,-0.031194784096480438
5838,-0.2661689064714622,-0.3278845489920364
5839,-0.4905834407363189,-0.5365079326159694
5840,-0.14989466767521495,-0.34572759775212647
5841,-0.3935581484155309,-0.4778595843783235
5842,-0.17945528250145684,-0.28550930231024596
5843,-0.15016609767141567,-0.35642004878464434
5844,-0.36666256316432755,-0.48279024751829686
5845,-0.6318879750672988,-0.624864592726481
5846,-0.08624095093408052,-0.10722010966841648
5847,0.058635406600017294,-0.04508706501993613
5848,-0.25316851927046247,-0.2703757229618924
5849,-0.5933981180242177,-0.9491648296091201
5850,-0.6343194737445317,-0.9056764095193076
5851,-0.17475800111234727,-0.33913844318626996
5852,-0.0985196547892999,-0.47324298450525143
5853,-0.8193081758223303,-0.8892626542724268
5854,-0.38766125672548607,-0.4350336488794164
5855,-0.3776349029810752,-0.4967837626263205
5856,-0.35390015729044866,-0.5202527054499096
5857,-0.4076719599253842,-0.6314061143515103
5858,-0.5236715719007224,-0.7555217655844289
5859,-0.45305580034061643,-0.46698449835590966
5860,-0.3296124376614668,-0.519219809440641
5861,-0.1959086415517959,-0.3811449427900832
5862,-0.5837062021298858,-0.7426104364701407
5863,-0.3242156409541137,-0.39803926587581356
5864,-0.43986307053727836,-0.6321798943977457
5865,-0.32896872368642216,-0.43009212574729977
5866,-0.11154899620421006,-0.32605174214890814
5867,-0.5165207527981569,-0.6303742084688551
5868,-0.27496988825976726,-0.3178215196764953
5869,-0.13325918691025188,-0.1621378967392897
5870,-0.3982041419328122,-0.5164461513632617
5871,-0.5506267218250024,-0.6764637736358289
5872,-0.49772584133623204,-0.6507375523042526
5873,-0.2614959061394831,-0.28640405383114453
5874,0.16337925754402066,0.04423858421334332
5875,-0.4898613077962019,-0.4824628427754053
5876,-0.46040594504662985,-0.6286906145812797
5877,-0.4258884406093143,-0.517926624468769
5878,0.06817173598054632,-0.0701490234588876
5879,-0.3104827642779373,-0.31666213251732866
5880,0.08162253590531737,-0.12481262547140443
5881,-0.17715952372616509,-0.17022431424078951
5882,-0.3276988628914592,-0.4630577998353816
5883,-0.41493643083328785,-0.62258814361961
5884,-0.3528895934745066,-0.5332594675644349
5885,-0.2957126476094018,-0.38881405678219616
5886,-0.6975154397160561,-0.8818936610624158
5887,-0.10358683199416037,-0.10572301417898433
5888,-0.567615781145537,-0.6115411073658307
5889,-0.32044839017281096,-0.5046919731835483
5890,-0.20384952073941137,-0.32193214343598103
5891,-0.5293728476002635,-0.6689760264020432
5892,-0.19602524612799213,-0.25420990840665564
5893,-0.2615684554608159,-0.34877119719368727
5894,-0.33657637292820386,-0.48909429058092385
5895,-0.4853075409874736,-0.5411767682303819
5896,-0.4537893251640215,-0.5863104328222577
5897,-0.6393926434414714,-0.7065185407922946
5898,-0.18807433915203567,-0.41699089889782887
5899,-0.21504751027704744,-0.4206236797826822
5900,-0.29632644014865384,-0.37040026193086684
5901,-0.40024113930826144,-0.47265449450498653
5902,-0.428864660648596,-0.6290640508932682
5903,-0.2587195472496497,-0.30993028697972275
5904,-0.3257709115954951,-0.46264428867417573
5905,-0.7601696725560764,-0.7849446760778045
5906,-0.4141430717549811,-0.6359329749523333
5907,-0.3781568474299458,-0.4516584666860037
5908,-0.37798294396795884,-0.4855292189357259
5909,-0.046837303962355865,-0.2192913340919749
5910,-0.2646477964448643,-0.42016963252631856
5911,-0.375017806197267,-0.46868385118261896
5912,-0.34658259332600255,-0.45511393014398144
5913,-0.38087686595530307,-0.698948287559704
5914,-0.5544490540392502,-0.6727168978741479
5915,-0.3492548252873535,-0.5240146406706461
5916,-0.6596437449487269,-0.7692130937059878
5917,-0.22020244746509499,-0.2771352907330349
5918,-0.34770630550006826,-0.4777229000323346
5919,-0.23997549829530765,-0.4752990540036692
5920,-0.501500648753191,-0.6159762241805826
5921,-0.15517344835202385,-0.23009408626417172
5922,0.030421458662415655,-0.003062803461612313
5923,-0.7412099551431363,-0.9842005044567191
5924,-0.060664858099585495,-0.08454509944921113
5925,-0.3798330149108204,-0.527084130825989
5926,-0.2225991428861652,-0.3122533626509543
5927,-0.4469611492994519,-0.7165921046998572
5928,-0.092654115530418,-0.16798302436670648
5929,-0.017683748538466024,-0.17997928656822468
5930,-0.4290878397377151,-0.5663075963711415
5931,-0.34731243196286793,-0.4223016462019862
5932,-0.22768195430378257,-0.34212561151327514
5933,-0.5609362850902072,-0.8268002907569203
5934,-0.2861911695534013,-0.38721366266189705
5935,-0.41560580966677185,-0.5134086050522054
5936,0.04663075723838632,-0.17557399679390098
5937,-0.39014765910863647,-0.571788336478622
5938,-0.23207145843647994,-0.2637715663373836
5939,-0.3608757874615564,-0.49163061102948646
5940,-0.4718316154688829,-0.7839950124209526
5941,-0.3559116482157196,-0.4285565487679861
5942,-0.4284437531610449,-0.5748335459854675
5943,-0.6520092423944571,-0.8509880561493616
5944,-0.4704744106120521,-0.5273373477640203
5945,-0.31182818007438745,-0.5519318931222575
5946,-0.25994425280613753,-0.3783081140320721
5947,-0.5980558708475944,-0.7057951589531447
5948,-0.036507451121969015,-0.2705438305787113
5949,-0.2953065499217182,-0.54383276934162
5950,-0.07983722255182214,-0.18003725748502877
5951,-0.30957648790814773,-0.38434036875510436
5952,-0.10322742587521086,-0.16977389815055743
5953,-0.5527885706567716,-0.728652728628853
5954,-0.33241063355330347,-0.3317226722469126
5955,-0.35582615807453133,-0.4615259864132951
5956,-0.2617244446766107,-0.32849900854687225
5957,-0.2254867185223287,-0.39073665415407866
5958,-0.48142229163603006,-0.6194184052805065
5959,-0.22023338674315285,-0.5495312819489329
5960,-0.16748555474585816,-0.3652926344228476
5961,-0.25438278569152717,-0.3704975481353103
5962,-0.34335973566200056,-0.34501272596765875
5963,-0.4108832731447147,-0.7224902588988423
5964,-0.48188501921016486,-0.5043727474216155
5965,-0.5501021303953717,-0.6675482224826582
5966,-0.3004165896555573,-0.37204777002093525
5967,-0.4706531339682381,-0.6738965186325229
5968,-0.33196332097130005,-0.4117314618476627
5969,-0.5469208374885138,-0.6230325202932726
5970,-0.5764491360370338,-0.7465959917346177
5971,-0.20382617466436304,-0.4479017439265897
5972,-0.43404665374160556,-0.6604427401848771
5973,-0.5914822382634395,-0.7079978053676554
5974,-0.36971937590907505,-0.49247108429142283
5975,-0.3627662711433337,-0.41944667568230065
5976,-0.06993727352291057,-0.09049994810207872
5977,-0.14761137544600472,-0.26580120406346786
5978,-0.5732848731875257,-0.7356965921208828
5979,-0.22660378603849377,-0.31569934895695206
5980,-0.6270397055583729,-0.7530500739218011
5981,-0.135277321083205,-0.23884611811109757
5982,-0.10965513614950748,-0.20427960892291988
5983,-0.11036960462999464,-0.2093557677668161
5984,-0.294855982127658,-0.3008509109643465
5985,-0.61986104236981,-0.67773471618129
5986,-0.029851988600439413,-0.2075590728539362
5987,-0.06860881529552203,-0.14966399007748493
5988,-0.3248452097213249,-0.4214549244291247
5989,-0.2665723792045856,-0.38273293548837434
5990,-0.20961313521507488,-0.30512217753714066
5991,-0.6038025305250228,-0.7208200228648866
5992,-0.36671279952529495,-0.6239895464600297
5993,-0.15626524879841505,-0.29256326074415967
5994,-0.07686344803469586,-0.16308391461624727
5995,-0.19950471215442558,-0.37839197026425136
5996,-0.12715369642364682,-0.3347321653414276
5997,-0.028339861907792804,-0.1690669775887624
5998,-0.09570226651749682,-0.3483148196119769
5999,-0.4919378462431419,-0.4977991384819379
6000,-0.16206631264450125,-0.23138338023701718
6001,-0.12188734612398844,-0.17272667441986161
6002,-0.4855891757414435,-0.6111030072207889
6003,-0.6603623489941959,-0.8799943470979013
6004,-0.3593310376532705,-0.41325937561700415
6005,-0.6768457539935058,-1.0016645531508408
6006,-0.5223423027222556,-0.6312304171303509
6007,-0.16587309313238877,-0.3665969898055103
6008,-0.1836362188914107,-0.2948744163424372
6009,-0.5261747070536461,-0.6690275437819758
6010,-0.28822557876663635,-0.3893543056049531
6011,-0.09787630679686858,-0.2858954313122875
6012,-0.1290312278108194,-0.253878331538368
6013,-0.3424165898018,-0.5550853740775357
6014,-0.693477081619364,-0.8686645455928713
6015,-0.38056066715633774,-0.5729252474196981
6016,-0.44420128879843584,-0.6704384259275825
6017,-0.2182596895235979,-0.357709934303921
6018,-0.31311135765982895,-0.45576869486870414
6019,-0.431600941557447,-0.6377316426752265
6020,-0.21200236625304938,-0.3881647328352065
6021,-0.24398969496508102,-0.3336215434447342
6022,-0.5034686322584222,-0.5927741968265487
6023,-0.3052528328135869,-0.37935907214396
6024,-0.2888785957589053,-0.5392140017264553
6025,-0.47025868528471515,-0.5469326140002784
6026,-0.15035391655158514,-0.3861289475262251
6027,-0.28770579368314864,-0.4045772151937728
6028,-0.8321317224175331,-0.8713487600357885
6029,-0.24006032919018824,-0.45898023938681387
6030,0.02940474096273016,-0.20052212183579582
6031,-0.23649040575799615,-0.3586241678617379
6032,-0.1621292385719948,-0.3457968726779275
6033,-0.4935413716436219,-0.6845762170585152
6034,-0.46608689120365554,-0.48205937190175685
6035,-0.06496981728069688,-0.21524368631507246
6036,-0.4630693471145362,-0.5449427625493546
6037,-0.21213957477164805,-0.2889800400432417
6038,-0.6115187231256365,-0.8212781920383965
6039,-0.7012773829692884,-0.742431594490419
6040,-0.05010551610167662,-0.22017026140988027
6041,-0.017433740061833403,-0.05423305780201525
6042,-0.18306422292385133,-0.2192129438929683
6043,0.07909337167299103,0.08453977808056215
6044,-0.3767853560519149,-0.597816407457535
6045,-0.380471220649198,-0.5334261510738068
6046,-0.2990158244966888,-0.48853969456682206
6047,-0.6365871141564567,-0.7093041542807226
6048,-0.4660674086992948,-0.4641026508006918
6049,-0.18414055990647402,-0.27345948388786684
6050,-0.5776550821492598,-0.773717380862633
6051,-0.022980926824444074,-0.11290448671457762
6052,-0.5386390094693909,-0.6722085556866578
6053,-0.3086800698839434,-0.3942926576789497
6054,-0.4790644711726006,-0.6512222295584085
6055,-0.4916386325536899,-0.5859644016281438
6056,0.18157337038397142,0.11024640939114098
6057,-0.2423655388412859,-0.5270200257698547
6058,-0.5201504052749397,-0.6602682585089936
6059,-0.40694427935716543,-0.49272247752421733
6060,0.06017878771055647,-0.017126692943847735
6061,-0.2231118868498169,-0.27965768229452825
6062,-0.3259102260445873,-0.4642711235822459
6063,-0.7460674032254311,-0.8681927534582338
6064,-0.2775069567615959,-0.4550588101448589
6065,-0.14452075292066302,-0.25701275400326634
6066,-0.6749564916773694,-0.965328892527257
6067,-0.5510247100429364,-0.7073503148389675
6068,-0.33455211437385685,-0.5051791361727935
6069,-0.4585108886398836,-0.5485725833144648
6070,-0.13844103231425514,-0.3925737788095774
6071,-0.29124076601013416,-0.40113463719980563
6072,-0.3840843003335797,-0.3820863325154586
6073,-0.20451232124705512,-0.25299915826903635
6074,-0.1694701524064796,-0.2660991809963927
6075,-0.4251370399583098,-0.5535779414587565
6076,-0.3709877038170046,-0.49506335521623257
6077,-0.27335908211714216,-0.37850919954375845
6078,-0.0834306236807689,-0.2635408923623912
6079,-0.23328709366663988,-0.3078056132284916
6080,-0.2617028495812326,-0.41656165270879697
6081,-0.502630004365251,-0.6459432970144153
6082,-0.36739828987814954,-0.5014593719073187
6083,-0.11793123962034381,-0.18401433081857435
6084,-0.37732801810199107,-0.593803020874957
6085,-0.6572421075143905,-0.691853264828389
6086,-0.4088380127449391,-0.5797188314674603
6087,0.002503414639893981,-0.070762279192146
6088,-0.033967861053220805,-0.20858556493413014
6089,-0.3842811882801401,-0.570429508491496
6090,-0.4762649671892014,-0.6513908169581185
6091,-0.3474150434904763,-0.3749414310539088
6092,-0.0882847927026596,-0.1808750119390563
6093,-0.23632779076827168,-0.29824914017244974
6094,-0.2059987520217549,-0.4285931435915835
6095,-0.3811590298482767,-0.5102208066493331
6096,-0.34146254566956646,-0.5366962292447802
6097,-0.004526419091340536,-0.2015979947872464
6098,-0.061123383853894445,-0.21586854363200633
6099,-0.46664981034845215,-0.6075536746039174
6100,-0.36604209501011914,-0.5218602884056025
6101,-0.14161134358846164,-0.24913010919965237
6102,-0.1337844772655086,-0.17738772852098322
6103,-0.6260062893079253,-0.7176776947508409
6104,-0.2660672034879191,-0.45326341847747925
6105,-0.5071471683110159,-0.618297450108321
6106,-0.5731830259624122,-0.8520238439323559
6107,-0.18321273821506984,-0.25426317288580363
6108,-0.3666868559255635,-0.4300683384753101
6109,-0.4735360155906808,-0.5557811404903077
6110,-0.6786731015224992,-0.7200895076226099
6111,-0.32553172332113556,-0.3896966799527877
6112,-0.5284941601234131,-0.8379395866831463
6113,-0.4616003943395913,-0.5925525938172914
6114,-0.13880342341260213,-0.2586507332617858
6115,-0.16414795074272737,-0.2167857450761668
6116,-0.41247933306156465,-0.662077510151236
6117,-0.28747228236672473,-0.29602273809176066
6118,-0.7441172929281215,-1.0268257828061282
6119,-0.19434340835362574,-0.33921700824330436
6120,-0.2555322891189507,-0.3414238373049075
6121,-0.5408315349191548,-0.693803216022706
6122,-0.1574347990033912,-0.2992329946303637
6123,-0.8929566794813744,-1.055593932131657
6124,-0.41777038517696874,-0.6903599491696456
6125,-0.29529425399244,-0.41394499394609846
6126,-0.36422497157077216,-0.7707954583021891
6127,0.04545350378176416,-0.07047673686507203
6128,-0.8079765568819482,-1.0470704230925618
6129,-0.10159105865956486,-0.2553001611343855
6130,-0.4137647256072225,-0.5018196739584805
6131,-0.2913527966691645,-0.46441223545043453
6132,-0.5507189311940253,-0.5717346764714597
6133,-0.5576598745878036,-0.5817906949182036
6134,-0.33075510591990154,-0.464968238418046
6135,-0.42218572054232156,-0.5301128856555867
6136,-0.3911483135099553,-0.5058814516552258
6137,-0.06009976245489823,-0.1689840767487365
6138,-0.20965794529172865,-0.6962534614148822
6139,-0.3689201340869081,-0.6845746261091906
6140,-0.5742991798591487,-0.7619880121540789
6141,-0.11150291324590758,-0.2547288644616263
6142,-0.44491157441944923,-0.6843291451847888
6143,-0.18824212679361516,-0.3835651812754886
6144,-0.057587438381037824,-0.19711851196037528
6145,-0.6201784018393645,-0.7353773781986357
6146,-0.5921590502083915,-0.9949843254471864
6147,-0.3831597975678414,-0.5813636326273814
6148,-0.7000991850848428,-0.9085766622231942
6149,-0.6381956615577169,-0.802939650028474
6150,-0.26125622842192436,-0.3923433335520455
6151,-0.24572035184160368,-0.4031307179500984
6152,-0.4242134311523144,-0.6090928725198709
6153,-0.22613577930415096,-0.3406343848551365
6154,-0.408189376303799,-0.7224450605017899
6155,-0.4098186007797739,-0.5556357572908524
6156,0.018017191974568483,-0.11211051830937158
6157,-0.16514608222532595,-0.3451930607536436
6158,-0.5952649500701105,-0.7026434652512872
6159,-0.43276268334427737,-0.5430980625260005
6160,-0.5451820355380592,-0.7482588190749528
6161,-0.2002411506661209,-0.24352021083873873
6162,-0.3959279130448835,-0.537659807530323
6163,-0.42368875032201636,-0.4706209117511824
6164,-0.014842507968033169,-0.12315254892314496
6165,-0.32809179493338275,-0.3866502861173004
6166,-0.29884906160990526,-0.3741229111116577
6167,-0.6266479854668584,-0.7128188565799533
6168,-0.23650228523051608,-0.44143378530717897
6169,-0.6610739871788112,-0.7897253637548121
6170,-0.449908289522583,-0.4874579038886516
6171,-0.26216910294560475,-0.3325669403775914
6172,-0.23579766836241947,-0.44559493143849127
6173,-0.18706517838499734,-0.23801362544532192
6174,-0.405838812618017,-0.44779526020070604
6175,-0.3092485949917267,-0.30881840869727994
6176,-0.07714408158865889,-0.18246247676886726
6177,-0.6533616470063762,-0.8884268306659535
6178,-0.49128578843944704,-0.5532008935593228
6179,-0.18436898842141053,-0.22576499065500016
6180,-0.3476689704988602,-0.44860388794741024
6181,-0.05244265879194623,-0.19674479191006894
6182,-0.10489359240909708,-0.1651369408810995
6183,-0.09409112669868248,-0.17436538801044174
6184,-0.3033958349039921,-0.32286377673351896
6185,-0.08332185136626041,-0.18720347236737556
6186,-0.39350002854661226,-0.3943416219286702
6187,-0.3368700662215434,-0.3877330196996822
6188,-0.5111286997965725,-0.6514148872326375
6189,-0.49041153129911175,-0.5277111975597378
6190,-0.3206076603831946,-0.4296321767749514
6191,-0.22584382908100328,-0.2903569654170249
6192,-0.9141750232801708,-1.0190655294541224
6193,-0.6250822352400943,-0.8806273060739118
6194,-0.6952160501644807,-0.9122949593312212
6195,-0.34753640297133515,-0.5722138409959847
6196,-0.509611129398251,-0.6775783082791021
6197,-0.19971182611946817,-0.45640402618361026
6198,-0.3579163749376517,-0.460563677694547
6199,0.007876413461497438,-0.08897127003702104
6200,-0.3429884878042743,-0.5098740878477578
6201,-0.18106778878050758,-0.19523713756786193
6202,-0.1577675986182077,-0.25708970774484724
6203,-0.4635477709309936,-0.5500858628684593
6204,-0.5611162199688362,-0.711817190898806
6205,-0.27575578751811564,-0.2920154949978714
6206,-0.2990226336806432,-0.5920441056792516
6207,0.2876828612877702,0.19701578310105275
6208,-0.4468518136554125,-0.6302134717703733
6209,-0.298918361838468,-0.42944319374266915
6210,-0.060032975728783584,-0.10131855423008013
6211,-0.34683050253568076,-0.43013519788275995
6212,-0.01165017663694086,-0.15202039478908483
6213,-0.24196870814742527,-0.35656216133558544
6214,-0.1576525775493136,-0.40699233435994875
6215,-0.6128366900914394,-0.7909867415184028
6216,-0.09046886693439261,-0.2821703420420238
6217,-0.6342638579487202,-0.7499993867524462
6218,-0.3046701376480268,-0.41607969220651086
6219,-0.6448211882670531,-0.7228898034424968
6220,-0.4355243759491979,-0.5373443227919186
6221,-0.15519536684281757,-0.22214369650209118
6222,-0.22332586184426456,-0.2886416897900079
6223,0.13509098151339058,0.1291615442866907
6224,-0.18401005619977037,-0.24640038240062787
6225,-0.5023370558429404,-0.6138499552646127
6226,-0.23035437983231838,-0.3909548033537632
6227,0.02849002074869452,-0.01944921518790894
6228,-0.23673997654089102,-0.36329439830795446
6229,-0.2083479844211059,-0.36204874474279797
6230,-0.2960890534566055,-0.5225028821896527
6231,-0.36111030034558966,-0.4678575879611488
6232,-0.22888677942645125,-0.31720022426412187
6233,-0.24645133808423703,-0.4289121116932624
6234,-0.6996378614786923,-0.8113907457507105
6235,-0.2439449700236508,-0.32408149743293535
6236,-0.12758237606329678,-0.1405915217490732
6237,-0.6798930200509169,-0.9352532289250723
6238,-0.21404139527260577,-0.371635332079331
6239,-0.1650355152779047,-0.31321445106018403
6240,-0.36605570450306063,-0.6159098105241062
6241,-0.17691890475943373,-0.3258925814115192
6242,-0.5101717507309307,-0.7620327809742048
6243,-0.7556443389813154,-0.9313193606915582
6244,-0.3372186625043859,-0.49614777427425505
6245,-0.07901356075038163,-0.1458145368365769
6246,-0.22496302903282553,-0.4209925306223827
6247,0.03224632005307613,-0.09801472108335918
6248,-0.09540569381638797,-0.17965732674843318
6249,-0.19063728832048696,-0.22428706482639924
6250,-0.44278603813342027,-0.5210834973389962
6251,-0.3914530073930736,-0.4770521089519514
6252,-0.3861455527629671,-0.5161552596534832
6253,-0.33672293094427314,-0.5471764868657301
6254,-0.21590966795533664,-0.3412670058398715
6255,-0.40681756887606724,-0.5701338751404168
6256,0.09778141670393233,0.030700144302639273
6257,-0.5592908873291665,-0.6821009873104787
6258,-0.3291744079840417,-0.586983717646566
6259,-0.3727677401732715,-0.3837335407279017
6260,-0.2655210840516438,-0.4373096842510736
6261,-0.19587645826317093,-0.33701383548624686
6262,-0.15121168614053973,-0.3302764524710696
6263,-0.4034759457562165,-0.5684539313486355
6264,-0.3565688314123527,-0.4605363923480124
6265,-0.35300948707530305,-0.4508185633369841
6266,-0.14583045696081348,-0.10774261968732965
6267,-0.5677572532342019,-0.7909113389158393
6268,-0.2620249404670207,-0.35641214853620584
6269,0.025984756897850625,-0.06344159855880421
6270,-0.7453675735295767,-0.9294655521127363
6271,-0.265176803861327,-0.38390750577452126
6272,-0.5171292774314459,-0.7192492968412023
6273,-0.49853139887423575,-0.5795370110048942
6274,-0.25556766022374655,-0.31660378209095574
6275,-0.6786792569355653,-0.7288178161930214
6276,0.2016961022872894,0.15879053234197807
6277,-0.6288100486243055,-0.8228200560885377
6278,-0.03540875817929425,-0.18314388335169998
6279,-0.5001661768725666,-0.688094072083906
6280,-0.2923752513296782,-0.4133258386964999
6281,-0.3101845766880542,-0.4130406406614768
6282,-0.5915014929394988,-0.7952442426864946
6283,-0.2811752370127096,-0.4323495837613241
6284,-0.25638019264816486,-0.3543653932119985
6285,-0.5234161529722419,-0.6118572032952095
6286,-0.42918293562047444,-0.46389561946891433
6287,-0.45995069396975896,-0.5514047697514163
6288,-0.5127659811282975,-0.6682600743808732
6289,-0.7667532603224296,-0.9212477632911782
6290,0.04141932573182929,-0.05695288328007253
6291,-0.3037229877594809,-0.4205294090653008
6292,-0.48509119982111404,-0.5339724498333276
6293,-0.4285544369361529,-0.4776023071600172
6294,0.14480866683488017,0.07099386901087786
6295,-0.6153397955674834,-0.7866920396054875
6296,-0.31583542937318604,-0.4952057421218376
6297,-0.25894389870429635,-0.3369178080631127
6298,-0.1659594908620837,-0.23677316395246756
6299,-0.40692227475937176,-0.6145667345577377
6300,-0.41170071970432737,-0.7486566669365428
6301,-0.5032892711805466,-0.6388163340470309
6302,-0.43342910406165963,-0.48829807898610206
6303,0.13813723036013148,0.07891262369603316
6304,-0.20212431606978115,-0.24490300438220777
6305,-0.5412999649120588,-0.8946248695477416
6306,-0.38451963809700607,-0.6204566415557605
6307,-0.40852618809424224,-0.6173876238887225
6308,-0.5872165509474333,-0.7848991915460106
6309,0.0853382173947341,-0.03962116514611512
6310,-0.15159441734975035,-0.3143381500346457
6311,-0.37637681870407186,-0.442854529378295
6312,-0.32285726574062046,-0.5461367891091727
6313,-0.3315253147172949,-0.36234907355430035
6314,-0.3450837137843702,-0.48548109263406247
6315,-0.5077094084246309,-0.7615283089279409
6316,-0.45464658911867034,-0.6644998383477854
6317,-0.14449479491171932,-0.16186452658531736
6318,-0.01876181392660161,-0.09566280462769527
6319,-0.3739072814625473,-0.5034012232423666
6320,0.17931285552913714,0.13715249957054224
6321,-0.27873728150001703,-0.34981956539882264
6322,-0.44419781799544317,-0.8610170742636298
6323,-0.2964515075640256,-0.5723790878621497
6324,-0.07386276991772452,-0.1634988208057281
6325,-0.3811975042513894,-0.5583281921755088
6326,-0.3232242010865769,-0.4992392502324735
6327,-0.33996379908315244,-0.3538628496034959
6328,-0.34865945549823074,-0.6400349803880775
6329,-0.3059455787488073,-0.419656671725278
6330,-0.42403326823682486,-0.8784369338783476
6331,-0.3736279572645269,-0.6126440979650737
6332,-0.06785219676278482,-0.1670399506593687
6333,-0.2090243783233967,-0.4937624289833665
6334,-0.511477444193058,-0.5337144817109911
6335,-0.5040200446984886,-0.5481764440621245
6336,-0.45701494030300127,-0.5320335034002742
6337,-0.4415823904372286,-0.5337465159733304
6338,-0.2867624981212538,-0.3891810036730474
6339,-0.09748384621115506,-0.2958879526008812
6340,-0.386803521444345,-0.653794526363649
6341,-0.3444823363975985,-0.4625636184751998
6342,-0.5242697971479874,-0.7624452175540739
6343,-0.29593288064438245,-0.38144802918248666
6344,-0.14219139071171033,-0.3179103724228406
6345,0.09969059762698423,-0.04685957569869786
6346,-0.0985673471696586,-0.14374676822881777
6347,-0.21791002523720784,-0.5142153445451759
6348,-0.4870971344575563,-0.5630216948817373
6349,-0.15015788105100755,-0.21206218931544552
6350,-0.3047756749804071,-0.4355282462261474
6351,-0.3207413799222923,-0.35498639911188035
6352,-0.26405681284097066,-0.44586183584545125
6353,-0.21077905813708797,-0.3715422410791182
6354,-0.3219311020335636,-0.3745850852296729
6355,-0.5767847801861791,-0.6616159492416439
6356,-0.38354473167125264,-0.4314774598867471
6357,-0.8203518645553205,-0.9191449533637723
6358,-0.307443539894746,-0.4689319156393658
6359,0.05656235124023787,-0.0860020477253877
6360,-0.24530657758477054,-0.4226899502200882
6361,-0.4395266718633105,-0.47042631357517145
6362,-0.44375451468522614,-0.6071577607257704
6363,0.03105820510938913,-0.12669054482115183
6364,-0.33254708657106874,-0.42542063663888197
6365,0.14712217553017523,0.06208395734846191
6366,0.07968352660952736,0.00580325850717573
6367,-0.5800021446266943,-0.6099376818026738
6368,-0.21672444237036345,-0.29812898718020997
6369,-0.3085320710661749,-0.5110114612914662
6370,-0.4301807211565348,-0.537112395272776
6371,-0.30273202972009117,-0.4546875181115483
6372,-0.10974540690547525,-0.2129769400820897
6373,-0.2707362001661916,-0.38093803511777874
6374,-0.11476081709211984,-0.24739076760972295
6375,-0.6189815070940624,-0.7302433105865275
6376,-0.3126755854776787,-0.5520624712051602
6377,-0.06559913929726956,-0.10002126457111661
6378,-0.20783695532113292,-0.2646452155132511
6379,-0.5188712348688918,-0.6664355203039972
6380,-0.3034263568959654,-0.36639636545567744
6381,-0.34983643301244965,-0.4652290661449953
6382,-0.5123252638821985,-0.7426521875374795
6383,-0.07799228486730414,-0.1728370972450934
6384,-0.220286015069431,-0.3134193255272245
6385,-0.1704999656165645,-0.30127069558822017
6386,-0.3005014931216364,-0.4529349498038704
6387,-0.1633050708998514,-0.21706101665678976
6388,-0.7834773257681541,-1.1285011155061377
6389,-0.41205563755100355,-0.5494818501678044
6390,-0.5075334631411198,-0.655670222230627
6391,-0.17473032107647749,-0.4262927020415409
6392,-0.530969044400105,-0.6822679964644184
6393,-0.033505219196641935,-0.07051224071193592
6394,-0.1608334515919611,-0.30229669115781455
6395,-0.08390058424516149,-0.2796489485249906
6396,-0.29031891021965556,-0.4864185494583276
6397,-0.4447111589409453,-0.48724953381954755
6398,-0.0894883106622141,-0.20005388955821415
6399,-0.3093863482218543,-0.4934082094431925
6400,-0.12524005550968623,-0.22024570390651743
6401,-0.43217262396412043,-0.49925798402828475
6402,0.09066728245573727,0.04802504894207604
6403,-0.7670127419946615,-1.0098232536843281
6404,-0.09103541665652759,-0.45758736102506453
6405,-0.3118249317268124,-0.5031913111514301
6406,-0.359246936537352,-0.45143571899802476
6407,-0.12315413263451708,-0.20557585073666781
6408,-0.4831857908873086,-0.5584707271280791
6409,-0.1912683582272498,-0.47025607989615886
6410,-0.20321745814769343,-0.275898888400295
6411,0.05816059743557687,0.017074779926287396
6412,-0.42961983927468705,-0.47033790025069633
6413,-0.4023421669151754,-0.48704167257518377
6414,-0.472292475877102,-0.5615451285752044
6415,-0.5385605450053335,-0.5869544130920454
6416,0.088771891512708,0.02588419497724139
6417,-0.4146199862269949,-0.532083534843215
6418,-0.15430073349867335,-0.18668240587522625
6419,-0.6271678212295858,-0.7801359227738317
6420,-0.13795595578408373,-0.23793882178501605
6421,-0.12972668596307066,-0.20860528758884656
6422,-0.5253010601303897,-0.7029511514672764
6423,-0.6177533650970657,-0.8471263764586562
6424,-0.3616002656559665,-0.4047354522578164
6425,-0.28103680846743373,-0.3662773910423613
6426,-0.26226096170613994,-0.3247655703750563
6427,-0.3154768080772591,-0.4596197789489146
6428,-0.4837693680914564,-0.5629615527574364
6429,-0.8571656133768505,-1.0703024201731322
6430,-0.6524246770825478,-0.6479990255246374
6431,-0.23380404409825672,-0.3004248254314419
6432,-0.24256037255072913,-0.25886070866901334
6433,-0.4836098291028559,-0.5710739053383374
6434,-0.37833342409547044,-0.4981803628820723
6435,-0.30430956765336686,-0.2746968080492133
6436,-0.407312359735278,-0.6714146113459227
6437,-0.11260973987011612,-0.29905730057337593
6438,-0.26749226121323905,-0.4670583490841345
6439,-0.22665669758079127,-0.489587114827227
6440,-0.5875412853047864,-0.652146306673529
6441,-0.2571571645866451,-0.3784724801278978
6442,-0.5509608403687682,-0.7028039696101699
6443,-0.24106969196680555,-0.3157485496131331
6444,-0.3955119481454779,-0.48466649619117136
6445,-0.28558000517264165,-0.3444444685677583
6446,-0.2777926443175668,-0.3909191189074664
6447,-0.13117535748049247,-0.2315341652837221
6448,-0.380557746241699,-0.5368416029442813
6449,-0.16081417852556998,-0.2908568583719512
6450,-0.40221245713774506,-0.5762834670267585
6451,-0.4947868236669896,-0.5811038558982909
6452,-0.39308475789590425,-0.533796441292212
6453,-0.48581179834892285,-0.7149199272237359
6454,-0.43298068541835205,-0.5791147382784617
6455,-0.3031496127781211,-0.32460708995661514
6456,-0.6811493185184713,-0.7423649708296863
6457,-0.17131152213612894,-0.26189097307285913
6458,-0.20518172771596158,-0.3233809883409253
6459,-0.0731938847650694,-0.13961639314230154
6460,-0.32097429988100934,-0.3385007345474969
6461,-0.212609984938485,-0.2827682239948681
6462,-0.3365110507104981,-0.5208391962157373
6463,-0.42469588339226294,-0.45202744305084464
6464,-0.5787440324604174,-0.7477007382322117
6465,-0.40428889209264357,-0.5096841197087274
6466,-0.28474249329696116,-0.3389400263913111
6467,-0.664217255074438,-0.8155875376861786
6468,-0.36547814923462774,-0.5079222911083463
6469,-0.07783231615636119,-0.18847238645414857
6470,-0.006357164764146356,-0.05288256195661549
6471,-0.28098734724588187,-0.4237410889241605
6472,-0.4106459134393429,-0.4626883027021392
6473,-0.22252815096224557,-0.22955057659262212
6474,-0.13289219501183747,-0.18583277686058272
6475,-0.2579081010817649,-0.45752492992387417
6476,-0.14312118008254682,-0.2597920259526565
6477,-0.5151455343936322,-0.6647702927427702
6478,-0.7397664262946062,-0.8299265016889692
6479,0.1406053316586889,0.011856010467819991
6480,-0.049446461793963135,-0.09803383068624894
6481,-0.35369206333729486,-0.39849544208013876
6482,-0.2846714591177811,-0.41531565922853425
6483,-0.5742433153659905,-0.6844954890475591
6484,-0.041357795331420914,-0.0925483451040176
6485,-0.09429882063479521,-0.10220406645715517
6486,-0.3315517832349592,-0.47683496608753506
6487,-0.41466253181893453,-0.4739839499672118
6488,-0.014176677690939435,-0.17344534341499038
6489,-1.1046971925924913,-1.1222972385720664
6490,-0.44539340235710767,-0.5122635240974204
6491,-0.5623500334789906,-0.6828773922405186
6492,-0.4155635497917839,-0.47236813548372564
6493,-0.07022769390779389,-0.07484728381920372
6494,-0.1880630121319446,-0.26364505211547257
6495,-0.49078401538872696,-0.5464671912774556
6496,-0.3980299661671967,-0.5452200289750997
6497,-0.3067410445593328,-0.49709689360575826
6498,-0.4223980177949601,-0.5327259840199065
6499,-0.4609040503645313,-0.491198719607681
6500,-0.08871230780803695,-0.1815791571961936
6501,-0.31141262495282296,-0.43466837331294966
6502,-0.44840330772712883,-0.5988806532682224
6503,-0.37898951825078375,-0.48080891540449044
6504,-0.19211684225287592,-0.2835585899302943
6505,-0.21230804144432847,-0.31342587956285395
6506,-0.0970225720070113,-0.14721909245713535
6507,-0.1115406818899849,-0.2155467026884227
6508,-0.18092718345191527,-0.29489269256907136
6509,-0.17945518631398433,-0.3706311183710435
6510,-0.3722373459560896,-0.5731554072054793
6511,-0.09050655062310112,-0.23779639687413387
6512,-0.2944127555822009,-0.49686336561031214
6513,-0.22117052796380013,-0.2572173826283587
6514,-0.4102972584951718,-0.5043668943120322
6515,-0.4888213356717887,-0.5747161775175671
6516,-0.4809818571246286,-0.6190460441030935
6517,-0.19915330580908128,-0.2623399821602212
6518,-0.2740422058847656,-0.3177512084786846
6519,-0.6807537168029579,-0.8598285250389793
6520,-0.3468666288687625,-0.4993631509989958
6521,-0.761808463754238,-0.8347956263333769
6522,-0.26554717541373307,-0.3360922798145354
6523,-0.37097200505018085,-0.6086518784796393
6524,-0.282045557929034,-0.2878081203164727
6525,-0.4021717699913006,-0.5650255533882399
6526,-0.46170213018765544,-0.4862919013503703
6527,-0.032345320961620405,-0.15849488853583796
6528,-0.40199694100701044,-0.48743960780875906
6529,-0.3738346443875843,-0.5720078189428953
6530,-0.17997704860853309,-0.27619588510075904
6531,-0.19444344869340752,-0.22851726012803028
6532,-0.23823129913896357,-0.4281044400036366
6533,-0.06078026920296565,-0.16065229084507443
6534,-0.10420308713031935,-0.19335884282068033
6535,-0.14156142456793822,-0.2042744810334036
6536,-0.6725659524478556,-0.805287276080153
6537,0.059726395448714074,-0.0643564279091908
6538,-0.4360921235223226,-0.5205206672779533
6539,-0.22587775819473746,-0.3839566693085418
6540,-0.34571257763282415,-0.49429519758181867
6541,-0.6972356777385291,-0.8092682752458059
6542,-0.13973081156286296,-0.31134576218373483
6543,-0.5487018177041698,-0.6890031579390777
6544,-0.23369925780329134,-0.39062955680720246
6545,-0.7248233962157831,-0.8044917284021712
6546,-0.42738418166488057,-0.5126578813346722
6547,-0.30170689685242963,-0.5356474131352205
6548,-0.32424298214066666,-0.41555412825210425
6549,-0.3614359469922883,-0.4665608010143135
6550,0.03517989247594619,-0.04482294923187875
6551,-0.33988421785225975,-0.47285684400894545
6552,-0.5674425388652645,-0.837023263937432
6553,-0.5685927766308444,-0.6844905963630983
6554,-0.5354713570638926,-0.5604558318882646
6555,-0.23456305908152286,-0.3593953817872395
6556,-0.5622347400589501,-0.7215301531739144
6557,-0.22373632566093318,-0.37089347111439186
6558,-0.14726386447800452,-0.22419569071404422
6559,-0.22923849705339158,-0.3873496508397087
6560,-0.0776914487314138,-0.31741088850680005
6561,-0.5448326710997577,-0.6169319907100353
6562,-0.7493278628056954,-0.8779827822507115
6563,-0.28037786576539,-0.47986330604466
6564,-0.10158863117090251,-0.2502417690816221
6565,-0.576048539324688,-0.6115727923445802
6566,-0.5780562757921669,-0.8391080050968333
6567,-0.4968953058098057,-0.8306434849551292
6568,-0.17918136459378356,-0.2959175960161251
6569,-0.18258582912959956,-0.2988554651048268
6570,-0.4093430728567338,-0.5386491799521019
6571,-0.734816092875814,-1.0384010678957567
6572,-0.8210580148980914,-0.9996897103020911
6573,-0.18630392427352935,-0.23031786647956054
6574,-0.38945345209401516,-0.5688939289602047
6575,-0.2881952050716827,-0.4613738828286254
6576,-0.46936540276737904,-0.7463808779289518
6577,-0.4032912444496699,-0.47546052762926794
6578,-0.31391028606922,-0.3643470812125767
6579,-0.21896226249511033,-0.30920316491561484
6580,-0.2537924661231128,-0.3770876287504408
6581,-0.43098706010009313,-0.47645152149083553
6582,0.031975040267532034,-0.048175574979830056
6583,-0.6825036773228128,-0.8429196923405095
6584,-0.3318324281050551,-0.4170558577495261
6585,-0.36094239995802657,-0.5006878845555868
6586,-0.2763968481294378,-0.41660313554218054
6587,-0.28513006358146886,-0.330068354153921
6588,-0.4122281672006815,-0.5103793954101454
6589,-0.1921223833834818,-0.22377069854774687
6590,-0.04747971949827477,-0.3005905757652317
6591,-0.729503600433228,-0.9753201725022773
6592,-0.41607271135791146,-0.45926083134211443
6593,-0.07737147037829116,-0.21583858359727495
6594,-0.7452058871276779,-0.9949563966622399
6595,-0.038297228873255214,-0.20362423293258056
6596,-0.5048563383860948,-0.5499825055075915
6597,-0.3654906772031658,-0.419272930332524
6598,-0.5628430999995664,-0.6706828546251005
6599,-0.5961520350334892,-0.7821615150433369
6600,-0.34815673032516603,-0.44813008166201973
6601,-0.32446413881483743,-0.4674347005762581
6602,-0.24966748383709184,-0.3795223860631322
6603,-0.4377526652340363,-0.6103310413485367
6604,-0.6328238859971523,-0.7704398875038255
6605,-0.05501600690754498,-0.27649991872397384
6606,-0.3151527611856898,-0.3930116079942874
6607,-0.43335828482136857,-0.6763284735570716
6608,-0.8392642461242074,-0.8893454499955668
6609,-0.6875323941562652,-0.7437587637698901
6610,-0.4192183648269425,-0.488910709702854
6611,-0.1757269089328349,-0.2450118235896263
6612,-0.3554721105507674,-0.4697724430836141
6613,-0.36195380458980037,-0.4728832057826409
6614,-0.3079396511419369,-0.46141523883826446
6615,0.2337986051841557,0.1167475659876201
6616,-0.926187675692305,-0.9679948486198391
6617,-0.38599412937269406,-0.5788056602095091
6618,-0.19682972652991435,-0.3711294055433594
6619,-0.16082247760669788,-0.3465712456581537
6620,-0.7067078222346409,-0.925899735181759
6621,-0.19083846157055767,-0.2083072255765142
6622,-0.0036459886792924103,-0.0957452734182254
6623,0.020944728605396853,-0.07256133644067014
6624,-0.2320695551471798,-0.3358833692455119
6625,-0.29600750751201155,-0.419453764252454
6626,-0.4163090259882215,-0.6209162465924762
6627,-0.27980025919449975,-0.3857073926451453
6628,-0.37297511409678746,-0.5422183953423709
6629,-0.19353482038815994,-0.25254764361497545
6630,-0.34468080345429863,-0.4840697648628419
6631,-0.3401249085247323,-0.45378756850994995
6632,-0.2601910589485427,-0.4194033533179818
6633,-0.4651782852109627,-0.6580542446059121
6634,-0.20056907409591562,-0.39022912693194745
6635,-0.4786380503888229,-0.5819870522241618
6636,-0.22557507201661287,-0.3722297282527678
6637,-0.7088303375359365,-0.8563214967202261
6638,-0.6649456088165023,-0.8354733822427026
6639,-0.417001504652883,-0.6414260232627343
6640,-0.6965915668201322,-0.8196715486591727
6641,0.06900441404735044,-0.05300596681982939
6642,0.04603685280515306,0.036911013923660536
6643,-0.1501926314455246,-0.22604980312646503
6644,-0.43228023605314425,-0.6597134855924209
6645,-0.6921811343993395,-0.79147142850908
6646,-0.2709528702772665,-0.4188907938359185
6647,-0.4108023427574666,-0.53622000411782
6648,-0.41207709231717304,-0.4587108287056774
6649,-0.6056252969878945,-0.8635371773602561
6650,-0.23330068654624128,-0.4593189950068444
6651,-0.4021410147521258,-0.5016887635427204
6652,-0.5885454854775763,-0.7800164404088735
6653,-0.5386201068390185,-0.711757197963709
6654,0.11779123340303205,0.02415206043841998
6655,-0.2818056415837008,-0.34004538257923894
6656,-0.22523164982462246,-0.38110554761825355
6657,-0.3538148696306516,-0.4595168469161401
6658,-0.30944885912919595,-0.37345774540901366
6659,-0.6822120009946369,-0.6938577612292408
6660,0.04070262487942461,-0.08350758330486631
6661,0.10749490551521053,0.08806824455535346
6662,-0.44844637899782497,-0.573551774263388
6663,-0.49019561504398107,-0.6610263941607537
6664,-0.009587741755259817,-0.1730375448910525
6665,-0.1862831307181911,-0.35233061525989284
6666,-0.42307571405746847,-0.6539654299897076
6667,-0.49355906422273293,-0.5071511782999425
6668,-0.3108601032991201,-0.38011288523298725
6669,-0.3278155597684489,-0.43118103933341345
6670,-0.1848409949385854,-0.27225447623797616
6671,-0.18913907835945654,-0.2501494359003407
6672,-0.9290119332984722,-1.0356225979713407
6673,-0.13322305444664673,-0.2816848472571018
6674,-0.23095933096732252,-0.28021016326115167
6675,-0.2663334125235585,-0.365303773859916
6676,-0.03147785205556749,-0.1829924965253137
6677,-0.1951457400854998,-0.24373703738552016
6678,-0.3505641682046804,-0.41550133634976105
6679,-0.19141446208719332,-0.25226164275028384
6680,-0.13015374445634276,-0.14296066328167661
6681,0.006692698115206697,-0.11234020680369071
6682,-0.4713838112347426,-0.5069574677648987
6683,-0.5472416976149199,-0.8606927255613379
6684,-0.373291656488483,-0.5541240787059832
6685,-0.5670851996311327,-0.7350702365547401
6686,-0.2753967877870058,-0.39947403149728794
6687,-0.381183959604432,-0.4965832558374298
6688,-0.4617220740959728,-0.5098974006428946
6689,0.18045085927103274,0.15061254147841935
6690,0.0725624159953196,-0.04636736384253939
6691,-0.4949789374467822,-0.5912073217963322
6692,-0.45129355502070745,-0.5154992508789257
6693,-0.4680771691017097,-0.6346341146464742
6694,-0.2812524123044977,-0.3822402542976786
6695,-0.3927431734575086,-0.4628556884752832
6696,-0.3392044209229745,-0.5670326645296014
6697,-0.34952345625118225,-0.3969470216573866
6698,-0.44373598802477515,-0.5836199199909451
6699,0.02018749650551287,-0.031179558504664383
6700,-0.1486646638214334,-0.2830761038506203
6701,-0.048871479525213445,-0.10650640674552136
6702,-0.3753755833571812,-0.6387640499578848
6703,-0.23045670397737952,-0.3868617661493141
6704,-0.35862885283401263,-0.46421446897616725
6705,-0.1439796651805932,-0.3184570471623571
6706,-0.2518669923127392,-0.30606452095643766
6707,-0.23109025584466386,-0.3232143681017824
6708,-0.2130507063012449,-0.2889182005858938
6709,-0.2624056194850538,-0.47976979925024354
6710,-0.17291634813266496,-0.2464142998775379
6711,-0.3679544380641861,-0.47861039903876273
6712,-0.22369411400399788,-0.3924967197721951
6713,-0.051517943061763515,-0.08920246979518734
6714,-0.14931777923578526,-0.19030901372063683
6715,-0.17214861157490302,-0.22348454184986655
6716,0.004212337101143673,-0.09477298597557558
6717,-0.2554973715357922,-0.27642588420295017
6718,-0.4256771247256365,-0.6992098348977984
6719,-0.6934427036333052,-0.8272842088084482
6720,-0.2427288902986266,-0.33612850421321866
6721,-0.5574890479466685,-0.702335096007038
6722,0.06077721452150657,-0.06980577219081047
6723,-0.28012436768300003,-0.5856061622985106
6724,-0.2971045954189229,-0.3385552503757384
6725,-0.48834374312709966,-0.5537119420896114
6726,-0.2151615470222214,-0.283895347882469
6727,-0.23015258240711872,-0.3541189170054328
6728,-0.30136767589317276,-0.3871866109805265
6729,-0.12616013798410175,-0.2900370286341513
6730,-0.3720445739567132,-0.5535984984029436
6731,-0.21050619367877743,-0.37644168034998254
6732,0.11496432437799378,-0.11211476657169182
6733,-0.42844242727835996,-0.619072994570562
6734,-0.4747859513475743,-0.6187092373734037
6735,-0.13904133671597596,-0.1874580919603821
6736,-0.24572783443355597,-0.3320783150817115
6737,-0.6380479642789777,-0.867137882959057
6738,-0.49126980204604104,-0.6692601585389112
6739,-0.19364843071734256,-0.2573784371393736
6740,-0.5495130986338117,-0.7007261747680309
6741,-0.15869452900341735,-0.29496738303419107
6742,-0.19580806572122678,-0.3141555135564015
6743,-0.4805259912041559,-0.631573942640934
6744,-0.43244928047518,-0.4949455259753759
6745,-0.02471380683265023,-0.16376883899331107
6746,-0.37943408176024945,-0.47557089785276
6747,-0.4961722412376279,-0.6360877305276014
6748,-0.5547065281008349,-0.581086894517237
6749,-0.5533870365480088,-0.7833410262760746
6750,-0.568688695085914,-0.6504440480718272
6751,-0.1998672807209355,-0.3304488389973376
6752,-0.08322193228676683,-0.27525638827628
6753,-0.2531906098390373,-0.4867766222361493
6754,-0.3294578799897947,-0.4629705399270752
6755,-0.5462450534555942,-0.6357705463080274
6756,-0.44740011608855695,-0.5876664826470822
6757,-0.5587290990575005,-0.7872913699276824
6758,-0.45373829837197094,-0.6201268466648762
6759,-0.18874557141449683,-0.28053192271405797
6760,-0.24615108508421757,-0.40782311799949184
6761,-0.2009971780001729,-0.23833347477452269
6762,-0.2236844746943706,-0.31555736010054813
6763,-0.24836103696794176,-0.390733111090358
6764,-0.6315450845229134,-0.8379233369351994
6765,-0.5709482668780734,-0.7334126473918249
6766,-0.28285183082550874,-0.38116608070141467
6767,-0.38079442652973944,-0.5485104883521748
6768,-0.07503928760368109,-0.23897349155291964
6769,-0.5423593968723124,-0.5984025086427601
6770,-0.7113189438550807,-0.8526316638996685
6771,-0.482530514018989,-0.559590356635785
6772,-0.3917954488178324,-0.6415483074332523
6773,-0.492224059191662,-0.5759554370914488
6774,-0.08835772229310947,-0.15391603501800594
6775,-0.7249028869049561,-0.7715829405345936
6776,-0.23074464716004817,-0.46908320637209083
6777,-0.3347444961345776,-0.5085792128263337
6778,-0.06392387509675514,-0.2190251593137369
6779,-0.07997713709714731,-0.22113682189960263
6780,-0.29228741510567846,-0.5549164099723545
6781,-0.3646769370518593,-0.5533242437316508
6782,-0.35833419218509943,-0.47641600747598445
6783,-0.3143342368100341,-0.46218614063953567
6784,-0.40851156581919956,-0.6545104698077004
6785,-0.21482543960187084,-0.2523238632268197
6786,-0.4769774543241171,-0.47469586921262774
6787,-0.22912626695475155,-0.30946401811401203
6788,-0.5802913601312876,-0.6617313095057027
6789,-0.6668238422765012,-0.76541943073258
6790,0.05133367795499878,-0.13798566174135343
6791,-0.4488166212947159,-0.570309810995837
6792,-0.20536413756367933,-0.287248225643955
6793,-0.29831100064814936,-0.445898649029339
6794,-0.5836609605913018,-0.7886908096877212
6795,-0.44818574754359647,-0.5014063206885638
6796,-0.3392616554362599,-0.4861339384467171
6797,-0.4992474220373151,-0.6384383481071196
6798,-0.5049374379027984,-0.6420548079034574
6799,-0.5011403762236314,-0.6363143854662004
6800,0.05120153087932938,0.02361140946519714
6801,-0.18364313347280597,-0.25942216713138827
6802,-0.4576259703121795,-0.6349949971034057
6803,-0.24117061292767203,-0.3044057239779483
6804,-0.06974578754453664,-0.2576913740677148
6805,-0.2771463598351591,-0.34555163104118475
6806,-0.2815367131687843,-0.41238091176543823
6807,-0.18136271421028913,-0.2840515783532454
6808,-0.09175993716799438,-0.1890447742707343
6809,-0.270712545970327,-0.39235650258647287
6810,-0.27128830733334613,-0.2794657608485714
6811,-0.46599532561887813,-0.6180753934569987
6812,-0.12304655994691653,-0.31614239697845714
6813,-0.2902210607831079,-0.3108214214861865
6814,-0.3388586451858029,-0.4916891444301323
6815,-0.4319855005877358,-0.6878695971940048
6816,-0.6498412202231422,-0.8862100181521863
6817,-0.49528605596733166,-0.6714077513260949
6818,-0.42182868566299514,-0.5899002106773648
6819,-0.39450653932519075,-0.5569461637096264
6820,-0.3799770891745375,-0.38818837325009226
6821,-0.3470460183240693,-0.41318481917976135
6822,-0.5556842320012734,-0.5713362759190621
6823,0.12332536727667942,0.03987891752472455
6824,-0.463508787464401,-0.5663461375906625
6825,-0.13403722649198643,-0.14776479409068824
6826,-0.4068415991997405,-0.5975987727500118
6827,-0.26873510731191,-0.450195300117199
6828,-0.09118487573940871,-0.1463851174218414
6829,-0.2558117918464995,-0.2709704829496812
6830,-0.12575384829230277,-0.32024773391234107
6831,-0.7760501777828097,-0.9211241883394927
6832,-0.6502697279982752,-0.8750801309953974
6833,-0.7225731613860814,-0.8783610072364693
6834,-0.20786781144814082,-0.37242148058226215
6835,-0.2367196772061975,-0.28892766132740066
6836,-0.4646315293408478,-0.5875039969264134
6837,-0.5120964273568968,-0.581906790809025
6838,-0.21177164670283427,-0.3256964271728471
6839,0.025012410028749727,-0.04753591271532479
6840,0.007019486137719093,-0.05543255470532405
6841,-0.590060936365431,-0.6812389262593943
6842,0.015516594984676533,-0.1034675333152753
6843,-0.4946658406830543,-0.7461388126143691
6844,-0.2848484274044411,-0.488378318525557
6845,-0.45138221419045604,-0.6956840285996183
6846,-0.08790155128698966,-0.4604682373174849
6847,-0.20865717048440788,-0.33691291660278805
6848,-0.5117732501216186,-0.5770404115877475
6849,-0.36922045812290855,-0.5323735756803624
6850,-0.39035392385294426,-0.48614624249602517
6851,-0.42988946288244645,-0.5615554550000524
6852,-0.24510272077274586,-0.28052745856555555
6853,-0.3771676009947223,-0.6101613088977964
6854,-0.43422159568238516,-0.4415971499512562
6855,-0.15331232070140705,-0.3016292986996235
6856,-0.3150970626375009,-0.563298858176433
6857,-0.31279354021656547,-0.44036478635990894
6858,-0.24453195769811842,-0.41175536366790483
6859,-0.029256588003263632,-0.11570620518903206
6860,-0.4246320035318916,-0.6777792154682024
6861,-0.3612931669872381,-0.5192370134640485
6862,-0.16115875589614537,-0.3515560260968182
6863,-0.3608588966757636,-0.39545082232423956
6864,-0.2429824993685483,-0.30084793649552166
6865,-0.29426286892103626,-0.39777605540759386
6866,-0.6594214786644024,-0.8685642910454753
6867,-0.0005577706957562903,-0.08457703673597734
6868,-0.338695370606689,-0.4505579700985917
6869,-0.04011354020930627,-0.04508000528877482
6870,-0.35399476120853074,-0.5064690445175464
6871,-0.551965827663151,-0.7179361314141334
6872,-0.3889118935768717,-0.4759007623091376
6873,-0.37366431216460955,-0.6139113529691642
6874,-0.2776586782464402,-0.3643187499648445
6875,-0.4135735367233934,-0.48804249855085485
6876,-0.3030067085669369,-0.4163189895862617
6877,-0.168497870246211,-0.24495776005550537
6878,-0.19397409277807254,-0.268115790556299
6879,-0.2716192690145322,-0.5275972799575751
6880,-0.4454564518847165,-0.5559418562013627
6881,-0.3749914743648915,-0.36322520801623526
6882,-0.5686086082504207,-0.7765062415392157
6883,-0.16945937717251838,-0.23207183103355516
6884,-0.4475880112327226,-0.5725448812008426
6885,-0.29215918269251645,-0.3546136947980579
6886,0.04534180691138889,-0.00015205985749575817
6887,-0.15482062191691012,-0.22070944796477723
6888,-0.36816653176420466,-0.4373872939322758
6889,-0.32749087849025693,-0.4963003400554786
6890,-0.19881400709421074,-0.2744508560914423
6891,-0.23448082850823665,-0.38668240738293447
6892,0.07349508164830282,0.0240571719048574
6893,-0.05142992045477567,-0.15852997971115576
6894,-0.44851624134189944,-0.6856119599449816
6895,-0.32554314650431443,-0.40184208760465884
6896,-0.5284990072465142,-0.7176220140173093
6897,-0.24417771425064078,-0.39102637885409086
6898,-0.12337838407743053,-0.159244976603253
6899,-0.6324158990016304,-0.8844012331020293
6900,-0.5168616251135476,-0.5425136093336561
6901,-0.15848370134317233,-0.31595725916733025
6902,-0.34022633958578014,-0.38210994603801335
6903,-0.19710964813809947,-0.23959560361434695
6904,-0.15474955029309015,-0.31943790730478816
6905,-0.6382597602875751,-0.7550553773689456
6906,-0.18925044018268758,-0.21409504573067883
6907,-0.016866255748350018,-0.173300334122758
6908,-0.3591383339721068,-0.5725428900642368
6909,-0.3949439505940872,-0.5034179717168793
6910,0.008318004492327242,-0.14173684822291963
6911,-0.20448816152801377,-0.349165748212538
6912,-0.5641770552088795,-0.8838938330377585
6913,-0.5061032377514918,-0.6644787321825795
6914,0.046891800932305425,-0.05252158704709869
6915,-0.18715339215932683,-0.19997622023236322
6916,-0.4029654117236163,-0.4136883026339481
6917,-0.007590132658591878,-0.22862186083295344
6918,-0.3823704013054972,-0.6353494223689911
6919,-0.47746603601192766,-0.642008365404311
6920,-0.4125039571928594,-0.4611162479439969
6921,-0.20327760434515807,-0.320600620190782
6922,0.11832961169220027,0.001683183187845308
6923,-0.46216846297731257,-0.49592687641213395
6924,-0.29372637462791257,-0.5590447029760924
6925,-0.35170639468590215,-0.40000117787560574
6926,0.053954722420895856,0.0099278910540962
6927,-0.3266487239191891,-0.4309941625310641
6928,-0.597307787355538,-0.6358466753218243
6929,-0.17336602024076989,-0.23917577286287214
6930,-0.3164157877279857,-0.65999162267217
6931,-0.6034584459925961,-0.6763437046699594
6932,-0.18561604955807862,-0.2852448933148403
6933,-0.5547402299667948,-0.6415087989815493
6934,-0.4322794586474461,-0.4321748631575211
6935,-0.22539154033181383,-0.30362872456340023
6936,-0.16754362299390124,-0.3593287926310541
6937,-0.4702658350443843,-0.5434821573757728
6938,-0.24220526929639444,-0.38274269073018063
6939,-0.5069810425451023,-0.651791979255716
6940,-0.14983818017631798,-0.22059689166900134
6941,-0.2638384043373781,-0.45904751273886485
6942,-0.5644673264821596,-0.6062518646972396
6943,-0.30867237629641386,-0.34188791782100125
6944,-0.09506734889761115,-0.12202380827729967
6945,-0.01348421315270095,-0.18091641391886018
6946,-0.228541697208317,-0.2931331468432797
6947,-0.2710967855303821,-0.39111415972938196
6948,-0.3037407807855423,-0.47930137935073003
6949,-0.3918373885392569,-0.5266029769625916
6950,-0.5405392550637149,-0.8726631130066463
6951,-0.7223929382287156,-0.908498802329223
6952,-0.5024198793277999,-0.6779003487986334
6953,-0.04097683727582555,-0.28748294036115746
6954,-0.29948550412958735,-0.42642476325125106
6955,-0.08126634415298624,-0.15953250212000414
6956,-0.23434956730823261,-0.2920765993791761
6957,-0.5050822283943603,-0.709552990500999
6958,-0.4267356678845229,-0.6273266791158435
6959,-0.3732682201278477,-0.46780198408567025
6960,-0.4331215622126592,-0.6927635273029956
6961,-0.4898670305126321,-0.6285113546073485
6962,-0.09383382717378286,-0.2698895357868853
6963,-0.19787106390183432,-0.3905028729903949
6964,-0.2408150618231495,-0.30503268263533373
6965,-0.7000810286578857,-0.7048364998953844
6966,-0.6872588273088358,-0.7249938584121546
6967,-0.6339776775643867,-0.7886484947181825
6968,-0.5048159856422543,-0.6441212045906813
6969,-0.07320967326195607,-0.11764406394470425
6970,-0.4458446096185881,-0.5221194790839488
6971,-0.17198369170534078,-0.26103395835178794
6972,-0.23725107438151094,-0.33041133630716885
6973,-0.2231992980353073,-0.4769885982084545
6974,-0.31765379007656697,-0.7029435672678951
6975,-0.4821055995093767,-0.6240173369338327
6976,-0.1947127349995236,-0.26869326142309335
6977,-0.15324441064971914,-0.24458294184493362
6978,-0.3213658878562852,-0.4562278093302473
6979,-0.3441674269480131,-0.4791659908971075
6980,0.11341505968934051,-0.031361130426377566
6981,-0.01761629600599604,-0.10290411557234395
6982,-0.26807778251333814,-0.4861118558528137
6983,-0.2686959862557757,-0.28522568053143693
6984,-0.5595217418104332,-0.5715445824520178
6985,-0.640943535462227,-0.717717477625292
6986,-0.21864709720339212,-0.25497384397131095
6987,-0.4861644656487986,-0.608713534988615
6988,-0.4392662287855263,-0.486476631333527
6989,-0.5196340500095603,-0.6638900140315619
6990,-0.20929571792782942,-0.3448331628068554
6991,-0.22685581551133677,-0.36456368071286477
6992,-0.5364756353929876,-0.6847889162224821
6993,-0.3787034895199688,-0.4954331328349628
6994,-0.11668862804952573,-0.11958721925676463
6995,-0.2891032375252904,-0.38272963244723524
6996,-0.6072813291756272,-0.7279686560677229
6997,0.09036734483050897,0.03784492679161553
6998,-0.13043163331903168,-0.16515693776531867
6999,-0.4851760817659622,-0.6296861333145486
7000,-0.40073557317719094,-0.47851121044303363
7001,-0.05992697210012454,-0.1485160032726966
7002,-0.2973828976616995,-0.37895120386578435
7003,-0.03945425507629248,-0.13271169620440978
7004,-0.3804835557605416,-0.4069444401063287
7005,-0.650020090115229,-0.7615648259548551
7006,-0.11421946700288658,-0.22556739546580162
7007,-0.5042507517601453,-0.7121800271387383
7008,-0.16046287664698786,-0.4387249661432447
7009,-0.43144685653123144,-0.5520169924723363
7010,-0.33190194865862693,-0.40736495043071
7011,-0.10535546091991618,-0.2814792955049835
7012,-0.15723921414360986,-0.33453099511261725
7013,-0.07188337804481541,-0.1814999175804064
7014,0.04514967194451897,-0.049658614158131525
7015,-0.18454411733867082,-0.23434914254141337
7016,-0.40849908541581775,-0.5948451268574978
7017,-0.38674031742366116,-0.6246613938230513
7018,-0.33981902356805205,-0.5312958089115465
7019,-0.4351187948389885,-0.5038871296963072
7020,-0.4266177275109621,-0.5787916995479732
7021,-0.5050192316146579,-0.647062137308829
7022,-0.16694701497617417,-0.31868606629469953
7023,-0.09434279921094847,-0.18057045984148823
7024,-0.2914886103878019,-0.4646028965214794
7025,-0.2644422885498864,-0.4763718091470023
7026,-0.27102530489862986,-0.4652354467527472
7027,-0.48650649468156365,-0.7367272534254466
7028,-0.4547305503136746,-0.6777723594684114
7029,-0.7822138492321864,-1.1290106559272957
7030,-0.18137300536483122,-0.34247725365158593
7031,-0.40249293224402166,-0.4705554035730485
7032,-0.5116311937036401,-0.7010180470559357
7033,-0.25201764168284096,-0.3078670356772692
7034,-0.3520698637398756,-0.45237543178462736
7035,-0.5590101286117254,-0.5848521416876049
7036,-0.47137150688981716,-0.5141223312886756
7037,-0.18397102882976535,-0.2561466698618568
7038,-0.4010437841798948,-0.41428666788535917
7039,-0.4749535270168826,-0.6995080681857327
7040,-0.014659852138713661,-0.11533585114923887
7041,-0.6721625414328517,-0.8646889005605628
7042,-0.3041647032904372,-0.44883534031175804
7043,0.12593453427792944,0.06195201789111808
7044,-0.3222273202936264,-0.5122734283669903
7045,-0.2643546572498632,-0.39355164353441247
7046,-0.3439459739235834,-0.46133584410660844
7047,-0.2588118152890298,-0.42544805086619014
7048,-0.34029582349812487,-0.4419652016991034
7049,-0.2290385433076219,-0.3830601441788308
7050,-0.14256124413218463,-0.3608919156412027
7051,-0.15732004378499723,-0.36159477476450846
7052,-0.17288371873210692,-0.3917640302203431
7053,-0.539556900635848,-0.6712575974281941
7054,-0.30401416391389713,-0.34874396687651815
7055,-0.2644381879890924,-0.4188635294936747
7056,-0.0987083828168302,-0.3392066718516248
7057,-0.37424682380223934,-0.622474966839507
7058,-0.33661205564663105,-0.36497296303005344
7059,-0.7479772466921795,-0.8685630001291896
7060,-0.8311661787347132,-0.9480974435818466
7061,-0.3271883865799004,-0.48403520208572887
7062,-0.09640751737761821,-0.2336433176219185
7063,-0.4697977418499754,-0.6657756699702176
7064,-0.2286121486745232,-0.3193405861019328
7065,-0.6503692218491613,-0.8682580137527537
7066,-0.2688034105642185,-0.4862399394145361
7067,-0.4663516393808197,-0.6523490276120868
7068,-0.4889429826156356,-0.5346841222915294
7069,-0.3982282460546983,-0.5990112664711308
7070,-0.1987440997224712,-0.39454360870112115
7071,-0.5867745292794124,-0.7435579347707673
7072,-0.3090063634157577,-0.4422561746080202
7073,-0.1497693662341901,-0.178646503753997
7074,0.0714165025422187,-0.002067475155997593
7075,-0.33795077149178565,-0.45151132242332276
7076,-0.6246738715301678,-0.914775551145589
7077,-0.5478795935910883,-0.6430701050221169
7078,-0.37701956903654427,-0.5079175593151644
7079,0.047260042579721655,-0.04724921386673386
7080,-0.6591512778323686,-0.802961164265921
7081,-0.1955992083306417,-0.36379174480915133
7082,-0.15342631859700231,-0.24874950594695572
7083,-0.28615391323211437,-0.4166778839996194
7084,-0.5291633018447215,-0.6091183435992307
7085,-0.20023577324966985,-0.4218277386317881
7086,-0.3374239698237132,-0.47534962489051297
7087,-0.3598162520791003,-0.5194947619045418
7088,-0.6071568561289865,-0.6521103846771124
7089,-0.12272460742317448,-0.32891129574693395
7090,-0.3080203682226688,-0.5269912586087913
7091,-0.4933247656268601,-0.6327888128166806
7092,-0.4019919778370207,-0.5587777302047634
7093,-0.13747346918306205,-0.2489143300490594
7094,0.2294488623099605,0.05427024051686949
7095,-0.18164615488043143,-0.366504974606263
7096,-0.15104846838433814,-0.21596228045244403
7097,-0.2646359367738416,-0.35827809136472877
7098,-0.4203373513719233,-0.6066894004288848
7099,-0.30082839872321554,-0.3958343757107321
7100,-0.6108662063022572,-0.8016374829242792
7101,-0.23795155379422778,-0.4814225150009814
7102,-0.22038778545264817,-0.2487738532436078
7103,-0.34008849805728664,-0.4631919232558056
7104,-0.17601666700461277,-0.22614899806056746
7105,-0.36226629438021907,-0.543764899315122
7106,-0.7889729536509287,-0.9313926376842561
7107,-0.570179789470592,-0.8494817122818691
7108,-0.40030382927716174,-0.4814306964741288
7109,-0.3570793565894336,-0.5213572814543669
7110,-0.31254020944914107,-0.4249455394071426
7111,-0.4003379403242469,-0.46697904651277244
7112,-0.4308044291113391,-0.5310106779470327
7113,-0.3003930799693516,-0.42201954631267347
7114,-0.634885330208349,-0.8042063155134384
7115,-0.14861881108569583,-0.1920244762359005
7116,-0.5929890714031052,-0.6939110409633832
7117,-0.059102935985972674,-0.26559983298589185
7118,-0.15415827036045116,-0.28793686554265785
7119,-0.2742089594374123,-0.5374180432046279
7120,-0.25276271582219195,-0.5039562966846287
7121,-0.0479117941917538,-0.18789072220694736
7122,0.090790504644186,0.011942143950504617
7123,-0.4442113177326422,-0.6214410561953577
7124,-0.2245426710883977,-0.3573104060447393
7125,-0.6143089165405643,-0.9341553365703592
7126,-0.4985580043916895,-0.6561080752203492
7127,-0.5015393569576196,-0.5682923828581862
7128,-0.11584402882683001,-0.19561493924613138
7129,-0.061786725465015,-0.18083777010931523
7130,0.027601680536716383,-0.16872143461478292
7131,-0.22943942489598726,-0.47066656886830094
7132,-0.35674730980836844,-0.5068274033946794
7133,-0.22351727575413943,-0.3845327495717845
7134,-0.18426846202982555,-0.35707266043868696
7135,-0.3733324626033828,-0.602702926362621
7136,-0.25256618684498194,-0.3504812748159568
7137,-0.273019136887797,-0.4179380787479715
7138,-0.4436096304013149,-0.5844563796096456
7139,-0.4482993280043065,-0.7406631293693109
7140,-0.4181184310130047,-0.6138602981898061
7141,-0.2732908526162907,-0.3955857668921567
7142,-0.37627191528087517,-0.5364484479187684
7143,-0.6298210256951547,-0.7242352876661969
7144,-0.13709462340192344,-0.2202497433538599
7145,0.042738663150609466,-0.0901744471545998
7146,-0.1478011933215428,-0.24172951965639045
7147,-0.13328736216356127,-0.328511572043027
7148,-0.21457536099555458,-0.23353761270410958
7149,-0.4825080904538021,-0.5560382409463652
7150,-0.15702795846761677,-0.27940828150165326
7151,-0.535300720839725,-0.7733939857819503
7152,-0.3666376496671559,-0.4603337151971931
7153,-0.26674642165923323,-0.4303560031725971
7154,-0.9126721431743665,-1.2678144897349
7155,-0.21334326954571273,-0.28548520915377484
7156,-0.24696388772424796,-0.49008986100091717
7157,0.07261511186580136,0.0386682090749644
7158,-0.38092329627922433,-0.4720425571392484
7159,-0.1951274452561121,-0.31507753850756626
7160,-0.43050116276122025,-0.6896068835392231
7161,-0.27545851850524156,-0.4564323871983922
7162,-0.7853556489613819,-1.0028366816509724
7163,-0.2690667502704392,-0.4036403242087442
7164,-0.32342980359616413,-0.42531356329923947
7165,0.1447658801969049,0.07682837548591591
7166,-0.1621746213551886,-0.2605234898629876
7167,-0.13768371587233905,-0.2687548734787488
7168,-0.2658667447575679,-0.5664628015525068
7169,-0.6372800733935622,-0.7484851357720683
7170,-0.46051714609253036,-0.4825498315519998
7171,-0.14584320476629667,-0.30273551760875306
7172,-0.6772297546968171,-0.7543804655315794
7173,-0.6119862294421552,-0.8659170040836011
7174,-0.32211872741021724,-0.40877582485268543
7175,-0.32226734723743233,-0.34844459814724493
7176,-0.04376015900739297,-0.13442601890819875
7177,0.04479128939184685,-0.11797039768784072
7178,-0.5191559999334306,-0.5825766608376876
7179,-0.44810585733736974,-0.5622900062972278
7180,-0.31090091523093755,-0.39858370541823274
7181,-0.5386402640207072,-0.6760085435023337
7182,-0.2451070112846055,-0.40275662849649047
7183,-0.029224840273160566,-0.12075143550264587
7184,-0.41607571589507747,-0.5156931139078552
7185,-0.39247356055975985,-0.5057186086895925
7186,-0.2671479260250749,-0.3564315896481366
7187,-0.5661593402725971,-0.8197092332552866
7188,-0.08651760169691051,-0.20936899141741916
7189,-0.018672138851166635,-0.1150137491087909
7190,-0.3456990103001235,-0.4053355272981612
7191,-0.6724803368848341,-0.8159192673644089
7192,-0.2350352115829557,-0.31976710398552716
7193,-0.6055955491176642,-0.6950582420104102
7194,-0.31160634372930357,-0.3725273602661179
7195,-0.18791496020187276,-0.2800303970121891
7196,-0.1920619115084839,-0.40274118782181667
7197,-0.41390102871211204,-0.6219241143512145
7198,-0.40392157983838184,-0.3976932951614595
7199,-0.3909045894603196,-0.44346854864405544
7200,-0.38946472195178705,-0.5328141212038193
7201,-0.25125456872632995,-0.27939971241356637
7202,-0.5880337129889721,-0.677409848585486
7203,-0.06196590565789445,-0.14830215229792323
7204,-0.3301405020144822,-0.5502982308322968
7205,-0.2213685998443085,-0.2652084231514193
7206,-0.2673776567497299,-0.43932060196748896
7207,-0.14851328266947977,-0.17938093895253648
7208,-0.4044815143520936,-0.47551515977496506
7209,-0.1914321662984212,-0.27019328499094303
7210,-0.4240262944612081,-0.6401513680015494
7211,-0.1504365546257873,-0.20094490786601324
7212,-0.29584437455484563,-0.3669808435460997
7213,-0.6516900190386692,-0.9866420633296002
7214,-0.2836932488670168,-0.39338753963423306
7215,-0.4406590567498513,-0.5455358325926348
7216,-0.21861304947044538,-0.3737584617062596
7217,-0.28165021132493584,-0.3536242451563226
7218,-0.578445886079462,-0.867230187753624
7219,-0.6765526230449236,-0.8286331129039515
7220,-0.3868992050154695,-0.4939313352696038
7221,-0.4188226713980405,-0.4973201414380225
7222,-0.6586689258514723,-0.8688217470477198
7223,-0.370812791223282,-0.5560459121749111
7224,-0.5487118004046109,-0.7039478653329528
7225,-0.47153314380970457,-0.5955717600376598
7226,-0.4431142268985483,-0.6305885164573468
7227,-0.34600220868942305,-0.4766050199881084
7228,-0.1703285547194582,-0.19102622868924818
7229,-0.6229884887686516,-0.8438144618876993
7230,-0.25627392933638765,-0.3088194734772847
7231,-0.2969803944983336,-0.3436609006723822
7232,-0.33525889531474823,-0.3845208032231922
7233,-0.4733675972847016,-0.6098305111954736
7234,-0.4096787854108987,-0.5985192662264485
7235,-0.4137589264996573,-0.5644363697433975
7236,-0.20530020667113139,-0.3987929737717213
7237,-0.4407680763087534,-0.5423924664472312
7238,-0.43955756664916695,-0.47165781779783056
7239,-0.49785823725552036,-0.6078201828951602
7240,-0.4289166944074555,-0.45625404327385605
7241,-0.5556224791878825,-0.5574369521870434
7242,-0.4666889565214436,-0.6246343077673886
7243,-0.32177091445396616,-0.437245969769212
7244,-0.5931907057826159,-0.7483957462062928
7245,-0.0972943525791585,-0.29409339269207285
7246,-0.23403461225890462,-0.327019639286887
7247,-0.4604599286945913,-0.5537994778444972
7248,-0.07161606600406564,-0.10817694689506625
7249,-0.056472714015040684,-0.13361291358083205
7250,-0.5477819946540617,-0.7447946543761861
7251,-0.466954683804749,-0.8467478912328773
7252,-0.2005830107567501,-0.3912701033053065
7253,-0.20050610050205325,-0.25821279936909824
7254,-0.21298900626257708,-0.382580157771335
7255,-0.31414938732313913,-0.41213225931573055
7256,-0.2790830531740018,-0.4252832421883809
7257,-0.29546156077652225,-0.3433027610757179
7258,-0.06445618116563862,-0.07727677221221525
7259,-0.19671773338116114,-0.349175462052445
7260,-0.10452375021843077,-0.23806918130721536
7261,-0.4868296954548302,-0.49352124535674274
7262,0.06134065020751529,0.019484090475019783
7263,-0.31850211368959164,-0.4899622753269869
7264,-0.4168556182709536,-0.5198501907106902
7265,-0.29009326375054656,-0.4644699686881334
7266,-0.2590905863171845,-0.37348977367699665
7267,-0.3226576768922306,-0.4253481538743315
7268,-0.238390906554372,-0.46755297663159506
7269,-0.28826676628015535,-0.5369687139441364
7270,-0.17200744417595148,-0.21966139266392654
7271,-0.10477364408922128,-0.23133426409915897
7272,-0.19170701710100177,-0.27436306545371986
7273,-0.3161802751792895,-0.4303289624780659
7274,-0.13041341256326983,-0.20835471359370314
7275,-0.2635822009511394,-0.3461671938424077
7276,-0.44757292004175303,-0.49834788073516
7277,-0.15895647680576913,-0.297628785471471
7278,-0.2356928790412916,-0.26023671849336927
7279,-0.08786242875634112,-0.18553185112933093
7280,-0.1793290574676598,-0.3211215190351758
7281,-0.6127955447987965,-0.8184168608387442
7282,-0.1459778166235607,-0.35196036646386447
7283,-0.3111380505109208,-0.5211931889834883
7284,-0.3314494440833928,-0.412967971923838
7285,-0.2763245029775488,-0.3636382400567272
7286,-0.3073991525894166,-0.48194997819080615
7287,0.17629242290930994,0.16999157193792305
7288,-0.3726759905949343,-0.37699596773970684
7289,-0.6254721442082198,-0.8560617736383415
7290,-0.1897947237460087,-0.31096818461833114
7291,0.21128599896292558,0.16746121844334905
7292,-0.39213665057047786,-0.49800700255151353
7293,-0.4035228162022322,-0.5608479403571147
7294,-0.7687156893095946,-0.7846293970690952
7295,-0.2826065559186955,-0.44924088769887693
7296,-0.7709788563342104,-0.852002689967033
7297,-0.312870954653386,-0.4181216999064118
7298,-0.32386949306381774,-0.39279064408697784
7299,-0.43683595607425313,-0.5353559855863106
7300,-0.3731788294577713,-0.49396325733903335
7301,-0.24403035537972953,-0.27789461012247774
7302,-0.5327994964568534,-0.6920807762852375
7303,-0.3956376537278493,-0.41860833549057147
7304,-0.6936970591042769,-0.7299814722110906
7305,-0.17842972699556528,-0.26395489141800954
7306,-0.43402689968104746,-0.566979481595078
7307,-0.26149724418876485,-0.33745918421321464
7308,-0.08221044992083365,-0.08290079223772472
7309,-0.3818481336860681,-0.5385666216159063
7310,-0.3780739384546996,-0.40267404214225855
7311,-0.46583574159107366,-0.6612223211889775
7312,-0.1922448239206975,-0.3184161351569074
7313,-0.047500818291543345,-0.20095033071100707
7314,-0.05734781877705211,-0.08738592340564978
7315,-0.44386312835225955,-0.7072007691935736
7316,-0.2929237748007569,-0.42742127141819286
7317,-0.44674637210614254,-0.577209326924459
7318,-0.20738237190711167,-0.27709721241194346
7319,-0.027306280434026935,-0.11243313542008286
7320,-0.49770697016681825,-0.5675579340543643
7321,-0.26160725042253585,-0.46980590539336015
7322,-0.1592779238071725,-0.32885167014230066
7323,-0.3833789303393318,-0.5794827568909083
7324,-0.32802611620953503,-0.32361985458953657
7325,-0.394417295852092,-0.5697494903020627
7326,-0.5339823420843692,-0.6854097319913264
7327,-0.11755937696792189,-0.19504293180245652
7328,-0.02414144208030784,-0.15600655003933886
7329,0.04477641468305686,-0.08066844972178247
7330,-0.22921701643989645,-0.3693933404759166
7331,-0.40003064806822025,-0.8260420069284122
7332,-0.586155744508427,-0.5834863443977841
7333,-0.596352152673805,-0.6543728020718548
7334,-0.12417997812703796,-0.2645072691103264
7335,-0.5826353381886314,-0.7139030562687414
7336,0.047694198569389154,-0.08763567436941365
7337,-0.186430453708804,-0.31878933808078597
7338,-0.2697364456425853,-0.4112717675435074
7339,-0.36710552875960417,-0.3984874268727162
7340,-0.22992608713173596,-0.5327925284863213
7341,-0.1812234705591245,-0.23784286201844868
7342,-0.16354386319588754,-0.23420757972584383
7343,-0.14442927333245542,-0.18653856032364266
7344,0.006790646131892598,-0.0003831301274288814
7345,-0.22590634744540378,-0.2918170917874797
7346,-0.10956844551461105,-0.32968910072842866
7347,-0.625653922515532,-0.7760931026953458
7348,-0.7887653506559515,-0.9588418394881495
7349,-0.3934426930151461,-0.4548913795779696
7350,-0.41380908769483404,-0.41431957520802953
7351,-0.11617462004894767,-0.19144237011467055
7352,-0.2564398827296377,-0.3306279834397197
7353,-0.05019806599807642,-0.20267207986194583
7354,-0.13894858727437737,-0.21083977727028272
7355,-0.25386508147282805,-0.2838575148871856
7356,-0.28678068400248474,-0.3446707906572088
7357,-0.31768877501334164,-0.5678948455395522
7358,-0.26146826920078226,-0.29089582303976486
7359,-0.30313703092268446,-0.36641673522589135
7360,-0.45348106798879234,-0.5218802643401408
7361,-0.39650979838089034,-0.4841490023607848
7362,-0.17160359389140917,-0.3056633852155455
7363,-0.6547203960768461,-1.3180182519678263
7364,-0.40855106749130793,-0.5798755342848042
7365,-0.45078952734901784,-0.5487092233745248
7366,-0.43068432035783755,-0.6103166242574483
7367,0.06448517059341106,0.0045953919171363156
7368,-0.23965526132361512,-0.32095277174427117
7369,-0.3723302920165391,-0.44490436760041924
7370,-0.19868976504803118,-0.484597086363565
7371,-0.1303597431909642,-0.26622265658234123
7372,-0.10122900687742264,-0.21585868419114612
7373,-0.07739143081490601,-0.13446467708364113
7374,-0.21529468632493512,-0.27197652280555357
7375,-0.2045502884582035,-0.2826407587101474
7376,-0.15160452158731427,-0.3373519230451232
7377,-0.4393595462540771,-0.5524059812265937
7378,-0.25468616856768683,-0.33989288234351
7379,-0.10551803369865205,-0.1943775691039581
7380,-0.6079837970960112,-0.7520221367490322
7381,-0.4624094086933341,-0.6151193718741539
7382,-0.09895838579638776,-0.3257867273803294
7383,-0.526186196723572,-0.6920936994392431
7384,-0.38229477722825334,-0.4744950296497607
7385,-0.2734542325848549,-0.43044604623380733
7386,-0.29345679869514196,-0.3131173494185989
7387,-0.37752640711350577,-0.4172863846765575
7388,-0.40190170561668537,-0.4447382339855682
7389,-0.5783143942116593,-0.7758908674269639
7390,-0.1827574636994525,-0.2746842888645602
7391,-0.5468856151732051,-0.5980393645593816
7392,-0.20483343833530676,-0.32384531632254165
7393,-0.3766686280081031,-0.4194717080379445
7394,-0.3110706017672271,-0.44012908281108076
7395,-0.5919807324164124,-0.804027168699371
7396,-0.33867850163043783,-0.4907464225168496
7397,-0.1651017309932703,-0.18402652410376766
7398,-0.5426875755336725,-0.6576393666661661
7399,-0.2620217220331901,-0.37869536858020086
7400,-0.22145498011960058,-0.2310558105642632
7401,-0.4347930311010543,-0.4427040430266467
7402,-0.05462478397802851,-0.121348612928854
7403,-0.23961057669822974,-0.3183677235814426
7404,-0.35221478942188067,-0.4812418955161761
7405,-0.3195677602137925,-0.4555381261547771
7406,-0.2578115148121792,-0.283358319954577
7407,-0.0990030095059487,-0.1363543015503146
7408,-0.54275749764659,-0.784313130893403
7409,-0.36015642068988857,-0.4021991162175225
7410,-0.557237143818991,-0.6394431097392148
7411,-0.12992017651583299,-0.14745849271290598
7412,-0.21165517966558567,-0.2826426877915619
7413,-0.21808095613365114,-0.2974028275970752
7414,-0.6569044414809528,-0.8174201576988912
7415,-0.26951532205804535,-0.30640500109943736
7416,-0.5104892132332398,-0.664788811994486
7417,-0.3550945753883052,-0.6281272609366068
7418,-0.37691649757751117,-0.48809630493025363
7419,-0.3777791166763364,-0.4914547595571692
7420,0.17428576409930197,0.06444965848439825
7421,-0.20259861843150445,-0.2734520615717573
7422,-0.2937636990007664,-0.34897810601908397
7423,-0.7007408969656858,-0.7313617905584402
7424,-0.5303513014342975,-0.6334749046588483
7425,-0.3533147345423515,-0.6139246786354371
7426,-0.2753027015163896,-0.37757723957748546
7427,-0.33723080591250587,-0.3792529983454202
7428,-0.09128985429206626,-0.20486299034836705
7429,-0.4031272140315066,-0.4901977920077253
7430,-0.6169641381273215,-0.8372469432518115
7431,-0.5592017021670608,-0.8357897299162335
7432,-0.3545342418502897,-0.4199949872452766
7433,-0.27490977865539323,-0.3781718125261078
7434,-0.04768614360870466,-0.19737730764250863
7435,-0.09841082193947921,-0.2639710210359825
7436,-0.238809339170529,-0.3189825974075295
7437,-0.08152495474449628,-0.16566975550189386
7438,-0.16734099113047987,-0.2965604856209351
7439,-0.4381668503989246,-0.6836595388162118
7440,-0.4888348272856825,-0.6784438632951316
7441,-0.24566556995472336,-0.4419356054918842
7442,-0.4055957368552612,-0.5290035441795701
7443,-0.3444223013290144,-0.41355161853572847
7444,-0.6351784276873647,-0.9987487086743776
7445,-0.014055138435699457,-0.17549667873989827
7446,-0.4815622936158273,-0.6402576028725379
7447,-0.43794919823596457,-0.43303657824230357
7448,-0.1760439000806719,-0.17995621385417965
7449,-0.37887257656689755,-0.5760882343862556
7450,-0.2891512078746799,-0.4437272000347536
7451,-0.38301046621000956,-0.47831928867395535
7452,-0.4923713110812694,-0.7323215734054317
7453,-0.2334144755894497,-0.37829168838606275
7454,-0.37113366423853633,-0.4829994510987206
7455,-0.12614725916933206,-0.2523332690095003
7456,-0.3481322286364993,-0.43483745921975653
7457,0.06852838700261087,-0.013441110268861923
7458,-0.3158488062957589,-0.39775908291987255
7459,-0.28355836713420574,-0.45171265982316455
7460,-0.252073765816557,-0.3182299759524832
7461,-0.0828026178727699,-0.18522955562030535
7462,-0.2800080983747413,-0.329587673116033
7463,-0.4699581563774256,-0.5697571800647911
7464,-0.3406458593715282,-0.4873416699404342
7465,-0.08213266660033695,-0.1591301651082544
7466,0.09991847784181974,-0.023282884565069717
7467,-0.41406631177807085,-0.5063701560801217
7468,-0.3710168709013627,-0.6110307977346705
7469,-0.37835228254174474,-0.5333142678606017
7470,0.08100944706083198,-0.01797124372215731
7471,-0.21300821800107542,-0.333623683829844
7472,-0.5633675916310443,-0.7570649602564364
7473,-0.4003922726856994,-0.4363905233701266
7474,-0.3180197494946786,-0.41433707048802737
7475,-0.14854685319500502,-0.4810449368838663
7476,-0.190981413241453,-0.32957671877874145
7477,-0.2080711461422599,-0.2800105406178495
7478,0.019078976165210097,-0.0823687228300153
7479,-0.12836302108332315,-0.2721855733638432
7480,-0.4910327175051021,-0.8169119586872575
7481,-0.5683498543200908,-0.755075014696549
7482,-0.21531752203906043,-0.33956314351673816
7483,-0.3605100545839328,-0.42567161969503947
7484,-0.4324977256533428,-0.5972211342122646
7485,-0.4950944922139624,-0.6834100922092083
7486,-0.29187514970209744,-0.5127044639439693
7487,-0.6611800230742162,-1.0149767864557857
7488,-0.4646529375390872,-0.47568604713009294
7489,-0.49687814413941983,-0.6017763904060912
7490,-0.24941401122916618,-0.37672475136996925
7491,-0.42008011702573417,-0.5806062794758635
7492,-0.026263546529224288,-0.21128346377178736
7493,-0.40361831983319,-0.5226890449373074
7494,-0.2575296925461639,-0.5034646960503013
7495,-0.6320502803771181,-0.8244305058074436
7496,-0.23645102630525958,-0.29989271776342336
7497,-0.1900374351381424,-0.2903456521633556
7498,-0.6111745250854302,-0.6521203043426451
7499,-0.24922848810241577,-0.3307877388364514
7500,-0.42535265326083027,-0.5264304864174646
7501,-0.6195833206615924,-0.8089716228975047
7502,-0.22944494576314234,-0.3527853362785994
7503,-0.4253875719777558,-0.6014197765446098
7504,-0.4168360430307807,-0.5817189930779296
7505,-0.4159158213840089,-0.5955243963374436
7506,-0.2290160311607222,-0.36797132656450493
7507,-0.05695463870070621,-0.25834315412865166
7508,0.08097941458054339,0.018980579190899387
7509,-0.39355325743369,-0.517720774459265
7510,-0.657073205517833,-0.9601265396415802
7511,-0.22628910429264257,-0.2879678746987624
7512,-0.26735394492879644,-0.3865070150782856
7513,-0.3902699543574301,-0.5434735947838777
7514,-0.11830612021164255,-0.44714064832243927
7515,-0.16232616658088805,-0.2243841942112346
7516,-0.3606599707314878,-0.388839605726044
7517,-0.26526494126919153,-0.3473765366029055
7518,-0.5447038153342674,-0.8646442222414421
7519,-0.518980271354908,-0.7437688516659354
7520,-0.05499610257177652,-0.09801185446878649
7521,-0.40103650058907253,-0.5998082783254921
7522,-0.49390330561115864,-0.7090666497014819
7523,-0.481912874125089,-0.6323584786720102
7524,-0.06609118500156741,-0.27706631435284534
7525,-0.2737377625488063,-0.48111926084112605
7526,-0.20507432974281478,-0.32580541180300576
7527,-0.5965494581751571,-0.8514054752588244
7528,-0.011938660157623435,-0.10503316566394932
7529,-0.5605768157499593,-0.6295343586258577
7530,-0.3493160886764875,-0.44407205046374
7531,-0.31443601919492326,-0.36422417416798303
7532,-0.31183447763205346,-0.37435452280814496
7533,-0.4007605132314014,-0.40340449125308486
7534,-0.761734151368465,-0.9814062138740783
7535,-0.8264355965481252,-1.072849397587868
7536,-0.23620656588383074,-0.3670855270860286
7537,-0.22037768698775415,-0.30170746813764526
7538,-0.5289325482175878,-0.6075307585053731
7539,-0.3638258073249221,-0.525019392523855
7540,-0.27317114499899586,-0.28965696465381413
7541,-0.3474250768045544,-0.4171211298837811
7542,-0.2682272407410177,-0.3377339433144037
7543,-0.4643919806437653,-0.5619858188082082
7544,-0.7258456367882654,-0.8780259932744243
7545,-0.026096874169424786,-0.17524782554780405
7546,-0.1528378440230662,-0.320885068392853
7547,-0.33967127282177995,-0.5609778450631369
7548,-0.357187919370295,-0.4242654502969106
7549,-0.044277910163149206,-0.24685283384045945
7550,-0.38489084855012934,-0.5437630687811547
7551,0.10517149272855089,-0.050301900820639844
7552,-0.10378021157322322,-0.27287151849786245
7553,-0.8087932503056728,-1.183416956531398
7554,-0.29798960438431826,-0.6298416385348362
7555,-0.4139660799727868,-0.4130035761294311
7556,-0.403341274494642,-0.6034296003980508
7557,-0.305904815460354,-0.38356233903878195
7558,-0.16583848083091143,-0.3339710134448024
7559,-0.12434403149525443,-0.15690697659210504
7560,-0.14869592938679185,-0.3396381462788145
7561,-0.06658825144777804,-0.1870436655341405
7562,-0.5189453722910793,-0.6706657160957054
7563,-0.27731057378526347,-0.3929726348837287
7564,-0.11379722253676473,-0.19805578818101094
7565,-0.45150261486934523,-0.779633109735725
7566,-0.473306682119523,-0.5994916290312412
7567,-0.2997457397130532,-0.4847144095766076
7568,-0.6179240960326785,-0.8047970014380958
7569,-0.35368816677157955,-0.3502925203718792
7570,-0.2180194591577533,-0.31260741078843096
7571,0.024721738127012827,-0.220221953223959
7572,-0.14614607498327375,-0.3865263869634
7573,-0.057964178116336355,-0.11498974431355179
7574,-0.12575116623658728,-0.30658193271664863
7575,-0.3255636986886722,-0.38199923829427385
7576,-0.4277406935019828,-0.6600186434679204
7577,0.03910041389438865,-0.2218697296347848
7578,-0.2992102774342214,-0.37150863288552594
7579,-0.10838658690173375,-0.25696676745750047
7580,-0.25871378014770813,-0.41039251894675943
7581,-0.594697867073068,-0.6794830580075123
7582,-0.33191053396092496,-0.3491609158651902
7583,-0.22467391508632512,-0.41876589320709073
7584,-0.37978740845644876,-0.4741524388946718
7585,-0.46971793743154366,-0.6877799024795948
7586,-0.33055537988839834,-0.45570971316354375
7587,-0.09461755903812394,-0.08927731976274227
7588,-0.39865981322803284,-0.7115601883444644
7589,-0.17407889527192436,-0.34020807960360133
7590,-0.5082464145339404,-0.5755182619145793
7591,-0.5869622845193427,-0.59244342319475
7592,-0.5427528121359656,-0.6943727298278053
7593,-0.30976486714221907,-0.34904795785148746
7594,0.15169271325807612,-0.03936251780297629
7595,-0.2849822895025214,-0.4096181775555975
7596,-0.44522460931382823,-0.6612044079223933
7597,-0.13555122063600408,-0.37326825814903103
7598,-0.18111595078599954,-0.2681896149227751
7599,-0.19987493446981405,-0.31010412555062344
7600,-0.6106153171038766,-0.7858984397101516
7601,-0.698447466412954,-0.8412046115788501
7602,-0.3530532882115429,-0.5117977995972286
7603,-0.4160073776174594,-0.6471751922724925
7604,-0.403458763359973,-0.5188857035765353
7605,-0.31165779201591515,-0.4624031252799871
7606,-0.23542401290951892,-0.29733749083724337
7607,-0.5554446735313935,-0.6151085575314017
7608,-0.27983605453399385,-0.3920527075954156
7609,-0.2051173412215935,-0.3086030336523967
7610,0.057527329118826215,-0.019839424311754346
7611,-0.2792601062808818,-0.36294724567494313
7612,-0.344955794488487,-0.43566634552661565
7613,-0.4120254854515294,-0.6014579901802622
7614,-0.5313604247735627,-0.7121396119249975
7615,-0.5068678233048278,-0.6768834494240661
7616,-0.25264534480327744,-0.4536365485344949
7617,-0.4896079627829745,-0.5852716850770738
7618,-0.4439387650697228,-0.5047814752840201
7619,-0.16935480913363027,-0.3276916830786367
7620,-0.20684165431100904,-0.32103047809069674
7621,-0.09153508831857825,-0.2674731125783515
7622,-0.3400789580918274,-0.5413204710039304
7623,-0.3102498557847851,-0.4743331356832688
7624,-0.22991470209343642,-0.43979508261559186
7625,-0.5427301610951063,-0.7952108077362429
7626,-0.5420272399617584,-0.6407104714409441
7627,-0.35494148061699365,-0.4574070165156071
7628,-0.24237923326126778,-0.39448520207633747
7629,-0.1216014633626591,-0.2760297804870697
7630,-0.34230853437746134,-0.49202715261658786
7631,-0.19338330771400347,-0.32241801666448744
7632,-0.2825412748043262,-0.4389939281186629
7633,-0.07738332912995094,-0.18732791299718324
7634,-0.5173151955239235,-0.6082711920874516
7635,-0.7698478685594298,-0.9276198384171468
7636,-0.5527737706608008,-0.6748928050909976
7637,-0.7375996420472585,-0.8283839221603082
7638,-0.7852960883861271,-1.1548126548431883
7639,-0.2288607585469341,-0.2913296310916072
7640,-0.26036836479473974,-0.3384913266671591
7641,-0.36555161423395427,-0.45906243626078364
7642,-0.7478368032920685,-1.0378866874871895
7643,-0.5853217714091592,-0.6318075843502227
7644,-0.5934364737575492,-0.8796236765960961
7645,-0.41908030111372946,-0.5051509674670764
7646,-0.2089232476715291,-0.3850405541499345
7647,0.013315080745969377,-0.2516062119929692
7648,-0.5952282952571251,-0.6529549598085497
7649,-0.03516189344625551,-0.1323009747465886
7650,-0.1452826907291208,-0.26254858717919477
7651,-0.49724606094538454,-0.6136783347337164
7652,-0.44919096926280383,-0.5250237912065434
7653,-0.22963345475526642,-0.41848532793930476
7654,-0.5092644515598808,-0.5363280935449294
7655,-0.4139806217121211,-0.7126611494309383
7656,-0.2502321974055776,-0.4853616339444543
7657,0.06464348982731508,-0.057178545817085494
7658,-0.28721979806056186,-0.3311339938987181
7659,-0.27005983578588605,-0.39251167875018367
7660,-0.15366798510366217,-0.2454581634691686
7661,-0.6019287933109968,-0.6100165181833971
7662,-0.6222551344853492,-0.7272751287620819
7663,-0.38406759192747336,-0.42869603724799216
7664,-0.3674348805446093,-0.5192837590154407
7665,-0.1926218894463319,-0.24107747764289258
7666,-0.2829061165735653,-0.46375413571848784
7667,-0.23104104993119493,-0.34227585131524546
7668,-0.5569163308665341,-0.6767145681717276
7669,-0.3407805091117943,-0.4160889067180409
7670,-0.3197637156348237,-0.3271154339133135
7671,0.1331885864069891,0.042368713345500734
7672,-0.6147114609677895,-0.8096042504464661
7673,-0.5189162976827036,-0.7046979686815059
7674,0.1426152465174236,-0.01921688533694262
7675,-0.6051541758498425,-0.6814372409055016
7676,-0.7877870305859662,-0.829414393501048
7677,-0.6425538607475759,-0.7251474155613756
7678,-0.5711271752123577,-0.7267124537293778
7679,-0.5476235580698118,-0.6210452787572882
7680,-0.011434827998883365,-0.10030439686549517
7681,-0.030274183001107454,-0.10588131876473406
7682,-0.41394701990121713,-0.6455505947970991
7683,-0.01903024396362521,-0.11315631984113196
7684,-0.028114509973105318,-0.061803934619506506
7685,-0.2258230917646577,-0.361044193692826
7686,-0.4459085349355194,-0.48925132426973056
7687,-0.5371632837990115,-0.6413293720204988
7688,0.02203172955755959,-0.03917183783535256
7689,-0.07190456364442471,-0.2111431626191127
7690,-0.46680209460182537,-0.5153246575721496
7691,0.0031872064499436185,-0.18131136348438362
7692,-0.17492828387894893,-0.29717727417478695
7693,-0.2558002506908536,-0.3301753338622647
7694,-0.4577300884310822,-0.5222087577039303
7695,-0.5957329968564239,-0.7411196624364995
7696,-0.6593631820724797,-0.9804732529689756
7697,-0.37206432485632857,-0.5282466982805316
7698,-0.39428889518831384,-0.47208993041123026
7699,-0.3874324683486511,-0.48893666072928427
7700,-0.49271094564902385,-0.5882283543091421
7701,-0.07431239642150858,-0.1578869270240932
7702,-0.4010790664843909,-0.671253260347839
7703,-0.4833555935333671,-0.5161688735196778
7704,-0.261307016718168,-0.41050651643703995
7705,-0.16038906333815928,-0.18063511476218866
7706,-0.20307440435223156,-0.4295605952073636
7707,-0.1142678287281402,-0.29241723147523374
7708,0.055789885820419674,-0.11324491562799449
7709,-0.549676451407616,-0.690737720121647
7710,-0.3551464285706949,-0.39928248071448164
7711,-0.28820671297038153,-0.432461211907758
7712,-0.1473117321461393,-0.3399612199786444
7713,0.024839920334047062,-0.015655591527709223
7714,0.32579390337389025,0.2787139504621372
7715,-0.6022512751215735,-0.6957705320919225
7716,-0.484200595076433,-0.6615017233605064
7717,-0.2803774231003325,-0.32280654412532395
7718,-0.14948705649122346,-0.31772547450813354
7719,-0.13627984060950862,-0.3613375687360742
7720,-0.5057297161425945,-0.9135534143634357
7721,-0.5389075249742227,-0.7222878945478993
7722,0.06875166768147026,-0.13057912204860406
7723,-0.4473176052967939,-0.6180604434065655
7724,-0.31380708328306156,-0.39895039177822644
7725,-0.17872913748770317,-0.24525195367997155
7726,-0.48023688530207176,-0.5274058482471402
7727,-0.6394925838251911,-0.7780808968449089
7728,-0.13469133386762025,-0.4162818705500679
7729,-0.1820970830687766,-0.2198537519626737
7730,-0.35285567144179547,-0.5520886336544635
7731,-0.4399200887146352,-0.5117570537375797
7732,-0.14963313480077825,-0.2407129695624496
7733,-0.28322845622040826,-0.34983200836610145
7734,-0.519918467756412,-0.5846483732810647
7735,-0.5871761442191566,-0.8600252570147681
7736,-0.7179485006779447,-0.7694393814174719
7737,-0.36468983005193123,-0.47808001279092
7738,-0.1797048318200739,-0.36251316763141717
7739,0.08265954258757621,-0.046463715873550235
7740,-0.10976462628935438,-0.14719925097757455
7741,-0.2711661053223037,-0.3354575289141791
7742,-0.37870320094909415,-0.4998870455860065
7743,-0.46239884792137453,-0.5778580831597893
7744,-0.39331553293654065,-0.5468024696670543
7745,-0.4827570564480405,-0.5296996829981521
7746,-0.34440169757473904,-0.4969884789066778
7747,-0.37234063587826927,-0.43476661749012824
7748,-0.49106817307479694,-0.6932608954754614
7749,-0.5469151775356932,-0.6975345574460681
7750,-0.0056748658151755,-0.17440272847583718
7751,-0.2558057496818889,-0.37766360356946105
7752,-0.4261841126424045,-0.607025523361313
7753,-0.6326172880214097,-0.669106407519995
7754,-0.3008517176561936,-0.507420841120605
7755,-0.2710519952529751,-0.35760996668635486
7756,-0.6536588506423231,-0.7016784388753144
7757,-0.631598521124843,-0.8045166596119617
7758,-0.44598559566369056,-0.624777313606391
7759,-0.42916684359903806,-0.6027471148878911
7760,-0.4823784153099692,-0.6068394196931947
7761,-0.44280589560122247,-0.7793471138902601
7762,-0.07164463987875122,-0.07306315759983538
7763,-0.5167968262630892,-0.6082729423489158
7764,-0.42227532576851806,-0.6175882798558687
7765,-0.21796514571171058,-0.3157239027836626
7766,-0.35576901665302696,-0.40519539728546083
7767,-0.11740960482396558,-0.24433796364775875
7768,-0.07158770717567069,-0.21982380899958134
7769,-0.42972193597461245,-0.43685946115182656
7770,-0.4483562651618551,-0.6577769981246312
7771,-0.50230744563176,-0.6863602154921216
7772,-0.5583030292485887,-0.7199214672958539
7773,-0.6432438579986636,-0.7311506831406388
7774,-0.22898667587226856,-0.44680879848565913
7775,-0.04974249572303519,-0.21606028741141933
7776,-0.2270626400674302,-0.32797709998265034
7777,-0.5781896630430621,-0.7196236838656616
7778,-0.5791834487734657,-0.7502304031856002
7779,-0.2847580009016856,-0.3300125120431034
7780,-0.5466911537924113,-0.7688841406865909
7781,-0.5710374618079603,-0.7216843795525547
7782,-0.4620660300427537,-0.7686012768071506
7783,-0.6429258907272519,-0.7029327282603709
7784,-0.5141112034815509,-0.6538381777049391
7785,-0.4499165435328851,-0.7609001587316447
7786,-0.4423706056960495,-0.5866819746274109
7787,-0.3962133034741146,-0.4430390804442462
7788,-0.4510877909168837,-0.524803252712608
7789,-0.14230544648438156,-0.17894824421110322
7790,-0.3379161457480156,-0.42453272497501404
7791,-0.6686732409688434,-0.9283717757297625
7792,-0.40468815394447216,-0.6753048516348578
7793,-0.11960615083326673,-0.12275132100190272
7794,-0.42067808857265876,-0.5241678902658383
7795,-0.5269256921288762,-0.7850919347934482
7796,-0.34234853192929193,-0.5886075710556492
7797,-0.13858924931144034,-0.3141865579781318
7798,-0.1938344841199684,-0.35642771540797563
7799,-0.5707638637671228,-0.757163507717425
7800,-0.5253574936992812,-0.639255547834932
7801,-0.3683282835616681,-0.3986156754006956
7802,-0.33920307436785474,-0.5267649097959832
7803,-0.48780738146332564,-0.6739791515647373
7804,-0.10250769685524744,-0.20580621477949346
7805,-0.5360908435438635,-0.6149273433141261
7806,-0.4897265458297144,-0.6751675958611711
7807,-0.3146489499053138,-0.5961477317017139
7808,-0.28398832544188046,-0.35453631721233925
7809,-0.6434783540480888,-0.7981698346439465
7810,-0.29840963809903476,-0.3536537959008601
7811,-0.46029891080675517,-0.49883861313376704
7812,-0.41620973345176115,-0.6356070696024012
7813,-0.1071708785360177,-0.17623962458815115
7814,-0.27002168888223516,-0.39641980607084815
7815,-0.003823562620132992,-0.04793534358379841
7816,-0.4571406074622433,-0.6809642352806144
7817,-0.18961341228328144,-0.3144521920565358
7818,-0.05549457328335957,-0.17370443831302107
7819,-0.4617029820311111,-0.6656501461351746
7820,-0.13657831464379616,-0.22002473912699108
7821,-0.17452267211432806,-0.2658741785793327
7822,-0.15497099202655934,-0.27558247335396585
7823,-0.02201660124256364,-0.08751630602841483
7824,-0.3474812485098119,-0.45681160893430056
7825,-0.3984229201047579,-0.5378218791346207
7826,-0.46726905094108945,-0.7730184281788893
7827,-0.19617123311475196,-0.25299836232497397
7828,0.009289871734124116,-0.05943526141285516
7829,-0.1417005694639725,-0.2664682106491624
7830,-0.19765660582655553,-0.40461048579907766
7831,-0.8175983777986198,-0.9401777823165584
7832,0.04958026164757501,-0.05932957879416479
7833,-0.31838074720392767,-0.4671118123181762
7834,-0.19475576166148376,-0.41467176404086337
7835,-0.235889098726037,-0.45196762853441447
7836,0.0014249220919194646,-0.12831385480256105
7837,-0.3752523369676909,-0.4329286444743743
7838,0.08954720830971415,-0.08018002736545722
7839,-0.34594881999568583,-0.4772001526860164
7840,-0.07402577548023369,-0.14329482703562912
7841,-0.2917928876978005,-0.39776994925340703
7842,-0.16761318854334462,-0.26692477143433374
7843,-0.3358859211327494,-0.5518568536337713
7844,-0.4257823389250778,-0.7394481714680166
7845,-0.5273296418250171,-0.6265655561789446
7846,-0.5183933620397385,-0.6205590903249535
7847,0.06287323618804062,-0.06111493867148472
7848,-0.2246086122953366,-0.3240023793001578
7849,0.046690712279741774,-0.03352431071601182
7850,-0.1207904970833824,-0.21048102202792066
7851,-0.3420335770083315,-0.5839753524002194
7852,-0.6518742028556644,-0.9141455039719182
7853,-0.24881779795035294,-0.3519463096923184
7854,-0.06733253547421003,-0.08125409527961912
7855,-0.3910480691717093,-0.640681486718391
7856,-0.008207681149730455,-0.08400941440403284
7857,-0.1529629627648556,-0.40907196390064776
7858,-0.32965584473585063,-0.512907724883515
7859,-0.3380103168258457,-0.4170469988152066
7860,-0.3377201928042559,-0.5115817702686353
7861,-0.5002284542208746,-0.5848758334180815
7862,-0.0792406187313448,-0.1437824425035846
7863,-0.664359976897152,-0.8149454579251294
7864,-0.2407209265503846,-0.32717079474798927
7865,-0.23753169254046091,-0.26119801165447337
7866,-0.2989621914140192,-0.43862558728117346
7867,-0.58895853965837,-0.6902416664145279
7868,-0.44908170873609,-0.5547574741607038
7869,-0.6076015870035092,-0.6578216542673798
7870,-0.31817955355591016,-0.6662668994382079
7871,-0.5767228680403149,-0.7226686629767026
7872,-0.13860559751348317,-0.16885566811456867
7873,-0.2684900713673454,-0.352279996774698
7874,-0.2929576111231796,-0.32130350978066907
7875,-0.15315346175689493,-0.23368871145152545
7876,-0.43254912945558716,-0.5623429924541844
7877,-0.46351376615182505,-0.7373867356992969
7878,-0.6151135496859037,-0.7818342465877377
7879,-0.7813762019570927,-1.021747714431738
7880,-0.4689553424539585,-0.566240029361213
7881,-0.1446285650070432,-0.2997208534428164
7882,-0.27136908980758323,-0.32844296456820693
7883,-0.2182977261961744,-0.22201561728845284
7884,-0.32484176648265306,-0.3863565625490253
7885,-0.33193831230682447,-0.3883622769259727
7886,-0.04362509083854084,-0.16129224901648614
7887,-0.0722139963339162,-0.19799231987926033
7888,0.08239057105455264,-0.20700626618868628
7889,-0.4393191108833696,-0.6387296927420649
7890,-0.05552719331608843,-0.13988023451415157
7891,-0.20772057906983785,-0.40095830430242246
7892,-0.26770889829206584,-0.38514438434348947
7893,-0.4099777790091847,-0.499493900901466
7894,-0.6332148630592,-0.7325480915661894
7895,-0.24205307867283848,-0.4666071851808271
7896,-0.17717994511557073,-0.263983027306086
7897,-0.4847575641617884,-0.563968778700238
7898,-0.4705629041630206,-0.5255955159898114
7899,0.12495010873877081,0.06186339644783272
7900,-0.6589890192565059,-0.8718948236057039
7901,-0.34722055763047216,-0.3469062633785995
7902,-0.38758616973665444,-0.554522137150216
7903,-0.4177129918235673,-0.5064756426657098
7904,-0.2235193737930629,-0.3658208573582064
7905,-0.5322422775202907,-0.6675503451333447
7906,-0.8168067015970939,-0.9060786881953928
7907,-0.5927726248449819,-0.7348302676510237
7908,-0.15220270946133746,-0.25146846393857364
7909,0.03816662434578061,-0.046663158151504056
7910,-0.4983648610323517,-0.6497689895466399
7911,-0.17994628542053032,-0.2717467172830969
7912,-0.16935296839840028,-0.33626535651360306
7913,-0.28303884354182685,-0.45127116012798524
7914,-0.28822309309751637,-0.4213295990812924
7915,-0.04936475339479495,-0.11853346539075647
7916,-0.3741118489699579,-0.4775284123924463
7917,-0.16192447339460803,-0.2356407763615288
7918,-0.36675711000838485,-0.6326126322034421
7919,-0.552613752656445,-0.669093979998274
7920,-0.5484452174506709,-0.6732611262569486
7921,0.029888118547350344,-0.01998274923898315
7922,-0.44927431146041963,-0.5041096035343431
7923,-0.2560347894105071,-0.4202894506761221
7924,-0.5059026656626372,-0.6083674252820532
7925,-0.6067013970461431,-0.7044373542816376
7926,-0.4403934153959633,-0.5202387280695489
7927,-0.3386422995391097,-0.3785181875189207
7928,-0.6334148354308531,-0.8529925207501551
7929,-0.45128011556792513,-0.48823257081879495
7930,-0.34756732918120337,-0.4840190428025882
7931,-0.2997548513686628,-0.42808294726562246
7932,-0.21504047829889228,-0.2938980080487945
7933,-0.29238103364407947,-0.31750468113586433
7934,-0.21404394286104605,-0.31827208862994877
7935,-0.053217859759059113,-0.14568843453642094
7936,-0.2817661340007286,-0.40540394859718787
7937,-0.30356760043879333,-0.3838222071290319
7938,-0.433100375758205,-0.5840174060587227
7939,-0.4227582538220849,-0.6179823069546558
7940,-0.6031653458202602,-0.8188122402445273
7941,-0.16418140010358756,-0.24538584900022645
7942,-0.23500625065584047,-0.3151944422097323
7943,-0.32975151066643477,-0.42251143442400857
7944,-0.36496932233424334,-0.5717560670807534
7945,-0.4317801153252071,-0.5553599963147533
7946,-0.4105057726377934,-0.4368748011527894
7947,-0.06432134338271679,-0.16105589260028763
7948,-0.31792428493015024,-0.4923894471316304
7949,-0.6323148942060037,-0.9817039724858592
7950,-0.28573747834243707,-0.5080808888931846
7951,-0.30197843762231574,-0.5135207171997891
7952,-0.14467862331969916,-0.27846354676436225
7953,-0.5349397282100125,-0.6265607214534059
7954,-0.578166384039731,-0.7208217866189204
7955,-0.6363821720791659,-0.9211964141451238
7956,-0.731047851966476,-1.0681712281693414
7957,-0.1639168803220356,-0.21049397900055217
7958,-0.17056448148542613,-0.3036992159451187
7959,-0.494764239549709,-0.8298739883911641
7960,-0.22590297130326556,-0.384290011563988
7961,-0.33707898194727315,-0.5243316123966235
7962,-0.013707126000056864,-0.22001989354215815
7963,-0.47673418042692456,-0.5460263635532372
7964,-0.4503297728067892,-0.5687855913514087
7965,-0.1542985762852371,-0.285445822497688
7966,-0.2889468814989307,-0.5365516898689722
7967,-0.31048424005558317,-0.40655019510361434
7968,-0.16296246861862387,-0.31594526718244126
7969,-0.1528325069970015,-0.26817707774752597
7970,0.11951363593974146,0.021602770449212567
7971,-0.7646115583034477,-0.8988266267064476
7972,-0.31561059432034233,-0.41119201139802314
7973,-0.08580959224804845,-0.24365182340069105
7974,-0.3304627601048475,-0.5547388030071665
7975,-0.009990180653266631,-0.10589211868834604
7976,0.011036622489863052,0.0009479541674820167
7977,-0.13225448768060366,-0.16426931617228469
7978,-0.3417287948348041,-0.5113453156777324
7979,-0.22625606325755257,-0.33466148891428393
7980,-0.07155811053457414,-0.2584222490144677
7981,-0.44795635653275134,-0.6823040645614789
7982,-0.6691643566874369,-0.8203450804825388
7983,-0.417782036670363,-0.5706532719183098
7984,-0.4234983973043362,-0.5513303784662905
7985,-0.3447504813014438,-0.5810460549850811
7986,-0.4370606632293268,-0.5467836106237423
7987,-0.27968011364107304,-0.39002148383487895
7988,-0.29776806045443155,-0.308435384938855
7989,-0.4883597752400986,-0.6131967480465828
7990,-0.3896337786140544,-0.5051231960501336
7991,-0.6482521452760622,-0.6807554968516019
7992,-0.1899704358874438,-0.5167775057987622
7993,-0.14268459523102422,-0.16215198141901663
7994,-0.014752172917603107,-0.04306670034474147
7995,-0.4617038066321649,-0.5719421134795007
7996,-0.37297266931563794,-0.3844105561286985
7997,0.01754533544830632,-0.09716244747245426
7998,-0.4383640284395488,-0.5483628236863104
7999,-0.5479306073589879,-0.7341751945754699
8000,-0.5877955499218981,-0.8062086745382866
8001,0.07931790180294662,-0.08704782913922068
8002,-0.47194726947268434,-0.5390623498787597
8003,-0.42230921313329833,-0.5684411229455315
8004,-0.1854870109099491,-0.28959572336776324
8005,-0.5095047738407514,-0.6959271253371639
8006,0.009152231505147707,-0.0404414090086363
8007,-0.04742015372726164,-0.1396915612191962
8008,-0.1994803426699834,-0.31294582934743337
8009,-0.3527862926944747,-0.39343495139918494
8010,-0.15453181447114628,-0.1903016398630156
8011,-0.21495218688456608,-0.3151887958419395
8012,-0.4136825573229751,-0.5131773964489792
8013,-0.5155260275530308,-0.7433610261526504
8014,-0.28296588684952295,-0.3750180936644471
8015,-0.3826067160746139,-0.4736721166468863
8016,-0.23866753226212825,-0.25675121900207315
8017,-0.29358413203615286,-0.47984733629985044
8018,-0.2802963854833403,-0.2980653993277762
8019,-0.5584034365720124,-0.659154461900649
8020,-0.23894497295829537,-0.33503692537004726
8021,0.22891757507698002,0.1763363944848855
8022,-0.24034671130239252,-0.2944671123594252
8023,-0.5769949659312631,-0.6930775632210588
8024,-0.3003082743396643,-0.4002022131573743
8025,-0.05439011061258132,-0.06664573506638198
8026,-0.37509666781759843,-0.5884111660819304
8027,-0.53786653786048,-0.7408818966442756
8028,-0.23523571545840843,-0.2834173987318401
8029,-0.6107283437586056,-0.7274751426492226
8030,0.0733609129493633,-0.061279464900119825
8031,-0.06836834199647292,-0.18868007601450545
8032,-0.5790520320090702,-0.6162953811984448
8033,0.015248617443590158,0.0023564450646240873
8034,-0.18436476796465093,-0.2508535072103782
8035,-0.08268275339098125,-0.18772063707834835
8036,-0.5540580668364201,-0.6669206252817136
8037,-0.6239974248969916,-0.6995948270442578
8038,-0.7493349714277275,-0.9307896794753766
8039,-0.45277078690935985,-0.559608798289721
8040,-0.17272135794653037,-0.3280098731805373
8041,-0.08494833588965389,-0.20446391809680947
8042,-0.4301147111340772,-0.5079627099615666
8043,-0.05117661276871128,-0.140910550579238
8044,-0.604948238685114,-0.6627328368956261
8045,-0.9355085082658456,-1.0735147124125402
8046,-0.5587827223407856,-0.6983142018420014
8047,-0.6765460539961632,-0.6965664373910048
8048,-0.270718777186734,-0.3741875992597322
8049,-0.1245817729241506,-0.1742839077786877
8050,-0.22753847323598542,-0.41517987499331005
8051,-0.37105644833919904,-0.5117548807500436
8052,-0.2765215592768163,-0.3903965175599342
8053,0.00793985522738351,-0.17302650704073436
8054,-0.46350479415956447,-0.6113613131504734
8055,-0.5058968297380986,-0.5931738330102986
8056,-0.6962645962452585,-0.7817453763662141
8057,0.13497002320485207,0.13939086915106422
8058,-0.13600007602701264,-0.20096979172796628
8059,-0.2769924925225231,-0.36138908076877474
8060,-0.11082465844393469,-0.19656462351104803
8061,-0.4415714021377929,-0.6441629263637542
8062,-0.7234722575217387,-0.8098301669102002
8063,-0.40548393988634046,-0.5959149597693197
8064,-0.492850730569402,-0.5396185401673537
8065,-0.05225563957306661,-0.15203087618150973
8066,-0.2645974233087829,-0.2859972636759253
8067,-0.5596832410514907,-0.6845079166158009
8068,-0.46355385650531017,-0.5577382763587087
8069,-0.370266405931789,-0.42873483456037237
8070,0.013015074743738498,-0.0532897262933576
8071,0.1887587222303509,0.1215187430275197
8072,-0.29678959613894634,-0.3857623505206207
8073,-0.38295609606614284,-0.4543195019085644
8074,-0.5322068944841174,-0.7226360800447047
8075,-0.39070581941346155,-0.5064375871240787
8076,-0.26792133107064525,-0.3412111508127532
8077,-0.5701314045744889,-0.7568791012094668
8078,0.066549637404511,-0.050673032608345187
8079,-0.4588599484980048,-0.5383664531582553
8080,-0.2861426731620287,-0.49637037055913436
8081,-0.3572190777022325,-0.5072529278418799
8082,-0.10864330219297079,-0.3903102580720571
8083,-0.1387832854202123,-0.31575500259272504
8084,-0.2951417873895029,-0.4923709001340517
8085,-0.6145787789916258,-0.8949417831663827
8086,-0.20827869666695906,-0.3188489497002355
8087,-0.4286612581141297,-0.5393789959530663
8088,-0.38521405598285974,-0.5167113627214549
8089,-0.2901131654415186,-0.3279387567625583
8090,-0.3760649805511598,-0.4881193054042881
8091,-0.3025400871378357,-0.4644151089041947
8092,-0.6791739784577433,-0.9662794521329227
8093,-0.14663256007305595,-0.19023085739085027
8094,-0.2089708748240341,-0.30344357379990156
8095,-0.30225022440914096,-0.356293203450185
8096,-0.3640522220287099,-0.48372215136693286
8097,-0.36766902293444104,-0.44123263309944943
8098,-0.8510454271627433,-1.1924472961284307
8099,-0.5192779837114316,-0.5831318238777644
8100,-0.35990943859873353,-0.6196701827838597
8101,-0.35593737211079596,-0.5178618096627382
8102,-0.6364812710820051,-0.860081892186378
8103,-0.1949661412929309,-0.3206913787297643
8104,-0.4534391568133642,-0.6037689531538822
8105,-0.23204098488513486,-0.28202177651297
8106,-0.28838805379829746,-0.3689740650908978
8107,-0.16632290900167748,-0.24852604914679857
8108,-0.15870003200323832,-0.33457617487382624
8109,-0.49249962819570653,-0.7462394038087983
8110,-0.306443364931552,-0.4161151556645876
8111,-0.4295148139265728,-0.484862773939198
8112,-0.2806139343772395,-0.48401664847026016
8113,-0.2222221970390281,-0.4648046168107426
8114,-0.16198985556305795,-0.2807658822648466
8115,-0.32380243466283326,-0.4015658998152459
8116,-0.3686257399561051,-0.5501411949547749
8117,-0.07269096613758602,-0.14879406513333238
8118,-0.37122980662789407,-0.7109676856724999
8119,-0.5985605257089158,-0.7502377956610015
8120,-0.4689439010397273,-0.7748020612996378
8121,-0.5228383500392615,-0.7395843242304607
8122,-0.0742909053022715,-0.1324173152674865
8123,-0.3118712016525492,-0.41570923670006976
8124,-0.5463069656119262,-0.6206653652241353
8125,-0.32357327254484197,-0.3541702019846223
8126,-0.5281786334309053,-0.6583288043495997
8127,-0.29457783813055943,-0.41322191999936037
8128,-0.2419798763747845,-0.3679935591118759
8129,0.012196743347275276,-0.05324159232072574
8130,-0.4850738285637261,-0.6361050468916467
8131,-0.16745545292521272,-0.34653075851348353
8132,-0.2685731034994684,-0.40678225407704777
8133,0.04032923929107306,-0.10416467150395964
8134,-0.31085692531164205,-0.3947074864421261
8135,-0.5847745566115834,-0.7094170053346373
8136,-0.19277019571813392,-0.27796737351144185
8137,-0.3918003416515838,-0.49558417802800153
8138,-0.5642521300137129,-0.7146249341339069
8139,-0.28246545991712846,-0.3930976738711754
8140,-0.2450363095081843,-0.39258555153161384
8141,-0.2118455016717688,-0.2925036932335301
8142,-0.27254120783684327,-0.43748265427915306
8143,-0.5121813155249539,-0.5564827013036775
8144,-0.10873706523826832,-0.2090130016748577
8145,-0.26991825939307357,-0.4053067686826383
8146,-0.12131969661014576,-0.14059267991909077
8147,-0.244606275363825,-0.35366501304378467
8148,-0.048656775630506854,-0.14377203204082697
8149,-0.4108735697743261,-0.4178971132135492
8150,0.0030650402638142406,-0.046484889251791436
8151,-0.42431977086778583,-0.528206466331163
8152,0.004907711013800121,-0.14522548998329035
8153,-0.44051447156901574,-0.49957556033940165
8154,-0.11765950426626666,-0.17598217965435908
8155,-0.18249201160086173,-0.4002043559871878
8156,-0.4084945256899853,-0.6963558252885146
8157,-0.3083808347898893,-0.3906886654527199
8158,-0.3416943734871674,-0.42344844590756686
8159,-0.21510538960676762,-0.5111820872664931
8160,-0.6871160935742076,-0.8894695442982509
8161,-0.2648087364072819,-0.3451707801424341
8162,0.047448266477085915,-0.10239997504770317
8163,-0.8501445757299038,-1.098469931986211
8164,-0.0023480426052538226,-0.19773425640616554
8165,-0.49018122761299826,-0.6991489853747388
8166,-0.17915557478876898,-0.3461481584562151
8167,-0.6251430097402491,-0.7410694886495057
8168,-0.5904425481256879,-0.688572583314989
8169,-0.42706811868419436,-0.4761110929145888
8170,-0.6105602601040181,-0.7363294153856669
8171,-0.1452901299859663,-0.33490023646203315
8172,-0.16890393045159574,-0.34955933480902796
8173,-0.3518180733758981,-0.522277476546217
8174,-0.3781096854215022,-0.45475339324352015
8175,-0.08496726988460762,-0.14116310986260655
8176,-0.26533849922918534,-0.413766162447895
8177,-0.5707675528706094,-0.6038463921672925
8178,-0.4364397976458532,-0.5275149102705372
8179,-0.3113309812942068,-0.3948838273256424
8180,-0.2556777740636096,-0.39961288042283816
8181,-0.489997381041801,-0.5960361479388878
8182,-0.08967238546037375,-0.14281851704026757
8183,-0.26613511991541833,-0.4011829435513341
8184,-0.13228105925727035,-0.2493301431083887
8185,-0.3593676065601176,-0.6188995877450301
8186,0.07896404799105947,-0.023678948413640443
8187,-0.4573046444624081,-0.5269246147661366
8188,-0.3786688484620019,-0.5203614434808472
8189,-0.2553250536863502,-0.3577060998308183
8190,-0.09931047122849274,-0.1451003006933595
8191,-0.4305031788727466,-0.5986517898887048
8192,-0.20888306622671088,-0.22423659198271312
8193,-0.45248661295545894,-0.6617680257469537
8194,-0.6756755456658313,-0.9494618435321363
8195,0.22721814938311494,0.11618947773738796
8196,-0.11580291700809008,-0.1415840107734179
8197,-0.5374580827192119,-0.6842804570187242
8198,-0.2595455828610369,-0.372952730743129
8199,-0.6782866820300992,-0.8499883475095127
8200,-0.56962498675212,-0.7301033160928335
8201,-0.46224382601344804,-0.7205330243783074
8202,-0.1204866489379449,-0.26258559583409197
8203,0.2939453166171166,0.24836771347228825
8204,-0.019643866216513074,-0.15112674518275607
8205,-0.6704873945522809,-0.9090932665633992
8206,-0.20343235107380922,-0.4184964539536994
8207,-0.31263537803805913,-0.39251264613017944
8208,-0.29466829305875647,-0.48090376357667397
8209,-0.5880685056433518,-0.6481626205225905
8210,-0.11400558127024914,-0.34999404715618493
8211,-0.33061217031670526,-0.37063103266317576
8212,-0.6334280930908074,-0.6667050895556269
8213,-0.24712132265770875,-0.3652101657337482
8214,-0.48855777033979403,-0.5825940793168065
8215,0.002492830582087538,-0.08923567460155002
8216,-0.18096476809901352,-0.27059725327695083
8217,-0.2872838523533077,-0.3241152814762927
8218,-0.4888255873044459,-0.7013033075480704
8219,-0.556558181522769,-0.7368641921838683
8220,-0.3884128697353507,-0.5481992424894933
8221,-0.10433738301084369,-0.20290634009940664
8222,-0.43273898703782976,-0.45757864256630454
8223,-0.2701247394021629,-0.3970990672862592
8224,-0.5219740375405763,-0.6331505123856073
8225,-0.33859586397233077,-0.3991302944246487
8226,-0.4984600743839418,-0.8199740305076328
8227,-0.3309782041012248,-0.44566768583155086
8228,-0.26289802860650036,-0.3451453844719681
8229,-0.49660470825717146,-0.6417734168829162
8230,-0.31108184081348433,-0.5241924899258418
8231,0.027505375513154344,-0.19648454643502106
8232,-0.43416631948620726,-0.44524445733738643
8233,-0.5009187270216509,-0.66438684473061
8234,-0.7060839976208328,-0.7416560857223308
8235,-0.5955753481384087,-0.7493002366417706
8236,-0.053649610468528265,-0.17955122632592002
8237,-0.5082393386462277,-0.5987275989525935
8238,0.09109742444437013,-0.012956303735547414
8239,-0.512696071393239,-0.8311998488919203
8240,-0.2686458828529225,-0.3209331387748207
8241,-0.2282452061945249,-0.34226637308891367
8242,-0.34829612656101,-0.5598735017988276
8243,-0.35661757662232707,-0.4111403350066881
8244,-0.2053545809069363,-0.29265681317939674
8245,-0.6915265398505126,-0.7661966361556609
8246,-0.017227437305451967,-0.18713901505815814
8247,-0.13136101558663638,-0.2514479938154235
8248,-0.4563468985212865,-0.5381262829536716
8249,-0.22043036847359873,-0.3017055532566737
8250,-0.25445983288324525,-0.4306402717920963
8251,-0.45778333570439367,-0.47256971244726426
8252,0.20066079527345662,0.13755796353929045
8253,-0.5108331337974029,-0.4926935081728077
8254,-0.11973199490551127,-0.3113970260193348
8255,0.04925199854087983,-0.06077870952629353
8256,-0.2896827872967742,-0.4530533496696401
8257,-0.16872600135220114,-0.34060248425684064
8258,-0.6495683112650532,-1.0277373649043289
8259,-0.1458231956739276,-0.3094978434973214
8260,-0.11005745339432355,-0.3581679620938844
8261,-0.12474839003747128,-0.23029578257417055
8262,-0.48220147887781906,-0.7070338785984359
8263,-0.47432579603917097,-0.59389237156252
8264,-0.22299577563947534,-0.2586876600824892
8265,-0.4105828077785953,-0.4960012314700197
8266,-0.310055424296162,-0.375210834225362
8267,-0.08224799519175813,-0.16085971497571233
8268,-0.18596659149805983,-0.2774864414661454
8269,-0.4363648823583687,-0.5547567304003871
8270,0.09400330458145417,-0.05004922838602563
8271,-0.4478461888963375,-0.606902875824329
8272,-0.3375869543750915,-0.5494415661688249
8273,-0.21163414326366306,-0.2248324336070649
8274,-0.24441204459305912,-0.45808093613410167
8275,-0.4375246782624022,-0.5775116691825436
8276,-0.33993201665510403,-0.4920195190828768
8277,-0.042528750167715575,-0.15534731341684244
8278,-0.07957015229295492,-0.11241467759535838
8279,-0.4584777250578642,-0.6091103234317379
8280,-0.46707009267709293,-0.603210958254386
8281,-0.3009787855258729,-0.49340363075676014
8282,-0.29176925083116007,-0.4706996657128083
8283,-0.505790567449978,-0.5677658864435378
8284,-0.5577508126677434,-0.6487147582222021
8285,-0.3305385797962757,-0.41350277545177566
8286,-0.5043294207944943,-0.585668272644808
8287,-0.3640261083534389,-0.4813640314952794
8288,-0.7852068282844209,-0.9186787180001714
8289,-0.39568483014859795,-0.4478472585054782
8290,-0.3681064498060849,-0.42588330087611165
8291,-0.4380607616955282,-0.5976393468864271
8292,-0.17526632843323084,-0.25304318022019084
8293,-0.35701106636770236,-0.46458247704367484
8294,-0.3603227124653471,-0.41431451772490707
8295,-0.5256302682821168,-0.6341000366949195
8296,-0.5925616775775296,-0.6436870685323686
8297,-0.3405668847157892,-0.5400587671718743
8298,-0.1900738246829027,-0.35489385454288785
8299,-0.4435617115702095,-0.48770286542566005
8300,-0.4105437349566625,-0.49871368901170904
8301,-0.642686305075127,-0.79777608421728
8302,-0.388209951977873,-0.5268825761952468
8303,-0.27305418341393034,-0.4204359452641223
8304,-0.36339148705412416,-0.451830595012218
8305,-0.5484139516143713,-0.7301649571007635
8306,-0.4253005956840336,-0.45820693071286583
8307,-0.35503697874054374,-0.5366800108628292
8308,-0.3814124643332044,-0.5253751079458687
8309,-0.1501046495147912,-0.1894347521056001
8310,-0.33392754899134036,-0.4979390029409654
8311,-0.2504459466998425,-0.5244395836698844
8312,-0.41675442112199346,-0.5478207143996503
8313,-0.3130164244432963,-0.41686409371103056
8314,-0.24367045701694628,-0.36749100156431747
8315,-0.3158846447503407,-0.4529251340267505
8316,-0.13645246765810545,-0.15811367093909087
8317,-0.3875816126386664,-0.5099479154969613
8318,-0.3575796384782492,-0.48183047355484104
8319,-0.2976498517403045,-0.4007143077353657
8320,-0.3211151391367704,-0.387065456988161
8321,-0.35810700073604207,-0.5461779026627472
8322,-0.4808217261251142,-0.540506532627693
8323,-0.27045945651160536,-0.2871105381301605
8324,-0.3465460475397195,-0.5584265325517543
8325,-0.12062987711814362,-0.2786885394654578
8326,-0.19876260752379143,-0.2564265430980593
8327,-0.5356028082647902,-0.6872506756350013
8328,-0.023693779517826488,-0.1100459140000524
8329,-0.3001986008894204,-0.4573020831855508
8330,0.04705619042155311,-0.19453459602708661
8331,-0.4133681703844901,-0.6875638351194217
8332,-0.31276823964750916,-0.44619845229381866
8333,0.12326585242548409,0.008903385377928239
8334,-0.4702253958969295,-0.5824887823048216
8335,-0.4760340765998012,-0.6758813102191387
8336,-0.5272771365877458,-0.7211461707606732
8337,-0.37875089240611565,-0.44085103995870323
8338,-0.2960400762351797,-0.4495765422661076
8339,0.1702957043581858,0.08055045681591008
8340,-0.5913758570619522,-0.6166153546510326
8341,-0.3734084375722125,-0.6358848493355921
8342,-0.11302243700464566,-0.15971722583927955
8343,-0.1428301263817444,-0.23524985224135078
8344,-0.3778283426793259,-0.5056178348891911
8345,-0.34974196006749786,-0.3703997773497146
8346,-0.12646552320428286,-0.3371985317529301
8347,-0.14190705785444863,-0.09862394530879033
8348,0.0978412233608765,0.002963267396743829
8349,-0.29814440591133645,-0.48154367548182825
8350,-0.12975734318020124,-0.27217438041737135
8351,-0.19146958958520424,-0.36357835998922344
8352,-0.2187605819279988,-0.3473010306899281
8353,0.056098875677701256,-0.18066734807522897
8354,-0.6424533782397158,-0.9281141789444008
8355,-0.269268979719166,-0.5725160253759723
8356,-0.33907639288489505,-0.3766070314363907
8357,-0.580599728556272,-0.7913906200365384
8358,-0.27138774401684795,-0.3763139470240239
8359,-0.30770462586387964,-0.5153589571736161
8360,-0.40902005774093997,-0.4711305743622279
8361,-0.14854321994385636,-0.3014432468714581
8362,-0.5275947030737962,-0.7214155058827048
8363,-0.5791315677640939,-0.8088627996573858
8364,-0.2369623123020826,-0.2497594482523912
8365,-0.3635451837362048,-0.36828819559086085
8366,-0.319716860652257,-0.37648148500758033
8367,-0.28750824472055586,-0.3505774967000712
8368,-0.5332601651202142,-0.5862045412428598
8369,-0.48897983787209903,-0.5528338407677144
8370,-0.5394032827021328,-0.6419086594959018
8371,-0.4529235925401673,-0.6148087614096548
8372,-0.28059836950476524,-0.3699929305833305
8373,-0.07277490275198903,-0.3169459830736572
8374,-0.404725785782003,-0.49404826731103574
8375,-0.17535869675544002,-0.20887279723603436
8376,-0.2360942530150742,-0.32345608939800946
8377,-0.39342117494549644,-0.4353611927042869
8378,0.009345033301472037,-0.08581126015438922
8379,-0.0893014081642997,-0.19240042091456064
8380,-0.27453261897428305,-0.5508713806249191
8381,-0.47448765140229826,-0.6589539038892999
8382,-0.34658944564488103,-0.3566743787022909
8383,-0.4472288049863725,-0.6176496512295584
8384,-0.5270031577761323,-0.597112798729017
8385,0.0035035202720280997,-0.1139591457993693
8386,-0.14645598052394737,-0.25706398071231695
8387,-0.30538150579883716,-0.3714045721056596
8388,0.07446734576675797,0.0039820775911548565
8389,-0.4388477346220081,-0.5131977541115748
8390,-0.6274082052210846,-0.6866404888315606
8391,-0.5518253360313242,-0.7285817584022768
8392,-0.4949653629831441,-0.7335450124052879
8393,-0.3566693693928834,-0.49816881159777915
8394,-0.14646085772347797,-0.12070894994981904
8395,-0.10672852959947855,-0.20935349117624222
8396,-0.35988483171418534,-0.47471006300733026
8397,-0.020522953218703417,-0.11789828214218155
8398,-0.24635042935974313,-0.34416707822500825
8399,-0.5815060958600964,-0.7267291505240246
8400,0.1783026466811194,0.04156208310380792
8401,-0.2732024496675053,-0.3818709875960495
8402,-0.314493217838513,-0.348953771656971
8403,-0.20155227959606362,-0.20067209228844884
8404,-0.18055888929248526,-0.352518633025512
8405,-0.20221144475136424,-0.49511433300309804
8406,-0.5162535665460669,-0.5155188029728682
8407,0.005469577064654594,-0.10744763234886723
8408,-0.10301125447824724,-0.23744101078502486
8409,-0.3498957588898458,-0.356350868057975
8410,-0.588109860879201,-0.814672977995977
8411,-0.33718815399321345,-0.3989202039732775
8412,-0.3712826973111084,-0.6127378983922541
8413,-0.21428942456536904,-0.36563805267596994
8414,-0.4164756794084915,-0.4764273209168452
8415,-0.24218913614487303,-0.31304971501112855
8416,-0.36037240380922025,-0.5128297040323821
8417,-0.7166204458632721,-0.7346969982291345
8418,-0.4804486960922638,-0.5542727703614769
8419,-0.3551987162726029,-0.5014781504143607
8420,-0.42809710160702824,-0.5457490741393874
8421,-0.4778504493978989,-0.6098332068175928
8422,-0.45056129594760236,-0.6335242932782793
8423,-0.21510591648468505,-0.28050972835451254
8424,-0.5168886372575737,-0.5827588526262653
8425,0.3304795588314906,0.13447467368771812
8426,0.03548716065525531,-0.1035566982262406
8427,-0.22162859052334413,-0.2710470965112909
8428,-0.26559307242884933,-0.40394407987049125
8429,-0.2897596817196653,-0.39495822472444286
8430,-0.16615413107830307,-0.24138881582525348
8431,-0.37812890609957334,-0.5740170057977205
8432,0.0694516093217255,-0.0690663657721987
8433,-0.3716075961322607,-0.5369653521584353
8434,-0.4236268188425498,-0.5216707961416662
8435,-0.43383633522810566,-0.5899046878534171
8436,-0.32796572032682697,-0.42872369864736554
8437,-0.04288006741720604,-0.18873519870067784
8438,-0.3102815764402355,-0.5356309360807643
8439,-0.07911601584824049,-0.15509022464353608
8440,-0.00982475950550953,-0.05173260235352719
8441,-0.16974132107339227,-0.23919529295088393
8442,-0.31769581857715834,-0.43099727465501564
8443,-0.24878394416666702,-0.37525931320236583
8444,-0.18462195662336606,-0.3475193369352909
8445,-0.5455458719752854,-0.6252598257599522
8446,-0.2704165279290436,-0.3094869550285773
8447,-0.34325611948389956,-0.35637745439829366
8448,-0.2501709390062635,-0.3889361025961566
8449,-0.477401789660002,-0.5805991163230892
8450,-0.04492488001533524,-0.13698549178624927
8451,-0.1431694849592464,-0.35462333960557074
8452,-0.3713228250285807,-0.39275411504789587
8453,-0.2478682065379031,-0.40166911977004555
8454,-0.5675997158355417,-0.7662672226171794
8455,-0.019660676582494353,-0.09057900351545667
8456,-0.4051836733123551,-0.5045037343089048
8457,-0.27761847318538924,-0.4786136186939947
8458,-0.4648357268533802,-0.5994410900901329
8459,-0.2004365929452602,-0.26816879461047294
8460,-0.7056316493950611,-0.8880959331875798
8461,-0.36724822543731733,-0.518177888953286
8462,-0.5781699507510405,-0.7815013185379215
8463,-0.26498851404833096,-0.4109275012209304
8464,-0.001612262569643251,-0.07631388943622781
8465,-0.6494500247730864,-0.68758984778533
8466,-0.4465248483819109,-0.5867519365232385
8467,-0.3062060096242561,-0.4851556562965743
8468,-0.26185398289966555,-0.42421632776481366
8469,-0.27267107622077147,-0.41920474277837233
8470,-0.2700498568578198,-0.29437087703150683
8471,-0.2271393129516763,-0.2805474557504491
8472,-0.11910146574359261,-0.19731419756958865
8473,-0.320970554305403,-0.4327097999795676
8474,-0.07551584341436153,-0.18164260864727705
8475,-0.12925144620252701,-0.2931799609776983
8476,-0.7373015720129947,-0.8218043321994131
8477,-0.2440720681294981,-0.29215394894953467
8478,-0.25936832486453426,-0.39913304941167677
8479,-0.3207352077258391,-0.39516309035483266
8480,-0.634841316565803,-0.687446753745123
8481,-0.18459709739212696,-0.3139206628023506
8482,-0.2879053426298636,-0.3487744737224411
8483,-0.29355103119872655,-0.43582234516574986
8484,-0.03863402831757449,-0.10273725913234913
8485,-0.2562937933011139,-0.3150035487578841
8486,-0.3665725356662208,-0.3848783992902727
8487,-0.5237560434101629,-0.6281189620530243
8488,-0.4409845820004325,-0.4916627113317516
8489,-0.42743803552585646,-0.5678400511795371
8490,-0.21440741309858344,-0.4950723330384542
8491,-0.30001412548839584,-0.43759328885984333
8492,-0.4246794322208522,-0.6061368253708488
8493,-0.07265498595371477,-0.1586768530175269
8494,-0.36150411330807214,-0.6159837728300739
8495,-0.4381560808824719,-0.48704931644285565
8496,-0.6597686252796019,-0.7883841171098479
8497,-0.3708468744384074,-0.5560921876747805
8498,0.09727542166868815,0.03644488188092354
8499,-0.3469353089787179,-0.5501568953699189
8500,-0.18754295205599178,-0.4291079925885867
8501,-0.5086273260077709,-0.7893807530246052
8502,-0.34876291224205347,-0.5368449432997932
8503,-0.46685293397958527,-0.5925757501471971
8504,-0.7130250372670764,-0.7698256835990063
8505,-0.4447130777014702,-0.6049733210935514
8506,-0.6500717873851042,-0.7775071993206928
8507,-0.24965964689173592,-0.46415548613315233
8508,0.20470055465275963,0.07466803268857708
8509,0.017745189257339686,-0.06967497186085832
8510,-0.21027997619621377,-0.22458349135702527
8511,-0.27689805963422354,-0.4241514817830893
8512,-0.08156606515160647,-0.3928512322693324
8513,-0.18934918491094385,-0.26124475275016457
8514,-0.11039801069688318,-0.1674649032261997
8515,-0.6199010758179949,-0.8119165072365118
8516,-0.6755464458027081,-0.8264716523227492
8517,-0.37330269674583266,-0.47082679774939296
8518,-0.7531649570362958,-0.8378097709270909
8519,-0.20478234076325819,-0.41357938431643415
8520,-0.02243131619026933,-0.04260694950874649
8521,-0.3176557155844711,-0.5332483163702854
8522,-0.5510868979569431,-0.6221080054693721
8523,-0.49107869160164047,-0.7132224999132644
8524,-0.16504075321057562,-0.168853277025787
8525,-0.05257754530829827,-0.2568953648785895
8526,-0.5459114981961046,-0.6015736280959517
8527,-0.39218969785134866,-0.5221751989744458
8528,-0.6362775006309498,-0.8468260975636939
8529,-0.3719510911513975,-0.5173533642417878
8530,-0.31569772394580986,-0.3806170268506048
8531,-0.2859639909094152,-0.37447906905203887
8532,-0.4296467394052112,-0.6049545068884163
8533,-0.29964673783790935,-0.44556525968256805
8534,-0.34130120881783177,-0.43652015529860055
8535,-0.5527123843763704,-0.7355708766211136
8536,-0.8046506844210793,-1.0536817839675254
8537,-0.06755388921868492,-0.20343038341493608
8538,-0.3517248864352527,-0.5816260178937258
8539,-0.5964273624796718,-0.7021199011801876
8540,-0.24985521453480083,-0.40186553816945125
8541,-0.30461625745278925,-0.41505689859600525
8542,-0.5567870431990336,-0.793012740531093
8543,-0.49061395520459145,-0.5281239116014708
8544,-0.19316105122065103,-0.3463501116765458
8545,-0.2120688745281388,-0.2935277883355683
8546,-0.46046240993613485,-0.5183011769780956
8547,-0.5166120093962421,-0.5910060914417815
8548,-0.38431247588628187,-0.5229978387944015
8549,-0.4218546807867531,-0.45201905680233034
8550,-0.20681158079210107,-0.31690860168210366
8551,-0.1259703897464706,-0.26602653778527685
8552,-0.3094559873815072,-0.3628115548416538
8553,-0.21393448563729858,-0.28074061248962806
8554,-0.06137177073917325,-0.24509338755125123
8555,-0.33761808844173624,-0.3990002285550538
8556,-0.601514962512292,-0.7198447293304729
8557,-0.43759423269831305,-0.5216178456529246
8558,-0.6090459435997694,-0.6728069885419121
8559,-0.6326478274690236,-0.8113844489805058
8560,-0.4622737188213023,-0.6056347932845101
8561,-0.4239210498296125,-0.6449469176853528
8562,-0.3136088758301756,-0.3993239258255222
8563,-0.5486343898304789,-0.6965271077770504
8564,-0.3924571486658783,-0.6044537884833172
8565,-0.21425740329160087,-0.3351022873028867
8566,0.3092316341678685,0.23703385861333406
8567,-0.35030086359919393,-0.47708445452433296
8568,-0.6987973285093326,-0.8439905659267509
8569,-0.09839176966977257,-0.3392326809583196
8570,-0.1327188485954629,-0.23872739490026174
8571,-0.7168993526734163,-0.8100167662238513
8572,-0.14852029642798395,-0.293689159286456
8573,-0.18933746693423578,-0.4121895045122647
8574,-0.18578288098576135,-0.24504841440592995
8575,-0.19033923829748775,-0.2959694267231591
8576,-0.16420733818162103,-0.35000414944810077
8577,-0.11045402537633399,-0.19418788385119062
8578,-0.6899413676223433,-0.8694080780716029
8579,-0.6864441807076214,-0.8168965328252169
8580,-0.6261643276622192,-0.6731738959781068
8581,0.23754035596232367,0.1942134409675389
8582,-0.1258997687682965,-0.22096398972432213
8583,-0.24791402320777264,-0.40227468507285286
8584,-0.4472089116032632,-0.6070158571588493
8585,0.028647118148393814,-0.058561853722936395
8586,-0.17262809773000937,-0.27276070509993544
8587,-0.22887634052807276,-0.28039873096620743
8588,-0.2863918241368358,-0.3831246171946317
8589,-0.4715827744598826,-0.5925144680998916
8590,-0.3204089042832823,-0.41462398393685457
8591,-0.4256705582638467,-0.6114950549438487
8592,-0.33197843718001535,-0.42830646351983614
8593,-0.32911512260300524,-0.4445927095349398
8594,-0.38339313492764726,-0.42779083082861813
8595,-0.6527159476268309,-0.7176289566316182
8596,-0.27978723446887116,-0.46107555248328247
8597,-0.6078646055372158,-0.7616003821755117
8598,-0.39644103124195307,-0.5048202140185409
8599,-0.506337824515412,-0.6083573666256209
8600,-0.2208652497296057,-0.33069469015842956
8601,0.011807232371131512,-0.20903296413793737
8602,-0.19124154853535086,-0.23705519617617773
8603,-0.2238446482644259,-0.3317917422799894
8604,-0.2766850303629419,-0.5109432105235581
8605,-0.1518932431726008,-0.29207157913475834
8606,-0.18486213412744462,-0.2855211137428159
8607,-0.08306318570089831,-0.14166231021923795
8608,-0.3446067361454457,-0.48087851845529617
8609,-0.4552285788072101,-0.48827159293625827
8610,-0.5243779442602537,-0.6343383496039893
8611,-0.008729281236002672,-0.030800631245964813
8612,-0.3232231355972844,-0.34212480697019065
8613,-0.6535809280417407,-0.883092710322503
8614,-0.2444067839514955,-0.3781806105142094
8615,-0.21262854793485547,-0.4782819117953501
8616,-0.4508644775608099,-0.620271377156554
8617,-0.09628398670253739,-0.1357453276728662
8618,-0.4487542011435247,-0.5199066244764582
8619,-0.3178995987009499,-0.3688667746497565
8620,-0.6008617669187086,-0.618466305488879
8621,-0.5685297770095249,-0.7865189188221837
8622,-0.002955901982663969,-0.033062036819952394
8623,-0.4676388621375973,-0.6590750543490826
8624,-0.038274368304191946,-0.13979080184921755
8625,-0.48518949301938974,-0.5592701206746655
8626,-0.636203186067662,-0.7263312423834054
8627,-0.4267295717363546,-0.5784909395497787
8628,-0.056686163410303685,-0.12166205121680043
8629,-0.673666784857829,-0.82294488602404
8630,0.04955847234142709,-0.08583126470908296
8631,-0.4774550550186366,-0.6438647497441928
8632,-0.1785750803241445,-0.3250584299561405
8633,-0.5516152125442763,-0.6369445833061792
8634,-0.46939556825905476,-0.5987947740051494
8635,0.21913104112848442,0.07742851832125099
8636,-0.323725921414299,-0.4616410094516535
8637,-0.43216854817015476,-0.6987675116940986
8638,-0.43484994339814287,-0.5247861978319206
8639,-0.3842222620996584,-0.491888540221742
8640,-0.49464565068462213,-0.6435622034158662
8641,0.0869780913373941,-0.03909719508012966
8642,-0.4208109602020617,-0.5433116888547849
8643,-0.0010815732562978798,-0.17787505295840822
8644,-0.4544162041788983,-0.5654838949504872
8645,-0.30203815590760225,-0.539355601204997
8646,-0.4611938477243506,-0.6264419705287521
8647,-0.22346090983550135,-0.507551434290012
8648,-0.27639657451850763,-0.41543234270813095
8649,-0.45943753908262985,-0.7224729696474016
8650,-0.4479717358601452,-0.5776912908067454
8651,-0.0009341719827864912,-0.09277569703876326
8652,-0.1359310014941014,-0.18220260405778346
8653,-0.08464607203669901,-0.12889356651936842
8654,-0.4808989910045132,-0.7005332537025866
8655,-0.585784672162976,-0.7012086316235621
8656,-0.5020452971545211,-0.5730906194867355
8657,-0.5531766287989668,-0.5682171867042528
8658,-0.2591022710603639,-0.33431530988845265
8659,0.08673301124859471,0.02662498811321564
8660,-0.27854415326186777,-0.38483063407077056
8661,-0.3835508159550197,-0.6167490075829029
8662,-0.501666095281975,-0.5833033266089274
8663,-0.09266221225723323,-0.2845962820194107
8664,-0.20662430201075405,-0.26977691511182333
8665,-0.4961641036710097,-0.7415470806521804
8666,-0.5515842531703166,-0.6201082823010354
8667,-0.35527441578056235,-0.4849483286147614
8668,-0.5784708632886667,-0.7232983144660314
8669,-0.263003690126502,-0.26776808288316006
8670,-0.40320777888218035,-0.4718923030232675
8671,-0.3756191417438033,-0.4905173078524791
8672,-0.4723364665162406,-0.6322815421036522
8673,-0.17307650050439924,-0.30080017165743406
8674,-0.13552475007673095,-0.25876811401367755
8675,-0.49569855522129386,-0.7915968212264707
8676,-0.13239336148241615,-0.18018656093834676
8677,-0.34724074608701966,-0.5387611530831369
8678,-0.6192495897829114,-0.8151888608835601
8679,-0.40077352796941684,-0.5116559645035978
8680,-0.15967536947890248,-0.3020027676115877
8681,-0.26536724753295654,-0.33681423405610533
8682,-0.6569572066903325,-0.9075209526744101
8683,-0.30856963854219993,-0.39708154774155263
8684,-0.6141830590540955,-0.6790890344640781
8685,-0.1185371975237826,-0.1543264794577021
8686,-0.250879155770431,-0.3619131982953628
8687,-0.42750116963081203,-0.5587794202691878
8688,0.13714572657353985,0.030265219672177643
8689,-0.5033960931960045,-0.639381180027945
8690,-0.42712788691074516,-0.7026163916685689
8691,-0.6092585361181306,-0.6621313164970267
8692,-0.4359566474728355,-0.6695617376315883
8693,-0.7810753555679941,-0.8758634449586911
8694,0.037757507584590136,-0.0805519878346768
8695,-0.07434756168946112,-0.10774043043096944
8696,-0.4551082893945978,-0.7091975847512526
8697,-0.26954982492682733,-0.43749618191155937
8698,-0.20793069234680797,-0.4394503427101207
8699,-0.4864067127584712,-0.5908749433698245
8700,-0.2585009623158242,-0.4919244871305608
8701,-0.2991450722955271,-0.5250352112013831
8702,-0.3982364575216686,-0.4750876373183512
8703,-0.29806487209419924,-0.44993797741030467
8704,-0.37198768435064494,-0.45741600079400857
8705,-0.23584926741193785,-0.3610877205498592
8706,-0.14421990940064497,-0.21786850285849027
8707,-0.5327326756726004,-0.7134138076467025
8708,-0.15783516551785423,-0.32059313694411734
8709,-0.3233702946731904,-0.5042206880253266
8710,-0.1704318387956318,-0.28002440606819046
8711,-0.1495431891396125,-0.22168599709842104
8712,-0.2534117081455302,-0.3235427748305368
8713,-0.347724745968325,-0.46386899502004514
8714,-0.39396509821783204,-0.49547419096995293
8715,-0.42114090353764144,-0.6104102960975301
8716,-0.2710282407517487,-0.34029277540566844
8717,-0.40754326134935004,-0.6371540618096521
8718,-0.09245945520554066,-0.11808291637349907
8719,-0.1278558051794982,-0.3093798942989618
8720,0.14916725026511696,-0.02900120316411342
8721,-0.3755019700330351,-0.5049469547019171
8722,-0.4001240188241922,-0.46954190473822416
8723,-0.2502884103292844,-0.53127845959148
8724,-0.24263546864525837,-0.37070441222802014
8725,-0.11537588844682625,-0.21684675197944275
8726,-0.25223141653859343,-0.31681863536651955
8727,-0.12594493613175411,-0.31828109657730763
8728,-0.1366938287142932,-0.2831526915299101
8729,-0.924814135403498,-1.0780316819308384
8730,-0.10864949737966594,-0.19055342317188723
8731,-0.47973684987983295,-0.56321540090875
8732,-0.057317867723083525,-0.119953324825132
8733,-0.055398136553960704,-0.1358840390579594
8734,-0.49648934323965993,-0.5228148821934537
8735,-0.3200212385666612,-0.3691194508053798
8736,-0.200744318174869,-0.414786202013841
8737,-0.0762201459886738,-0.16871580304918138
8738,-0.1961023804857157,-0.4049098135600731
8739,0.09497466555269488,-0.08548539841589747
8740,-0.44532614899169376,-0.4979940735366876
8741,-0.4565187673423083,-0.5980958885598238
8742,-0.32983449051580377,-0.3707421376633942
8743,-0.016747036141250976,-0.06925660664650418
8744,-0.39193608511984745,-0.5120197092276055
8745,-0.001552009919802962,-0.025978812975869358
8746,-0.3224007832930682,-0.40494390690539295
8747,-0.32729470591761184,-0.4500265696715398
8748,-0.4968137538630833,-0.5851833215609304
8749,-0.1013303104270529,-0.22835767888074532
8750,-0.5841436599370684,-0.6561277391763375
8751,-0.4570152584163052,-0.6128691288726095
8752,-0.31256306142738743,-0.3176626379832038
8753,-0.23773703022890494,-0.33908282692884445
8754,-0.28961017212071427,-0.3089488977407924
8755,-0.23834702027021462,-0.3161840894827641
8756,-0.6573363804240541,-0.8184569365993803
8757,-0.35192493092677757,-0.520308238147866
8758,-0.3224796134878548,-0.48859954965286895
8759,-0.55870210689133,-0.6459983294329896
8760,-0.18717288571678736,-0.3444899563536382
8761,-0.4912056980620264,-0.6018108458149092
8762,-0.5549480797300828,-0.7272694440747018
8763,-0.12159261086402814,-0.19178935369178748
8764,-0.24387076954545514,-0.4283689284882494
8765,-0.1742602600702972,-0.27311917400246744
8766,-0.6343671736058852,-0.8506580849654399
8767,-0.2905889918609868,-0.35843563002054646
8768,-0.2018302997841469,-0.449751101307366
8769,-0.2267940842173477,-0.3203917505096507
8770,-0.43055284514213477,-0.5643457509645
8771,-0.6000277816116287,-0.7432773597609885
8772,-0.15281675701068906,-0.26106143791301545
8773,-0.28108705571597714,-0.3810644630741576
8774,-0.3812032658335821,-0.522133777823081
8775,-0.1079784098308083,-0.2971127529263651
8776,-0.5824239852105472,-0.655646618733277
8777,-0.22726933815437517,-0.2750807014949299
8778,-0.3884257916558412,-0.6276602736534933
8779,-0.1383057710991146,-0.23661579040869213
8780,-0.14401958226750838,-0.2681974186909232
8781,-0.23211267654582063,-0.4149862274571335
8782,-0.6230297481930763,-0.7556001087075003
8783,0.028034768273361595,-0.09727226141846829
8784,-0.2627697073994293,-0.4654811950197129
8785,-0.19849373361814773,-0.3499149677810727
8786,-0.5339752537486603,-0.636254508330175
8787,0.017666296240368022,-0.055405372120450685
8788,-0.10603759484634437,-0.1422124794064876
8789,-0.6243742120404164,-0.7341859041460815
8790,-0.36478593814439364,-0.4316913512411428
8791,-0.10180355181075483,-0.19060747107587808
8792,-0.472161434784743,-0.6317712236490799
8793,-0.37256274269955236,-0.40970660797043773
8794,-0.37933526985554206,-0.546105320174993
8795,0.029518147529164096,-0.10633604777978228
8796,-0.40255699217678487,-0.4854588530361695
8797,-0.028251688171868326,-0.17259700417870164
8798,-0.7360363006969753,-1.1687652020070551
8799,-0.04810839200383239,-0.1157767886987802
8800,-0.3844866422706542,-0.5172115703910746
8801,-0.2784131427372484,-0.40861561795456103
8802,-0.35846299183361247,-0.3934261520931408
8803,-0.3429660547732954,-0.4107162585253781
8804,-0.4053240789956055,-0.47634042860085535
8805,-0.37422412069140043,-0.4324563604200267
8806,0.1305581842564147,0.13215470564606166
8807,-0.2665971968198256,-0.5132588659098014
8808,-0.2278264303623709,-0.4116600966553006
8809,-0.4985376121201836,-0.631001315999136
8810,-0.49455414231627853,-0.5892329003699868
8811,-0.187087389533512,-0.3196617971184782
8812,-0.36603096422094844,-0.7827343194259943
8813,-0.13815032160804916,-0.33173404139235824
8814,-0.5106685939912262,-0.6201623267345215
8815,-0.5413556844403785,-0.7324564127543534
8816,-0.34323153780340115,-0.4691988265592302
8817,-0.6040186349020875,-0.8027933312269099
8818,-0.22425102395686242,-0.3633120996115454
8819,-0.1478929286602194,-0.23219133976923004
8820,-0.14282586012946838,-0.2562359550468681
8821,-0.6105427211364939,-0.7885790946990605
8822,-0.7990399757159348,-0.8245438138542521
8823,-0.2027308623475559,-0.2625590146273159
8824,-0.4793424217083481,-0.5857611945997434
8825,-0.19845054792087144,-0.3395960196107786
8826,-0.37536745229208335,-0.4746287501675656
8827,-0.44071478140568204,-0.5266158138438927
8828,-0.31390927666417767,-0.5138429525229021
8829,-0.24410818083211977,-0.430528837475244
8830,-0.6752035233624368,-0.70616242538057
8831,-0.5074339065651701,-0.5398201211187487
8832,-0.871188596138075,-1.0678678095040464
8833,-0.09312762843030492,-0.2265560682606978
8834,-0.1599874572420886,-0.2878544513756723
8835,-0.37668059687176975,-0.4312776737075638
8836,-0.46985564871457913,-0.6267838200887628
8837,-0.2294326918203113,-0.23939663322523183
8838,-0.7427126383059609,-0.8867385928923028
8839,-0.18684979720742662,-0.25692511744800345
8840,0.21427754841340477,-0.08098621844243485
8841,-0.44560526380988547,-0.5194126988246628
8842,-0.001407156608141491,-0.07570730677095784
8843,0.05046802715177516,-0.0574000145660357
8844,-0.4505438181434971,-0.5130302386288474
8845,-0.34522334587102543,-0.6051241186846668
8846,-0.3507783457832981,-0.38842378474768025
8847,-0.056509768143682616,-0.2831280269477679
8848,-0.1643804163695242,-0.26901557455232855
8849,-0.17097321298651147,-0.20895413915858294
8850,-0.4108383823862405,-0.63622374255405
8851,-0.2114521289973411,-0.4104985395283944
8852,-0.18645982857174467,-0.3720187725435149
8853,-0.05784802829156238,-0.14595119335220272
8854,-0.38878125922270046,-0.4558230311578055
8855,0.09556107165850398,0.035358545737043584
8856,-0.01772309580357991,-0.33814201368002167
8857,-0.301566087049838,-0.4812050179612305
8858,-0.6754922846791903,-0.8410658041167222
8859,-0.22025228800170796,-0.29456264578681157
8860,-0.4154689088803391,-0.487845278489664
8861,-0.33711162352953195,-0.35865619293310785
8862,0.15345877804619282,-0.01889928074887304
8863,-0.11273213650094296,-0.1951352016458595
8864,-0.46132386776400264,-0.5843132455560718
8865,-0.40414742511624757,-0.4712623236182201
8866,-0.5497698691708837,-0.7481144552155609
8867,-0.24532866534702075,-0.4705639394094829
8868,-0.25398411199617454,-0.39892610839102166
8869,0.26041659052617233,0.15068743915165156
8870,-0.45118504037536317,-0.5286066482358738
8871,-0.15748796073682128,-0.16871646442918847
8872,-0.024768206036446652,-0.1583145478497249
8873,-0.21628387284891298,-0.370981270052548
8874,-0.2748991868457012,-0.31534138663973565
8875,-0.588489303171282,-0.6274552139763864
8876,-0.3833567516294465,-0.8001548653680683
8877,-0.5284917834063099,-0.6106567564059556
8878,0.013471163337992613,-0.07169996712729897
8879,-0.45937239954554565,-0.5841517355499121
8880,-0.23191335796693238,-0.28501325719607
8881,-0.3207706753441464,-0.5334309205970643
8882,-0.2534439783327634,-0.3172722506531231
8883,-0.7251497601647975,-0.8164670148493172
8884,-0.24407099116508446,-0.37537966998253963
8885,-0.2844776330917033,-0.46021467655880566
8886,0.11591776649929203,0.03768407639538033
8887,-0.6017544285369115,-0.725287990127858
8888,-0.18829741901361988,-0.3206926375239129
8889,-0.41149427396078403,-0.6018258794309955
8890,-0.39139805814779566,-0.5427935085856147
8891,-0.6568158656115194,-0.7706959918183317
8892,-0.5361227521698615,-0.7041516172395114
8893,-0.577234597092769,-0.7305066500757044
8894,-0.5453673182641596,-0.7028706460765022
8895,-0.19704751564336512,-0.33049506536565393
8896,-0.5483706818623957,-0.6835357385366126
8897,-0.3466328752942084,-0.472156453650632
8898,-0.9626462731992445,-1.1684783966339611
8899,-0.30774025136852867,-0.43056155665068874
8900,-0.31659784421826126,-0.46126588555986153
8901,-0.3366174103366618,-0.356414252660166
8902,-0.1796273652551575,-0.2357827691442326
8903,-0.5392368328153878,-0.6677719582340018
8904,-0.23487453203264322,-0.31275383341624496
8905,-0.14174575933051656,-0.22765037541152727
8906,0.16965756732879858,0.14924637446788766
8907,-0.509577114893349,-0.7999803195812086
8908,-0.15900914280596185,-0.19485224025738843
8909,-0.47498759053251577,-0.7407360161929784
8910,-0.27284344851477593,-0.29196866717609216
8911,-0.6426262003138453,-0.7327067653918997
8912,-0.015260218368163677,-0.19095181148920218
8913,-0.4774575540250129,-0.6580254323206314
8914,-0.2726900067391438,-0.272160402525023
8915,-0.3407061468220584,-0.4156163207740861
8916,-0.17083684629236862,-0.23416922007344712
8917,-0.3840199298125947,-0.6576675819574779
8918,-0.40728571445436645,-0.5981172949021867
8919,0.11913902538545261,0.0587037533960665
8920,-0.18548245649597014,-0.30235371874777073
8921,-0.41232407327451637,-0.5054783567635521
8922,-0.20185871781089545,-0.34651461713212195
8923,-0.034006362458798005,-0.20088857637147908
8924,0.06427028581958041,0.017042032482831048
8925,-0.3698938821837405,-0.6116483197592779
8926,-0.15714287621780562,-0.29104468449405846
8927,0.2836591167392851,0.22830715797307055
8928,-0.827451567679832,-0.9570928026853849
8929,-0.3377211340538636,-0.484668237072644
8930,-0.10000953027392893,-0.17068609645877744
8931,-0.0412838418443117,-0.14424242676381338
8932,-0.1586718687146315,-0.22224873900685843
8933,-0.3653224602909489,-0.4651006057597309
8934,-0.15123629385057386,-0.33166816928064535
8935,-0.30660612305782187,-0.4169165550342569
8936,-0.4796012995168085,-0.6605485898969062
8937,-0.3510240709773318,-0.4370022627517953
8938,-0.10028032615498086,-0.2305717780757775
8939,-0.29696339246811093,-0.44105713466306384
8940,-0.641353431338656,-0.7583540983799981
8941,-0.4307490653925784,-0.6079971670375157
8942,-0.3805234298514979,-0.5320310295557701
8943,-0.36104210826748717,-0.5109821335590897
8944,-0.43465723236600234,-0.46257005918900257
8945,-0.28153302015001763,-0.5115903252271019
8946,-0.2365601397951633,-0.3832630190072264
8947,-0.22416021966547994,-0.3428580848371578
8948,-0.4567319533924077,-0.5122987510704904
8949,-0.36067214324907504,-0.47813350546701006
8950,-0.13586806002489518,-0.22526897938212262
8951,-0.5029656395260096,-0.7464233303015311
8952,-0.05082816323961181,-0.264106723196194
8953,-0.35064475074094664,-0.4997386200401867
8954,-0.17445000699307536,-0.3514573909836956
8955,-0.2598062794171285,-0.38812326454851054
8956,-0.17794904522898566,-0.3033251671442245
8957,-0.5799664019551299,-0.6408277681726327
8958,-0.20265383759550964,-0.37067743097927036
8959,-0.2180351261671193,-0.39071919287618073
8960,-0.6368044862283002,-0.6656416388652304
8961,-0.5631889179677977,-0.9040423724544773
8962,-0.2747980163306216,-0.40214243820303525
8963,-0.046008203867601793,-0.005342484376283664
8964,-0.339036575675421,-0.38582050689031644
8965,-0.3309746857305761,-0.4765346826560668
8966,-0.4371960799430722,-0.6388727513894294
8967,-0.31442068051453326,-0.544534684993933
8968,-0.33242554087573384,-0.5096494027071972
8969,-0.5855013954169441,-0.6401235546144953
8970,-0.27442468538164216,-0.3859409771695868
8971,-0.36700310948730486,-0.5320774714144515
8972,-0.08321228596854258,-0.23092260080980265
8973,-0.45553882002585255,-0.6452383955154742
8974,-0.2966587816348436,-0.40047590625470636
8975,-0.4007088226976407,-0.52036669913254
8976,-0.5458173743360809,-0.8525586752412992
8977,-0.2132082791738275,-0.4809308422892224
8978,-0.4467659903922617,-0.5508131724396661
8979,-0.28872987884261514,-0.4857574438439285
8980,-0.4026713670742594,-0.5573398025475197
8981,-0.2582923055709544,-0.3072590384014919
8982,-0.25504007124078343,-0.281363070620769
8983,-0.2405377126059749,-0.43282453450645947
8984,-0.186365784284987,-0.2670487453402799
8985,-0.5214372080580864,-0.599533630975324
8986,-0.20479569448545695,-0.35386309821533946
8987,-0.14663290182172545,-0.21615481074217138
8988,-0.5864683208176285,-0.7390550210398859
8989,-0.3033089703802406,-0.4701063266092739
8990,-0.35793972099936155,-0.47536883680830394
8991,-0.6611636228308121,-0.660330867542161
8992,-0.42932967729159754,-0.4402923440673161
8993,-0.3791426825908267,-0.4822056502092841
8994,-0.425432395519517,-0.5645693654369929
8995,0.265550662691948,0.23706184460977298
8996,-0.21482977758786415,-0.33081785600642194
8997,-0.31589721911062274,-0.3626496482446978
8998,-0.3050868232650368,-0.5068292558376494
8999,-0.24000346276194248,-0.3774723686146134
9000,-0.10338375995692534,-0.23287236686434018
9001,-0.6584971648654008,-0.8500923777475087
9002,-0.42084777259878126,-0.6713357196225835
9003,-0.37036117987168393,-0.5716335556537064
9004,-0.18006852920629762,-0.20908279235854885
9005,-0.08699522330849398,-0.1909593868685706
9006,-0.34280508281989786,-0.41608693859270557
9007,-0.28180942938960274,-0.3628622656348277
9008,-0.5277186819452897,-0.6606053266061892
9009,-0.26844237883774485,-0.2998290141763567
9010,0.18420401197785208,0.1114423077495274
9011,-0.5439306217980536,-0.7100746761287584
9012,-0.4565442597693772,-0.4902271560248824
9013,-0.144353899183447,-0.20632821980270336
9014,-0.23886626274718417,-0.29714104317452605
9015,-0.09675959063976534,-0.32467301423969275
9016,-0.30802852890211635,-0.4088021317644999
9017,-0.5657930456695403,-0.6415142620820412
9018,-0.5514676359233,-0.7732954090092566
9019,0.010542458297607075,-0.11647969728006555
9020,-0.47118075615087446,-0.7684419169820312
9021,-0.14158556815708456,-0.21833363038503897
9022,-0.10014887629358574,-0.28126692840322
9023,-0.6413124020788531,-0.6790653015258364
9024,-0.37208011319582174,-0.46647936608893054
9025,-0.8082235968420496,-1.026875330116703
9026,-0.053539051467291446,-0.1373275867480833
9027,-0.5416005622376006,-0.7458053492497879
9028,-0.4519438842119547,-0.5663195264592954
9029,-0.10502085876859578,-0.16121941129572234
9030,0.3972379561325141,0.27933965226362756
9031,-0.615805042875165,-0.6569565033732992
9032,-0.24019956637511938,-0.25491865124611424
9033,-0.3486448979854727,-0.416746215963878
9034,-0.35913346746130065,-0.5568923055720273
9035,-0.0299607029858166,-0.13830626986036532
9036,-0.27250525755509525,-0.28699534990556
9037,-0.27082978898197935,-0.35778122914728216
9038,-0.8632294437613198,-0.9807191989058635
9039,-0.36814169143922437,-0.4735007107449807
9040,-0.32477818568028755,-0.4389368977536948
9041,-0.37363051790541163,-0.5160497954064677
9042,-0.3686483519380485,-0.6222432561032574
9043,-0.41675916926713635,-0.6571140336645024
9044,-0.280191445962115,-0.5984807379215834
9045,-0.2539456918705582,-0.26829182331854384
9046,-0.4998632919637856,-0.5657684762464327
9047,-0.21463692121266573,-0.3624920765886417
9048,-0.5331378082765471,-0.6009063524761
9049,-0.2207229846635709,-0.2689981123633454
9050,-0.1423375600156152,-0.2696515903459419
9051,-0.30553973583224325,-0.3850252561121042
9052,0.03214179247581688,-0.11497719264252573
9053,-0.5475176635395214,-0.6438801168322072
9054,-0.2664248433866772,-0.5642147279011739
9055,-0.3397497736030146,-0.37579964109747815
9056,-0.27721876383645166,-0.4655793553134279
9057,-0.40541230557784114,-0.5619745784389862
9058,-0.35433284199921905,-0.5814075933930855
9059,-0.12234951833335701,-0.1643910600005
9060,-0.3223700058644095,-0.39305160323720234
9061,0.11841123075158985,0.027185437893222534
9062,-0.29199965195395056,-0.38992452312067455
9063,-0.5111155274935685,-0.5294868030453648
9064,-0.20813648589038472,-0.24773968741785465
9065,0.04314158933546497,-0.07135208242798194
9066,-0.5362857729816045,-0.6329688472474937
9067,-0.33844492089361505,-0.4450536413270812
9068,-0.07665637841899269,-0.19590359386571232
9069,-0.43463323457814235,-0.5825617004737572
9070,-0.40188293969392885,-0.4773390148754917
9071,-0.08801926094723145,-0.10937367984442253
9072,-0.37190924191579605,-0.4316609256021784
9073,-0.24901873604258012,-0.40586240642572347
9074,-0.09991110455306025,-0.15909490136684595
9075,-0.4549979801644384,-0.5531077400064764
9076,0.1797046743565743,-0.01970817301344411
9077,0.014188807596119499,-0.09711797687799817
9078,-0.127141806173292,-0.2720169299115895
9079,-0.2995350505561528,-0.5237577172100772
9080,-0.1328343158741279,-0.1457017777073023
9081,0.05310253817037346,-0.03488723023025266
9082,-0.40010487826098995,-0.5032052133216476
9083,-0.6074308766758246,-0.7120584670305161
9084,-0.5198849833815541,-0.7559577004013986
9085,-0.848193324461636,-1.0039734347270617
9086,-0.3937595221646493,-0.6070720015593104
9087,-0.3219273277912663,-0.4874196468209344
9088,-0.7237468759806175,-0.7765990052926203
9089,-0.2360062991988771,-0.2575726620743128
9090,-0.7105980746121271,-0.8674381940397891
9091,0.04223843382229859,-0.02726570576245998
9092,-0.25722293518709455,-0.3306364555792329
9093,-0.2717204465103867,-0.406809318026459
9094,-0.12054687457876032,-0.23476574024777558
9095,0.01945956278657755,-0.01558160118558142
9096,0.03347073779923291,-0.029564684736344486
9097,-0.5095151975805163,-0.7471064936884962
9098,-0.434106490984746,-0.5055454679031096
9099,-0.5522588422693019,-0.7346810677927766
9100,-0.38812959106066924,-0.4689403206716707
9101,-0.526141223199643,-0.7375927130519884
9102,-0.15724880318049636,-0.26841195160183146
9103,-0.13067199195150467,-0.23669116646640526
9104,-0.19885117608290862,-0.410552595882448
9105,-0.2502955814762623,-0.4597633952160494
9106,-0.4229462794555324,-0.5331934829620383
9107,-0.28337949851345745,-0.42524735993916396
9108,-0.17172969891394543,-0.21336728111623515
9109,-0.4402572892430338,-0.6583657077571569
9110,-0.3458538467868291,-0.40708820677385166
9111,-0.42322878501724187,-0.5731707964477415
9112,-0.18873410205290275,-0.27270586427532545
9113,-0.5579831194665799,-0.7446152070827876
9114,-0.8512835388807727,-0.9472289714155074
9115,-0.13182795167932435,-0.36891344309258833
9116,-0.3030526993822465,-0.45026947600032785
9117,-0.23627366470766092,-0.31808149608064623
9118,-0.34787724468931236,-0.47949101257007637
9119,-0.43017551159817063,-0.42453148896218146
9120,-0.24571859987195394,-0.40885730544915605
9121,-0.11646984899948173,-0.2083263359359078
9122,-0.4999474259751707,-0.5543598000052693
9123,-0.4114955222339298,-0.5619795643375263
9124,-0.6703140018756972,-0.7015092083168052
9125,-0.4794363108253204,-0.5613034388349766
9126,0.13821900200595227,0.07646064572844039
9127,-0.20995304066809423,-0.35286277227583573
9128,-0.3352726975687132,-0.4603862849990679
9129,-0.32912928170816724,-0.4511194041886562
9130,-0.2528831580195391,-0.5451192016621397
9131,-0.1539031859007646,-0.22718244485356665
9132,-0.6059151604106737,-0.7384393496060381
9133,-0.2555856525075523,-0.3282040901392565
9134,-0.581294532696902,-0.6800972177331743
9135,-0.29006724250747656,-0.40342645328873195
9136,-0.017188846584740347,-0.1469593102263652
9137,-0.5221327438536344,-0.5769165348131657
9138,0.057072989955617895,-0.017852198950849968
9139,-0.24552134340269827,-0.339815128078466
9140,-0.31880007107704544,-0.4125239302596324
9141,-0.48123442489367857,-0.5788468961493958
9142,-0.32623231015876336,-0.43913461311403523
9143,-0.7267589411578328,-0.9645614222413316
9144,-0.47632000732226115,-0.6099480440423921
9145,-0.3478058812664797,-0.4553268465207173
9146,-0.1629591065586698,-0.35344608251794885
9147,-0.25794088169039014,-0.5062577820559838
9148,-0.0943637640380918,-0.19581431836364038
9149,-0.16125269635697137,-0.3001993840992809
9150,-0.035557658564333315,-0.08484377149376571
9151,-0.17643877303733016,-0.3375106970622044
9152,-0.306603018302856,-0.3719018361099086
9153,-0.33486378439906617,-0.38046256511281634
9154,-0.29281718207796226,-0.3953491025982607
9155,-0.2574280073790467,-0.32165430795525335
9156,-0.41152210030832237,-0.6465575336822058
9157,-0.33291162119407064,-0.3809458617031355
9158,-0.0959627242053542,-0.13897083269411795
9159,-0.23435767321407808,-0.3980320563981077
9160,-0.2851416874322107,-0.3805424612393993
9161,-0.6364397269253098,-0.7273997213300288
9162,-0.3656358181181439,-0.7153311157388687
9163,-0.20906326981829218,-0.3583406233656335
9164,-0.38972623805703493,-0.4456854917642314
9165,-0.2081443089195162,-0.20293112311154485
9166,-0.39072128227299885,-0.5869588997114141
9167,-0.34165982419751784,-0.4416088450711358
9168,-0.4198671132443805,-0.560158742566077
9169,-0.5021278082462658,-0.5888539793199115
9170,-0.5349405595479623,-0.6368229338619767
9171,-0.7322890668506619,-0.7930807853716709
9172,0.09544674575011108,0.07955733992685761
9173,-0.16267886760997533,-0.24176236803747053
9174,-0.6079189223969267,-0.7322253651796836
9175,-0.36089184358330323,-0.4375820561561218
9176,-0.27972311944770223,-0.35186592586145593
9177,-0.10994700897748759,-0.18235636170225114
9178,-0.06234808013396688,-0.16028752621961984
9179,-0.637043526502875,-0.8683283448462085
9180,-0.13335095423097995,-0.28387613190090766
9181,-0.23683854173718855,-0.38742630126066047
9182,-0.17584607050660908,-0.24133331371180017
9183,0.11755072595143225,0.05286175022619603
9184,-0.43424438358085066,-0.4619064700574761
9185,0.007364838576194964,-0.18467018311067648
9186,-0.3490010784637424,-0.6833597941304086
9187,-0.08694318756139346,-0.29842180336123536
9188,0.14488493511479392,0.10976074142976554
9189,-0.455605900194092,-0.5097873151097349
9190,-0.1836520046417577,-0.33383319756688995
9191,-0.07974639978606145,-0.11710757525641464
9192,-0.20756276881916036,-0.3165662144741637
9193,-0.18937635468580627,-0.42796327037329446
9194,0.3236933735627203,0.1772259286138356
9195,-0.5434824075216873,-0.5718692630504212
9196,-0.2893972476610929,-0.5868026065576427
9197,-0.10037818580858962,-0.32866626218668404
9198,-0.0376910085101066,-0.09721982889411114
9199,-0.3639713165930856,-0.3901546164554531
9200,-0.8018575996264073,-0.8521578402772435
9201,-0.567949004708232,-0.7744485975457663
9202,-0.3460156082456575,-0.5527144163821747
9203,-0.15763950420633527,-0.41596518344682876
9204,-0.3831689487809255,-0.5207679571880829
9205,-0.16612127374998645,-0.2674810604969496
9206,-0.11785945269554808,-0.18879851871505632
9207,-0.752786713181316,-0.8072270843143546
9208,-0.3988212409115996,-0.5061214744474333
9209,-0.014507934938853646,-0.16480069449788506
9210,-0.33447297312764607,-0.5081036270073015
9211,-0.3329986537590704,-0.5311674418191639
9212,-0.5786945070856403,-0.6993109459770839
9213,-0.04569326746602206,-0.24410425529941143
9214,-0.3472075395349705,-0.5012336319556471
9215,-0.40068627507004345,-0.51321008737294
9216,-0.8565626432228929,-1.0282652208679843
9217,-0.5225774741609205,-0.5475105077037427
9218,-0.4285450321703263,-0.4926742170221714
9219,-0.49435374387276476,-0.6804953901458238
9220,-0.4001892888820464,-0.6032068541195316
9221,-0.3744086504598701,-0.5998237956455713
9222,-0.28118775790924155,-0.45517410935666475
9223,-0.6342671021288031,-0.8252530600999102
9224,-0.35628525478220235,-0.4214517962405065
9225,-0.6196473403794552,-0.7400906338106095
9226,-0.3188669966547921,-0.5492503876364837
9227,0.08118015194589517,-0.03278754107221015
9228,-0.433000296303944,-0.6499616370924689
9229,-0.3023387633885314,-0.4902153333112117
9230,-0.3783996424528218,-0.504583730727597
9231,-0.12266000218897374,-0.3486989309544108
9232,-0.8131579666980885,-0.9787258434254719
9233,-0.8619719214904821,-1.0546974901206283
9234,-0.5312207818920646,-0.7477439205542514
9235,-0.5492119519944464,-0.6689053580815159
9236,-0.04892004181508858,-0.21754468898211565
9237,-0.3311861255329524,-0.3551252502151585
9238,-0.4364392561497001,-0.5598102621573151
9239,-0.3724918962257923,-0.42595753917597734
9240,-0.3560819055563226,-0.47775158035740684
9241,-0.09194594225506486,-0.15492069580421036
9242,-0.5280081132186729,-0.5950614822829466
9243,-0.16452616574777648,-0.25019367700221073
9244,-0.4127634316763509,-0.45424346369308416
9245,0.04395805683470368,-0.06255063295819233
9246,-0.6275047825366558,-0.7578837372941634
9247,-0.31419011496831456,-0.4674885918899291
9248,-0.1592099009017494,-0.24230709924336108
9249,-0.4998716210667784,-0.5450265487240243
9250,-0.00823567146635979,-0.07108737772300369
9251,-0.032140347956742935,-0.15757172308224413
9252,-0.15100511804883313,-0.29445731117147933
9253,-0.5553740140086586,-0.6755548786608346
9254,-0.44161189191730793,-0.5642945240130499
9255,-0.454097394659247,-0.5758493227548853
9256,-0.5756792975383362,-0.779255784739847
9257,-0.31439854222523234,-0.43731073710551
9258,-0.32289517574399207,-0.4301408204889786
9259,0.08215489629253143,-0.015101738693483939
9260,-0.1875058665632755,-0.2998230062729156
9261,-0.1311757226491302,-0.3592134751935314
9262,-0.4608002709415226,-0.5790980172222887
9263,-0.47731670943891785,-0.5179485795699622
9264,-0.3037273563830678,-0.42748375943972333
9265,-0.1862375274139161,-0.2692674087873454
9266,-0.004671409259840171,-0.11682522005234683
9267,-0.30344751576277945,-0.38680871583031057
9268,-0.32178100654668457,-0.3264116628920523
9269,-0.42853970725740687,-0.5602458737787065
9270,-0.5609263619147208,-0.7170069897119011
9271,-0.2301255770025957,-0.2737209524806425
9272,-0.17039899953916166,-0.1933156961286303
9273,0.03745367285593642,-0.1052574096751777
9274,-0.34910871958840867,-0.3991992471949948
9275,-0.16831217045983213,-0.25428773026742774
9276,-0.2014036592130285,-0.30419848611682226
9277,-0.376945505033949,-0.4478100007654962
9278,-0.548210902398659,-0.5607703628025834
9279,-0.47409779238918454,-0.5587545807484168
9280,-0.1696854795696096,-0.26238284385544214
9281,-0.42704631384764913,-0.5234299005053407
9282,-0.09133415103208876,-0.17445613224875153
9283,-0.0038091722142917137,-0.12085723525903957
9284,-0.31515891190635553,-0.6622428529990178
9285,-0.4360642890270758,-0.6012721877078088
9286,-0.3401223018689654,-0.4885561779025353
9287,-0.41251003511601897,-0.467067146526204
9288,-0.42435468924534075,-0.6509276373839085
9289,-0.27923397072855716,-0.5426164358277382
9290,-0.23410108617808173,-0.2957163294873846
9291,-0.4264256904910362,-0.508844032716105
9292,-0.3530072415027907,-0.47944726208018207
9293,-0.23838815243256942,-0.3269489396279095
9294,-0.48837178161745826,-0.7032138892262021
9295,-0.5667804651612598,-0.635318359030789
9296,0.0351710990151237,-0.07931274219696396
9297,-0.17771012667515815,-0.39475786610097563
9298,-0.42511895041914993,-0.6517381707049182
9299,-0.2632129020149478,-0.43125177288085215
9300,-0.5463823424323913,-0.7571336586178156
9301,-0.4641566937032581,-0.6891607187249223
9302,-0.12324191628086045,-0.1624986948689077
9303,0.044278827652894356,-0.07694242846746045
9304,-0.21301716770319135,-0.25915497498887397
9305,0.060800538468539826,-0.11773730342787608
9306,-0.16988913427253968,-0.3446647948729509
9307,-0.35618281650001077,-0.39869163650348294
9308,-0.6383134158660854,-0.7691934533134851
9309,-0.4228567203283962,-0.5759588512635256
9310,0.09588443339713106,0.04753364238712825
9311,-0.42344378455376386,-0.5675402493822643
9312,-0.47435886118102,-0.5684448097723689
9313,-0.27730236414108933,-0.5158713848473021
9314,-0.42927588539465267,-0.6819410559400216
9315,-0.2126239640842627,-0.34751302129665795
9316,-0.3078457613119549,-0.41424285256916266
9317,-0.12459829340062831,-0.2566552505064459
9318,-0.2004247969362909,-0.3085201126556726
9319,-0.5410668002527436,-0.6585929774412302
9320,-0.6238559768364378,-0.8764937534030878
9321,-0.4766050953581109,-0.6697004096450938
9322,-0.6483163970384475,-0.7458961860780073
9323,-0.19551227298345056,-0.37285242020832293
9324,-0.5547518703207907,-0.5870035778632743
9325,-0.4816015523440051,-0.5966656497288091
9326,-0.32469297571040606,-0.3904135113769683
9327,0.13897551426382398,0.05674679605980251
9328,-0.04961925824904461,-0.3097036981449107
9329,-0.4049628928161834,-0.5063176862011847
9330,-0.18896940644457488,-0.32452196897931207
9331,-0.716601189355699,-0.7770035971001504
9332,-0.24193625332952212,-0.35050090326029043
9333,-0.18266094076230105,-0.19997099356593134
9334,-0.5503021361141549,-0.6085999496085615
9335,-0.36766521480599884,-0.5098974697532989
9336,-0.3969910297311062,-0.6149058098693239
9337,-0.019703389320516265,-0.10909889898191327
9338,-0.18859652422535517,-0.27422007974004964
9339,-0.2676918706314928,-0.3434396946363072
9340,-0.046688220255959686,-0.11081511981075635
9341,-0.1290533755516575,-0.2639603195417665
9342,-0.042640539096151966,-0.1325650971056853
9343,-0.3323343150951509,-0.451431895257946
9344,-0.2423913115930928,-0.4027811193403317
9345,-0.34784575394323447,-0.47882814510639654
9346,-0.1225612819280585,-0.20402166330855387
9347,-0.18168494753916928,-0.2413237128142873
9348,-0.38918277024981013,-0.5824531337739132
9349,0.1669556770037656,-0.04064574854840951
9350,-0.2182078415683043,-0.3186919718799786
9351,-0.37326180165422895,-0.5136002667703226
9352,-0.3954575604218355,-0.46569301380533973
9353,-0.2603232970773314,-0.3602225646684368
9354,-0.3840160353746904,-0.4936691648226532
9355,-0.10353459266163746,-0.15722107809683528
9356,-0.1918312779756976,-0.35055600476690063
9357,-0.3805762181831973,-0.5473381025955399
9358,-0.0988156182401859,-0.17242474219869444
9359,-0.38856527512717615,-0.5104453819670952
9360,-0.47697082390589274,-0.5813570257529858
9361,-0.12048439493340686,-0.19315308738210998
9362,-0.31375350843880934,-0.4040072872549871
9363,-0.13595219861420507,-0.3028299039139279
9364,-0.42415071659813264,-0.5317538021091097
9365,-0.33041669818680064,-0.4029442805582501
9366,-0.1309969349834489,-0.15121207855977276
9367,-0.41367800532520616,-0.6119802811683772
9368,-0.22466037732366473,-0.307474502896904
9369,-0.26147164403336814,-0.36177988891166935
9370,-0.7388382115430217,-0.8567439613693159
9371,-0.5379765346321277,-0.7517063810150405
9372,-0.105737666239096,-0.2472558218389813
9373,-0.6057034720472844,-0.6790267019003593
9374,-0.315213193041757,-0.4627337606740515
9375,-0.5720178490744667,-0.568622278588926
9376,-0.3421777605664909,-0.5213280664052975
9377,-0.3510791863099599,-0.421433116864949
9378,-0.5671947694892173,-0.7663947161412745
9379,-0.28026967407037195,-0.34693793126855826
9380,-0.7965187503845408,-0.9763058859091276
9381,-0.538537693081063,-0.7535604814111498
9382,-0.12847097400452615,-0.32776097504586926
9383,-0.09735336823213922,-0.14120426870398445
9384,-0.46872730209113966,-0.6001148893763216
9385,-0.30302713619850463,-0.2619786714733307
9386,-0.42922833498187674,-0.5099612207171947
9387,-0.8501924515319033,-0.9415013848641778
9388,-0.3710980917612716,-0.400602149079505
9389,-0.4386014969213144,-0.6085717615486816
9390,-0.45719813886944943,-0.47570863313583617
9391,-0.3120912647349711,-0.6564759754882689
9392,-0.46649287424237895,-0.6463445881656917
9393,-0.612499623328765,-0.7200712519260665
9394,-0.342860221947246,-0.42369170570191406
9395,-0.35362799739968204,-0.5350187556538756
9396,-0.44412030261075813,-0.5224800631759671
9397,-0.35015657480709506,-0.5169002147249648
9398,-0.22128285307282397,-0.3958894770224194
9399,-0.7225245708424477,-0.8208105011258264
9400,-0.27515609608366837,-0.38234690340858224
9401,-0.5026837164776516,-0.7393212786753988
9402,-0.5310471738981963,-0.7086396605690642
9403,-0.5673517871481388,-0.6879340948827412
9404,-0.636041748290232,-0.6812150243026239
9405,0.0490601396310472,-0.02742100793359298
9406,-0.5018250906097371,-0.6728465231937546
9407,-0.4015981154399093,-0.6181655507923093
9408,-0.16794363880581697,-0.33159256491712996
9409,0.016220105588280322,-0.15113015476101743
9410,-0.4083259354171532,-0.47768229842780174
9411,-0.14699956408175108,-0.23595960392597098
9412,-0.5937786426367564,-0.6847014021844839
9413,-0.2118793385240997,-0.24743970299903997
9414,-0.5325890422712242,-0.6210201357588796
9415,-0.24471341310184758,-0.3664424546354924
9416,-0.17260882911061584,-0.259613207838716
9417,-0.09303823421214208,-0.21794996123661653
9418,0.07143812472443059,-0.06355836257072604
9419,-0.36316735830546404,-0.49805714722361744
9420,-0.18417207742087754,-0.347394813037692
9421,-0.5108429481392243,-0.6306545259536533
9422,-0.5811515182434055,-0.7202376588508502
9423,-0.710572869895408,-0.7777270757334205
9424,-0.21021826211171393,-0.3229343048937501
9425,-0.5241974689273843,-0.6423315466100976
9426,-0.5644970408765773,-0.612849775411945
9427,-0.23455222708238574,-0.26819851777216436
9428,-0.3315761399490386,-0.48257241105176335
9429,-0.06483940635426695,-0.24791908004886878
9430,-0.47235592396266085,-0.6059891358149261
9431,-0.7349578932952807,-1.0924816527235668
9432,-0.4031968318028951,-0.6145012638335778
9433,-0.5154959213793555,-0.6002213005350974
9434,-0.3479066100735084,-0.44491699467980755
9435,-0.3953239317943415,-0.48471362042633553
9436,-0.14888408481985188,-0.2597315962735098
9437,-0.3263552500649863,-0.3881221233151557
9438,-0.3938255739504474,-0.6167828390081919
9439,-0.4732062237567979,-0.5782897603190802
9440,-0.25782785619983395,-0.3190198858088058
9441,-0.3601383253900184,-0.4443432183123011
9442,-0.2520918867579591,-0.385954459411389
9443,-0.35745325659459176,-0.5066734800039652
9444,-0.1519635078717278,-0.2362543494153286
9445,-0.15896599166869124,-0.24488613843273568
9446,0.1592879040588992,0.10509222134211284
9447,-0.1444777989852168,-0.14308206134552726
9448,-0.03392704374609021,-0.12467029875042372
9449,-0.6889022954176608,-0.8770620376164389
9450,0.05529166080136542,-0.09437463793353841
9451,-0.3229880516695615,-0.44244677833043283
9452,-0.21732315401688657,-0.3009932474718942
9453,-0.5802670034922621,-0.7064188203417681
9454,-0.2530246316142854,-0.42439465301902435
9455,-0.11153454136168857,-0.24504875500446444
9456,-0.4670431250405766,-0.7019435167211362
9457,-0.29879895576660204,-0.36841146957696863
9458,0.006918455763462116,-0.18590486609858875
9459,-0.6887679625102474,-1.0361089225172406
9460,-0.2642843474473788,-0.25540739988542627
9461,-0.16060799801328593,-0.3082424287109649
9462,-0.07993164040892863,-0.1004059022091534
9463,-0.027988121059065903,-0.09917887147332945
9464,-0.3715534112675377,-0.5433073379933071
9465,-0.3974290425845676,-0.5921772537461076
9466,-0.40598595847777563,-0.7096827973551377
9467,-0.2812360470702781,-0.3803867536634574
9468,-0.33154547804262513,-0.5693514572944663
9469,-0.42463583903886426,-0.5172090375684746
9470,-0.30762796460729835,-0.3317916833502243
9471,-0.3595925734350125,-0.4296446114536875
9472,-0.2668182437877061,-0.2993741169155583
9473,-0.41909044618345737,-0.48803601255990503
9474,-0.19695507866691242,-0.23705621569967292
9475,-0.46467157066440656,-0.5703440508790708
9476,-0.6802606668320607,-0.8303176033518866
9477,-0.6880748371796227,-0.9248300735752928
9478,-0.3892009324021711,-0.461078648787631
9479,-0.08691736981310459,-0.2512290734080215
9480,-0.30210473149482797,-0.47516357242698853
9481,-0.375619973247296,-0.5155384789529495
9482,-0.44660362439044504,-0.6420023300615014
9483,-0.1945167934144195,-0.2893116210771237
9484,-0.1868933949307374,-0.2591309432803995
9485,-0.5272169333404081,-0.7878907132641918
9486,-0.45767127797687196,-0.6695572730629634
9487,-0.41848384991119164,-0.5110497807985145
9488,-0.2993474458595104,-0.37326318954452153
9489,-0.29504241946853954,-0.522031815546036
9490,-0.6777951727246592,-0.8335937895123903
9491,-0.2714958388089147,-0.5928815487015462
9492,-0.7492860360541831,-0.8025469038310193
9493,-0.22996169868776853,-0.3082968621935185
9494,0.08728699201783037,-0.07719616720677272
9495,-0.60628027558064,-0.7165569341464223
9496,-0.4966855672632908,-0.7490625941959649
9497,-0.3311710127145833,-0.360508345680592
9498,-0.30537885689873223,-0.3498982653366773
9499,-0.4073824575151962,-0.48580115258552903
9500,-0.35394924354964125,-0.4100551528457305
9501,-0.4422758419106295,-0.5753151016215038
9502,-0.0168342096159432,-0.21070009894416378
9503,-0.20891442916302247,-0.3417584750479118
9504,-0.3887479230541327,-0.514649539666745
9505,-0.2967480794757185,-0.3115558674579282
9506,-0.33533880347417017,-0.49569848027402863
9507,0.04402204336795284,-0.14189181865150727
9508,-0.7180925094984444,-0.8380321777434453
9509,-0.39578420327663744,-0.49347320511772774
9510,-0.35170823184086675,-0.35136680816807575
9511,-0.23938246758560902,-0.40806841342293526
9512,-0.2580857339639574,-0.3662998888525353
9513,-0.27073367164748624,-0.36862708809154154
9514,-0.1255986969366176,-0.29577370848160384
9515,-0.167940805146962,-0.26213183965932757
9516,-0.30743920750812503,-0.3559625370931545
9517,-0.5908375757340141,-0.5929323236170247
9518,-0.44378959552852165,-0.5133947174244329
9519,-0.08372361269105055,-0.1645609067902168
9520,0.1165761645994586,-0.01103179352321367
9521,-0.31649264102030117,-0.5004773081899279
9522,0.06691142552629505,0.04776410197930915
9523,-0.42275829492064865,-0.5092233334360636
9524,-0.41365006024280987,-0.5345845902014273
9525,-0.2541781998469891,-0.3884756091293946
9526,-0.29587240321283836,-0.45038085394458827
9527,-0.33945523865272464,-0.5928293814778678
9528,-0.19040641380110565,-0.29992583856319477
9529,-0.06515681849248967,-0.22736945001370645
9530,-0.34841201099972097,-0.34873394274083935
9531,-0.8899758272737686,-1.0670974686535892
9532,-0.19749238141833664,-0.3422366826873315
9533,-0.38985914400686567,-0.5431433568033739
9534,-0.22612738226692392,-0.29032347691450916
9535,-0.3324687685013007,-0.42338852491521317
9536,-0.35160327830201077,-0.4479857395908494
9537,-0.33384790632475153,-0.45469722855843014
9538,-0.4836434868916292,-0.6434302318794117
9539,-0.33075898267844384,-0.39104997303425404
9540,-0.24978595516579866,-0.39698811358194985
9541,-0.17929325481376143,-0.35243564230605295
9542,-0.4510313098766148,-0.5176757192424917
9543,-0.35212305183963866,-0.6161254035946961
9544,-0.2954851842027641,-0.33380326877491645
9545,-0.2473611485156377,-0.4598617763909651
9546,-0.25020656406863667,-0.3512838807234786
9547,-0.5014453293713802,-0.7227652263893526
9548,-0.22360088467525924,-0.3547660133422491
9549,-0.5138578571048305,-0.6281188459267878
9550,-0.31990790626471755,-0.3442756708077028
9551,-0.39481897672323346,-0.45146441031059764
9552,-0.19803826840549832,-0.34318564886549374
9553,-0.1601596730238428,-0.27305352324831306
9554,-0.37135562248678455,-0.5686548161870383
9555,-0.06427125756301146,-0.32831837036562533
9556,-0.3220105743427447,-0.40179606825907727
9557,-0.6837578272994146,-0.7865554587534112
9558,-0.04455472278105007,-0.12379570392779748
9559,-0.5865256458098189,-0.7669949720311886
9560,-0.3820340475472339,-0.4619033466239186
9561,-0.10395286515691526,-0.27286746593715816
9562,-0.07989100114509456,-0.11782840102235498
9563,-0.26216434801065597,-0.44976348818220613
9564,-0.356924712008447,-0.46356658124790634
9565,-0.23914953501518862,-0.3304534129212908
9566,-0.46230376330877015,-0.6589555770958793
9567,0.05192408666547728,-0.029330779872793342
9568,-0.52760700081027,-0.6603629539086148
9569,-0.47647511061479264,-0.5353904323814842
9570,-0.3403766679686977,-0.4693246835755873
9571,-0.41234632324938025,-0.5213948288211934
9572,-0.6783153126076001,-0.8501153348749232
9573,0.08632540076040288,0.012768707336723467
9574,-0.07333609672762108,-0.07651782280427219
9575,-0.7411562935609992,-0.9941973751171262
9576,-0.27517541330066775,-0.47154318945726037
9577,-0.3412790612050344,-0.4039833632986331
9578,-0.41165300812305383,-0.7105624705223159
9579,-0.12739828399232944,-0.19240238096951343
9580,-0.2774387622750421,-0.3620656026978179
9581,-0.2822308251397355,-0.34879079238376415
9582,-0.40323516177351015,-0.6281890106787037
9583,-0.2213054138835314,-0.4373399634739338
9584,-0.2498491122276545,-0.31278920698892576
9585,-0.19552246051481456,-0.41920448600507937
9586,-0.11935946957673092,-0.28131741283542233
9587,-0.30210211264882164,-0.3052612551615288
9588,-0.39063301590579935,-0.5370080259424072
9589,-0.35304642895358895,-0.5288244951813905
9590,0.15418113471901226,0.03471882736573228
9591,-0.15565010386247632,-0.410570299824511
9592,-0.4773727645573343,-0.7820694916965021
9593,-0.3422494281767292,-0.43580145627644973
9594,-0.21858572138884838,-0.3579741502623471
9595,-0.1962451309539829,-0.35896558222564307
9596,-0.538837217476672,-0.6836503095280093
9597,-0.479161710491405,-0.5483942979689483
9598,-0.3216703686375825,-0.35765871876028477
9599,-0.40393880761290635,-0.5767011026421219
9600,-0.32742724179039134,-0.47697962414069023
9601,-0.5888621407328268,-0.7590292011511078
9602,-0.7001239346416698,-1.0574992146094946
9603,-0.4311591079162678,-0.5853946131201526
9604,-0.37229016158914513,-0.4700682092541202
9605,-0.1611945123500011,-0.2616770942347815
9606,-0.5529328484991329,-0.7355856732189491
9607,-0.4944327319465309,-0.5161738637209866
9608,-0.4556855745750493,-0.5503785356652436
9609,-0.4013794442777322,-0.5468461593723545
9610,-0.24587050548851666,-0.31832051406643747
9611,-0.11445286677407536,-0.13277327164637343
9612,-0.460704823480527,-0.5995544530285334
9613,-0.24299809223227495,-0.3406744867049276
9614,-0.022348175768934685,-0.25721873788701105
9615,-0.5966885166607886,-0.7185052622428061
9616,-0.053767228213921846,-0.32311804830753355
9617,-0.16183611508918685,-0.2839111086877633
9618,-0.18270741963872222,-0.28308200873612016
9619,-0.44244758409789237,-0.6018230533886463
9620,-0.3543642369946161,-0.4060580366400464
9621,-0.452677324637936,-0.5934513213685148
9622,-0.18187011017793223,-0.3006083612477766
9623,-0.5655340539087781,-0.8034134463278555
9624,-0.1005163593560982,-0.1725487958726081
9625,-0.6417476101636219,-0.8840769890090134
9626,-0.3842033648746072,-0.5118530511625949
9627,-0.525002718703208,-0.8536579904812616
9628,-0.5110732258495587,-0.7483020125779382
9629,-0.42396063523636635,-0.5244427172542739
9630,-0.12112648722256568,-0.20960585169412654
9631,-0.5574666671374897,-0.726947992727351
9632,-0.05408874599444044,-0.20158340244005402
9633,-0.4528165990402932,-0.7344568213359323
9634,-0.3086063737066682,-0.38786712584986677
9635,-0.14581998400260074,-0.2772889481904674
9636,-0.3041081727365998,-0.40782225997640464
9637,-0.376896798756085,-0.5085198126886472
9638,-0.4626210943550642,-0.6013971344778135
9639,-0.21231806432373362,-0.4296640985348631
9640,-0.027201869599813727,-0.14118587506398178
9641,-0.523513816687164,-0.5872858624803472
9642,-0.6996449665332934,-0.9550057420585382
9643,-0.5650923789232846,-0.7470620352766337
9644,-0.10893650200358758,-0.20655409187112406
9645,-0.028677431347225075,-0.11904618242209504
9646,-0.4151601748662843,-0.6036236905213069
9647,-0.3921435130395318,-0.7162904262080657
9648,-0.3824935649420827,-0.5065124018181958
9649,-0.09735836646541342,-0.1747204967397063
9650,-0.33114319627465655,-0.473155247095177
9651,0.07633003444754122,0.03248788832547912
9652,-0.12423957331109625,-0.23821958574476432
9653,-0.10564485187991415,-0.197107025891557
9654,-0.3850233148048148,-0.41424556701740833
9655,-0.46014273824892166,-0.5316810185280721
9656,-0.45047892743556983,-0.6723984198388077
9657,-0.4195560871691811,-0.6542903660661933
9658,-0.025261438902120025,-0.14672469817774453
9659,-0.4370113559928392,-0.6726147472931586
9660,-0.7182784208037248,-0.8512271267892485
9661,-0.1907209740793605,-0.32760828696950056
9662,-0.1131001637760623,-0.32997426463311835
9663,-0.45744398989204943,-0.5121909627426152
9664,-0.38094243559746976,-0.45038976302655176
9665,-0.49175853968990957,-0.4942882990176588
9666,-0.6202455455833574,-0.8395076047224866
9667,-0.2559532444764733,-0.3682812462011274
9668,0.07674435733079282,0.09762547958486263
9669,-0.3080540641871445,-0.5273271439663054
9670,0.11299408436075373,0.05876479669854025
9671,-0.555280646151948,-0.7269655190111178
9672,-0.010855835045903066,-0.06344122800171159
9673,-0.5108738810129132,-0.6733823656964294
9674,-0.019572284547326135,-0.12216059636548733
9675,-0.36731921585595323,-0.44082537808202926
9676,0.079424543586838,0.054191472053974836
9677,-0.7598214184510049,-0.961130270720664
9678,-0.4230796248132056,-0.6255557084958362
9679,-0.4682507811915661,-0.5952180028853825
9680,-0.5598285405141019,-0.5954486936541422
9681,-0.44701522860662973,-0.6083347210440021
9682,-0.35364996777805124,-0.5128636060101568
9683,-0.5233049725812289,-0.5629349265091161
9684,-0.3434324714875112,-0.403224536694246
9685,-0.5197176167670241,-0.6275237806680161
9686,0.028652055255151323,-0.028342127911529544
9687,-0.17292643829332147,-0.3558643322212127
9688,0.09388532790286373,-0.11155295303482515
9689,-0.2278856104323049,-0.4070664753698386
9690,-0.24504512891546024,-0.24263467281252082
9691,-0.19081750813689152,-0.4032118915215451
9692,-0.17856911579203555,-0.2081300987496246
9693,-0.1621745364431434,-0.18659332130869966
9694,-0.3903362363871654,-0.4762261866475402
9695,-0.07208970584849193,-0.15516742607561185
9696,-0.14472215513924822,-0.29967632576099773
9697,-0.3700016335849375,-0.5288042066992209
9698,-0.14186889138969777,-0.20244288220308015
9699,-0.4046912075899328,-0.5157784306978699
9700,-0.6079748414023579,-0.6961176633033686
9701,-0.3441354850561931,-0.45014260832179614
9702,-0.29996980347371094,-0.3799453319176842
9703,-0.11527899172250387,-0.19638936483962927
9704,-0.1649460957792143,-0.17836362667173888
9705,-0.64311640163493,-0.759108520549777
9706,-0.17466042319489186,-0.2585161194401242
9707,-0.6200851489216679,-0.6551897670483637
9708,-0.2743207129065603,-0.41144689857417444
9709,-0.30952680272198263,-0.4284195288382252
9710,-0.31759905737721217,-0.49250574471234576
9711,-0.5011479047403585,-0.5845876269683805
9712,-0.18882806476039737,-0.4366593789215744
9713,-0.38804284283020163,-0.5110153988400797
9714,-0.15299572871317624,-0.38689656825850915
9715,0.23933550524406633,0.2753281671495755
9716,-0.10196245795128953,-0.16313185729870716
9717,-0.29411847464897356,-0.43364465792918133
9718,-0.0451845495250667,-0.13690490691573293
9719,-0.289373833867872,-0.42454086846726685
9720,-0.06864191521313462,-0.12865100573398205
9721,-0.32425605920409795,-0.37525049080529205
9722,-0.07935093743439318,-0.11724659154967099
9723,-0.40913837576523254,-0.4388822149433837
9724,-0.27942175722135976,-0.4583532910327881
9725,0.09744972788961358,-0.07246909593328006
9726,-0.12189782032743388,-0.27619420222574387
9727,-0.05346768260991472,-0.21768249096594738
9728,-0.3032288777853017,-0.4593807891280111
9729,-0.26735375254293753,-0.4320757130287667
9730,-0.3632719428234599,-0.5099189445050119
9731,-0.11223227903083788,-0.1991342191279914
9732,-0.21772991847498205,-0.27608917751432865
9733,-0.07596755855515876,-0.20602625087566326
9734,-0.4734397933013786,-0.5243984910536191
9735,-0.4653993657156419,-0.5013465023254625
9736,0.019218357014089547,-0.020731973019575606
9737,-0.22403483348611306,-0.2041318571778863
9738,-0.8108333399582952,-0.8349997192628742
9739,-0.4670743518927672,-0.5980034468579651
9740,-0.21977437555956247,-0.30247535282726895
9741,0.05345193682092969,0.033441117375369575
9742,-0.6117289134713766,-0.7806325339941386
9743,-0.42779026035367723,-0.5538951475701273
9744,-0.7220402784575164,-0.8085104272942044
9745,-0.5975396097758933,-0.7905418352305639
9746,-0.08863432469240812,-0.22028358074748844
9747,-0.10128127663446437,-0.20561992624174613
9748,-0.5798404592543818,-0.7868776145337907
9749,-0.11882515047023713,-0.17114858845569875
9750,-0.1953093317802323,-0.31501172519331855
9751,-0.5144599125273513,-0.5791433821404234
9752,-0.3961620203673614,-0.5987396327810872
9753,-0.45773375873619915,-0.5964656215889074
9754,-0.48923045968250045,-0.5207346466403554
9755,-0.31520851307336345,-0.5150133401442505
9756,-0.7908985144486916,-0.9322572883535322
9757,0.0006277550785627654,-0.15172755421729778
9758,-0.2400361803365051,-0.3178752024801462
9759,-0.13410646401347417,-0.24092485600023003
9760,-0.105353363779781,-0.1432163639010684
9761,-0.41753012206562634,-0.7188195604545611
9762,-0.12714983749413272,-0.17691269087224698
9763,-0.13790878052329766,-0.28584132234865334
9764,-0.019374708444346286,-0.14393782660315607
9765,-0.28125418017833753,-0.415983713687908
9766,-0.366550370408943,-0.4704096951250222
9767,-0.10377158433463367,-0.20380213915507242
9768,-0.024989905806468544,-0.16077716031647082
9769,-0.6555312863276685,-0.7674427825092709
9770,-0.2501402250173473,-0.4782763491188964
9771,-0.3584830423355989,-0.39341019195171134
9772,-0.2715148268963021,-0.2886576037553159
9773,-0.2934028343967629,-0.5160885087295171
9774,-0.8876137846754114,-0.9766012870508171
9775,-0.004429472297845903,-0.03823946473800806
9776,-0.5223953537592376,-0.6738491180657802
9777,-0.2466243669551074,-0.37356401149395035
9778,-0.45015518794021914,-0.4800436927884885
9779,-0.028270351893054307,-0.04336638951449744
9780,-0.1376063061780315,-0.2675626353353147
9781,-0.18152408605310347,-0.2842613492574163
9782,-0.2842222901791346,-0.4123297089362228
9783,0.025796504925804525,-0.09155794869554099
9784,-0.061225102447111344,-0.18936067890846245
9785,-0.2109214632306653,-0.30610089020479536
9786,-0.344213590416875,-0.5834635925973705
9787,-0.6350776964108479,-0.8212957249442071
9788,-0.37084319666067295,-0.5715475475862948
9789,-0.6163802376071924,-0.6804936464883805
9790,-0.31748966835817266,-0.32901259086349893
9791,-0.1550578515627446,-0.21442657359234898
9792,-0.34231235864485,-0.537764411136809
9793,-0.07682701016663167,-0.265538016728031
9794,-0.05824794907571669,-0.2217060555047982
9795,-0.26037053370817675,-0.42269637160254603
9796,0.06401804789564941,0.027676171717704475
9797,-0.32630739407004483,-0.5789394668264459
9798,-0.38066854970470765,-0.49959715622527084
9799,-0.13199357431754394,-0.3074364430818772
9800,-0.4546018797361798,-0.6295045670308017
9801,-0.03156554298761784,-0.18305647613172238
9802,-0.32244048801859,-0.4420287640540849
9803,-0.4557023728851255,-0.6724250567731319
9804,-0.0666467853603257,-0.2724175241701684
9805,-0.20780949594639467,-0.43532683807537437
9806,-0.37144964070343317,-0.4607182871972047
9807,-0.46486107178684144,-0.5105154487576437
9808,-0.5190507328964956,-0.5263400493238951
9809,-0.48195470981213945,-0.5532544434531838
9810,-0.26242591406764626,-0.3292464157463023
9811,-0.7531716495227917,-0.9240618773811201
9812,-0.6779773936609166,-0.8106215793430062
9813,-0.21962575742893928,-0.2990719495094173
9814,-0.11249612556547309,-0.22566514073650093
9815,-0.415936195440877,-0.6032656123121994
9816,-0.24193301176310184,-0.3936993442441732
9817,-0.374643513319617,-0.488614605416523
9818,-0.0342349210378451,-0.11872731258524656
9819,-0.34984365090636116,-0.3750867217478561
9820,-0.2871996951279138,-0.4251310985925481
9821,-0.06256027954441742,-0.14520786197261407
9822,-0.9163501010408905,-1.0814761608742773
9823,-0.3445291595627816,-0.34418108911751416
9824,-0.09888430086307919,-0.17958415656713445
9825,-0.25983971747106027,-0.3615584759511563
9826,0.23260391216884083,0.2077839419704993
9827,-0.24226273415954802,-0.32479422939914476
9828,-0.19450396404053424,-0.2158223253910377
9829,-0.07768264988846252,-0.19930885551776784
9830,-0.15695548724803354,-0.21338819261704683
9831,0.02037605047959309,-0.06749742952115334
9832,0.07282885343306324,-0.016391465038909207
9833,-0.25311443327790956,-0.2546429517991363
9834,-0.08485133063616962,-0.2616643579987562
9835,-0.17705780904492668,-0.23971850806706088
9836,-0.2102838877729851,-0.3455229550752063
9837,-0.09234336257688983,-0.21093994372268318
9838,-0.4561679753284642,-0.6569470498532756
9839,-0.18829166271652936,-0.36361280186681266
9840,-0.29630492393792013,-0.4654391714052201
9841,-0.6292713642569032,-0.7704403201411916
9842,-0.2488397863169649,-0.4607029522323782
9843,-0.4202217273998918,-0.5705457828771807
9844,-0.15854366632014152,-0.29142259311365165
9845,-0.281868781654681,-0.4593449789627027
9846,-0.7312525289650023,-1.021918043833665
9847,-0.46578234709905264,-0.6154009361711162
9848,-0.18835630038312454,-0.22934928081091333
9849,-0.381133369729838,-0.42823818923148405
9850,-0.2592282743169437,-0.32672381325110156
9851,-0.2609435504133177,-0.40046820498072744
9852,-0.1890964380810461,-0.36274308650960063
9853,-0.2827575263773272,-0.4251662893014469
9854,-0.330050505360085,-0.5703853489604146
9855,-0.3410637335437931,-0.4995145594369046
9856,-0.35892796930795406,-0.4674429252303678
9857,-0.27490974442525395,-0.46566490197639376
9858,-0.1874062160185732,-0.4051499147908998
9859,-0.39051923071882066,-0.5014462883513635
9860,-0.4645705369720918,-0.7160057919805033
9861,-0.3035409495614139,-0.33672118693185193
9862,-0.6539159915547889,-0.6867367930022092
9863,-0.007511550872588085,-0.040262698324151434
9864,-0.32803869399375457,-0.4906782759424629
9865,-0.36500412240684776,-0.5647819148708194
9866,-0.11562503770530042,-0.28466167733644215
9867,-0.6549691042081478,-0.7759254545560725
9868,-0.1945769216151321,-0.2965519024649103
9869,-0.4158054023161958,-0.4928405852322129
9870,-0.09183319386431767,-0.19585039567854637
9871,-0.5895749688149783,-0.666022996608795
9872,-0.2179780640142312,-0.2312640041025875
9873,-0.010711720252044013,-0.13243284330842744
9874,-0.379472695291495,-0.5639956860500202
9875,-0.3024359760814038,-0.4670226445710505
9876,-0.2816414988690381,-0.33618223359535543
9877,-0.380344416264671,-0.6011982061454164
9878,-0.21102699527592675,-0.3821015307276927
9879,-0.1580405816963945,-0.19524513471248667
9880,-0.3848210801813676,-0.3998369279711326
9881,-0.46102792006057525,-0.5397979156403043
9882,-0.1807789810051934,-0.2552882304096844
9883,0.11003027138191929,-0.02021509044368807
9884,-0.38932739446197717,-0.5849264505376417
9885,-0.4222451020096092,-0.5936082297123119
9886,-0.35222437283868974,-0.49569182662525824
9887,-0.28048374850339713,-0.43661328212551775
9888,-0.36938195951910296,-0.5090451893756702
9889,-0.31579400177914896,-0.6224747107525577
9890,-0.40201326733366116,-0.5386435377031653
9891,-0.2943932777787478,-0.3597050350621674
9892,0.07625021149295952,0.019892633995698933
9893,0.030731640602831675,-0.02641837862048053
9894,-0.6139026736163044,-0.7893243947522472
9895,-0.5760355258757865,-0.7728275220882374
9896,-0.2966458171578069,-0.36164599412688614
9897,-0.165636710833776,-0.33167149833121634
9898,-0.17523885816137738,-0.2992522885716418
9899,-0.39651947725673764,-0.548321253818577
9900,-0.5889428173098783,-0.7069438555783477
9901,-0.20979018436517358,-0.2912662245182008
9902,-0.3983978026591429,-0.5621777649190545
9903,-0.39348013989672825,-0.495094191555607
9904,-0.3877826906931006,-0.5257199744240745
9905,-0.47287685108107796,-0.7408175843722709
9906,-0.4037710262650997,-0.397797036439931
9907,-0.13902420719291958,-0.29634310863379554
9908,-0.5063224040892299,-0.6832512892573792
9909,-0.5990501669762592,-0.6686785139519832
9910,-1.080151217112895,-1.2228062799626453
9911,-0.1376272274403701,-0.1858528812337599
9912,-0.3060369301537779,-0.44624265271185454
9913,0.11174619184891267,-0.045754950103686694
9914,-0.5580298117945562,-0.7445835840154961
9915,-0.10271284124826885,-0.3101878712251845
9916,0.002787767469090597,-0.0370026373301148
9917,-0.34072652547400367,-0.42865176645834935
9918,-0.44599427649967405,-0.5144142087535875
9919,-0.3000198820304999,-0.42607250705137006
9920,-0.3352354214621408,-0.37731963569189364
9921,-0.04890173182934755,-0.12527055809187418
9922,-0.3688697852183276,-0.45702887416196614
9923,-0.5304470875705135,-0.5976062428367992
9924,-0.013807987752097385,-0.18596187232786124
9925,-0.19568612394088195,-0.3259301543849797
9926,-0.17667360310870048,-0.4512934380084548
9927,0.1400607923972799,0.11535228617787231
9928,-0.41601468781390344,-0.5150409055684876
9929,-0.08548634810168895,-0.20605297153925128
9930,-0.15032383368744429,-0.3141365179977948
9931,-0.37580205132332345,-0.405583122113154
9932,-0.5100547234688594,-0.6517670505852493
9933,-0.523953703238451,-0.7346095341020055
9934,-0.366778661700412,-0.36351588018308384
9935,-0.630326831594066,-0.6471763426033764
9936,-0.29346606525832536,-0.5040909280102482
9937,-0.31734126408833274,-0.5601025398519305
9938,0.015241574052462577,-0.09502503532449923
9939,-0.22679220022880903,-0.28366338058209034
9940,-0.5848211109222661,-0.762998830750374
9941,-0.5436171478178642,-0.5623006011606962
9942,-0.3644790477160582,-0.49596703368258854
9943,-0.48640555712211975,-0.7250363916146401
9944,-0.4068019877212391,-0.5545578377054453
9945,-0.19658013589210796,-0.34659664422762965
9946,-0.22391602621862566,-0.41224484907597597
9947,-0.5181186755336536,-0.653866530155422
9948,-0.36853810092662304,-0.5209813401321025
9949,-0.2403932812753039,-0.33559934324216517
9950,-0.5100415234911853,-0.6262827609341505
9951,-0.12850435942737842,-0.30670948357025873
9952,-0.5666541739458593,-0.6088845219591389
9953,-0.5112109388091257,-0.6327179118256814
9954,-0.23967866616054362,-0.3875865991584436
9955,-0.19680103444686536,-0.27091840302026465
9956,-0.3146413438396366,-0.352301093912179
9957,-0.5284418008733608,-0.6427345007036749
9958,-0.4815572037707033,-0.5074773382799982
9959,-0.6679788344905188,-0.8078251388037319
9960,-0.2633653024510048,-0.3849188084972517
9961,-0.2095950393851625,-0.3075486193927499
9962,-0.348559277707767,-0.5347676947374664
9963,-0.2310847382434789,-0.3434962290693512
9964,-0.30393973208852937,-0.4070615617699248
9965,-0.30030188425171156,-0.4301162714398001
9966,-0.5494579449322767,-0.6464832758375451
9967,-0.22728877035015765,-0.2193124632642914
9968,-0.4240014915586892,-0.6161063019394416
9969,-0.4157759653811752,-0.5611683992583967
9970,-0.4341770533733831,-0.5015780259663138
9971,-0.24297919735359555,-0.25850356897194215
9972,-0.3887840608130174,-0.4224790510122576
9973,-0.5021152980232926,-0.698182999958794
9974,-0.1982551617032953,-0.29304846964140846
9975,-0.30260264005711496,-0.4548120246161249
9976,-0.39820131466783637,-0.5037549004326018
9977,-0.2789423661492699,-0.4591989927979275
9978,-0.21601848492775239,-0.342825993988346
9979,-0.27644189587223306,-0.3649836248157056
9980,-0.5950194571006949,-0.685376651173707
9981,-0.5283185259905929,-0.7358556247287488
9982,-0.3712354533001183,-0.5035726822084008
9983,-0.4642610724406941,-0.5619529278776471
9984,-0.670968796383354,-0.9782567546362279
9985,-0.329283765084437,-0.4798209069973333
9986,-0.10246870857560113,-0.14801279447020768
9987,-0.6922124458651737,-0.8036746423433484
9988,-0.3589533255463495,-0.5129076778635291
9989,-0.20969708736345072,-0.2964124244258785
9990,-0.04986831842484471,-0.1149484872685581
9991,-0.1327405286182626,-0.29631980081741477
9992,-0.376516751704296,-0.43462972647203774
9993,-0.3604649127838526,-0.5546957652740065
9994,-0.40603074820875623,-0.4922574219117637
9995,-0.424333589337902,-0.5693461694165993
9996,-0.2760084408373899,-0.385319789990303
9997,-0.39923918033089084,-0.6105729997486478
9998,-0.5422527019982897,-0.6020438892792351
9999,-0.21413975990856243,-0.27624567063628225
