slug,timestamp,revid,status,fetched_at
2026,2026-04-15T13:05:48.404Z,1349029181,ok,2026-04-20T11:44:10.846Z
Ancient_Greek,2026-04-14T13:30:48.715Z,1341654719,ok,2026-04-20T11:44:11.106Z
Ancient_Greek,2026-04-14T13:35:56.402Z,1341654719,ok,2026-04-20T11:44:11.367Z
Ancient_Greek,2026-04-14T13:37:11.143Z,1341654719,ok,2026-04-20T11:44:11.612Z
Ancient_Greek_art,2026-04-14T13:37:20.125Z,1346827325,ok,2026-04-20T11:44:11.865Z
Ancient_Greek_art,2026-04-14T15:43:38.059Z,1346827325,ok,2026-04-20T11:44:12.113Z
Ancient_Greek_art,2026-04-15T12:01:53.471Z,1346827325,ok,2026-04-20T11:44:12.341Z
Ancient_Greek_art,2026-04-15T12:01:56.935Z,1346827325,ok,2026-04-20T11:44:12.582Z
Ancient_Greek_art,2026-04-15T12:20:20.615Z,1346827325,ok,2026-04-20T11:44:12.834Z
Ancient_Jewish_art,2026-04-14T15:44:06.896Z,1330975805,ok,2026-04-20T11:44:13.090Z
Ancient_Society,2026-04-15T12:13:09.191Z,1334836887,ok,2026-04-20T11:44:13.329Z
Ancient_art,2026-04-14T13:23:26.068Z,1340543341,ok,2026-04-20T11:44:13.572Z
Ancient_art,2026-04-14T13:24:48.493Z,1340543341,ok,2026-04-20T11:44:13.831Z
Ancient_art,2026-04-14T13:24:51.323Z,1340543341,ok,2026-04-20T11:44:14.062Z
Ancient_art,2026-04-14T13:30:59.167Z,1340543341,ok,2026-04-20T11:44:14.314Z
Ancient_art,2026-04-14T13:35:54.008Z,1340543341,ok,2026-04-20T11:44:14.564Z
Ancient_art,2026-04-14T13:37:39.881Z,1340543341,ok,2026-04-20T11:44:14.801Z
Ancient_art,2026-04-14T13:37:53.757Z,1340543341,ok,2026-04-20T11:44:15.059Z
Ancient_art,2026-04-14T13:37:57.679Z,1340543341,ok,2026-04-20T11:44:15.310Z
Ancient_art,2026-04-14T13:43:13.928Z,1340543341,ok,2026-04-20T11:44:15.547Z
Ancient_art,2026-04-14T13:43:30.872Z,1340543341,ok,2026-04-20T11:44:15.778Z
Ancient_art,2026-04-14T13:54:09.290Z,1340543341,ok,2026-04-20T11:44:16.019Z
Ancient_art,2026-04-14T14:09:59.189Z,1340543341,ok,2026-04-20T11:44:16.271Z
Ancient_art,2026-04-14T14:10:10.304Z,1340543341,ok,2026-04-20T11:44:16.538Z
Ancient_art,2026-04-14T14:10:43.356Z,1340543341,ok,2026-04-20T11:44:16.786Z
Ancient_art,2026-04-14T14:13:53.554Z,1340543341,ok,2026-04-20T11:44:17.051Z
Ancient_art,2026-04-14T14:45:05.377Z,1340543341,ok,2026-04-20T11:44:17.312Z
Ancient_art,2026-04-14T14:46:41.012Z,1340543341,ok,2026-04-20T11:44:17.551Z
Ancient_art,2026-04-14T14:46:47.456Z,1340543341,ok,2026-04-20T11:44:17.784Z
Ancient_art,2026-04-14T14:46:53.101Z,1340543341,ok,2026-04-20T11:44:18.042Z
Ancient_art,2026-04-14T14:47:05.463Z,1340543341,ok,2026-04-20T11:44:18.273Z
Ancient_art,2026-04-14T14:50:51.208Z,1340543341,ok,2026-04-20T11:44:18.521Z
Ancient_art,2026-04-14T14:50:58.367Z,1340543341,ok,2026-04-20T11:44:18.754Z
Ancient_art,2026-04-14T14:51:24.592Z,1340543341,ok,2026-04-20T11:44:19.007Z
Ancient_art,2026-04-14T15:06:47.144Z,1340543341,ok,2026-04-20T11:44:19.250Z
Ancient_art,2026-04-14T15:14:40.542Z,1340543341,ok,2026-04-20T11:44:19.495Z
Ancient_art,2026-04-14T15:15:03.435Z,1340543341,ok,2026-04-20T11:44:19.740Z
Ancient_art,2026-04-14T15:15:24.073Z,1340543341,ok,2026-04-20T11:44:19.985Z
Ancient_art,2026-04-14T15:15:35.016Z,1340543341,ok,2026-04-20T11:44:20.238Z
Ancient_art,2026-04-14T15:15:46.116Z,1340543341,ok,2026-04-20T11:44:20.489Z
Ancient_art,2026-04-14T15:39:56.674Z,1340543341,ok,2026-04-20T11:44:20.732Z
Ancient_art,2026-04-15T11:57:46.209Z,1340543341,ok,2026-04-20T11:44:20.988Z
Ancient_art,2026-04-15T11:58:22.694Z,1340543341,ok,2026-04-20T11:44:21.348Z
Ancient_art,2026-04-15T12:00:50.242Z,1340543341,ok,2026-04-20T11:44:21.610Z
Ancient_art,2026-04-15T12:09:03.140Z,1340543341,ok,2026-04-20T11:44:21.863Z
Ancient_art,2026-04-15T12:27:34.281Z,1340543341,ok,2026-04-20T11:44:22.110Z
Ancient_art,2026-04-15T12:29:17.167Z,1340543341,ok,2026-04-20T11:44:22.368Z
Ancient_art,2026-04-15T12:34:01.159Z,1340543341,ok,2026-04-20T11:44:22.602Z
Ancient_art,2026-04-15T12:35:59.538Z,1340543341,ok,2026-04-20T11:44:22.860Z
Ancient_art,2026-04-15T12:52:30.001Z,1340543341,ok,2026-04-20T11:44:23.101Z
Ancient_art,2026-04-15T12:53:50.708Z,1340543341,ok,2026-04-20T11:44:23.351Z
Ancient_art,2026-04-15T13:00:14.784Z,1340543341,ok,2026-04-20T11:44:23.603Z
Ancient_art,2026-04-15T13:01:51.663Z,1340543341,ok,2026-04-20T11:44:23.862Z
Ancient_art,2026-04-15T13:03:36.085Z,1340543341,ok,2026-04-20T11:44:24.114Z
Ancient_art,2026-04-15T13:04:08.773Z,1340543341,ok,2026-04-20T11:44:24.369Z
Ancient_art,2026-04-15T13:04:12.690Z,1340543341,ok,2026-04-20T11:44:24.635Z
Ancient_art,2026-04-15T13:04:23.859Z,1340543341,ok,2026-04-20T11:44:24.897Z
Ancient_art,2026-04-15T13:04:34.853Z,1340543341,ok,2026-04-20T11:44:25.136Z
Ancient_art,2026-04-15T13:04:52.186Z,1340543341,ok,2026-04-20T11:44:25.365Z
Ancient_art,2026-04-15T13:06:51.163Z,1340543341,ok,2026-04-20T11:44:25.601Z
Ancient_art,2026-04-15T13:07:23.795Z,1340543341,ok,2026-04-20T11:44:25.859Z
Ancient_art,2026-04-15T13:10:22.280Z,1340543341,ok,2026-04-20T11:44:26.106Z
Ancient_art,2026-04-15T13:15:05.847Z,1340543341,ok,2026-04-20T11:44:26.345Z
Ancient_art,2026-04-15T13:16:57.232Z,1340543341,ok,2026-04-20T11:44:26.587Z
Ancient_history,2026-04-14T13:54:36.370Z,1348686066,ok,2026-04-20T11:44:26.837Z
Antiquities_trade,2026-04-14T15:32:39.172Z,1343571049,ok,2026-04-20T11:44:27.094Z
Aquatic_plant,2026-04-14T14:41:55.710Z,1346764558,ok,2026-04-20T11:44:27.353Z
Aquatic_plants,2026-04-14T13:18:30.751Z,1346764558,ok,2026-04-20T11:44:27.583Z
Aquatic_plants,2026-04-14T13:41:00.816Z,1346764558,ok,2026-04-20T11:44:27.827Z
Aquatic_plants,2026-04-15T12:37:17.805Z,1346764558,ok,2026-04-20T11:44:28.085Z
Aquatic_plants,2026-04-15T12:50:53.410Z,1346764558,ok,2026-04-20T11:44:28.317Z
Art,2026-04-14T13:26:39.590Z,1346743285,ok,2026-04-20T11:44:28.564Z
Art,2026-04-14T13:28:17.989Z,1346743285,ok,2026-04-20T11:44:28.818Z
Art,2026-04-14T13:32:59.451Z,1346743285,ok,2026-04-20T11:44:29.065Z
Art,2026-04-14T13:38:23.188Z,1346743285,ok,2026-04-20T11:44:29.315Z
Art:21_-_Art_in_the_21st_Century,2026-04-15T13:03:23.183Z,1348493470,ok,2026-04-20T11:44:29.602Z
Art_and_Revolution,2026-04-14T14:46:22.164Z,1345317723,ok,2026-04-20T11:44:29.840Z
Art_history,2026-04-14T13:33:38.627Z,1346853612,ok,2026-04-20T11:44:30.074Z
Art_history,2026-04-15T12:53:51.384Z,1346853612,ok,2026-04-20T11:44:30.345Z
Art_of_Europe,2026-04-14T15:45:56.766Z,1347310179,ok,2026-04-20T11:44:30.613Z
Art_of_Europe,2026-04-14T15:47:29.595Z,1347310179,ok,2026-04-20T11:44:30.848Z
Art_of_Europe,2026-04-15T13:08:13.805Z,1347310179,ok,2026-04-20T11:44:31.096Z
Art_of_ancient_Egypt,2026-04-14T13:43:55.133Z,1344835397,ok,2026-04-20T11:44:31.343Z
Art_of_ancient_Egypt,2026-04-14T13:55:13.984Z,1344835397,ok,2026-04-20T11:44:31.602Z
Art_of_ancient_Egypt,2026-04-14T14:46:01.982Z,1344835397,ok,2026-04-20T11:44:31.851Z
Art_of_ancient_Egypt,2026-04-14T15:40:26.693Z,1344835397,ok,2026-04-20T11:44:32.087Z
Art_of_ancient_Egypt,2026-04-14T15:40:36.161Z,1344835397,ok,2026-04-20T11:44:32.339Z
Art_of_ancient_Egypt,2026-04-14T15:43:57.964Z,1344835397,ok,2026-04-20T11:44:32.573Z
Art_of_ancient_Egypt,2026-04-15T13:12:05.839Z,1344835397,ok,2026-04-20T11:44:32.820Z
Artificial_consciousness,2026-04-15T12:10:21.182Z,1348236111,ok,2026-04-20T11:44:33.052Z
Artificial_intelligence,2026-04-15T13:23:49.771Z,1348657292,ok,2026-04-20T11:44:33.312Z
Arts_of_Iran,2026-04-15T12:17:09.905Z,1347850162,ok,2026-04-20T11:44:33.567Z
Arts_of_Iran,2026-04-15T12:17:32.163Z,1347850162,ok,2026-04-20T11:44:33.828Z
Attention,2026-04-14T13:43:26.933Z,1346893410,ok,2026-04-20T11:44:34.079Z
Biological_computer,2026-04-14T14:58:26.786Z,1342435064,ok,2026-04-20T11:44:34.329Z
Biology,2026-04-14T13:33:16.709Z,1348398146,ok,2026-04-20T11:44:34.563Z
Black_caiman,2026-04-14T14:51:54.812Z,1347803397,ok,2026-04-20T11:44:34.796Z
Boar's_tusk_helmet,2026-04-15T13:06:50.732Z,1347657246,ok,2026-04-20T11:44:35.040Z
Brain,2026-04-14T13:33:47.896Z,1347518519,ok,2026-04-20T11:44:35.297Z
Brain,2026-04-14T13:44:08.581Z,1347518519,ok,2026-04-20T11:44:35.527Z
Brain,2026-04-14T14:57:24.544Z,1347518519,ok,2026-04-20T11:44:35.755Z
Brain,2026-04-14T14:58:32.855Z,1347518519,ok,2026-04-20T11:44:36.002Z
Brain,2026-04-14T15:10:06.461Z,1347518519,ok,2026-04-20T11:44:36.236Z
Brain,2026-04-15T11:39:51.248Z,1347518519,ok,2026-04-20T11:44:36.495Z
Brain,2026-04-15T11:43:41.296Z,1347518519,ok,2026-04-20T11:44:36.760Z
Brain,2026-04-15T11:46:41.562Z,1347518519,ok,2026-04-20T11:44:37.010Z
Brain,2026-04-15T11:47:46.237Z,1347518519,ok,2026-04-20T11:44:37.254Z
Brain,2026-04-15T11:52:45.164Z,1347518519,ok,2026-04-20T11:44:37.495Z
Brain,2026-04-15T12:19:06.519Z,1347518519,ok,2026-04-20T11:44:37.750Z
Brain,2026-04-15T12:54:50.102Z,1347518519,ok,2026-04-20T11:44:38.004Z
Brain,2026-04-15T13:07:57.973Z,1347518519,ok,2026-04-20T11:44:38.246Z
Brain,2026-04-15T13:10:26.806Z,1347518519,ok,2026-04-20T11:44:38.497Z
Brain,2026-04-15T13:25:29.868Z,1347518519,ok,2026-04-20T11:44:38.751Z
Brain,2026-04-15T13:27:22.495Z,1347518519,ok,2026-04-20T11:44:38.993Z
Brain_Rules,2026-04-14T15:10:48.887Z,1316121715,ok,2026-04-20T11:44:39.250Z
Brain_Structure_and_Function,2026-04-14T14:19:38.408Z,1089120928,ok,2026-04-20T11:44:39.508Z
Brain_Structure_and_Function,2026-04-14T14:20:58.925Z,1089120928,ok,2026-04-20T11:44:39.743Z
Brain_of_Albert_Einstein,2026-04-14T15:31:06.865Z,1335674790,ok,2026-04-20T11:44:39.988Z
Brain_of_Albert_Einstein,2026-04-14T15:34:30.120Z,1335674790,ok,2026-04-20T11:44:40.240Z
Brain_of_Albert_Einstein,2026-04-14T15:36:45.180Z,1335674790,ok,2026-04-20T11:44:40.505Z
Brain_of_Albert_Einstein,2026-04-14T15:37:37.402Z,1335674790,ok,2026-04-20T11:44:40.754Z
Brain_of_Albert_Einstein,2026-04-15T11:48:56.467Z,1335674790,ok,2026-04-20T11:44:40.999Z
Brain_of_Vladimir_Lenin,2026-04-14T15:35:16.371Z,1316488781,ok,2026-04-20T11:44:41.232Z
Brain_stimulation_reward,2026-04-14T13:32:40.287Z,1330820734,ok,2026-04-20T11:44:41.476Z
Capybara,2026-04-14T13:14:25.916Z,1346474151,ok,2026-04-20T11:44:41.710Z
Capybara,2026-04-14T13:15:03.415Z,1346474151,ok,2026-04-20T11:44:41.957Z
Capybara,2026-04-14T13:18:34.082Z,1346474151,ok,2026-04-20T11:44:42.189Z
Capybara,2026-04-14T13:19:37.295Z,1346474151,ok,2026-04-20T11:44:42.443Z
Capybara,2026-04-14T13:20:05.095Z,1346474151,ok,2026-04-20T11:44:42.673Z
Capybara,2026-04-14T13:20:13.254Z,1346474151,ok,2026-04-20T11:44:42.915Z
Capybara,2026-04-14T13:21:42.131Z,1346474151,ok,2026-04-20T11:44:43.147Z
Capybara,2026-04-14T13:25:41.335Z,1346474151,ok,2026-04-20T11:44:43.396Z
Capybara,2026-04-14T13:37:50.464Z,1346474151,ok,2026-04-20T11:44:43.640Z
Capybara,2026-04-14T13:41:33.172Z,1346474151,ok,2026-04-20T11:44:43.898Z
Capybara,2026-04-14T14:06:33.549Z,1346474151,ok,2026-04-20T11:44:44.148Z
Capybara,2026-04-14T14:40:09.215Z,1346474151,ok,2026-04-20T11:44:44.416Z
Capybara,2026-04-14T14:41:29.430Z,1346474151,ok,2026-04-20T11:44:44.670Z
Capybara,2026-04-14T14:42:50.109Z,1346474151,ok,2026-04-20T11:44:44.914Z
Capybara,2026-04-14T14:43:06.974Z,1346474151,ok,2026-04-20T11:44:45.177Z
Capybara,2026-04-14T14:43:28.010Z,1346474151,ok,2026-04-20T11:44:45.409Z
Capybara,2026-04-14T14:45:52.578Z,1346474151,ok,2026-04-20T11:44:45.664Z
Capybara,2026-04-14T14:45:59.576Z,1346474151,ok,2026-04-20T11:44:45.913Z
Capybara,2026-04-14T14:51:21.072Z,1346474151,ok,2026-04-20T11:44:46.171Z
Capybara,2026-04-14T14:51:28.823Z,1346474151,ok,2026-04-20T11:44:46.429Z
Capybara,2026-04-14T14:52:18.063Z,1346474151,ok,2026-04-20T11:44:46.676Z
Capybara,2026-04-14T14:52:39.352Z,1346474151,ok,2026-04-20T11:44:46.920Z
Capybara,2026-04-14T14:53:16.866Z,1346474151,ok,2026-04-20T11:44:47.167Z
Capybara,2026-04-14T14:53:33.660Z,1346474151,ok,2026-04-20T11:44:47.418Z
Capybara,2026-04-14T15:08:40.577Z,1346474151,ok,2026-04-20T11:44:47.665Z
Capybara,2026-04-14T15:09:38.494Z,1346474151,ok,2026-04-20T11:44:47.929Z
Capybara,2026-04-14T15:21:20.352Z,1346474151,ok,2026-04-20T11:44:48.171Z
Capybara,2026-04-14T15:24:19.921Z,1346474151,ok,2026-04-20T11:44:48.412Z
Capybara,2026-04-14T15:27:20.837Z,1346474151,ok,2026-04-20T11:44:48.658Z
Capybara,2026-04-15T11:36:10.710Z,1346474151,ok,2026-04-20T11:44:48.905Z
Capybara,2026-04-15T11:37:24.658Z,1346474151,ok,2026-04-20T11:44:49.157Z
Capybara,2026-04-15T11:38:27.314Z,1346474151,ok,2026-04-20T11:44:49.410Z
Capybara,2026-04-15T11:46:24.886Z,1346474151,ok,2026-04-20T11:44:49.666Z
Capybara,2026-04-15T11:46:26.142Z,1346474151,ok,2026-04-20T11:44:49.894Z
Capybara,2026-04-15T11:55:11.545Z,1346474151,ok,2026-04-20T11:44:50.133Z
Capybara,2026-04-15T11:56:43.569Z,1346474151,ok,2026-04-20T11:44:50.390Z
Capybara,2026-04-15T12:04:59.788Z,1346474151,ok,2026-04-20T11:44:50.629Z
Capybara,2026-04-15T12:06:05.088Z,1346474151,ok,2026-04-20T11:44:50.899Z
Capybara,2026-04-15T12:15:11.877Z,1346474151,ok,2026-04-20T11:44:51.157Z
Capybara,2026-04-15T12:22:19.944Z,1346474151,ok,2026-04-20T11:44:51.440Z
Capybara,2026-04-15T12:23:02.437Z,1346474151,ok,2026-04-20T11:44:51.678Z
Capybara,2026-04-15T12:36:01.420Z,1346474151,ok,2026-04-20T11:44:51.932Z
Capybara,2026-04-15T12:37:39.586Z,1346474151,ok,2026-04-20T11:44:52.179Z
Capybara,2026-04-15T12:38:34.342Z,1346474151,ok,2026-04-20T11:44:52.418Z
Capybara,2026-04-15T12:43:57.382Z,1346474151,ok,2026-04-20T11:44:52.648Z
Capybara,2026-04-15T12:47:34.070Z,1346474151,ok,2026-04-20T11:44:52.891Z
Capybara,2026-04-15T12:47:40.219Z,1346474151,ok,2026-04-20T11:44:53.135Z
Capybara,2026-04-15T12:48:03.639Z,1346474151,ok,2026-04-20T11:44:53.388Z
Capybara,2026-04-15T12:48:49.225Z,1346474151,ok,2026-04-20T11:44:53.637Z
Capybara,2026-04-15T12:49:15.430Z,1346474151,ok,2026-04-20T11:44:53.886Z
Capybara,2026-04-15T12:50:55.664Z,1346474151,ok,2026-04-20T11:44:54.148Z
Capybara,2026-04-15T12:51:10.403Z,1346474151,ok,2026-04-20T11:44:54.395Z
Capybara,2026-04-15T12:51:18.575Z,1346474151,ok,2026-04-20T11:44:54.631Z
Capybara,2026-04-15T12:56:30.226Z,1346474151,ok,2026-04-20T11:44:54.890Z
Capybara,2026-04-15T12:57:00.639Z,1346474151,ok,2026-04-20T11:44:55.156Z
Capybara,2026-04-15T12:57:50.004Z,1346474151,ok,2026-04-20T11:44:55.400Z
Capybara,2026-04-15T13:07:06.380Z,1346474151,ok,2026-04-20T11:44:55.658Z
Capybara,2026-04-15T13:08:41.932Z,1346474151,ok,2026-04-20T11:44:55.897Z
Capybara_(disambiguation),2026-04-15T11:46:24.346Z,1286780159,ok,2026-04-20T11:44:56.155Z
Carl_Friedrich_Gauss,2026-04-14T15:33:54.689Z,1344113984,ok,2026-04-20T11:44:56.396Z
Cave_painting,2026-04-15T11:51:01.007Z,1347767662,ok,2026-04-20T11:44:56.645Z
Cave_painting,2026-04-15T11:52:02.264Z,1347767662,ok,2026-04-20T11:44:56.888Z
Cave_painting,2026-04-15T11:53:34.152Z,1347767662,ok,2026-04-20T11:44:57.131Z
Cavia,2026-04-15T12:47:37.737Z,1346925456,ok,2026-04-20T11:44:57.389Z
Cerebral_hemisphere,2026-04-15T13:09:00.085Z,1321047342,ok,2026-04-20T11:44:57.648Z
Chinese_art,2026-04-15T12:01:31.543Z,1348124658,ok,2026-04-20T11:44:57.892Z
Christianity,2026-04-15T13:10:18.623Z,1348048559,ok,2026-04-20T11:44:58.131Z
Church_of_the_Nativity,2026-04-15T13:11:26.384Z,1348323960,ok,2026-04-20T11:44:58.393Z
Civilization,2026-04-14T13:59:30.940Z,1347567031,ok,2026-04-20T11:44:58.641Z
Classical_Realism,2026-04-14T13:27:26.109Z,1348339920,ok,2026-04-20T11:44:58.901Z
Classical_Realism,2026-04-14T13:27:38.437Z,1348339920,ok,2026-04-20T11:44:59.139Z
Classical_Realism,2026-04-14T13:27:58.351Z,1348339920,ok,2026-04-20T11:44:59.396Z
Classical_Realism,2026-04-14T13:28:44.151Z,1348339920,ok,2026-04-20T11:44:59.654Z
Classical_Realism,2026-04-14T13:28:59.459Z,1348339920,ok,2026-04-20T11:44:59.902Z
Classical_Realism,2026-04-14T13:29:43.115Z,1348339920,ok,2026-04-20T11:45:00.134Z
Classical_Realism,2026-04-14T13:29:49.116Z,1348339920,ok,2026-04-20T11:45:00.389Z
Classical_Realism,2026-04-14T13:30:05.049Z,1348339920,ok,2026-04-20T11:45:00.636Z
Classificatory_disputes_about_art,2026-04-15T13:15:37.242Z,1327642073,ok,2026-04-20T11:45:00.891Z
Cognitive_ergonomics,2026-04-15T12:48:46.971Z,1344687820,ok,2026-04-20T11:45:01.141Z
Cognitive_process,2026-04-14T13:47:11.254Z,1347712394,ok,2026-04-20T11:45:01.391Z
Cognitive_science,2026-04-15T12:44:41.067Z,1348109510,ok,2026-04-20T11:45:01.655Z
Cognitive_science,2026-04-15T12:45:07.383Z,1348109510,ok,2026-04-20T11:45:01.905Z
Cognitive_science,2026-04-15T12:49:11.659Z,1348109510,ok,2026-04-20T11:45:02.152Z
Cognitive_science,2026-04-15T12:52:18.416Z,1348109510,ok,2026-04-20T11:45:02.385Z
Cognitive_science,2026-04-15T12:53:33.395Z,1348109510,ok,2026-04-20T11:45:02.629Z
Cognitive_science,2026-04-15T12:56:07.344Z,1348109510,ok,2026-04-20T11:45:02.890Z
Cognitive_science,2026-04-15T13:30:18.502Z,1348109510,ok,2026-04-20T11:45:03.134Z
Cognitive_science,2026-04-15T13:30:27.713Z,1348109510,ok,2026-04-20T11:45:03.384Z
Conceptual_art,2026-04-14T13:24:39.304Z,1345097553,ok,2026-04-20T11:45:03.635Z
Consciousness,2026-04-15T12:02:49.529Z,1348574908,ok,2026-04-20T11:45:03.874Z
Consciousness,2026-04-15T12:04:28.720Z,1348574908,ok,2026-04-20T11:45:04.122Z
Consciousness,2026-04-15T12:10:22.113Z,1348574908,ok,2026-04-20T11:45:04.363Z
Consciousness,2026-04-15T12:19:27.118Z,1348574908,ok,2026-04-20T11:45:04.594Z
Consciousness,2026-04-15T12:36:40.913Z,1348574908,ok,2026-04-20T11:45:04.847Z
Consciousness,2026-04-15T12:45:18.743Z,1348574908,ok,2026-04-20T11:45:05.080Z
Consciousness,2026-04-15T13:04:20.709Z,1348574908,ok,2026-04-20T11:45:05.332Z
Contemporary_Art_Society,2026-04-14T13:33:17.779Z,1322451486,ok,2026-04-20T11:45:05.572Z
Contemporary_Art_Society,2026-04-14T13:35:10.520Z,1322451486,ok,2026-04-20T11:45:05.811Z
Contemporary_art,2026-04-14T13:24:07.779Z,1342754354,ok,2026-04-20T11:45:06.054Z
Contemporary_art,2026-04-14T13:24:46.037Z,1342754354,ok,2026-04-20T11:45:06.544Z
Contemporary_art,2026-04-14T13:26:18.614Z,1342754354,ok,2026-04-20T11:45:06.787Z
Contemporary_art,2026-04-14T13:27:32.004Z,1342754354,ok,2026-04-20T11:45:07.033Z
Contemporary_art,2026-04-14T13:27:52.149Z,1342754354,ok,2026-04-20T11:45:07.285Z
Contemporary_art,2026-04-14T13:28:50.446Z,1342754354,ok,2026-04-20T11:45:07.527Z
Contemporary_art,2026-04-14T13:29:44.392Z,1342754354,ok,2026-04-20T11:45:07.817Z
Contemporary_art,2026-04-14T13:29:58.960Z,1342754354,ok,2026-04-20T11:45:08.083Z
Contemporary_art,2026-04-14T13:31:39.099Z,1342754354,ok,2026-04-20T11:45:08.322Z
Contemporary_art,2026-04-14T13:35:43.176Z,1342754354,ok,2026-04-20T11:45:08.563Z
Contemporary_art,2026-04-14T13:37:31.553Z,1342754354,ok,2026-04-20T11:45:08.824Z
Contemporary_art,2026-04-14T13:39:07.463Z,1342754354,ok,2026-04-20T11:45:09.066Z
Contemporary_art,2026-04-14T13:40:42.254Z,1342754354,ok,2026-04-20T11:45:09.313Z
Contemporary_art,2026-04-14T13:45:18.838Z,1342754354,ok,2026-04-20T11:45:09.562Z
Contemporary_art,2026-04-14T14:10:05.026Z,1342754354,ok,2026-04-20T11:45:09.819Z
Contemporary_art,2026-04-14T14:51:14.335Z,1342754354,ok,2026-04-20T11:45:10.097Z
Contemporary_art,2026-04-14T15:14:00.857Z,1342754354,ok,2026-04-20T11:45:10.335Z
Contemporary_art,2026-04-14T15:40:32.752Z,1342754354,ok,2026-04-20T11:45:10.593Z
Contemporary_art,2026-04-14T15:46:10.819Z,1342754354,ok,2026-04-20T11:45:10.858Z
Contemporary_art,2026-04-15T11:55:53.398Z,1342754354,ok,2026-04-20T11:45:11.117Z
Contemporary_art,2026-04-15T11:59:08.707Z,1342754354,ok,2026-04-20T11:45:11.360Z
Contemporary_art,2026-04-15T12:04:48.127Z,1342754354,ok,2026-04-20T11:45:11.645Z
Contemporary_art,2026-04-15T12:27:56.110Z,1342754354,ok,2026-04-20T11:45:11.886Z
Contemporary_art,2026-04-15T12:35:20.256Z,1342754354,ok,2026-04-20T11:45:12.115Z
Contemporary_art,2026-04-15T12:36:09.936Z,1342754354,ok,2026-04-20T11:45:12.375Z
Contemporary_art,2026-04-15T13:02:45.167Z,1342754354,ok,2026-04-20T11:45:12.604Z
Contemporary_art,2026-04-15T13:02:46.563Z,1342754354,ok,2026-04-20T11:45:12.842Z
Contemporary_art,2026-04-15T13:03:16.715Z,1342754354,ok,2026-04-20T11:45:13.091Z
Contemporary_art,2026-04-15T13:03:38.338Z,1342754354,ok,2026-04-20T11:45:13.324Z
Contemporary_art,2026-04-15T13:09:14.428Z,1342754354,ok,2026-04-20T11:45:13.569Z
Contemporary_art,2026-04-15T13:13:53.492Z,1342754354,ok,2026-04-20T11:45:13.815Z
Contemporary_art,2026-04-15T13:17:04.555Z,1342754354,ok,2026-04-20T11:45:14.063Z
Contemporary_art_in_Egypt,2026-04-14T15:48:04.044Z,1332358783,ok,2026-04-20T11:45:14.300Z
Contemporary_art_in_Egypt,2026-04-15T11:59:45.938Z,1332358783,ok,2026-04-20T11:45:14.555Z
Contemporary_history,2026-04-14T13:35:34.152Z,1344436186,ok,2026-04-20T11:45:14.801Z
Creativity,2026-04-14T13:26:11.336Z,1348561617,ok,2026-04-20T11:45:15.070Z
Creativity,2026-04-14T13:31:14.469Z,1348561617,ok,2026-04-20T11:45:15.302Z
Creativity,2026-04-14T14:57:47.133Z,1348561617,ok,2026-04-20T11:45:15.555Z
Creativity,2026-04-15T11:46:25.543Z,1348561617,ok,2026-04-20T11:45:15.791Z
Creativity,2026-04-15T11:51:03.941Z,1348561617,ok,2026-04-20T11:45:16.028Z
Creativity,2026-04-15T12:08:36.044Z,1348561617,ok,2026-04-20T11:45:16.288Z
Creativity,2026-04-15T13:09:35.418Z,1348561617,ok,2026-04-20T11:45:16.531Z
Cultural_heritage,2026-04-14T15:35:10.966Z,1347055886,ok,2026-04-20T11:45:16.773Z
Cultural_sustainability,2026-04-14T15:31:22.182Z,1299987591,ok,2026-04-20T11:45:17.021Z
Culture_of_Iran,2026-04-15T12:16:57.926Z,1344017360,ok,2026-04-20T11:45:17.272Z
Curiosity,2026-04-14T13:33:53.594Z,1341423987,ok,2026-04-20T11:45:17.523Z
Curiosity,2026-04-14T13:35:39.981Z,1341423987,ok,2026-04-20T11:45:17.751Z
Curiosity,2026-04-14T13:37:48.688Z,1341423987,ok,2026-04-20T11:45:17.987Z
Curiosity,2026-04-14T13:40:22.402Z,1341423987,ok,2026-04-20T11:45:18.232Z
Curiosity,2026-04-14T13:43:29.998Z,1341423987,ok,2026-04-20T11:45:18.479Z
Digital_art,2026-04-14T15:15:17.866Z,1344280425,ok,2026-04-20T11:45:18.705Z
Discovery_(observation),2026-04-14T13:25:49.909Z,1343101902,ok,2026-04-20T11:45:18.964Z
Discovery_(observation),2026-04-14T13:27:11.768Z,1343101902,ok,2026-04-20T11:45:19.197Z
Discovery_(observation),2026-04-14T13:30:03.724Z,1343101902,ok,2026-04-20T11:45:19.443Z
Discovery_(observation),2026-04-14T13:35:09.343Z,1343101902,ok,2026-04-20T11:45:19.683Z
Discovery_(observation),2026-04-14T13:48:14.519Z,1343101902,ok,2026-04-20T11:45:19.919Z
Discovery_(observation),2026-04-14T13:48:44.482Z,1343101902,ok,2026-04-20T11:45:20.151Z
Discovery_(observation),2026-04-14T13:53:28.634Z,1343101902,ok,2026-04-20T11:45:20.397Z
Discovery_(observation),2026-04-14T14:56:30.235Z,1343101902,ok,2026-04-20T11:45:20.620Z
Discovery_(observation),2026-04-15T12:52:43.150Z,1343101902,ok,2026-04-20T11:45:20.881Z
Discovery_science,2026-04-14T13:27:34.296Z,1327847989,ok,2026-04-20T11:45:21.135Z
Discovery_science,2026-04-14T13:28:36.317Z,1327847989,ok,2026-04-20T11:45:21.368Z
Discovery_science,2026-04-14T13:32:55.682Z,1327847989,ok,2026-04-20T11:45:21.608Z
Discovery_science,2026-04-14T15:03:01.609Z,1327847989,ok,2026-04-20T11:45:21.845Z
Discovery_science,2026-04-15T13:29:17.056Z,1327847989,ok,2026-04-20T11:45:22.092Z
Educational_neuroscience,2026-04-15T13:10:20.712Z,1348554868,ok,2026-04-20T11:45:22.429Z
Edward_H._Rulloff,2026-04-14T15:37:46.307Z,1342684714,ok,2026-04-20T11:45:22.657Z
Evolution,2026-04-15T13:26:59.682Z,1348141364,ok,2026-04-20T11:45:22.904Z
Exotic_pet,2026-04-14T15:26:06.065Z,1347587199,ok,2026-04-20T11:45:23.145Z
Frank_Rosenblatt,2026-04-15T13:21:31.717Z,1335457631,ok,2026-04-20T11:45:23.394Z
Frank_Rosenblatt,2026-04-15T13:24:00.796Z,1335457631,ok,2026-04-20T11:45:23.645Z
Frontoparietal_network,2026-04-14T15:26:46.210Z,1313828919,ok,2026-04-20T11:45:23.875Z
Glossary_of_biology,2026-04-15T13:28:54.237Z,1211988138,ok,2026-04-20T11:45:24.139Z
Glossary_of_biology,2026-04-15T13:29:11.626Z,1211988138,ok,2026-04-20T11:45:24.386Z
Gothic_art,2026-04-14T14:50:55.052Z,1348061045,ok,2026-04-20T11:45:24.617Z
Graffiti,2026-04-15T12:00:21.805Z,1348538161,ok,2026-04-20T11:45:24.872Z
Graminivore,2026-04-14T15:26:54.363Z,1311611534,ok,2026-04-20T11:45:25.136Z
Grass,2026-04-14T14:40:36.647Z,1345740842,ok,2026-04-20T11:45:25.396Z
Grazing_(behaviour),2026-04-14T15:23:13.272Z,1292231793,ok,2026-04-20T11:45:25.660Z
Herbivore,2026-04-14T13:20:40.379Z,1348684667,ok,2026-04-20T11:45:25.902Z
Herbivore,2026-04-14T14:43:21.693Z,1348684667,ok,2026-04-20T11:45:26.137Z
Herbivore,2026-04-14T14:51:26.242Z,1348684667,ok,2026-04-20T11:45:26.383Z
Herbivore,2026-04-14T14:53:24.506Z,1348684667,ok,2026-04-20T11:45:26.637Z
Herbivore,2026-04-15T12:37:50.553Z,1348684667,ok,2026-04-20T11:45:26.867Z
Herbivore,2026-04-15T12:51:02.318Z,1348684667,ok,2026-04-20T11:45:27.133Z
High_Renaissance,2026-04-15T13:00:01.638Z,1347778428,ok,2026-04-20T11:45:27.375Z
Higher-order_thinking,2026-04-15T12:43:17.443Z,1212254759,ok,2026-04-20T11:45:27.617Z
History_of_art,2026-04-14T13:23:59.706Z,1343197305,ok,2026-04-20T11:45:27.878Z
History_of_art,2026-04-14T13:24:50.142Z,1343197305,ok,2026-04-20T11:45:28.119Z
History_of_art,2026-04-14T14:10:35.494Z,1343197305,ok,2026-04-20T11:45:28.356Z
History_of_art,2026-04-14T14:11:41.383Z,1343197305,ok,2026-04-20T11:45:28.614Z
History_of_art,2026-04-14T15:13:26.826Z,1343197305,ok,2026-04-20T11:45:28.870Z
History_of_art,2026-04-14T15:14:59.443Z,1343197305,ok,2026-04-20T11:45:29.123Z
History_of_art,2026-04-15T12:54:04.575Z,1343197305,ok,2026-04-20T11:45:29.372Z
History_of_art,2026-04-15T13:03:34.746Z,1343197305,ok,2026-04-20T11:45:29.624Z
History_of_art,2026-04-15T13:03:40.267Z,1343197305,ok,2026-04-20T11:45:29.858Z
History_of_art,2026-04-15T13:17:00.138Z,1343197305,ok,2026-04-20T11:45:30.112Z
History_of_art,2026-04-15T13:17:09.185Z,1343197305,ok,2026-04-20T11:45:30.374Z
History_of_biology,2026-04-14T13:33:07.724Z,1345369393,ok,2026-04-20T11:45:30.644Z
Homosexuality_in_ancient_Rome,2026-04-14T13:36:36.175Z,1347240533,ok,2026-04-20T11:45:30.898Z
Homosexuality_in_ancient_Rome,2026-04-15T11:51:09.705Z,1347240533,ok,2026-04-20T11:45:31.127Z
Human_brain,2026-04-14T13:27:51.685Z,1348541413,ok,2026-04-20T11:45:31.379Z
Human_brain,2026-04-14T13:30:33.544Z,1348541413,ok,2026-04-20T11:45:31.624Z
Human_brain,2026-04-14T14:21:15.618Z,1348541413,ok,2026-04-20T11:45:31.883Z
Human_brain,2026-04-14T14:22:55.439Z,1348541413,ok,2026-04-20T11:45:32.140Z
Human_brain,2026-04-14T14:58:36.846Z,1348541413,ok,2026-04-20T11:45:32.402Z
Human_brain,2026-04-14T15:04:43.370Z,1348541413,ok,2026-04-20T11:45:32.640Z
Human_brain,2026-04-14T15:25:28.616Z,1348541413,ok,2026-04-20T11:45:32.873Z
Human_brain,2026-04-15T11:47:21.486Z,1348541413,ok,2026-04-20T11:45:33.116Z
Human_brain,2026-04-15T12:11:55.623Z,1348541413,ok,2026-04-20T11:45:33.389Z
Human_brain,2026-04-15T12:52:35.622Z,1348541413,ok,2026-04-20T11:45:33.649Z
Human_brain,2026-04-15T13:05:59.822Z,1348541413,ok,2026-04-20T11:45:33.905Z
Human_brain,2026-04-15T13:28:50.198Z,1348541413,ok,2026-04-20T11:45:34.183Z
Hydrochoerinae,2026-04-14T14:52:23.499Z,1320920557,ok,2026-04-20T11:45:34.424Z
Hydrochoerus,2026-04-14T14:52:46.521Z,1341422303,ok,2026-04-20T11:45:34.659Z
Hydrochoerus,2026-04-15T12:50:44.425Z,1341422303,ok,2026-04-20T11:45:34.900Z
Imagination,2026-04-14T14:57:13.830Z,1348447889,ok,2026-04-20T11:45:35.157Z
Incentive_salience,2026-04-14T13:44:45.999Z,1347345058,ok,2026-04-20T11:45:35.409Z
Incentive_salience,2026-04-14T13:47:31.700Z,1347345058,ok,2026-04-20T11:45:35.661Z
Incentive_salience,2026-04-14T13:49:09.329Z,1347345058,ok,2026-04-20T11:45:35.926Z
Intellect,2026-04-15T11:52:05.344Z,1300219931,ok,2026-04-20T11:45:36.157Z
Intelligence,2026-04-15T11:51:51.413Z,1342753498,ok,2026-04-20T11:45:36.401Z
Intelligence,2026-04-15T11:52:44.379Z,1342753498,ok,2026-04-20T11:45:36.659Z
Invention,2026-04-14T13:30:34.670Z,1345663291,ok,2026-04-20T11:45:36.922Z
Italian_Renaissance,2026-04-15T12:59:46.958Z,1343822527,ok,2026-04-20T11:45:37.166Z
Italian_Renaissance_painting,2026-04-15T12:59:31.504Z,1346020620,ok,2026-04-20T11:45:37.436Z
Josephoartigasia_monesi,2026-04-14T13:28:03.201Z,1345957234,ok,2026-04-20T11:45:37.683Z
Kerodon,2026-04-15T12:48:43.168Z,1340033327,ok,2026-04-20T11:45:37.942Z
Kurdish_art,2026-04-15T12:05:27.690Z,1336989822,ok,2026-04-20T11:45:38.209Z
Lascaux,2026-04-15T11:50:32.088Z,1345312122,ok,2026-04-20T11:45:38.447Z
Lascaux,2026-04-15T11:51:48.784Z,1345312122,ok,2026-04-20T11:45:38.676Z
Lascaux,2026-04-15T11:52:37.760Z,1345312122,ok,2026-04-20T11:45:38.910Z
Lesser_capybara,2026-04-14T14:50:05.428Z,1345027539,ok,2026-04-20T11:45:39.170Z
List_of_art_movements,2026-04-15T13:02:28.752Z,1340659584,ok,2026-04-20T11:45:39.400Z
List_of_biology_awards,2026-04-14T13:25:13.148Z,1337129825,ok,2026-04-20T11:45:39.651Z
List_of_biology_awards,2026-04-14T13:27:12.848Z,1337129825,ok,2026-04-20T11:45:39.897Z
List_of_biology_awards,2026-04-14T13:32:56.743Z,1337129825,ok,2026-04-20T11:45:40.141Z
List_of_cognitive_science_topics,2026-04-15T12:47:37.571Z,1232827443,ok,2026-04-20T11:45:40.387Z
List_of_food_origins,2026-04-14T14:50:59.336Z,1347801232,ok,2026-04-20T11:45:40.634Z
List_of_food_origins,2026-04-14T14:52:00.270Z,1347801232,ok,2026-04-20T11:45:40.884Z
List_of_regions_in_the_human_brain,2026-04-15T13:24:59.074Z,1346511593,ok,2026-04-20T11:45:41.163Z
Litlington_White_Horse,2026-04-14T14:53:53.857Z,1341464642,ok,2026-04-20T11:45:41.425Z
Little_Cayman_Island,2026-04-14T14:59:42.069Z,1340133584,ok,2026-04-20T11:45:41.672Z
Magnetic_resonance_imaging_of_the_brain,2026-04-14T14:28:46.289Z,1339986711,ok,2026-04-20T11:45:41.929Z
Mechanism,2026-04-14T13:37:38.659Z,1323809220,ok,2026-04-20T11:45:42.175Z
Mechanism,2026-04-14T13:37:47.894Z,1323809220,ok,2026-04-20T11:45:42.419Z
Mechanism_(biology),2026-04-14T13:37:43.424Z,1287188625,ok,2026-04-20T11:45:42.671Z
Medieval_art,2026-04-14T15:15:30.381Z,1348708348,ok,2026-04-20T11:45:42.911Z
Medieval_art,2026-04-15T12:53:59.990Z,1348708348,ok,2026-04-20T11:45:43.159Z
Medieval_art,2026-04-15T13:04:31.227Z,1348708348,ok,2026-04-20T11:45:43.404Z
Memory_consolidation,2026-04-15T12:41:15.205Z,1348488138,ok,2026-04-20T11:45:43.643Z
Mesocortical_pathway,2026-04-14T13:42:16.879Z,1260089518,ok,2026-04-20T11:45:43.875Z
Mesocortical_pathway,2026-04-14T13:44:00.572Z,1260089518,ok,2026-04-20T11:45:44.149Z
Mesolimbic_pathway,2026-04-14T13:41:28.440Z,1333934549,ok,2026-04-20T11:45:44.461Z
Mesolimbic_pathway,2026-04-14T13:42:33.152Z,1333934549,ok,2026-04-20T11:45:44.718Z
Mesolimbic_pathway,2026-04-14T13:44:05.771Z,1333934549,ok,2026-04-20T11:45:44.974Z
Metacognition,2026-04-15T12:43:37.642Z,1347338142,ok,2026-04-20T11:45:45.218Z
Metropolitan_Museum_of_Art,2026-04-14T13:26:01.715Z,1347698311,ok,2026-04-20T11:45:45.458Z
Metropolitan_Museum_of_Art,2026-04-14T13:34:17.369Z,1347698311,ok,2026-04-20T11:45:45.703Z
Metropolitan_Museum_of_Art,2026-04-14T13:38:56.412Z,1347698311,ok,2026-04-20T11:45:45.957Z
Metropolitan_Museum_of_Art,2026-04-14T13:42:31.319Z,1347698311,ok,2026-04-20T11:45:46.200Z
Metropolitan_Museum_of_Art,2026-04-14T13:47:14.564Z,1347698311,ok,2026-04-20T11:45:46.468Z
Metropolitan_Museum_of_Art,2026-04-14T14:54:13.542Z,1347698311,ok,2026-04-20T11:45:46.716Z
Metropolitan_Museum_of_Art,2026-04-15T11:53:12.700Z,1347698311,ok,2026-04-20T11:45:46.944Z
Metropolitan_Museum_of_Art,2026-04-15T12:00:22.039Z,1347698311,ok,2026-04-20T11:45:47.189Z
Metropolitan_Museum_of_Art,2026-04-15T12:16:38.459Z,1347698311,ok,2026-04-20T11:45:47.437Z
Metropolitan_Museum_of_Art,2026-04-15T12:28:43.798Z,1347698311,ok,2026-04-20T11:45:47.696Z
Metropolitan_Museum_of_Art,2026-04-15T12:28:58.983Z,1347698311,ok,2026-04-20T11:45:47.954Z
Metropolitan_Museum_of_Art,2026-04-15T12:31:00.864Z,1347698311,ok,2026-04-20T11:45:48.196Z
Metropolitan_Museum_of_Art,2026-04-15T12:34:16.749Z,1347698311,ok,2026-04-20T11:45:48.452Z
Metropolitan_Museum_of_Art,2026-04-15T13:02:44.367Z,1347698311,ok,2026-04-20T11:45:48.698Z
Metropolitan_Museum_of_Art,2026-04-15T13:05:06.926Z,1347698311,ok,2026-04-20T11:45:48.951Z
Metropolitan_Museum_of_Art,2026-04-15T13:14:33.028Z,1347698311,ok,2026-04-20T11:45:49.179Z
Metropolitan_Museum_of_Art,2026-04-15T13:16:49.586Z,1347698311,ok,2026-04-20T11:45:49.419Z
Minimalism_(visual_arts),2026-04-15T13:02:55.762Z,1327807169,ok,2026-04-20T11:45:49.666Z
Minoan_art,2026-04-15T13:06:07.183Z,1331060907,ok,2026-04-20T11:45:49.925Z
Modern_Greek_art,2026-04-15T12:02:46.476Z,1341266233,ok,2026-04-20T11:45:50.179Z
Modern_art,2026-04-14T13:43:26.564Z,1346678164,ok,2026-04-20T11:45:50.426Z
Modern_art,2026-04-15T13:04:13.421Z,1346678164,ok,2026-04-20T11:45:50.668Z
Modernism,2026-04-15T13:09:24.604Z,1347730725,ok,2026-04-20T11:45:50.913Z
Mosaic,2026-04-15T13:04:54.681Z,1348345734,ok,2026-04-20T11:45:51.167Z
Mosaic,2026-04-15T13:11:11.032Z,1348345734,ok,2026-04-20T11:45:51.404Z
Mosaic,2026-04-15T13:11:29.840Z,1348345734,ok,2026-04-20T11:45:51.638Z
Museum,2026-04-14T13:56:15.789Z,1348625994,ok,2026-04-20T11:45:51.866Z
Museum,2026-04-15T13:08:20.822Z,1348625994,ok,2026-04-20T11:45:52.101Z
Museum_of_Modern_Art,2026-04-14T13:32:38.995Z,1346364771,ok,2026-04-20T11:45:52.343Z
Naïve_art,2026-04-15T13:00:20.846Z,1326461253,ok,2026-04-20T11:45:52.588Z
Neo-primitivism,2026-04-15T13:00:42.842Z,1346273062,ok,2026-04-20T11:45:52.861Z
Neoclassicism,2026-04-14T13:27:34.392Z,1347310175,ok,2026-04-20T11:45:53.123Z
Neoclassicism,2026-04-14T13:28:33.590Z,1347310175,ok,2026-04-20T11:45:53.372Z
Neoclassicism,2026-04-14T13:29:02.595Z,1347310175,ok,2026-04-20T11:45:53.629Z
Neural_Plasticity_(journal),2026-04-15T12:39:04.789Z,1328768021,ok,2026-04-20T11:45:53.884Z
Neural_basis_of_self,2026-04-15T13:19:00.893Z,1294984763,ok,2026-04-20T11:45:54.132Z
Neural_network,2026-04-14T15:23:36.307Z,1348560337,ok,2026-04-20T11:45:54.385Z
Neural_network,2026-04-15T12:17:03.802Z,1348560337,ok,2026-04-20T11:45:54.623Z
Neural_network,2026-04-15T13:33:51.396Z,1348560337,ok,2026-04-20T11:45:54.857Z
Neural_network_(machine_learning),2026-04-15T13:29:56.126Z,1348667461,ok,2026-04-20T11:45:55.101Z
Neuron,2026-04-14T13:33:48.178Z,1348609037,ok,2026-04-20T11:45:55.329Z
Neuroplasticity,2026-04-15T12:39:11.180Z,1348078590,ok,2026-04-20T11:45:55.561Z
Neuroplasticity,2026-04-15T12:55:38.799Z,1348078590,ok,2026-04-20T11:45:55.808Z
Neuroscience,2026-04-14T13:24:42.615Z,1348194054,ok,2026-04-20T11:45:56.049Z
Neuroscience,2026-04-14T13:33:42.065Z,1348194054,ok,2026-04-20T11:45:56.288Z
Neuroscience,2026-04-14T13:50:05.474Z,1348194054,ok,2026-04-20T11:45:56.531Z
Neuroscience,2026-04-14T14:56:25.101Z,1348194054,ok,2026-04-20T11:45:56.768Z
Neuroscience,2026-04-14T14:56:55.968Z,1348194054,ok,2026-04-20T11:45:57.012Z
Neuroscience,2026-04-14T15:09:47.809Z,1348194054,ok,2026-04-20T11:45:57.260Z
Neuroscience,2026-04-14T15:10:33.483Z,1348194054,ok,2026-04-20T11:45:57.490Z
Neuroscience,2026-04-14T15:11:00.437Z,1348194054,ok,2026-04-20T11:45:57.761Z
Neuroscience,2026-04-15T12:15:24.169Z,1348194054,ok,2026-04-20T11:45:57.993Z
Neuroscience,2026-04-15T12:49:21.054Z,1348194054,ok,2026-04-20T11:45:58.253Z
Neuroscience,2026-04-15T12:52:13.439Z,1348194054,ok,2026-04-20T11:45:58.490Z
Neuroscience,2026-04-15T12:52:21.311Z,1348194054,ok,2026-04-20T11:45:58.743Z
Neuroscience,2026-04-15T12:54:40.045Z,1348194054,ok,2026-04-20T11:45:59.006Z
Neuroscience,2026-04-15T12:56:52.668Z,1348194054,ok,2026-04-20T11:45:59.234Z
Neuroscience,2026-04-15T13:07:37.665Z,1348194054,ok,2026-04-20T11:45:59.476Z
Neuroscience,2026-04-15T13:20:21.656Z,1348194054,ok,2026-04-20T11:45:59.712Z
Neuroscience,2026-04-15T13:24:09.093Z,1348194054,ok,2026-04-20T11:45:59.955Z
Neuroscience,2026-04-15T13:26:16.259Z,1348194054,ok,2026-04-20T11:46:00.202Z
Neuroscience,2026-04-15T13:28:43.092Z,1348194054,ok,2026-04-20T11:46:00.446Z
Neuroscience,2026-04-15T13:28:58.836Z,1348194054,ok,2026-04-20T11:46:00.684Z
Neuroscience,2026-04-15T13:29:06.113Z,1348194054,ok,2026-04-20T11:46:00.911Z
Neuroscience,2026-04-15T13:32:18.177Z,1348194054,ok,2026-04-20T11:46:01.159Z
Neuroscience_(journal),2026-04-15T13:29:01.734Z,1296383394,ok,2026-04-20T11:46:01.406Z
Neutral_theory_of_molecular_evolution,2026-04-15T13:27:04.789Z,1326133552,ok,2026-04-20T11:46:01.636Z
Nigrostriatal_pathway,2026-04-14T13:42:38.183Z,1315372465,ok,2026-04-20T11:46:01.870Z
Nigrostriatal_pathway,2026-04-14T13:44:05.023Z,1315372465,ok,2026-04-20T11:46:02.130Z
Nucleus_accumbens,2026-04-14T13:40:12.965Z,1346141894,ok,2026-04-20T11:46:02.370Z
Nude_(art),2026-04-15T12:01:03.367Z,1344375774,ok,2026-04-20T11:46:02.623Z
Outline_of_philosophy,2026-04-15T12:21:17.722Z,1345107106,ok,2026-04-20T11:46:02.880Z
Outline_of_physical_science,2026-04-15T12:44:55.410Z,1341792075,ok,2026-04-20T11:46:03.126Z
Painting,2026-04-15T12:17:23.999Z,1348177522,ok,2026-04-20T11:46:03.401Z
Pathophysiology,2026-04-14T13:28:30.443Z,1339719001,ok,2026-04-20T11:46:03.661Z
Pattern,2026-04-14T13:29:20.714Z,1317816323,ok,2026-04-20T11:46:03.904Z
Pattern,2026-04-14T13:32:54.911Z,1317816323,ok,2026-04-20T11:46:04.148Z
Pattern_theory,2026-04-14T13:32:30.739Z,1327272326,ok,2026-04-20T11:46:04.395Z
Pattern_theory,2026-04-14T13:32:53.738Z,1327272326,ok,2026-04-20T11:46:04.665Z
Periods_in_Western_art_history,2026-04-14T13:38:43.700Z,1281614574,ok,2026-04-20T11:46:04.903Z
Periods_in_Western_art_history,2026-04-14T15:15:43.818Z,1281614574,ok,2026-04-20T11:46:05.141Z
Periods_in_Western_art_history,2026-04-14T15:44:34.556Z,1281614574,ok,2026-04-20T11:46:05.388Z
Periods_in_Western_art_history,2026-04-15T12:31:38.395Z,1281614574,ok,2026-04-20T11:46:05.620Z
Periods_in_Western_art_history,2026-04-15T13:02:21.738Z,1281614574,ok,2026-04-20T11:46:05.849Z
Periods_in_Western_art_history,2026-04-15T13:02:31.227Z,1281614574,ok,2026-04-20T11:46:06.097Z
Periods_in_Western_art_history,2026-04-15T13:04:29.697Z,1281614574,ok,2026-04-20T11:46:06.328Z
Philosophy_of_mind,2026-04-15T12:20:25.931Z,1348567491,ok,2026-04-20T11:46:06.582Z
Philosophy_of_mind,2026-04-15T12:21:07.543Z,1348567491,ok,2026-04-20T11:46:06.833Z
Philosophy_of_mind,2026-04-15T13:17:14.529Z,1348567491,ok,2026-04-20T11:46:07.083Z
Pre-Raphaelites,2026-04-15T13:12:15.879Z,1345899763,ok,2026-04-20T11:46:07.345Z
Prefrontal_cortex,2026-04-14T15:12:52.662Z,1342081079,ok,2026-04-20T11:46:07.598Z
Prefrontal_cortex,2026-04-15T12:14:00.994Z,1342081079,ok,2026-04-20T11:46:07.848Z
Prefrontal_cortex,2026-04-15T13:11:01.039Z,1342081079,ok,2026-04-20T11:46:08.085Z
Prefrontal_cortex#Executive_function,2026-04-14T14:22:02.319Z,1342081079,ok,2026-04-20T11:46:08.311Z
Prehistoric_art,2026-04-14T14:46:51.575Z,1331495866,ok,2026-04-20T11:46:08.559Z
Prehistoric_art,2026-04-15T13:02:07.506Z,1348889823,ok,2026-04-20T11:46:08.847Z
Prehistoric_art,2026-04-15T13:02:34.191Z,1348889823,ok,2026-04-20T11:46:09.088Z
Prehistoric_art,2026-04-15T13:04:10.051Z,1348889823,ok,2026-04-20T11:46:09.323Z
Protest_art,2026-04-14T14:53:15.160Z,1347308987,ok,2026-04-20T11:46:09.561Z
Pythagoras,2026-04-15T13:15:08.331Z,1348959785,ok,2026-04-20T11:46:09.819Z
Pythagoras's_theorem,2026-04-15T13:14:41.530Z,1348719478,ok,2026-04-20T11:46:10.085Z
Qualia,2026-04-15T12:18:56.482Z,1347742416,ok,2026-04-20T11:46:10.319Z
Quantum_mind,2026-04-14T13:27:59.394Z,1343283567,ok,2026-04-20T11:46:10.582Z
Quantum_mind,2026-04-14T13:29:01.401Z,1343283567,ok,2026-04-20T11:46:10.830Z
Quantum_mind,2026-04-14T15:18:43.368Z,1343283567,ok,2026-04-20T11:46:11.074Z
Quantum_mind,2026-04-15T11:44:01.999Z,1343283567,ok,2026-04-20T11:46:11.328Z
Quantum_mind,2026-04-15T11:47:09.764Z,1343283567,ok,2026-04-20T11:46:11.573Z
Quantum_mind,2026-04-15T12:08:20.348Z,1343283567,ok,2026-04-20T11:46:11.822Z
Quantum_mind,2026-04-15T12:20:48.994Z,1343283567,ok,2026-04-20T11:46:12.062Z
Quantum_mind,2026-04-15T13:08:39.513Z,1343283567,ok,2026-04-20T11:46:12.315Z
Realization,2026-04-15T13:17:40.819Z,1250905209,ok,2026-04-20T11:46:12.556Z
Renaissance_art,2026-04-14T14:47:00.546Z,1348525630,ok,2026-04-20T11:46:12.805Z
Renaissance_art,2026-04-14T14:47:03.995Z,1348525630,ok,2026-04-20T11:46:13.047Z
Renaissance_art,2026-04-15T12:05:52.120Z,1348525630,ok,2026-04-20T11:46:13.288Z
Renaissance_art,2026-04-15T12:54:19.107Z,1348525630,ok,2026-04-20T11:46:13.520Z
Revelation,2026-04-14T13:48:38.454Z,1340591471,ok,2026-04-20T11:46:13.762Z
Revivalism_(architecture),2026-04-15T12:29:26.985Z,1308001584,ok,2026-04-20T11:46:14.003Z
Revivalism_(architecture),2026-04-15T12:31:46.768Z,1308001584,ok,2026-04-20T11:46:14.255Z
Richard_T._Scott,2026-04-14T13:30:34.708Z,1343877639,ok,2026-04-20T11:46:14.504Z
Rodent,2026-04-14T14:51:05.367Z,1347869066,ok,2026-04-20T11:46:14.772Z
Rodent,2026-04-14T15:25:05.024Z,1347869066,ok,2026-04-20T11:46:15.026Z
Rodent,2026-04-15T12:46:41.464Z,1347869066,ok,2026-04-20T11:46:15.272Z
Rodent,2026-04-15T12:48:01.708Z,1347869066,ok,2026-04-20T11:46:15.523Z
Rodent,2026-04-15T12:51:06.102Z,1347869066,ok,2026-04-20T11:46:15.773Z
Rodent,2026-04-15T12:52:08.156Z,1347869066,ok,2026-04-20T11:46:16.023Z
Role_of_chance_in_scientific_discoveries,2026-04-14T13:16:11.575Z,1316148070,ok,2026-04-20T11:46:16.422Z
Role_of_chance_in_scientific_discoveries,2026-04-14T13:23:46.343Z,1316148070,ok,2026-04-20T11:46:16.672Z
Role_of_chance_in_scientific_discoveries,2026-04-14T13:27:52.403Z,1316148070,ok,2026-04-20T11:46:16.927Z
Role_of_chance_in_scientific_discoveries,2026-04-14T13:28:14.682Z,1316148070,ok,2026-04-20T11:46:17.178Z
Role_of_chance_in_scientific_discoveries,2026-04-14T13:28:27.579Z,1316148070,ok,2026-04-20T11:46:17.454Z
Role_of_chance_in_scientific_discoveries,2026-04-14T14:56:38.862Z,1316148070,ok,2026-04-20T11:46:17.731Z
Role_of_chance_in_scientific_discoveries,2026-04-14T14:57:37.244Z,1316148070,ok,2026-04-20T11:46:17.988Z
Role_of_chance_in_scientific_discoveries,2026-04-14T14:59:52.286Z,1316148070,ok,2026-04-20T11:46:18.231Z
Role_of_chance_in_scientific_discoveries,2026-04-14T15:04:40.903Z,1316148070,ok,2026-04-20T11:46:18.493Z
Role_of_chance_in_scientific_discoveries,2026-04-14T15:09:53.882Z,1316148070,ok,2026-04-20T11:46:18.758Z
Role_of_chance_in_scientific_discoveries,2026-04-14T15:11:31.447Z,1316148070,ok,2026-04-20T11:46:19.003Z
Role_of_chance_in_scientific_discoveries,2026-04-14T15:24:53.705Z,1316148070,ok,2026-04-20T11:46:19.240Z
Role_of_chance_in_scientific_discoveries,2026-04-15T11:42:56.673Z,1316148070,ok,2026-04-20T11:46:19.498Z
Role_of_chance_in_scientific_discoveries,2026-04-15T11:45:38.379Z,1316148070,ok,2026-04-20T11:46:19.736Z
Role_of_chance_in_scientific_discoveries,2026-04-15T12:01:20.518Z,1316148070,ok,2026-04-20T11:46:19.980Z
Role_of_chance_in_scientific_discoveries,2026-04-15T12:02:20.895Z,1316148070,ok,2026-04-20T11:46:20.241Z
Role_of_chance_in_scientific_discoveries,2026-04-15T12:19:48.424Z,1316148070,ok,2026-04-20T11:46:20.486Z
Role_of_chance_in_scientific_discoveries,2026-04-15T12:21:43.368Z,1316148070,ok,2026-04-20T11:46:20.728Z
Role_of_chance_in_scientific_discoveries,2026-04-15T12:21:54.093Z,1316148070,ok,2026-04-20T11:46:20.955Z
Role_of_chance_in_scientific_discoveries,2026-04-15T12:42:12.226Z,1316148070,ok,2026-04-20T11:46:21.204Z
Role_of_chance_in_scientific_discoveries,2026-04-15T12:51:45.043Z,1316148070,ok,2026-04-20T11:46:21.451Z
Role_of_chance_in_scientific_discoveries,2026-04-15T13:02:58.326Z,1316148070,ok,2026-04-20T11:46:21.682Z
Role_of_chance_in_scientific_discoveries,2026-04-15T13:04:20.417Z,1316148070,ok,2026-04-20T11:46:21.936Z
Roman_art,2026-04-14T15:44:48.454Z,1328553318,ok,2026-04-20T11:46:22.169Z
Romanesque_architecture,2026-04-15T12:06:03.369Z,1348129465,ok,2026-04-20T11:46:22.408Z
Romanesque_art,2026-04-15T12:04:57.966Z,1348262412,ok,2026-04-20T11:46:22.652Z
Science,2026-04-14T13:34:51.929Z,1348141689,ok,2026-04-20T11:46:22.912Z
Science,2026-04-15T13:30:22.674Z,1348141689,ok,2026-04-20T11:46:23.140Z
Scientific_method,2026-04-14T15:05:05.800Z,1344505672,ok,2026-04-20T11:46:23.370Z
Scientific_method,2026-04-14T15:30:42.395Z,1344505672,ok,2026-04-20T11:46:23.609Z
Sculpture,2026-04-14T14:53:33.054Z,1343176140,ok,2026-04-20T11:46:23.841Z
Sculpture,2026-04-14T14:55:06.820Z,1343176140,ok,2026-04-20T11:46:24.089Z
Self-awareness,2026-04-15T13:18:39.083Z,1345857977,ok,2026-04-20T11:46:24.322Z
Self-knowledge,2026-04-15T13:19:29.142Z,1157072566,ok,2026-04-20T11:46:24.575Z
Self-knowledge_(psychology),2026-04-15T13:18:54.349Z,1344138088,ok,2026-04-20T11:46:24.837Z
Self-knowledge_(psychology),2026-04-15T13:19:31.418Z,1344138088,ok,2026-04-20T11:46:25.077Z
Self-realization,2026-04-15T13:17:49.624Z,1343072641,ok,2026-04-20T11:46:25.316Z
Sexual_revolution,2026-04-14T13:36:42.184Z,1348230631,ok,2026-04-20T11:46:25.553Z
Sofia_Kovalevskaya,2026-04-14T15:37:15.571Z,1338002419,ok,2026-04-20T11:46:25.820Z
Standard_deviation#Table,2026-04-14T13:27:05.798Z,1346122863,ok,2026-04-20T11:46:26.065Z
Stimulus_(physiology),2026-04-14T13:33:23.169Z,1348002103,ok,2026-04-20T11:46:26.311Z
Street_art_influence_in_politics,2026-04-14T14:52:38.676Z,1303999202,ok,2026-04-20T11:46:26.556Z
Synapse,2026-04-15T13:35:08.471Z,1346438262,ok,2026-04-20T11:46:26.800Z
Synaptic_plasticity,2026-04-15T11:42:05.503Z,1341547585,ok,2026-04-20T11:46:27.034Z
Synaptic_plasticity,2026-04-15T11:44:45.196Z,1341547585,ok,2026-04-20T11:46:27.279Z
Terminal_lucidity,2026-04-15T11:46:03.813Z,1347767885,ok,2026-04-20T11:46:27.521Z
Terminal_lucidity,2026-04-15T12:19:08.149Z,1347767885,ok,2026-04-20T11:46:27.772Z
Terminal_lucidity,2026-04-15T12:40:07.559Z,1347767885,ok,2026-04-20T11:46:28.031Z
The_Angel_of_the_North,2026-04-14T14:55:14.371Z,1344543526,ok,2026-04-20T11:46:28.279Z
The_Logic_of_Scientific_Discovery,2026-04-14T13:35:55.733Z,1348275119,ok,2026-04-20T11:46:28.508Z
The_Logic_of_Scientific_Discovery,2026-04-14T14:56:53.759Z,1348275119,ok,2026-04-20T11:46:28.771Z
The_Logic_of_Scientific_Discovery,2026-04-14T15:04:45.907Z,1348275119,ok,2026-04-20T11:46:29.000Z
The_Master_and_His_Emissary,2026-04-15T11:51:27.154Z,1317805352,ok,2026-04-20T11:46:29.248Z
The_Story_of_Art,2026-04-14T13:36:35.281Z,1347958168,ok,2026-04-20T11:46:29.499Z
The_Work_of_Art_in_the_Age_of_Mechanical_Reproduction,2026-04-14T13:47:36.294Z,1347890043,ok,2026-04-20T11:46:29.735Z
The_Work_of_Art_in_the_Age_of_Mechanical_Reproduction,2026-04-14T15:12:29.747Z,1347890043,ok,2026-04-20T11:46:29.967Z
The_Work_of_Art_in_the_Age_of_Mechanical_Reproduction,2026-04-15T11:53:31.573Z,1347890043,ok,2026-04-20T11:46:30.214Z
The_Work_of_Art_in_the_Age_of_Mechanical_Reproduction,2026-04-15T12:25:01.098Z,1347890043,ok,2026-04-20T11:46:30.444Z
The_Work_of_Art_in_the_Age_of_Mechanical_Reproduction,2026-04-15T13:06:29.791Z,1347890043,ok,2026-04-20T11:46:30.703Z
The_Work_of_Art_in_the_Age_of_Mechanical_Reproduction,2026-04-15T13:13:22.418Z,1347890043,ok,2026-04-20T11:46:30.961Z
The_Work_of_Art_in_the_Age_of_Mechanical_Reproduction,2026-04-15T13:18:19.191Z,1347890043,ok,2026-04-20T11:46:31.205Z
Theory_of_mind,2026-04-15T12:53:35.303Z,1344987780,ok,2026-04-20T11:46:31.464Z
Theory_of_mind,2026-04-15T12:55:33.230Z,1344987780,ok,2026-04-20T11:46:31.707Z
Theory_of_mind,2026-04-15T12:56:41.110Z,1344987780,ok,2026-04-20T11:46:31.963Z
Theory_of_mind,2026-04-15T13:07:20.215Z,1344987780,ok,2026-04-20T11:46:32.191Z
Timeline_of_scientific_discoveries,2026-04-14T13:35:48.482Z,1348489218,ok,2026-04-20T11:46:32.440Z
Timeline_of_scientific_discoveries,2026-04-14T13:53:11.809Z,1348489218,ok,2026-04-20T11:46:32.690Z
Timeline_of_scientific_discoveries,2026-04-14T14:55:25.740Z,1348489218,ok,2026-04-20T11:46:32.959Z
Timeline_of_scientific_discoveries,2026-04-14T15:03:36.699Z,1348489218,ok,2026-04-20T11:46:33.202Z
Timeline_of_scientific_discoveries,2026-04-14T15:09:57.308Z,1348489218,ok,2026-04-20T11:46:33.431Z
Timeline_of_scientific_discoveries,2026-04-14T15:29:27.042Z,1348489218,ok,2026-04-20T11:46:33.669Z
Timeline_of_scientific_discoveries,2026-04-15T13:12:18.368Z,1348489218,ok,2026-04-20T11:46:33.934Z
Timeline_of_scientific_discoveries,2026-04-15T13:14:46.451Z,1348489218,ok,2026-04-20T11:46:34.174Z
Timeline_of_scientific_discoveries,2026-04-15T13:17:27.930Z,1348489218,ok,2026-04-20T11:46:34.405Z
Tuberoinfundibular_pathway,2026-04-14T13:43:43.937Z,1308334155,ok,2026-04-20T11:46:34.655Z
Tuberoinfundibular_pathway,2026-04-14T13:44:04.319Z,1308334155,ok,2026-04-20T11:46:34.919Z
Use_Your_Brain,2026-04-14T14:20:21.498Z,1329645713,ok,2026-04-20T11:46:35.150Z
Visual_arts_education,2026-04-15T13:06:05.263Z,1344628301,ok,2026-04-20T11:46:35.394Z
Western_philosophy,2026-04-15T12:20:43.228Z,1346179268,ok,2026-04-20T11:46:35.631Z
Zen_and_the_Brain,2026-04-15T12:53:13.624Z,1221994090,ok,2026-04-20T11:46:35.889Z
Amygdala,2026-04-20T12:40:56.318Z,1342036322,ok,2026-04-20T14:49:53.550Z
Anarchy,2026-04-20T13:20:15.775Z,1346725279,ok,2026-04-20T14:49:53.799Z
Anarchy_(disambiguation),2026-04-20T13:20:20.561Z,1298051879,ok,2026-04-20T14:49:54.050Z
Ancient_Egypt,2026-04-20T11:50:51.520Z,1349360556,ok,2026-04-20T14:49:54.331Z
Ancient_Egypt,2026-04-20T12:03:55.600Z,1349360556,ok,2026-04-20T14:49:54.566Z
Ancient_Society,2026-04-20T12:12:10.467Z,1334836887,ok,2026-04-20T14:49:54.818Z
Ancient_art,2026-04-20T11:51:12.045Z,1340543341,ok,2026-04-20T14:49:55.056Z
Ancient_art,2026-04-20T11:52:24.130Z,1340543341,ok,2026-04-20T14:49:55.299Z
Ancient_art,2026-04-20T11:53:18.066Z,1340543341,ok,2026-04-20T14:49:55.555Z
Ancient_art,2026-04-20T11:55:38.330Z,1340543341,ok,2026-04-20T14:49:55.816Z
Ancient_art,2026-04-20T11:56:55.323Z,1340543341,ok,2026-04-20T14:49:56.064Z
Ancient_art,2026-04-20T12:04:54.237Z,1340543341,ok,2026-04-20T14:49:56.319Z
Ancient_art,2026-04-20T12:07:28.555Z,1340543341,ok,2026-04-20T14:49:56.573Z
Ancient_art,2026-04-20T12:11:38.064Z,1340543341,ok,2026-04-20T14:49:56.835Z
Ancient_art,2026-04-20T12:12:35.033Z,1340543341,ok,2026-04-20T14:49:57.084Z
Ancient_art,2026-04-20T12:16:11.133Z,1340543341,ok,2026-04-20T14:49:57.328Z
Ancient_art,2026-04-20T12:24:18.851Z,1340543341,ok,2026-04-20T14:49:57.564Z
Ancient_art,2026-04-20T13:04:54.226Z,1340543341,ok,2026-04-20T14:49:57.794Z
Ancient_art,2026-04-20T13:14:53.913Z,1340543341,ok,2026-04-20T14:49:58.044Z
Ancient_history,2026-04-20T11:52:40.911Z,1349885693,ok,2026-04-20T14:49:58.274Z
Art,2026-04-20T12:13:52.116Z,1349751670,ok,2026-04-20T14:49:58.526Z
Art_history,2026-04-20T12:14:32.964Z,1346853612,ok,2026-04-20T14:49:58.759Z
Art_history,2026-04-20T13:15:25.865Z,1346853612,ok,2026-04-20T14:49:58.989Z
Art_of_ancient_Egypt,2026-04-20T11:52:19.740Z,1349444280,ok,2026-04-20T14:49:59.229Z
Art_of_ancient_Egypt,2026-04-20T11:53:02.315Z,1349444280,ok,2026-04-20T14:49:59.470Z
Art_of_ancient_Egypt,2026-04-20T11:55:43.144Z,1349444280,ok,2026-04-20T14:49:59.704Z
Art_of_ancient_Egypt,2026-04-20T11:56:16.311Z,1349444280,ok,2026-04-20T14:49:59.930Z
Bio-inspired_computing,2026-04-20T11:55:32.417Z,1340128263,ok,2026-04-20T14:50:00.164Z
Brain,2026-04-20T11:55:35.378Z,1347518519,ok,2026-04-20T14:50:00.396Z
Brain,2026-04-20T12:02:27.353Z,1347518519,ok,2026-04-20T14:50:00.645Z
Brain,2026-04-20T12:08:34.181Z,1347518519,ok,2026-04-20T14:50:00.893Z
Brain,2026-04-20T12:17:56.967Z,1347518519,ok,2026-04-20T14:50:01.121Z
Brain,2026-04-20T13:05:04.377Z,1347518519,ok,2026-04-20T14:50:01.373Z
Brain_Structure_and_Function,2026-04-20T12:35:56.269Z,1089120928,ok,2026-04-20T14:50:01.634Z
Capybara,2026-04-20T11:48:07.581Z,1349431902,ok,2026-04-20T14:50:01.873Z
Capybara,2026-04-20T11:48:58.513Z,1349431902,ok,2026-04-20T14:50:02.097Z
Capybara,2026-04-20T11:48:58.710Z,1349431902,ok,2026-04-20T14:50:02.376Z
Capybara,2026-04-20T11:49:35.008Z,1349431902,ok,2026-04-20T14:50:02.632Z
Capybara,2026-04-20T11:49:47.267Z,1349431902,ok,2026-04-20T14:50:02.867Z
Capybara,2026-04-20T11:49:47.418Z,1349431902,ok,2026-04-20T14:50:03.143Z
Capybara,2026-04-20T11:50:21.858Z,1349431902,ok,2026-04-20T14:50:03.393Z
Capybara,2026-04-20T11:51:06.434Z,1349431902,ok,2026-04-20T14:50:03.617Z
Capybara,2026-04-20T11:59:42.418Z,1349431902,ok,2026-04-20T14:50:03.877Z
Capybara,2026-04-20T12:00:27.957Z,1349431902,ok,2026-04-20T14:50:04.117Z
Capybara,2026-04-20T12:01:54.388Z,1349431902,ok,2026-04-20T14:50:04.362Z
Capybara,2026-04-20T12:03:08.536Z,1349431902,ok,2026-04-20T14:50:04.614Z
Capybara,2026-04-20T12:22:16.403Z,1349431902,ok,2026-04-20T14:50:04.863Z
Capybara,2026-04-20T12:28:30.903Z,1349431902,ok,2026-04-20T14:50:05.121Z
Capybara,2026-04-20T12:53:28.181Z,1349431902,ok,2026-04-20T14:50:05.359Z
Capybara,2026-04-20T12:59:40.301Z,1349431902,ok,2026-04-20T14:50:05.594Z
Capybara,2026-04-20T13:00:31.746Z,1349431902,ok,2026-04-20T14:50:05.846Z
Capybara,2026-04-20T13:00:34.518Z,1349431902,ok,2026-04-20T14:50:06.089Z
Capybara,2026-04-20T13:01:28.983Z,1349431902,ok,2026-04-20T14:50:06.320Z
Capybara,2026-04-20T13:05:59.107Z,1349431902,ok,2026-04-20T14:50:06.573Z
Capybara,2026-04-20T13:11:39.657Z,1349431902,ok,2026-04-20T14:50:06.804Z
Capybara,2026-04-20T13:15:17.322Z,1349431902,ok,2026-04-20T14:50:07.050Z
Capybara,2026-04-20T13:18:26.177Z,1349431902,ok,2026-04-20T14:50:07.320Z
Capybara,2026-04-20T13:24:42.333Z,1349431902,ok,2026-04-20T14:50:07.567Z
Capybara_(disambiguation),2026-04-20T13:00:30.564Z,1286780159,ok,2026-04-20T14:50:07.826Z
Cerebral_cortex,2026-04-20T12:09:02.812Z,1337317877,ok,2026-04-20T14:50:08.077Z
Civil_society,2026-04-20T13:20:08.187Z,1347842566,ok,2026-04-20T14:50:08.332Z
Classical_antiquity,2026-04-20T13:28:49.914Z,1344198769,ok,2026-04-20T14:50:08.591Z
Cognition,2026-04-20T12:06:38.386Z,1349094262,ok,2026-04-20T14:50:08.824Z
Cognitive_neuropsychology,2026-04-20T12:06:15.695Z,1333511947,ok,2026-04-20T14:50:09.100Z
Cognitive_neuroscience,2026-04-20T12:07:31.572Z,1348892447,ok,2026-04-20T14:50:09.392Z
Cognitive_neuroscience,2026-04-20T12:07:56.987Z,1348892447,ok,2026-04-20T14:50:09.651Z
Cognitive_neuroscience,2026-04-20T12:08:27.447Z,1348892447,ok,2026-04-20T14:50:09.879Z
Cognitive_science,2026-04-20T11:50:55.006Z,1348109510,ok,2026-04-20T14:50:10.152Z
Cognitive_science,2026-04-20T11:53:05.562Z,1348109510,ok,2026-04-20T14:50:10.393Z
Cognitive_science,2026-04-20T11:54:27.747Z,1348109510,ok,2026-04-20T14:50:10.619Z
Consciousness,2026-04-20T12:04:20.202Z,1349624382,ok,2026-04-20T14:50:10.861Z
Conservation_and_restoration_of_cultural_property,2026-04-20T13:27:31.479Z,1345731842,ok,2026-04-20T14:50:11.102Z
Contemporary_Art_Society,2026-04-20T12:08:41.827Z,1322451486,ok,2026-04-20T14:50:11.461Z
Contemporary_Art_Society,2026-04-20T13:23:05.736Z,1322451486,ok,2026-04-20T14:50:11.697Z
Contemporary_Art_Society,2026-04-20T13:23:58.770Z,1322451486,ok,2026-04-20T14:50:11.928Z
Contemporary_Palestinian_art,2026-04-20T13:12:58.061Z,1327899139,ok,2026-04-20T14:50:12.159Z
Contemporary_art,2026-04-20T12:07:36.485Z,1342754354,ok,2026-04-20T14:50:12.397Z
Contemporary_art,2026-04-20T12:09:34.233Z,1342754354,ok,2026-04-20T14:50:12.650Z
Contemporary_art,2026-04-20T12:15:18.582Z,1342754354,ok,2026-04-20T14:50:12.897Z
Contemporary_art,2026-04-20T12:16:07.779Z,1342754354,ok,2026-04-20T14:50:13.126Z
Contemporary_art,2026-04-20T12:24:09.123Z,1342754354,ok,2026-04-20T14:50:13.366Z
Contemporary_art,2026-04-20T13:08:38.540Z,1342754354,ok,2026-04-20T14:50:13.598Z
Contemporary_art,2026-04-20T13:09:29.199Z,1342754354,ok,2026-04-20T14:50:13.830Z
Contemporary_art_in_Egypt,2026-04-20T11:55:49.142Z,1332358783,ok,2026-04-20T14:50:14.076Z
Creativity_techniques,2026-04-20T12:09:03.918Z,1323386197,ok,2026-04-20T14:50:14.311Z
Cultural_heritage,2026-04-20T13:25:15.993Z,1347055886,ok,2026-04-20T14:50:14.551Z
Discovery_(observation),2026-04-20T12:08:12.977Z,1343101902,ok,2026-04-20T14:50:14.798Z
Discovery_(observation),2026-04-20T12:26:29.304Z,1343101902,ok,2026-04-20T14:50:15.052Z
Executive_function,2026-04-20T12:04:47.226Z,1350120400,ok,2026-04-20T14:50:15.309Z
Executive_function,2026-04-20T12:05:54.425Z,1350120400,ok,2026-04-20T14:50:15.551Z
Executive_function,2026-04-20T12:06:06.885Z,1350120400,ok,2026-04-20T14:50:15.807Z
Executive_function,2026-04-20T12:06:21.114Z,1350120400,ok,2026-04-20T14:50:16.199Z
Florentine_painting,2026-04-20T12:53:25.682Z,1338550650,ok,2026-04-20T14:50:16.434Z
Greatest_Works_of_Art,2026-04-20T12:50:39.310Z,1348010157,ok,2026-04-20T14:50:16.664Z
Herbivore,2026-04-20T11:49:49.814Z,1348684667,ok,2026-04-20T14:50:16.914Z
Herbivore,2026-04-20T12:00:37.536Z,1348684667,ok,2026-04-20T14:50:17.147Z
Hippocampus,2026-04-20T12:38:11.699Z,1347355282,ok,2026-04-20T14:50:17.394Z
Hippocampus,2026-04-20T13:15:05.571Z,1347355282,ok,2026-04-20T14:50:17.647Z
History_of_art,2026-04-20T11:53:22.939Z,1349898033,ok,2026-04-20T14:50:17.894Z
History_of_art,2026-04-20T11:54:16.474Z,1349898033,ok,2026-04-20T14:50:18.127Z
History_of_art,2026-04-20T11:55:13.847Z,1349898033,ok,2026-04-20T14:50:18.376Z
History_of_art,2026-04-20T12:00:52.770Z,1349898033,ok,2026-04-20T14:50:18.604Z
History_of_art,2026-04-20T13:15:16.711Z,1349898033,ok,2026-04-20T14:50:18.862Z
History_of_erotic_depictions,2026-04-20T12:12:55.539Z,1338445083,ok,2026-04-20T14:50:19.091Z
History_of_the_nude_in_art,2026-04-20T12:59:40.437Z,1349316080,ok,2026-04-20T14:50:19.329Z
Human_brain,2026-04-20T11:59:25.695Z,1348541413,ok,2026-04-20T14:50:19.571Z
Human_brain,2026-04-20T12:03:51.513Z,1348541413,ok,2026-04-20T14:50:19.804Z
Human_brain,2026-04-20T12:06:01.443Z,1348541413,ok,2026-04-20T14:50:20.044Z
Human_brain,2026-04-20T12:06:22.908Z,1348541413,ok,2026-04-20T14:50:20.305Z
Human_brain,2026-04-20T12:08:05.458Z,1348541413,ok,2026-04-20T14:50:20.552Z
Human_brain,2026-04-20T12:39:30.757Z,1348541413,ok,2026-04-20T14:50:20.780Z
Human_brain,2026-04-20T12:40:21.670Z,1348541413,ok,2026-04-20T14:50:21.036Z
Human_brain,2026-04-20T12:40:48.534Z,1348541413,ok,2026-04-20T14:50:21.267Z
Human_brain,2026-04-20T13:05:25.260Z,1348541413,ok,2026-04-20T14:50:21.492Z
Human_brain,2026-04-20T13:14:23.660Z,1348541413,ok,2026-04-20T14:50:21.720Z
Impressionism,2026-04-20T11:53:44.078Z,1347100394,ok,2026-04-20T14:50:21.982Z
Language_processing_in_the_brain,2026-04-20T12:03:11.600Z,1340248334,ok,2026-04-20T14:50:22.228Z
Learning,2026-04-20T12:04:53.863Z,1348755899,ok,2026-04-20T14:50:22.460Z
Learning,2026-04-20T12:36:33.653Z,1348755899,ok,2026-04-20T14:50:22.707Z
Leonardo_da_Vinci,2026-04-20T12:05:22.100Z,1346771955,ok,2026-04-20T14:50:22.966Z
"List_of_common_misconceptions_about_science,_technology,_and_mathematics",2026-04-20T11:56:51.671Z,1349566753,ok,2026-04-20T14:50:23.249Z
List_of_contemporary_art_museums,2026-04-20T12:09:40.779Z,1347919262,ok,2026-04-20T14:50:23.486Z
List_of_contemporary_art_museums,2026-04-20T13:08:23.563Z,1347919262,ok,2026-04-20T14:50:23.721Z
List_of_contemporary_art_museums,2026-04-20T13:08:40.965Z,1347919262,ok,2026-04-20T14:50:23.976Z
List_of_psychological_research_methods,2026-04-20T12:07:54.938Z,1323550661,ok,2026-04-20T14:50:24.212Z
List_of_regions_in_the_human_brain,2026-04-20T12:04:06.229Z,1346511593,ok,2026-04-20T14:50:24.462Z
List_of_regions_in_the_human_brain,2026-04-20T12:04:44.075Z,1346511593,ok,2026-04-20T14:50:24.709Z
List_of_regions_in_the_human_brain,2026-04-20T12:05:49.251Z,1346511593,ok,2026-04-20T14:50:24.956Z
List_of_regions_in_the_human_brain,2026-04-20T12:06:56.046Z,1346511593,ok,2026-04-20T14:50:25.211Z
List_of_regions_in_the_human_brain,2026-04-20T12:07:28.074Z,1346511593,ok,2026-04-20T14:50:25.508Z
List_of_regions_in_the_human_brain,2026-04-20T12:07:58.271Z,1346511593,ok,2026-04-20T14:50:25.745Z
List_of_regions_in_the_human_brain,2026-04-20T12:08:20.188Z,1346511593,ok,2026-04-20T14:50:25.986Z
List_of_regions_in_the_human_brain,2026-04-20T12:08:30.255Z,1346511593,ok,2026-04-20T14:50:26.285Z
Metropolitan_Museum_of_Art,2026-04-20T12:01:04.935Z,1349146197,ok,2026-04-20T14:50:26.521Z
Metropolitan_Museum_of_Art,2026-04-20T12:10:33.720Z,1349146197,ok,2026-04-20T14:50:26.786Z
Metropolitan_Museum_of_Art,2026-04-20T13:06:08.238Z,1349146197,ok,2026-04-20T14:50:27.038Z
Metropolitan_Museum_of_Art,2026-04-20T13:08:42.595Z,1349146197,ok,2026-04-20T14:50:27.269Z
Metropolitan_Museum_of_Art,2026-04-20T13:11:03.428Z,1349146197,ok,2026-04-20T14:50:27.503Z
Metropolitan_Museum_of_Art,2026-04-20T13:18:02.422Z,1349146197,ok,2026-04-20T14:50:27.741Z
Metropolitan_Museum_of_Art,2026-04-20T13:23:36.005Z,1349146197,ok,2026-04-20T14:50:27.971Z
Metropolitan_Museum_of_Art,2026-04-20T13:29:29.436Z,1349146197,ok,2026-04-20T14:50:28.199Z
Mona_Lisa,2026-04-20T12:52:12.666Z,1346061982,ok,2026-04-20T14:50:28.450Z
Mona_Lisa,2026-04-20T12:53:30.092Z,1346061982,ok,2026-04-20T14:50:28.685Z
Neuroanatomy,2026-04-20T12:07:02.464Z,1331487425,ok,2026-04-20T14:50:28.932Z
Neuroscience,2026-04-20T11:52:58.827Z,1348194054,ok,2026-04-20T14:50:29.192Z
Neuroscience,2026-04-20T12:23:14.803Z,1348194054,ok,2026-04-20T14:50:29.425Z
Neuroscience,2026-04-20T12:35:55.495Z,1348194054,ok,2026-04-20T14:50:29.654Z
Neuroscience,2026-04-20T12:36:13.197Z,1348194054,ok,2026-04-20T14:50:29.908Z
Neuroscience,2026-04-20T12:38:48.397Z,1348194054,ok,2026-04-20T14:50:30.137Z
Perception,2026-04-20T12:08:04.478Z,1349652610,ok,2026-04-20T14:50:30.383Z
Philosophy_of_science,2026-04-20T12:21:03.519Z,1348274619,ok,2026-04-20T14:50:30.627Z
Planning,2026-04-20T12:05:58.576Z,1329191311,ok,2026-04-20T14:50:30.874Z
Postmodern_art,2026-04-20T11:55:33.430Z,1326102589,ok,2026-04-20T14:50:31.099Z
Prehistoric_art,2026-04-20T12:00:16.838Z,1348889823,ok,2026-04-20T14:50:31.357Z
Problem_solving,2026-04-20T12:05:46.582Z,1349560546,ok,2026-04-20T14:50:31.602Z
Problem_solving,2026-04-20T13:33:29.708Z,1349560546,ok,2026-04-20T14:50:31.851Z
Quantum_mind,2026-04-20T11:53:25.551Z,1343283567,ok,2026-04-20T14:50:32.082Z
Quantum_mind,2026-04-20T12:19:57.556Z,1343283567,ok,2026-04-20T14:50:32.328Z
Quantum_mind,2026-04-20T13:08:53.234Z,1343283567,ok,2026-04-20T14:50:32.602Z
Quantum_mind,2026-04-20T13:09:57.610Z,1343283567,ok,2026-04-20T14:50:32.833Z
Quantum_mind,2026-04-20T13:13:58.407Z,1343283567,ok,2026-04-20T14:50:33.069Z
Realism_(art_movement),2026-04-20T12:02:40.852Z,1339678749,ok,2026-04-20T14:50:33.300Z
Renaissance_art,2026-04-20T11:54:18.616Z,1348525630,ok,2026-04-20T14:50:33.571Z
Role_of_chance_in_scientific_discoveries,2026-04-20T11:53:01.927Z,1316148070,ok,2026-04-20T14:50:33.815Z
Role_of_chance_in_scientific_discoveries,2026-04-20T11:54:05.725Z,1316148070,ok,2026-04-20T14:50:34.037Z
Role_of_chance_in_scientific_discoveries,2026-04-20T12:01:19.160Z,1316148070,ok,2026-04-20T14:50:34.301Z
Role_of_chance_in_scientific_discoveries,2026-04-20T12:08:25.375Z,1316148070,ok,2026-04-20T14:50:34.543Z
Role_of_chance_in_scientific_discoveries,2026-04-20T13:07:55.968Z,1316148070,ok,2026-04-20T14:50:34.809Z
Role_of_chance_in_scientific_discoveries,2026-04-20T13:10:46.476Z,1316148070,ok,2026-04-20T14:50:35.038Z
Role_of_chance_in_scientific_discoveries,2026-04-20T13:19:04.790Z,1316148070,ok,2026-04-20T14:50:35.284Z
Role_of_chance_in_scientific_discoveries,2026-04-20T13:28:24.684Z,1316148070,ok,2026-04-20T14:50:35.507Z
Role_of_chance_in_scientific_discoveries,2026-04-20T13:42:08.263Z,1316148070,ok,2026-04-20T14:50:35.769Z
Roman_art,2026-04-20T11:56:41.109Z,1328553318,ok,2026-04-20T14:50:36.018Z
Roman_art,2026-04-20T12:00:13.634Z,1328553318,ok,2026-04-20T14:50:36.284Z
Scientific_method,2026-04-20T12:18:31.077Z,1344505672,ok,2026-04-20T14:50:36.511Z
Scientific_method,2026-04-20T13:32:19.751Z,1344505672,ok,2026-04-20T14:50:36.756Z
Semiaquatic,2026-04-20T11:49:43.526Z,1348587174,ok,2026-04-20T14:50:36.993Z
Semiaquatic,2026-04-20T12:00:23.807Z,1348587174,ok,2026-04-20T14:50:37.254Z
Sensory_nervous_system,2026-04-20T12:02:50.660Z,1349717260,ok,2026-04-20T14:50:37.479Z
Smithsonian_National_Zoological_Park,2026-04-20T13:17:48.425Z,1346947028,ok,2026-04-20T14:50:37.726Z
Society,2026-04-20T13:18:28.946Z,1341131270,ok,2026-04-20T14:50:37.995Z
Subthalamus,2026-04-20T12:40:26.822Z,1296045018,ok,2026-04-20T14:50:38.228Z
Symbolism_(art),2026-04-20T11:56:45.644Z,1334598951,ok,2026-04-20T14:50:38.461Z
Ten-percent-of-the-brain_myth,2026-04-20T11:55:03.386Z,1345340852,ok,2026-04-20T14:50:38.714Z
Terminal_lucidity,2026-04-20T13:40:38.828Z,1347767885,ok,2026-04-20T14:50:38.964Z
Thalamus,2026-04-20T12:40:06.855Z,1343884470,ok,2026-04-20T14:50:39.214Z
The_Wonderfully_Weird_World_of_Gumball,2026-04-20T13:20:52.630Z,1349599886,ok,2026-04-20T14:50:39.454Z
The_Work_of_Art_in_the_Age_of_Mechanical_Reproduction,2026-04-20T11:53:44.031Z,1347890043,ok,2026-04-20T14:50:39.704Z
The_Work_of_Art_in_the_Age_of_Mechanical_Reproduction,2026-04-20T13:22:33.421Z,1347890043,ok,2026-04-20T14:50:39.975Z
The_arts,2026-04-20T12:13:59.636Z,1339974080,ok,2026-04-20T14:50:40.222Z
Weird,2026-04-20T13:20:30.904Z,1336415118,ok,2026-04-20T14:50:40.464Z
Work_of_art,2026-04-20T12:47:12.247Z,1343892030,ok,2026-04-20T14:50:40.713Z
Affective_neuroscience,2026-04-23T15:38:31.367Z,1342199872,ok,2026-04-23T19:08:50.071Z
Affective_neuroscience,2026-04-23T15:38:38.326Z,1342199872,ok,2026-04-23T19:08:50.309Z
Affective_science,2026-04-23T15:38:36.745Z,1335651281,ok,2026-04-23T19:08:50.542Z
Aging_brain,2026-04-23T13:31:02.070Z,1347447154,ok,2026-04-23T19:08:50.784Z
Albert_Einstein,2026-04-23T13:25:18.437Z,1350630239,ok,2026-04-23T19:08:51.029Z
Analysis,2026-04-23T16:17:25.725Z,1343633072,ok,2026-04-23T19:08:51.291Z
Analytic_reasoning,2026-04-20T14:54:05.833Z,1265147999,ok,2026-04-23T19:08:51.534Z
Ancient_Egypt,2026-04-23T13:35:31.174Z,1350156605,ok,2026-04-23T19:08:51.766Z
Ancient_Greek_art,2026-04-23T12:48:11.080Z,1346827325,ok,2026-04-23T19:08:52.011Z
Ancient_Greek_art,2026-04-23T13:25:35.176Z,1346827325,ok,2026-04-23T19:08:52.247Z
Ancient_Greek_art,2026-04-23T15:59:40.589Z,1346827325,ok,2026-04-23T19:08:52.485Z
Ancient_Jewish_art,2026-04-23T12:51:26.542Z,1330975805,ok,2026-04-23T19:08:52.724Z
Ancient_Jewish_art,2026-04-23T13:28:31.796Z,1330975805,ok,2026-04-23T19:08:52.956Z
Ancient_Roman_architecture,2026-04-23T14:04:51.430Z,1342388379,ok,2026-04-23T19:08:53.215Z
Ancient_Rome,2026-04-23T16:19:05.629Z,1349370290,ok,2026-04-23T19:08:53.455Z
Ancient_Society,2026-04-23T14:16:13.608Z,1334836887,ok,2026-04-23T19:08:53.707Z
Ancient_art,2026-04-20T13:54:46.617Z,1340543341,ok,2026-04-23T19:08:53.955Z
Ancient_art,2026-04-20T13:57:22.091Z,1340543341,ok,2026-04-23T19:08:54.198Z
Ancient_art,2026-04-23T12:35:51.757Z,1340543341,ok,2026-04-23T19:08:54.430Z
Ancient_art,2026-04-23T12:37:41.546Z,1340543341,ok,2026-04-23T19:08:54.672Z
Ancient_art,2026-04-23T12:38:07.961Z,1340543341,ok,2026-04-23T19:08:54.942Z
Ancient_art,2026-04-23T12:41:52.972Z,1340543341,ok,2026-04-23T19:08:55.167Z
Ancient_art,2026-04-23T12:44:58.154Z,1340543341,ok,2026-04-23T19:08:55.405Z
Ancient_art,2026-04-23T12:45:40.421Z,1340543341,ok,2026-04-23T19:08:55.656Z
Ancient_art,2026-04-23T12:47:26.503Z,1340543341,ok,2026-04-23T19:08:55.894Z
Ancient_art,2026-04-23T12:50:39.129Z,1340543341,ok,2026-04-23T19:08:56.135Z
Ancient_art,2026-04-23T12:52:22.696Z,1340543341,ok,2026-04-23T19:08:56.540Z
Ancient_art,2026-04-23T12:52:32.321Z,1340543341,ok,2026-04-23T19:08:56.770Z
Ancient_art,2026-04-23T12:55:57.368Z,1340543341,ok,2026-04-23T19:08:57.015Z
Ancient_art,2026-04-23T12:56:45.230Z,1340543341,ok,2026-04-23T19:08:57.262Z
Ancient_art,2026-04-23T12:58:06.670Z,1340543341,ok,2026-04-23T19:08:57.494Z
Ancient_art,2026-04-23T13:27:45.412Z,1340543341,ok,2026-04-23T19:08:57.725Z
Ancient_art,2026-04-23T13:27:55.402Z,1340543341,ok,2026-04-23T19:08:57.968Z
Ancient_art,2026-04-23T13:28:59.344Z,1340543341,ok,2026-04-23T19:08:58.212Z
Ancient_art,2026-04-23T13:29:11.231Z,1340543341,ok,2026-04-23T19:08:58.454Z
Ancient_art,2026-04-23T13:29:31.941Z,1340543341,ok,2026-04-23T19:08:58.679Z
Ancient_art,2026-04-23T13:34:24.571Z,1340543341,ok,2026-04-23T19:08:58.913Z
Ancient_art,2026-04-23T13:36:34.652Z,1340543341,ok,2026-04-23T19:08:59.143Z
Ancient_art,2026-04-23T13:59:25.733Z,1340543341,ok,2026-04-23T19:08:59.437Z
Ancient_art,2026-04-23T13:59:37.885Z,1340543341,ok,2026-04-23T19:08:59.670Z
Ancient_art,2026-04-23T14:01:25.625Z,1340543341,ok,2026-04-23T19:08:59.927Z
Ancient_art,2026-04-23T14:01:30.861Z,1340543341,ok,2026-04-23T19:09:00.151Z
Ancient_art,2026-04-23T14:05:42.263Z,1340543341,ok,2026-04-23T19:09:00.416Z
Ancient_art,2026-04-23T14:10:59.769Z,1340543341,ok,2026-04-23T19:09:00.667Z
Ancient_art,2026-04-23T14:12:11.195Z,1340543341,ok,2026-04-23T19:09:00.915Z
Ancient_art,2026-04-23T14:12:27.387Z,1340543341,ok,2026-04-23T19:09:01.148Z
Ancient_art,2026-04-23T14:12:49.394Z,1340543341,ok,2026-04-23T19:09:01.424Z
Ancient_art,2026-04-23T14:13:39.705Z,1340543341,ok,2026-04-23T19:09:01.657Z
Ancient_art,2026-04-23T14:13:48.535Z,1340543341,ok,2026-04-23T19:09:01.904Z
Ancient_art,2026-04-23T14:16:01.934Z,1340543341,ok,2026-04-23T19:09:02.167Z
Ancient_art,2026-04-23T14:17:12.110Z,1340543341,ok,2026-04-23T19:09:02.433Z
Ancient_art,2026-04-23T14:23:10.930Z,1340543341,ok,2026-04-23T19:09:02.662Z
Ancient_art,2026-04-23T14:23:36.303Z,1340543341,ok,2026-04-23T19:09:02.912Z
Ancient_art,2026-04-23T14:23:47.775Z,1340543341,ok,2026-04-23T19:09:03.148Z
Ancient_art,2026-04-23T14:23:57.214Z,1340543341,ok,2026-04-23T19:09:03.386Z
Ancient_art,2026-04-23T14:25:07.793Z,1340543341,ok,2026-04-23T19:09:03.617Z
Ancient_art,2026-04-23T14:48:58.798Z,1340543341,ok,2026-04-23T19:09:03.913Z
Ancient_art,2026-04-23T14:49:46.156Z,1340543341,ok,2026-04-23T19:09:04.139Z
Ancient_art,2026-04-23T14:56:41.578Z,1340543341,ok,2026-04-23T19:09:04.373Z
Ancient_art,2026-04-23T14:59:56.649Z,1340543341,ok,2026-04-23T19:09:04.603Z
Ancient_art,2026-04-23T15:13:46.524Z,1340543341,ok,2026-04-23T19:09:04.841Z
Ancient_art,2026-04-23T15:14:30.435Z,1340543341,ok,2026-04-23T19:09:05.065Z
Ancient_art,2026-04-23T15:16:40.647Z,1340543341,ok,2026-04-23T19:09:05.290Z
Ancient_art,2026-04-23T15:22:57.463Z,1340543341,ok,2026-04-23T19:09:05.522Z
Ancient_art,2026-04-23T15:23:59.684Z,1340543341,ok,2026-04-23T19:09:05.774Z
Ancient_art,2026-04-23T15:30:14.787Z,1340543341,ok,2026-04-23T19:09:06.008Z
Ancient_art,2026-04-23T15:31:44.929Z,1340543341,ok,2026-04-23T19:09:06.251Z
Ancient_art,2026-04-23T15:34:07.123Z,1340543341,ok,2026-04-23T19:09:06.486Z
Ancient_art,2026-04-23T15:37:11.585Z,1340543341,ok,2026-04-23T19:09:06.751Z
Ancient_art,2026-04-23T15:38:30.647Z,1340543341,ok,2026-04-23T19:09:07.001Z
Ancient_art,2026-04-23T15:57:35.022Z,1340543341,ok,2026-04-23T19:09:07.233Z
Ancient_art,2026-04-23T15:59:41.557Z,1340543341,ok,2026-04-23T19:09:07.464Z
Ancient_art,2026-04-23T16:00:56.496Z,1340543341,ok,2026-04-23T19:09:07.697Z
Ancient_art,2026-04-23T16:03:59.179Z,1340543341,ok,2026-04-23T19:09:07.946Z
Ancient_art,2026-04-23T16:07:24.326Z,1340543341,ok,2026-04-23T19:09:08.198Z
Ancient_art,2026-04-23T16:07:33.783Z,1340543341,ok,2026-04-23T19:09:08.434Z
Ancient_art,2026-04-23T16:09:25.208Z,1340543341,ok,2026-04-23T19:09:08.663Z
Ancient_art,2026-04-23T16:10:52.416Z,1340543341,ok,2026-04-23T19:09:08.894Z
Ancient_art,2026-04-23T16:11:50.223Z,1340543341,ok,2026-04-23T19:09:09.147Z
Ancient_art,2026-04-23T16:14:59.531Z,1340543341,ok,2026-04-23T19:09:09.410Z
Ancient_art,2026-04-23T16:20:50.628Z,1340543341,ok,2026-04-23T19:09:09.656Z
Ancient_art,2026-04-23T16:21:05.735Z,1340543341,ok,2026-04-23T19:09:09.894Z
Ancient_art,2026-04-23T16:21:12.259Z,1340543341,ok,2026-04-23T19:09:10.131Z
Ancient_art,2026-04-23T16:21:14.134Z,1340543341,ok,2026-04-23T19:09:10.380Z
Ancient_art,2026-04-23T16:21:16.202Z,1340543341,ok,2026-04-23T19:09:10.604Z
Ancient_art,2026-04-23T16:21:33.354Z,1340543341,ok,2026-04-23T19:09:10.845Z
Ancient_art,2026-04-23T16:21:40.563Z,1340543341,ok,2026-04-23T19:09:11.081Z
Ancient_art,2026-04-23T16:29:01.147Z,1340543341,ok,2026-04-23T19:09:11.307Z
Ancient_art,2026-04-23T16:29:42.626Z,1340543341,ok,2026-04-23T19:09:11.540Z
Ancient_art,2026-04-23T16:29:50.831Z,1340543341,ok,2026-04-23T19:09:11.774Z
Ancient_art,2026-04-23T16:35:21.542Z,1340543341,ok,2026-04-23T19:09:12.025Z
Ancient_art,2026-04-23T16:36:40.273Z,1340543341,ok,2026-04-23T19:09:12.250Z
Ancient_art,2026-04-23T16:41:20.841Z,1340543341,ok,2026-04-23T19:09:12.481Z
Ancient_art,2026-04-23T16:49:44.659Z,1340543341,ok,2026-04-23T19:09:12.726Z
Ancient_art,2026-04-23T16:50:16.004Z,1340543341,ok,2026-04-23T19:09:12.975Z
Ancient_art,2026-04-23T16:52:09.805Z,1340543341,ok,2026-04-23T19:09:13.205Z
Ancient_art,2026-04-23T16:53:15.520Z,1340543341,ok,2026-04-23T19:09:13.438Z
Antiquities_trade,2026-04-20T14:38:37.803Z,1343571049,ok,2026-04-23T19:09:13.687Z
Aquatic_mammal,2026-04-23T16:59:41.873Z,1326413680,ok,2026-04-23T19:09:13.915Z
Aquatic_plants,2026-04-23T12:34:34.780Z,1346764558,ok,2026-04-23T19:09:14.152Z
Aquatic_plants,2026-04-23T13:21:26.630Z,1346764558,ok,2026-04-23T19:09:14.379Z
Aquatic_plants,2026-04-23T15:53:40.471Z,1346764558,ok,2026-04-23T19:09:14.626Z
Aquatic_plants,2026-04-23T16:04:50.048Z,1346764558,ok,2026-04-23T19:09:14.873Z
Aquatic_plants,2026-04-23T16:26:23.471Z,1346764558,ok,2026-04-23T19:09:15.099Z
Archaeology_museum,2026-04-23T13:34:48.642Z,1334109068,ok,2026-04-23T19:09:15.330Z
Archetype,2026-04-23T16:01:56.763Z,1339729521,ok,2026-04-23T19:09:15.569Z
Archetype,2026-04-23T16:05:06.995Z,1339729521,ok,2026-04-23T19:09:15.798Z
Aron_K._Barbey,2026-04-20T14:46:51.912Z,1341257079,ok,2026-04-23T19:09:16.043Z
Art,2026-04-20T14:34:22.691Z,1349751670,ok,2026-04-23T19:09:16.276Z
Art,2026-04-23T12:46:50.789Z,1350408072,ok,2026-04-23T19:09:16.541Z
Art,2026-04-23T12:48:33.441Z,1350408072,ok,2026-04-23T19:09:16.776Z
Art,2026-04-23T13:36:40.912Z,1350408072,ok,2026-04-23T19:09:17.006Z
Art,2026-04-23T14:17:22.785Z,1350408072,ok,2026-04-23T19:09:17.230Z
Art,2026-04-23T14:56:14.107Z,1350408072,ok,2026-04-23T19:09:17.465Z
Art,2026-04-23T14:57:28.830Z,1350408072,ok,2026-04-23T19:09:17.720Z
Art,2026-04-23T15:03:51.586Z,1350408072,ok,2026-04-23T19:09:17.950Z
Art,2026-04-23T16:20:06.453Z,1350408072,ok,2026-04-23T19:09:18.185Z
Art,2026-04-23T16:21:44.557Z,1350408072,ok,2026-04-23T19:09:18.427Z
Art,2026-04-23T16:54:32.789Z,1350408072,ok,2026-04-23T19:09:18.653Z
Art_gallery,2026-04-23T16:09:23.991Z,1343266310,ok,2026-04-23T19:09:18.885Z
Art_gallery,2026-04-23T16:10:39.732Z,1343266310,ok,2026-04-23T19:09:19.114Z
Art_history,2026-04-23T12:54:17.963Z,1346853612,ok,2026-04-23T19:09:19.343Z
Art_history,2026-04-23T12:55:37.985Z,1346853612,ok,2026-04-23T19:09:19.591Z
Art_history,2026-04-23T14:14:01.828Z,1346853612,ok,2026-04-23T19:09:19.819Z
Art_history,2026-04-23T14:25:46.472Z,1346853612,ok,2026-04-23T19:09:20.065Z
Art_history,2026-04-23T15:59:56.401Z,1346853612,ok,2026-04-23T19:09:20.313Z
Art_history_(disambiguation),2026-04-23T15:13:03.405Z,891152645,ok,2026-04-23T19:09:20.559Z
Art_museum,2026-04-23T15:15:52.691Z,1343665673,ok,2026-04-23T19:09:20.811Z
Art_of_Europe,2026-04-23T12:48:58.232Z,1347310179,ok,2026-04-23T19:09:21.040Z
Art_of_ancient_Egypt,2026-04-23T12:51:59.113Z,1349444280,ok,2026-04-23T19:09:21.274Z
Art_of_ancient_Egypt,2026-04-23T13:28:08.791Z,1349444280,ok,2026-04-23T19:09:21.506Z
Art_of_ancient_Egypt,2026-04-23T13:29:43.338Z,1349444280,ok,2026-04-23T19:09:21.776Z
Art_of_ancient_Egypt,2026-04-23T13:30:31.882Z,1349444280,ok,2026-04-23T19:09:22.000Z
Art_of_ancient_Egypt,2026-04-23T13:32:22.644Z,1349444280,ok,2026-04-23T19:09:22.227Z
Art_of_ancient_Egypt,2026-04-23T16:10:12.414Z,1349444280,ok,2026-04-23T19:09:22.467Z
Art_of_ancient_Egypt,2026-04-23T16:12:06.065Z,1349444280,ok,2026-04-23T19:09:22.733Z
Art_of_ancient_Egypt,2026-04-23T16:13:00.090Z,1349444280,ok,2026-04-23T19:09:22.974Z
Art_of_ancient_Egypt,2026-04-23T16:15:15.289Z,1349444280,ok,2026-04-23T19:09:23.203Z
Art_of_ancient_Egypt,2026-04-23T16:18:07.055Z,1349444280,ok,2026-04-23T19:09:23.454Z
Art_of_ancient_Egypt,2026-04-23T16:18:36.736Z,1349444280,ok,2026-04-23T19:09:23.707Z
Art_of_ancient_Egypt,2026-04-23T16:18:44.633Z,1349444280,ok,2026-04-23T19:09:23.932Z
Art_repatriation,2026-04-20T14:42:36.409Z,1349693741,ok,2026-04-23T19:09:24.202Z
Balinese_Painting,2026-04-23T12:37:37.838Z,1319509163,ok,2026-04-23T19:09:24.439Z
Basal_ganglia,2026-04-23T12:45:28.354Z,1347793833,ok,2026-04-23T19:09:24.671Z
Behavioral_neuroscience,2026-04-23T12:57:41.202Z,1345177698,ok,2026-04-23T19:09:24.902Z
Behavioral_neuroscience,2026-04-23T13:00:43.304Z,1345177698,ok,2026-04-23T19:09:25.126Z
Behavioral_neuroscience,2026-04-23T13:01:30.252Z,1345177698,ok,2026-04-23T19:09:25.375Z
Behaviorism,2026-04-23T13:00:10.482Z,1344500192,ok,2026-04-23T19:09:25.606Z
Brain,2026-04-20T14:10:22.088Z,1347518519,ok,2026-04-23T19:09:26.024Z
Brain,2026-04-23T12:35:37.198Z,1347518519,ok,2026-04-23T19:09:26.250Z
Brain,2026-04-23T12:38:23.336Z,1347518519,ok,2026-04-23T19:09:26.485Z
Brain,2026-04-23T13:06:30.356Z,1347518519,ok,2026-04-23T19:09:26.725Z
Brain,2026-04-23T13:23:32.181Z,1347518519,ok,2026-04-23T19:09:26.949Z
Brain,2026-04-23T13:37:58.433Z,1347518519,ok,2026-04-23T19:09:27.179Z
Brain,2026-04-23T14:07:34.384Z,1347518519,ok,2026-04-23T19:09:27.427Z
Brain,2026-04-23T14:11:14.357Z,1347518519,ok,2026-04-23T19:09:27.676Z
Brain,2026-04-23T14:43:08.269Z,1347518519,ok,2026-04-23T19:09:27.901Z
Brain,2026-04-23T15:03:33.914Z,1347518519,ok,2026-04-23T19:09:28.162Z
Brain,2026-04-23T15:05:49.387Z,1347518519,ok,2026-04-23T19:09:28.398Z
Brain,2026-04-23T15:12:46.600Z,1347518519,ok,2026-04-23T19:09:28.642Z
Brain,2026-04-23T15:20:16.593Z,1347518519,ok,2026-04-23T19:09:28.878Z
Brain,2026-04-23T15:33:17.130Z,1347518519,ok,2026-04-23T19:09:29.122Z
Brain,2026-04-23T16:09:18.223Z,1347518519,ok,2026-04-23T19:09:29.381Z
Brain,2026-04-23T16:21:24.023Z,1347518519,ok,2026-04-23T19:09:29.619Z
Brain,2026-04-23T16:39:07.194Z,1347518519,ok,2026-04-23T19:09:29.849Z
Brain,2026-04-23T16:46:51.600Z,1347518519,ok,2026-04-23T19:09:30.076Z
Brain,2026-04-23T16:51:45.992Z,1347518519,ok,2026-04-23T19:09:30.319Z
Brain_(disambiguation),2026-04-23T14:11:18.691Z,1338495285,ok,2026-04-23T19:09:30.558Z
Brain_Powerd,2026-04-23T14:10:59.054Z,1350610623,ok,2026-04-23T19:09:30.787Z
Brain_Research,2026-04-23T15:05:34.478Z,1152341978,ok,2026-04-23T19:09:31.031Z
Brain_implant,2026-04-23T13:29:19.527Z,1337817569,ok,2026-04-23T19:09:31.283Z
Brain_implant,2026-04-23T13:36:42.925Z,1337817569,ok,2026-04-23T19:09:31.517Z
Brain_of_Albert_Einstein,2026-04-20T14:06:14.170Z,1335674790,ok,2026-04-23T19:09:31.746Z
Brain_of_Albert_Einstein,2026-04-23T12:50:46.415Z,1335674790,ok,2026-04-23T19:09:31.992Z
Brain_of_Albert_Einstein,2026-04-23T13:24:54.982Z,1335674790,ok,2026-04-23T19:09:32.249Z
Brain_of_Albert_Einstein,2026-04-23T13:25:20.779Z,1335674790,ok,2026-04-23T19:09:32.489Z
Capybara,2026-04-20T13:51:35.766Z,1349431902,ok,2026-04-23T19:09:32.729Z
Capybara,2026-04-20T14:27:16.715Z,1349431902,ok,2026-04-23T19:09:32.981Z
Capybara,2026-04-23T12:32:31.840Z,1349431902,ok,2026-04-23T19:09:33.210Z
Capybara,2026-04-23T12:32:54.605Z,1349431902,ok,2026-04-23T19:09:33.452Z
Capybara,2026-04-23T12:33:24.615Z,1349431902,ok,2026-04-23T19:09:33.683Z
Capybara,2026-04-23T12:33:35.403Z,1349431902,ok,2026-04-23T19:09:33.906Z
Capybara,2026-04-23T12:33:47.139Z,1349431902,ok,2026-04-23T19:09:34.157Z
Capybara,2026-04-23T12:34:54.481Z,1349431902,ok,2026-04-23T19:09:34.382Z
Capybara,2026-04-23T12:36:08.606Z,1349431902,ok,2026-04-23T19:09:34.613Z
Capybara,2026-04-23T12:37:39.486Z,1349431902,ok,2026-04-23T19:09:34.843Z
Capybara,2026-04-23T12:38:35.912Z,1349431902,ok,2026-04-23T19:09:35.076Z
Capybara,2026-04-23T12:44:22.500Z,1349431902,ok,2026-04-23T19:09:35.301Z
Capybara,2026-04-23T12:54:31.356Z,1349431902,ok,2026-04-23T19:09:35.535Z
Capybara,2026-04-23T13:09:51.763Z,1349431902,ok,2026-04-23T19:09:35.783Z
Capybara,2026-04-23T13:12:56.449Z,1349431902,ok,2026-04-23T19:09:36.009Z
Capybara,2026-04-23T13:15:48.624Z,1349431902,ok,2026-04-23T19:09:36.255Z
Capybara,2026-04-23T13:17:29.370Z,1349431902,ok,2026-04-23T19:09:36.485Z
Capybara,2026-04-23T13:18:31.457Z,1349431902,ok,2026-04-23T19:09:36.716Z
Capybara,2026-04-23T13:18:58.788Z,1349431902,ok,2026-04-23T19:09:36.952Z
Capybara,2026-04-23T13:21:37.425Z,1349431902,ok,2026-04-23T19:09:37.178Z
Capybara,2026-04-23T13:24:16.371Z,1349431902,ok,2026-04-23T19:09:37.402Z
Capybara,2026-04-23T13:25:05.475Z,1349431902,ok,2026-04-23T19:09:37.636Z
Capybara,2026-04-23T13:47:56.711Z,1349431902,ok,2026-04-23T19:09:37.874Z
Capybara,2026-04-23T13:55:17.477Z,1349431902,ok,2026-04-23T19:09:38.115Z
Capybara,2026-04-23T13:55:32.454Z,1349431902,ok,2026-04-23T19:09:38.367Z
Capybara,2026-04-23T13:58:24.364Z,1349431902,ok,2026-04-23T19:09:38.612Z
Capybara,2026-04-23T13:59:08.335Z,1349431902,ok,2026-04-23T19:09:38.858Z
Capybara,2026-04-23T14:02:30.481Z,1349431902,ok,2026-04-23T19:09:39.096Z
Capybara,2026-04-23T14:02:46.443Z,1349431902,ok,2026-04-23T19:09:39.331Z
Capybara,2026-04-23T14:02:50.483Z,1349431902,ok,2026-04-23T19:09:39.567Z
Capybara,2026-04-23T14:04:19.644Z,1349431902,ok,2026-04-23T19:09:39.802Z
Capybara,2026-04-23T14:10:10.736Z,1349431902,ok,2026-04-23T19:09:40.052Z
Capybara,2026-04-23T14:35:04.737Z,1349431902,ok,2026-04-23T19:09:40.281Z
Capybara,2026-04-23T14:35:12.473Z,1349431902,ok,2026-04-23T19:09:40.538Z
Capybara,2026-04-23T14:40:56.364Z,1349431902,ok,2026-04-23T19:09:40.775Z
Capybara,2026-04-23T14:44:38.962Z,1349431902,ok,2026-04-23T19:09:41.027Z
Capybara,2026-04-23T14:45:46.437Z,1349431902,ok,2026-04-23T19:09:41.252Z
Capybara,2026-04-23T14:46:40.636Z,1349431902,ok,2026-04-23T19:09:41.478Z
Capybara,2026-04-23T14:49:11.019Z,1349431902,ok,2026-04-23T19:09:41.727Z
Capybara,2026-04-23T14:57:15.600Z,1349431902,ok,2026-04-23T19:09:41.987Z
Capybara,2026-04-23T15:10:39.691Z,1349431902,ok,2026-04-23T19:09:42.390Z
Capybara,2026-04-23T15:10:58.564Z,1349431902,ok,2026-04-23T19:09:42.623Z
Capybara,2026-04-23T15:12:25.879Z,1349431902,ok,2026-04-23T19:09:42.849Z
Capybara,2026-04-23T15:15:06.743Z,1349431902,ok,2026-04-23T19:09:43.092Z
Capybara,2026-04-23T15:17:04.075Z,1349431902,ok,2026-04-23T19:09:43.348Z
Capybara,2026-04-23T15:17:33.172Z,1349431902,ok,2026-04-23T19:09:43.607Z
Capybara,2026-04-23T15:19:58.445Z,1349431902,ok,2026-04-23T19:09:43.851Z
Capybara,2026-04-23T15:29:46.018Z,1349431902,ok,2026-04-23T19:09:44.089Z
Capybara,2026-04-23T15:47:03.470Z,1349431902,ok,2026-04-23T19:09:44.351Z
Capybara,2026-04-23T15:48:24.693Z,1349431902,ok,2026-04-23T19:09:44.578Z
Capybara,2026-04-23T15:48:35.084Z,1349431902,ok,2026-04-23T19:09:44.803Z
Capybara,2026-04-23T15:49:58.575Z,1349431902,ok,2026-04-23T19:09:45.027Z
Capybara,2026-04-23T15:50:32.396Z,1349431902,ok,2026-04-23T19:09:45.266Z
Capybara,2026-04-23T15:53:54.924Z,1349431902,ok,2026-04-23T19:09:45.504Z
Capybara,2026-04-23T15:56:05.846Z,1349431902,ok,2026-04-23T19:09:45.726Z
Capybara,2026-04-23T15:57:02.228Z,1349431902,ok,2026-04-23T19:09:45.948Z
Capybara,2026-04-23T15:57:24.480Z,1349431902,ok,2026-04-23T19:09:46.173Z
Capybara,2026-04-23T16:02:59.284Z,1349431902,ok,2026-04-23T19:09:46.414Z
Capybara,2026-04-23T16:03:29.244Z,1349431902,ok,2026-04-23T19:09:46.638Z
Capybara,2026-04-23T16:04:41.337Z,1349431902,ok,2026-04-23T19:09:46.874Z
Capybara,2026-04-23T16:04:48.971Z,1349431902,ok,2026-04-23T19:09:47.116Z
Capybara,2026-04-23T16:05:08.555Z,1349431902,ok,2026-04-23T19:09:47.359Z
Capybara,2026-04-23T16:07:43.637Z,1349431902,ok,2026-04-23T19:09:47.581Z
Capybara,2026-04-23T16:08:31.607Z,1349431902,ok,2026-04-23T19:09:47.821Z
Capybara,2026-04-23T16:11:32.480Z,1349431902,ok,2026-04-23T19:09:48.069Z
Capybara,2026-04-23T16:23:39.858Z,1349431902,ok,2026-04-23T19:09:48.292Z
Capybara,2026-04-23T16:23:56.909Z,1349431902,ok,2026-04-23T19:09:48.518Z
Capybara,2026-04-23T16:24:02.997Z,1349431902,ok,2026-04-23T19:09:48.772Z
Capybara,2026-04-23T16:26:53.169Z,1349431902,ok,2026-04-23T19:09:48.994Z
Capybara,2026-04-23T16:27:52.463Z,1349431902,ok,2026-04-23T19:09:49.228Z
Capybara,2026-04-23T16:33:09.618Z,1349431902,ok,2026-04-23T19:09:49.460Z
Capybara,2026-04-23T16:33:10.356Z,1349431902,ok,2026-04-23T19:09:49.698Z
Capybara,2026-04-23T16:38:49.900Z,1349431902,ok,2026-04-23T19:09:49.954Z
Capybara,2026-04-23T16:42:20.507Z,1349431902,ok,2026-04-23T19:09:50.211Z
Capybara,2026-04-23T16:49:26.079Z,1349431902,ok,2026-04-23T19:09:50.453Z
Capybara,2026-04-23T16:55:39.774Z,1349431902,ok,2026-04-23T19:09:50.696Z
Capybara,2026-04-23T17:00:48.260Z,1349431902,ok,2026-04-23T19:09:50.932Z
Capybara_(disambiguation),2026-04-23T12:44:14.533Z,1286780159,ok,2026-04-23T19:09:51.162Z
Celtic_art,2026-04-23T14:01:49.286Z,1343934853,ok,2026-04-23T19:09:51.402Z
Cerebrum,2026-04-23T14:00:12.488Z,1337482047,ok,2026-04-23T19:09:51.655Z
Cerebrum,2026-04-23T14:02:22.734Z,1337482047,ok,2026-04-23T19:09:51.898Z
Chinchilla,2026-04-23T16:03:28.090Z,1348134988,ok,2026-04-23T19:09:52.132Z
Classical_architecture,2026-04-23T16:12:42.401Z,1326371786,ok,2026-04-23T19:09:52.382Z
Classical_element,2026-04-23T13:34:47.488Z,1344230261,ok,2026-04-23T19:09:52.630Z
Classical_music,2026-04-23T15:33:36.658Z,1349022619,ok,2026-04-23T19:09:52.860Z
Classificatory_disputes_about_art,2026-04-23T13:31:47.104Z,1327642073,ok,2026-04-23T19:09:53.103Z
Classificatory_disputes_about_art,2026-04-23T16:05:42.136Z,1327642073,ok,2026-04-23T19:09:53.331Z
Classificatory_disputes_about_art,2026-04-23T16:10:10.724Z,1327642073,ok,2026-04-23T19:09:53.574Z
Cognition,2026-04-23T14:13:31.609Z,1350681006,ok,2026-04-23T19:09:53.810Z
Cognition,2026-04-23T14:15:21.077Z,1350681006,ok,2026-04-23T19:09:54.038Z
Cognition,2026-04-23T14:16:59.732Z,1350681006,ok,2026-04-23T19:09:54.269Z
Cognition,2026-04-23T14:47:24.047Z,1350681006,ok,2026-04-23T19:09:54.521Z
Cognitive_architecture,2026-04-23T14:27:56.816Z,1347132946,ok,2026-04-23T19:09:54.764Z
Cognitive_neuroscience,2026-04-23T13:07:20.029Z,1348892447,ok,2026-04-23T19:09:55.017Z
Cognitive_neuroscience,2026-04-23T17:08:18.924Z,1348892447,ok,2026-04-23T19:09:55.250Z
Cognitive_science,2026-04-23T13:06:23.455Z,1348109510,ok,2026-04-23T19:09:55.483Z
Cognitive_science,2026-04-23T14:24:32.871Z,1348109510,ok,2026-04-23T19:09:55.723Z
Cognitive_skill,2026-04-23T17:05:41.876Z,1344953904,ok,2026-04-23T19:09:55.956Z
Cognitivism_(psychology),2026-04-23T17:08:14.533Z,1292136100,ok,2026-04-23T19:09:56.192Z
Consciousness,2026-04-23T17:07:00.871Z,1349624382,ok,2026-04-23T19:09:56.421Z
Contemporary_A_Cappella_Society,2026-04-23T16:13:33.782Z,1312554199,ok,2026-04-23T19:09:56.648Z
Contemporary_Art_Society,2026-04-23T12:38:54.700Z,1322451486,ok,2026-04-23T19:09:56.898Z
Contemporary_Art_Society,2026-04-23T13:53:55.000Z,1322451486,ok,2026-04-23T19:09:57.128Z
Contemporary_Art_Society,2026-04-23T14:00:50.281Z,1322451486,ok,2026-04-23T19:09:57.367Z
Contemporary_Art_Society,2026-04-23T14:11:25.145Z,1322451486,ok,2026-04-23T19:09:57.603Z
Contemporary_Art_Society,2026-04-23T14:13:08.283Z,1322451486,ok,2026-04-23T19:09:57.832Z
Contemporary_Art_Society,2026-04-23T14:55:52.187Z,1322451486,ok,2026-04-23T19:09:58.059Z
Contemporary_Art_Society,2026-04-23T16:06:10.006Z,1322451486,ok,2026-04-23T19:09:58.290Z
Contemporary_Art_Society,2026-04-23T16:11:07.825Z,1322451486,ok,2026-04-23T19:09:58.524Z
Contemporary_Art_Society,2026-04-23T16:12:22.089Z,1322451486,ok,2026-04-23T19:09:58.767Z
Contemporary_Art_Society,2026-04-23T16:29:32.646Z,1322451486,ok,2026-04-23T19:09:59.021Z
Contemporary_art,2026-04-20T13:57:11.962Z,1342754354,ok,2026-04-23T19:09:59.256Z
Contemporary_art,2026-04-23T12:35:47.519Z,1342754354,ok,2026-04-23T19:09:59.541Z
Contemporary_art,2026-04-23T12:36:26.622Z,1342754354,ok,2026-04-23T19:09:59.770Z
Contemporary_art,2026-04-23T12:37:40.969Z,1342754354,ok,2026-04-23T19:10:00.018Z
Contemporary_art,2026-04-23T12:37:42.039Z,1342754354,ok,2026-04-23T19:10:00.248Z
Contemporary_art,2026-04-23T12:45:37.802Z,1342754354,ok,2026-04-23T19:10:00.505Z
Contemporary_art,2026-04-23T12:46:21.391Z,1342754354,ok,2026-04-23T19:10:00.736Z
Contemporary_art,2026-04-23T12:55:34.151Z,1342754354,ok,2026-04-23T19:10:00.962Z
Contemporary_art,2026-04-23T12:56:01.568Z,1342754354,ok,2026-04-23T19:10:01.201Z
Contemporary_art,2026-04-23T12:57:49.333Z,1342754354,ok,2026-04-23T19:10:01.439Z
Contemporary_art,2026-04-23T14:00:55.726Z,1342754354,ok,2026-04-23T19:10:01.681Z
Contemporary_art,2026-04-23T14:01:28.988Z,1342754354,ok,2026-04-23T19:10:01.912Z
Contemporary_art,2026-04-23T14:08:14.039Z,1342754354,ok,2026-04-23T19:10:02.136Z
Contemporary_art,2026-04-23T14:12:15.298Z,1342754354,ok,2026-04-23T19:10:02.389Z
Contemporary_art,2026-04-23T14:49:32.307Z,1342754354,ok,2026-04-23T19:10:02.613Z
Contemporary_art,2026-04-23T14:55:56.793Z,1342754354,ok,2026-04-23T19:10:02.838Z
Contemporary_art,2026-04-23T15:16:46.311Z,1342754354,ok,2026-04-23T19:10:03.074Z
Contemporary_art,2026-04-23T15:23:41.542Z,1342754354,ok,2026-04-23T19:10:03.317Z
Contemporary_art,2026-04-23T15:33:11.864Z,1342754354,ok,2026-04-23T19:10:03.597Z
Contemporary_art,2026-04-23T15:34:12.917Z,1342754354,ok,2026-04-23T19:10:03.824Z
Contemporary_art,2026-04-23T15:34:51.079Z,1342754354,ok,2026-04-23T19:10:04.050Z
Contemporary_art,2026-04-23T15:40:06.507Z,1342754354,ok,2026-04-23T19:10:04.288Z
Contemporary_art,2026-04-23T16:01:09.146Z,1342754354,ok,2026-04-23T19:10:04.517Z
Contemporary_art,2026-04-23T16:03:51.890Z,1342754354,ok,2026-04-23T19:10:04.781Z
Contemporary_art,2026-04-23T16:04:01.057Z,1342754354,ok,2026-04-23T19:10:05.021Z
Contemporary_art,2026-04-23T16:05:40.674Z,1342754354,ok,2026-04-23T19:10:05.249Z
Contemporary_art,2026-04-23T16:11:55.365Z,1342754354,ok,2026-04-23T19:10:05.489Z
Contemporary_art,2026-04-23T16:12:31.381Z,1342754354,ok,2026-04-23T19:10:05.731Z
Contemporary_art,2026-04-23T16:16:30.810Z,1342754354,ok,2026-04-23T19:10:05.954Z
Contemporary_art,2026-04-23T16:17:41.330Z,1342754354,ok,2026-04-23T19:10:06.178Z
Contemporary_art,2026-04-23T16:20:17.963Z,1342754354,ok,2026-04-23T19:10:06.405Z
Contemporary_art,2026-04-23T16:21:43.863Z,1342754354,ok,2026-04-23T19:10:06.634Z
Contemporary_art,2026-04-23T16:28:59.378Z,1342754354,ok,2026-04-23T19:10:06.859Z
Contemporary_art,2026-04-23T16:37:29.825Z,1342754354,ok,2026-04-23T19:10:07.093Z
Contemporary_art,2026-04-23T16:52:16.133Z,1342754354,ok,2026-04-23T19:10:07.347Z
Contemporary_art,2026-04-23T17:12:55.155Z,1342754354,ok,2026-04-23T19:10:07.582Z
Contemporary_art_in_Egypt,2026-04-23T12:49:16.415Z,1332358783,ok,2026-04-23T19:10:07.808Z
Contemporary_art_in_Egypt,2026-04-23T13:30:18.851Z,1332358783,ok,2026-04-23T19:10:08.041Z
Contemporary_art_in_Egypt,2026-04-23T15:26:34.475Z,1332358783,ok,2026-04-23T19:10:08.269Z
Contemporary_history,2026-04-23T14:19:02.202Z,1349502104,ok,2026-04-23T19:10:08.494Z
Coprophagous,2026-04-23T15:18:01.557Z,1345570968,ok,2026-04-23T19:10:08.750Z
Coprophagous,2026-04-23T15:54:43.570Z,1345570968,ok,2026-04-23T19:10:09.034Z
Creativity,2026-04-23T13:02:40.833Z,1348561617,ok,2026-04-23T19:10:09.320Z
Creativity,2026-04-23T13:39:16.007Z,1348561617,ok,2026-04-23T19:10:09.554Z
Creativity,2026-04-23T16:23:26.712Z,1348561617,ok,2026-04-23T19:10:09.811Z
Curiosity,2026-04-23T14:22:30.971Z,1341423987,ok,2026-04-23T19:10:10.049Z
Curiosity,2026-04-23T14:24:43.531Z,1341423987,ok,2026-04-23T19:10:10.278Z
Curiosity,2026-04-23T14:26:31.462Z,1341423987,ok,2026-04-23T19:10:10.520Z
Curiosity,2026-04-23T14:28:22.920Z,1341423987,ok,2026-04-23T19:10:10.749Z
Curiosity,2026-04-23T15:40:08.554Z,1341423987,ok,2026-04-23T19:10:10.992Z
Curiosity,2026-04-23T15:40:26.926Z,1341423987,ok,2026-04-23T19:10:11.226Z
Deeper_learning,2026-04-20T14:53:34.701Z,1344039016,ok,2026-04-23T19:10:11.475Z
Default_mode_network,2026-04-23T16:13:33.187Z,1344529593,ok,2026-04-23T19:10:11.704Z
Default_mode_network,2026-04-23T16:21:51.049Z,1344529593,ok,2026-04-23T19:10:11.951Z
Depression_(mood),2026-04-23T15:40:25.758Z,1346485183,ok,2026-04-23T19:10:12.198Z
Developmental_neuroscience,2026-04-23T12:49:35.102Z,1334885540,ok,2026-04-23T19:10:12.432Z
Discovery_(observation),2026-04-23T12:41:13.006Z,1343101902,ok,2026-04-23T19:10:12.656Z
Discovery_(observation),2026-04-23T12:46:54.815Z,1343101902,ok,2026-04-23T19:10:12.905Z
Discovery_(observation),2026-04-23T14:30:33.487Z,1343101902,ok,2026-04-23T19:10:13.152Z
Discovery_(observation),2026-04-23T14:47:10.166Z,1343101902,ok,2026-04-23T19:10:13.396Z
Discovery_(observation),2026-04-23T14:55:12.571Z,1343101902,ok,2026-04-23T19:10:13.635Z
Discovery_(observation),2026-04-23T14:56:02.340Z,1343101902,ok,2026-04-23T19:10:13.884Z
Discovery_(observation),2026-04-23T15:56:51.920Z,1343101902,ok,2026-04-23T19:10:14.133Z
Discovery_of_the_tomb_of_Tutankhamun,2026-04-23T16:37:34.941Z,1342747614,ok,2026-04-23T19:10:14.362Z
Discovery_science,2026-04-23T12:39:43.468Z,1327847989,ok,2026-04-23T19:10:14.609Z
Discovery_science,2026-04-23T14:51:48.906Z,1327847989,ok,2026-04-23T19:10:14.859Z
Donald_J._Robertson,2026-04-23T14:13:31.389Z,1341645722,ok,2026-04-23T19:10:15.085Z
Educational_neuroscience,2026-04-23T14:08:57.214Z,1348554868,ok,2026-04-23T19:10:15.336Z
Educational_neuroscience,2026-04-23T15:55:39.016Z,1348554868,ok,2026-04-23T19:10:15.559Z
Educational_neuroscience,2026-04-23T16:18:24.351Z,1348554868,ok,2026-04-23T19:10:15.796Z
Educational_neuroscience,2026-04-23T16:29:00.891Z,1348554868,ok,2026-04-23T19:10:16.046Z
Elgin_Marbles,2026-04-23T16:39:52.182Z,1347215274,ok,2026-04-23T19:10:16.313Z
Emotion,2026-04-23T13:43:24.028Z,1348787980,ok,2026-04-23T19:10:16.544Z
Epigenetic,2026-04-23T16:16:15.104Z,1350140624,ok,2026-04-23T19:10:16.790Z
Erotic_art,2026-04-23T16:58:03.239Z,1343969385,ok,2026-04-23T19:10:17.041Z
European_art_history,2026-04-23T13:29:46.458Z,1347310179,ok,2026-04-23T19:10:17.272Z
Executive_functions,2026-04-23T16:15:18.018Z,1350587610,ok,2026-04-23T19:10:17.501Z
Female_ejaculation,2026-04-23T17:08:05.265Z,1347159577,ok,2026-04-23T19:10:17.733Z
Female_ejaculation,2026-04-23T17:08:32.994Z,1347159577,ok,2026-04-23T19:10:17.980Z
Female_ejaculation,2026-04-23T17:08:35.650Z,1347159577,ok,2026-04-23T19:10:18.370Z
Fluid_intelligence,2026-04-20T14:48:34.196Z,1314246864,ok,2026-04-23T19:10:18.615Z
Frank_Rosenblatt,2026-04-20T14:04:41.904Z,1335457631,ok,2026-04-23T19:10:18.873Z
Frontal_lobe,2026-04-23T13:41:17.229Z,1346505154,ok,2026-04-23T19:10:19.111Z
Frontal_lobe,2026-04-23T14:00:27.531Z,1346505154,ok,2026-04-23T19:10:19.357Z
Frontal_lobe,2026-04-23T14:01:28.566Z,1346505154,ok,2026-04-23T19:10:19.599Z
Frontal_lobe,2026-04-23T14:03:25.435Z,1346505154,ok,2026-04-23T19:10:19.830Z
Frontoparietal_network,2026-04-23T16:24:55.352Z,1313828919,ok,2026-04-23T19:10:20.061Z
Frontoparietal_network,2026-04-23T16:29:07.846Z,1313828919,ok,2026-04-23T19:10:20.307Z
Functional_specialization_(brain),2026-04-23T16:48:05.198Z,1311175826,ok,2026-04-23T19:10:20.564Z
Graphical_perspective,2026-04-20T14:36:54.903Z,1349655954,ok,2026-04-23T19:10:20.819Z
Grass,2026-04-23T14:04:12.410Z,1349547258,ok,2026-04-23T19:10:21.060Z
Grass,2026-04-23T15:17:29.612Z,1349547258,ok,2026-04-23T19:10:21.314Z
Grass,2026-04-23T16:26:56.362Z,1349547258,ok,2026-04-23T19:10:21.571Z
Grazing_(behaviour),2026-04-23T15:50:43.930Z,1292231793,ok,2026-04-23T19:10:21.816Z
History,2026-04-23T15:18:04.783Z,1345130275,ok,2026-04-23T19:10:22.044Z
History_of_Asian_art,2026-04-23T13:29:28.039Z,1331643996,ok,2026-04-23T19:10:22.273Z
History_of_art,2026-04-23T12:53:16.849Z,1349898033,ok,2026-04-23T19:10:22.529Z
History_of_art,2026-04-23T12:57:04.489Z,1349898033,ok,2026-04-23T19:10:22.765Z
History_of_art,2026-04-23T14:50:11.894Z,1349898033,ok,2026-04-23T19:10:22.995Z
History_of_art,2026-04-23T15:00:58.852Z,1349898033,ok,2026-04-23T19:10:23.244Z
History_of_art,2026-04-23T15:13:07.955Z,1349898033,ok,2026-04-23T19:10:23.501Z
History_of_art,2026-04-23T15:37:52.802Z,1349898033,ok,2026-04-23T19:10:23.738Z
History_of_art,2026-04-23T16:07:29.920Z,1349898033,ok,2026-04-23T19:10:23.967Z
History_of_art,2026-04-23T16:13:03.015Z,1349898033,ok,2026-04-23T19:10:24.210Z
History_of_art,2026-04-23T16:20:32.081Z,1349898033,ok,2026-04-23T19:10:24.439Z
History_of_art,2026-04-23T16:21:14.717Z,1349898033,ok,2026-04-23T19:10:24.667Z
History_of_art,2026-04-23T16:21:41.258Z,1349898033,ok,2026-04-23T19:10:24.914Z
History_of_art,2026-04-23T16:50:13.853Z,1349898033,ok,2026-04-23T19:10:25.184Z
History_of_art,2026-04-23T16:52:05.836Z,1349898033,ok,2026-04-23T19:10:25.429Z
History_of_the_nude_in_art,2026-04-23T12:49:01.084Z,1349316080,ok,2026-04-23T19:10:25.690Z
History_of_the_nude_in_art,2026-04-23T13:30:28.731Z,1349316080,ok,2026-04-23T19:10:25.922Z
History_of_the_nude_in_art,2026-04-23T13:31:18.140Z,1349316080,ok,2026-04-23T19:10:26.148Z
History_of_the_nude_in_art,2026-04-23T13:34:36.199Z,1349316080,ok,2026-04-23T19:10:26.391Z
History_of_the_nude_in_art,2026-04-23T14:59:38.360Z,1349316080,ok,2026-04-23T19:10:26.620Z
History_of_the_nude_in_art,2026-04-23T15:05:43.297Z,1349316080,ok,2026-04-23T19:10:26.850Z
History_of_the_nude_in_art,2026-04-23T15:16:38.726Z,1349316080,ok,2026-04-23T19:10:27.085Z
History_of_the_nude_in_art,2026-04-23T15:25:01.967Z,1349316080,ok,2026-04-23T19:10:27.322Z
History_of_the_nude_in_art,2026-04-23T15:26:54.365Z,1349316080,ok,2026-04-23T19:10:27.556Z
History_of_the_nude_in_art,2026-04-23T15:28:18.536Z,1349316080,ok,2026-04-23T19:10:27.808Z
History_of_the_nude_in_art,2026-04-23T15:34:15.977Z,1349316080,ok,2026-04-23T19:10:28.061Z
History_of_the_nude_in_art,2026-04-23T15:59:09.774Z,1349316080,ok,2026-04-23T19:10:28.314Z
Homosexuality_in_ancient_Rome,2026-04-23T12:40:12.388Z,1347240533,ok,2026-04-23T19:10:28.572Z
Homosexuality_in_ancient_Rome,2026-04-23T12:47:20.549Z,1347240533,ok,2026-04-23T19:10:28.806Z
Homosexuality_in_ancient_Rome,2026-04-23T12:49:43.697Z,1347240533,ok,2026-04-23T19:10:29.055Z
Homosexuality_in_ancient_Rome,2026-04-23T13:35:31.699Z,1347240533,ok,2026-04-23T19:10:29.380Z
Homosexuality_in_ancient_Rome,2026-04-23T13:36:03.448Z,1347240533,ok,2026-04-23T19:10:29.614Z
Homosexuality_in_ancient_Rome,2026-04-23T13:41:11.479Z,1347240533,ok,2026-04-23T19:10:29.860Z
Homosexuality_in_ancient_Rome,2026-04-23T14:28:37.480Z,1347240533,ok,2026-04-23T19:10:30.093Z
Homosexuality_in_ancient_Rome,2026-04-23T14:29:18.592Z,1347240533,ok,2026-04-23T19:10:30.348Z
Homosexuality_in_ancient_Rome,2026-04-23T15:16:03.560Z,1347240533,ok,2026-04-23T19:10:30.578Z
Homosexuality_in_ancient_Rome,2026-04-23T15:31:42.708Z,1347240533,ok,2026-04-23T19:10:30.829Z
Homosexuality_in_ancient_Rome,2026-04-23T16:30:50.373Z,1347240533,ok,2026-04-23T19:10:31.071Z
Homosexuality_in_ancient_Rome,2026-04-23T16:32:47.155Z,1347240533,ok,2026-04-23T19:10:31.305Z
Homosexuality_in_ancient_Rome,2026-04-23T16:35:06.522Z,1347240533,ok,2026-04-23T19:10:31.544Z
Homosexuality_in_ancient_Rome,2026-04-23T16:41:27.440Z,1347240533,ok,2026-04-23T19:10:31.777Z
Homosexuality_in_ancient_Rome,2026-04-23T17:11:18.031Z,1347240533,ok,2026-04-23T19:10:32.008Z
Homosexuality_in_ancient_Rome,2026-04-23T17:24:51.961Z,1347240533,ok,2026-04-23T19:10:32.248Z
Human_brain,2026-04-20T14:12:22.002Z,1348541413,ok,2026-04-23T19:10:32.482Z
Human_brain,2026-04-23T12:34:55.527Z,1348541413,ok,2026-04-23T19:10:32.716Z
Human_brain,2026-04-23T12:36:15.882Z,1348541413,ok,2026-04-23T19:10:32.944Z
Human_brain,2026-04-23T12:37:51.512Z,1348541413,ok,2026-04-23T19:10:33.194Z
Human_brain,2026-04-23T12:42:53.655Z,1348541413,ok,2026-04-23T19:10:33.428Z
Human_brain,2026-04-23T13:06:50.862Z,1348541413,ok,2026-04-23T19:10:33.667Z
Human_brain,2026-04-23T13:35:50.938Z,1348541413,ok,2026-04-23T19:10:33.899Z
Human_brain,2026-04-23T13:39:56.057Z,1348541413,ok,2026-04-23T19:10:34.134Z
Human_brain,2026-04-23T13:40:21.736Z,1348541413,ok,2026-04-23T19:10:34.366Z
Human_brain,2026-04-23T13:59:46.713Z,1348541413,ok,2026-04-23T19:10:34.600Z
Human_brain,2026-04-23T14:10:05.870Z,1348541413,ok,2026-04-23T19:10:34.851Z
Human_brain,2026-04-23T14:12:19.683Z,1348541413,ok,2026-04-23T19:10:35.079Z
Human_brain,2026-04-23T14:13:41.396Z,1348541413,ok,2026-04-23T19:10:35.321Z
Human_brain,2026-04-23T14:14:28.591Z,1348541413,ok,2026-04-23T19:10:35.548Z
Human_brain,2026-04-23T14:15:24.410Z,1348541413,ok,2026-04-23T19:10:35.771Z
Human_brain,2026-04-23T14:19:48.414Z,1348541413,ok,2026-04-23T19:10:35.999Z
Human_brain,2026-04-23T14:39:49.361Z,1348541413,ok,2026-04-23T19:10:36.230Z
Human_brain,2026-04-23T14:43:39.637Z,1348541413,ok,2026-04-23T19:10:36.456Z
Human_brain,2026-04-23T14:49:17.829Z,1348541413,ok,2026-04-23T19:10:36.865Z
Human_brain,2026-04-23T15:07:41.306Z,1348541413,ok,2026-04-23T19:10:37.098Z
Human_brain,2026-04-23T15:13:46.515Z,1348541413,ok,2026-04-23T19:10:37.347Z
Human_brain,2026-04-23T15:46:03.189Z,1348541413,ok,2026-04-23T19:10:37.598Z
Human_brain,2026-04-23T15:52:41.841Z,1348541413,ok,2026-04-23T19:10:37.840Z
Human_brain,2026-04-23T15:56:19.523Z,1348541413,ok,2026-04-23T19:10:38.083Z
Human_brain,2026-04-23T16:12:55.498Z,1348541413,ok,2026-04-23T19:10:38.318Z
Human_brain,2026-04-23T16:20:54.314Z,1348541413,ok,2026-04-23T19:10:38.553Z
Human_brain,2026-04-23T16:25:58.884Z,1348541413,ok,2026-04-23T19:10:38.799Z
Human_brain,2026-04-23T16:41:28.155Z,1348541413,ok,2026-04-23T19:10:39.023Z
Human_brain,2026-04-23T16:59:29.441Z,1348541413,ok,2026-04-23T19:10:39.275Z
Human_brain,2026-04-23T17:02:08.708Z,1348541413,ok,2026-04-23T19:10:39.519Z
Human_brain,2026-04-23T17:10:03.001Z,1348541413,ok,2026-04-23T19:10:39.745Z
Human_intelligence,2026-04-23T15:38:18.335Z,1348942808,ok,2026-04-23T19:10:39.969Z
Human_intelligence,2026-04-23T15:38:40.577Z,1348942808,ok,2026-04-23T19:10:40.201Z
Human_intelligence,2026-04-23T15:39:25.327Z,1348942808,ok,2026-04-23T19:10:40.452Z
Human_intelligence,2026-04-23T15:39:30.249Z,1348942808,ok,2026-04-23T19:10:40.696Z
Human_intelligence,2026-04-23T17:07:22.555Z,1348942808,ok,2026-04-23T19:10:40.959Z
Human_intelligence_(intelligence_gathering),2026-04-23T15:37:54.510Z,1336273985,ok,2026-04-23T19:10:41.188Z
Human_intelligence_(intelligence_gathering),2026-04-23T15:38:46.715Z,1336273985,ok,2026-04-23T19:10:41.441Z
Human_intelligence_(intelligence_gathering),2026-04-23T15:39:27.775Z,1336273985,ok,2026-04-23T19:10:41.678Z
InSight,2026-04-23T16:13:01.782Z,1349707160,ok,2026-04-23T19:10:41.919Z
Indianapolis_Museum_of_Art,2026-04-23T12:48:29.318Z,1333618904,ok,2026-04-23T19:10:42.152Z
Indianapolis_Museum_of_Art,2026-04-23T16:10:54.279Z,1333618904,ok,2026-04-23T19:10:42.374Z
Intelligence,2026-04-23T15:38:07.343Z,1350643433,ok,2026-04-23T19:10:42.616Z
Intelligence_(disambiguation),2026-04-23T15:38:12.123Z,1303770711,ok,2026-04-23T19:10:42.849Z
Intelligence_(disambiguation),2026-04-23T15:38:42.828Z,1303770711,ok,2026-04-23T19:10:43.101Z
Intelligence_quotient,2026-04-23T17:07:13.965Z,1345658576,ok,2026-04-23T19:10:43.359Z
Lateralization_of_brain_function,2026-04-23T16:46:23.902Z,1348451263,ok,2026-04-23T19:10:43.590Z
Learning,2026-04-23T13:12:23.634Z,1348755899,ok,2026-04-23T19:10:43.979Z
Learning,2026-04-23T16:10:15.397Z,1348755899,ok,2026-04-23T19:10:44.228Z
Learning,2026-04-23T16:15:25.826Z,1348755899,ok,2026-04-23T19:10:44.470Z
Learning,2026-04-23T16:16:21.963Z,1348755899,ok,2026-04-23T19:10:44.696Z
Lesser_capybara,2026-04-23T12:42:18.498Z,1345027539,ok,2026-04-23T19:10:44.944Z
Lesser_capybara,2026-04-23T15:54:18.755Z,1345027539,ok,2026-04-23T19:10:45.170Z
Lesser_capybara,2026-04-23T15:55:55.443Z,1345027539,ok,2026-04-23T19:10:45.411Z
Lesser_capybara,2026-04-23T16:07:27.936Z,1345027539,ok,2026-04-23T19:10:45.644Z
Lesser_capybara,2026-04-23T16:33:15.892Z,1345027539,ok,2026-04-23T19:10:45.874Z
Life,2026-04-23T16:09:06.341Z,1343329351,ok,2026-04-23T19:10:46.114Z
Life_of_Caesar_(Plutarch),2026-04-23T14:22:45.867Z,1312076725,ok,2026-04-23T19:10:46.358Z
List_of_Greek_inventions_and_discoveries,2026-04-23T15:14:43.675Z,1333886066,ok,2026-04-23T19:10:46.614Z
List_of_regions_in_the_human_brain,2026-04-20T14:11:49.746Z,1346511593,ok,2026-04-23T19:10:46.843Z
List_of_regions_in_the_human_brain,2026-04-23T13:01:00.060Z,1346511593,ok,2026-04-23T19:10:47.087Z
Louis_Pasteur,2026-04-23T12:37:47.256Z,1345355893,ok,2026-04-23T19:10:47.319Z
Man-eating_animal,2026-04-23T16:08:16.011Z,1348366804,ok,2026-04-23T19:10:47.576Z
Mask_of_Tutankhamun,2026-04-23T16:36:31.180Z,1350582869,ok,2026-04-23T19:10:47.822Z
Medieval_art,2026-04-23T13:28:17.858Z,1348708348,ok,2026-04-23T19:10:48.068Z
Medieval_art,2026-04-23T13:59:36.614Z,1348708348,ok,2026-04-23T19:10:48.294Z
Medieval_art,2026-04-23T16:21:11.127Z,1348708348,ok,2026-04-23T19:10:48.540Z
Medieval_art,2026-04-23T16:21:27.135Z,1348708348,ok,2026-04-23T19:10:48.776Z
Memetics,2026-04-23T14:29:40.012Z,1345226999,ok,2026-04-23T19:10:49.089Z
Memory,2026-04-23T13:12:12.290Z,1348870624,ok,2026-04-23T19:10:49.315Z
Memory,2026-04-23T14:41:12.176Z,1348870624,ok,2026-04-23T19:10:49.546Z
Metropolitan_Museum_of_Art,2026-04-23T12:46:21.367Z,1349146197,ok,2026-04-23T19:10:49.787Z
Metropolitan_Museum_of_Art,2026-04-23T12:47:15.013Z,1349146197,ok,2026-04-23T19:10:50.027Z
Metropolitan_Museum_of_Art,2026-04-23T12:50:08.339Z,1349146197,ok,2026-04-23T19:10:50.278Z
Metropolitan_Museum_of_Art,2026-04-23T13:28:32.286Z,1349146197,ok,2026-04-23T19:10:50.504Z
Metropolitan_Museum_of_Art,2026-04-23T13:29:23.775Z,1349146197,ok,2026-04-23T19:10:50.750Z
Metropolitan_Museum_of_Art,2026-04-23T13:32:21.322Z,1349146197,ok,2026-04-23T19:10:50.997Z
Metropolitan_Museum_of_Art,2026-04-23T13:33:03.232Z,1349146197,ok,2026-04-23T19:10:51.241Z
Metropolitan_Museum_of_Art,2026-04-23T13:35:43.400Z,1349146197,ok,2026-04-23T19:10:51.472Z
Metropolitan_Museum_of_Art,2026-04-23T13:38:02.803Z,1349146197,ok,2026-04-23T19:10:51.833Z
Metropolitan_Museum_of_Art,2026-04-23T13:41:59.318Z,1349146197,ok,2026-04-23T19:10:52.081Z
Metropolitan_Museum_of_Art,2026-04-23T13:43:52.509Z,1349146197,ok,2026-04-23T19:10:52.307Z
Metropolitan_Museum_of_Art,2026-04-23T14:28:06.137Z,1349146197,ok,2026-04-23T19:10:52.530Z
Metropolitan_Museum_of_Art,2026-04-23T14:29:05.659Z,1349146197,ok,2026-04-23T19:10:52.775Z
Metropolitan_Museum_of_Art,2026-04-23T14:52:10.092Z,1349146197,ok,2026-04-23T19:10:53.004Z
Metropolitan_Museum_of_Art,2026-04-23T14:58:38.490Z,1349146197,ok,2026-04-23T19:10:53.232Z
Metropolitan_Museum_of_Art,2026-04-23T15:11:33.283Z,1349146197,ok,2026-04-23T19:10:53.470Z
Metropolitan_Museum_of_Art,2026-04-23T15:33:44.198Z,1349146197,ok,2026-04-23T19:10:53.694Z
Metropolitan_Museum_of_Art,2026-04-23T16:02:22.616Z,1349146197,ok,2026-04-23T19:10:53.921Z
Metropolitan_Museum_of_Art,2026-04-23T16:02:41.303Z,1349146197,ok,2026-04-23T19:10:54.175Z
Metropolitan_Museum_of_Art,2026-04-23T16:05:59.631Z,1349146197,ok,2026-04-23T19:10:54.399Z
Metropolitan_Museum_of_Art,2026-04-23T16:06:49.366Z,1349146197,ok,2026-04-23T19:10:54.643Z
Metropolitan_Museum_of_Art,2026-04-23T16:09:35.037Z,1349146197,ok,2026-04-23T19:10:54.883Z
Metropolitan_Museum_of_Art,2026-04-23T16:34:37.794Z,1349146197,ok,2026-04-23T19:10:55.120Z
Metropolitan_Museum_of_Art,2026-04-23T16:37:08.927Z,1349146197,ok,2026-04-23T19:10:55.351Z
Metropolitan_Museum_of_Art,2026-04-23T16:49:26.363Z,1349146197,ok,2026-04-23T19:10:55.595Z
Metropolitan_Museum_of_Art,2026-04-23T17:08:54.062Z,1349146197,ok,2026-04-23T19:10:55.845Z
Metropolitan_Museum_of_Art,2026-04-23T17:17:32.540Z,1349146197,ok,2026-04-23T19:10:56.093Z
Mind–body_dualism,2026-04-23T15:57:38.371Z,1346929238,ok,2026-04-23T19:10:56.325Z
Modern_art,2026-04-23T12:37:45.620Z,1346678164,ok,2026-04-23T19:10:56.578Z
Modern_art,2026-04-23T15:15:32.922Z,1346678164,ok,2026-04-23T19:10:56.808Z
Modern_art,2026-04-23T15:30:50.364Z,1346678164,ok,2026-04-23T19:10:57.039Z
Modern_art,2026-04-23T16:18:13.312Z,1346678164,ok,2026-04-23T19:10:57.283Z
Modern_art,2026-04-23T16:18:35.429Z,1346678164,ok,2026-04-23T19:10:57.509Z
Modern_art,2026-04-23T16:29:49.295Z,1346678164,ok,2026-04-23T19:10:57.747Z
Mona_Lisa,2026-04-23T15:28:02.355Z,1350281451,ok,2026-04-23T19:10:57.972Z
Motivation,2026-04-23T12:37:04.761Z,1343333644,ok,2026-04-23T19:10:58.202Z
Motivation,2026-04-23T12:42:37.752Z,1343333644,ok,2026-04-23T19:10:58.453Z
Motor_cortex,2026-04-23T13:41:03.495Z,1350100027,ok,2026-04-23T19:10:58.700Z
Motor_system,2026-04-23T13:39:21.675Z,1245586822,ok,2026-04-23T19:10:58.926Z
Museum,2026-04-23T13:00:10.589Z,1348625994,ok,2026-04-23T19:10:59.170Z
Museum_of_Modern_Art,2026-04-23T15:27:42.488Z,1346364771,ok,2026-04-23T19:10:59.424Z
National_Gallery_of_Modern_Art,2026-04-23T16:18:30.611Z,1349261777,ok,2026-04-23T19:10:59.662Z
National_Museum_of_Anthropology_(Mexico),2026-04-23T13:32:20.100Z,1349639953,ok,2026-04-23T19:10:59.899Z
National_Museum_of_Beirut,2026-04-23T13:35:01.420Z,1348196112,ok,2026-04-23T19:11:00.143Z
Neoclassicism,2026-04-23T13:30:36.858Z,1350140612,ok,2026-04-23T19:11:00.396Z
Neurolaw,2026-04-23T14:04:17.302Z,1343977970,ok,2026-04-23T19:11:00.626Z
Neuronal_recycling_hypothesis,2026-04-23T12:50:28.227Z,1346297740,ok,2026-04-23T19:11:00.881Z
Neuroplasticity,2026-04-23T13:09:35.425Z,1350016408,ok,2026-04-23T19:11:01.118Z
Neuroplasticity,2026-04-23T15:07:46.534Z,1350016408,ok,2026-04-23T19:11:01.347Z
Neuroplasticity,2026-04-23T16:30:22.906Z,1350016408,ok,2026-04-23T19:11:01.582Z
Neuroscience,2026-04-23T12:39:26.284Z,1350601295,ok,2026-04-23T19:11:01.816Z
Neuroscience,2026-04-23T12:48:27.422Z,1350601295,ok,2026-04-23T19:11:02.065Z
Neuroscience,2026-04-23T13:05:58.401Z,1350601295,ok,2026-04-23T19:11:02.319Z
Neuroscience,2026-04-23T14:11:36.985Z,1350601295,ok,2026-04-23T19:11:02.577Z
Neuroscience,2026-04-23T14:27:37.720Z,1350601295,ok,2026-04-23T19:11:02.838Z
Neuroscience,2026-04-23T16:07:54.954Z,1350601295,ok,2026-04-23T19:11:03.069Z
Neuroscience,2026-04-23T16:09:10.656Z,1350601295,ok,2026-04-23T19:11:03.293Z
Neuroscience,2026-04-23T16:11:13.701Z,1350601295,ok,2026-04-23T19:11:03.543Z
Neuroscience,2026-04-23T16:19:42.848Z,1350601295,ok,2026-04-23T19:11:03.795Z
Neuroscience,2026-04-23T16:50:03.673Z,1350601295,ok,2026-04-23T19:11:04.044Z
Neuroscience_and_intelligence,2026-04-20T14:44:14.004Z,1321114577,ok,2026-04-23T19:11:04.279Z
Neuroscience_of_cognitive_development,2026-04-23T17:09:16.402Z,1342769763,ok,2026-04-23T19:11:04.537Z
Neuroscience_of_free_will,2026-04-23T12:40:59.770Z,1348732644,ok,2026-04-23T19:11:04.764Z
Nipple_stimulation#Physiological_response,2026-04-23T16:58:55.039Z,1338089703,ok,2026-04-23T19:11:05.014Z
Nobel_Prize,2026-04-23T16:09:33.230Z,1349569184,ok,2026-04-23T19:11:05.239Z
Nucleus_accumbens,2026-04-23T15:41:17.462Z,1346141894,ok,2026-04-23T19:11:05.469Z
Nude_(art),2026-04-23T13:30:17.641Z,1349930621,ok,2026-04-23T19:11:05.709Z
Nude_(art),2026-04-23T15:36:23.645Z,1349930621,ok,2026-04-23T19:11:06.004Z
Nude_(art),2026-04-23T16:09:44.526Z,1349930621,ok,2026-04-23T19:11:06.231Z
Occipital_lobe,2026-04-23T14:01:22.731Z,1331180376,ok,2026-04-23T19:11:06.484Z
Painting_in_the_Americas_before_European_colonization,2026-04-23T13:30:53.592Z,1313188125,ok,2026-04-23T19:11:06.710Z
Palatability,2026-04-23T12:45:51.523Z,1331351481,ok,2026-04-23T19:11:06.956Z
Parietal_lobe,2026-04-23T14:01:13.514Z,1339481779,ok,2026-04-23T19:11:07.214Z
Parietal_lobe,2026-04-23T14:02:09.970Z,1339481779,ok,2026-04-23T19:11:07.451Z
Parthenon,2026-04-23T15:26:16.463Z,1350045931,ok,2026-04-23T19:11:07.678Z
Pattern_Recognition_(journal),2026-04-23T13:40:17.628Z,1220031796,ok,2026-04-23T19:11:07.948Z
Pax_romana,2026-04-23T13:36:07.170Z,1348794217,ok,2026-04-23T19:11:08.180Z
Periods_in_Western_art_history,2026-04-23T16:00:21.971Z,1281614574,ok,2026-04-23T19:11:08.436Z
Periods_in_Western_art_history,2026-04-23T16:04:05.273Z,1281614574,ok,2026-04-23T19:11:08.677Z
Philosophy_of_mind,2026-04-23T15:56:42.741Z,1348567491,ok,2026-04-23T19:11:08.907Z
Philosophy_of_mind,2026-04-23T17:07:02.151Z,1348567491,ok,2026-04-23T19:11:09.137Z
Philosophy_of_science,2026-04-23T17:06:54.537Z,1348274619,ok,2026-04-23T19:11:09.398Z
Planning,2026-04-23T14:51:19.212Z,1329191311,ok,2026-04-23T19:11:09.654Z
Planning,2026-04-23T14:52:03.914Z,1329191311,ok,2026-04-23T19:11:09.906Z
Postmodern_art,2026-04-23T14:22:59.797Z,1326102589,ok,2026-04-23T19:11:10.134Z
Postmodern_art,2026-04-23T15:39:53.993Z,1326102589,ok,2026-04-23T19:11:10.368Z
Postmodern_art,2026-04-23T17:13:02.616Z,1326102589,ok,2026-04-23T19:11:10.597Z
Pre-Romanesque_art,2026-04-23T16:21:04.134Z,1344816199,ok,2026-04-23T19:11:10.850Z
Pre-ejaculate,2026-04-23T17:08:42.607Z,1336493114,ok,2026-04-23T19:11:11.076Z
Prefrontal_cortex,2026-04-23T12:47:18.032Z,1342081079,ok,2026-04-23T19:11:11.304Z
Prefrontal_cortex,2026-04-23T15:36:28.114Z,1342081079,ok,2026-04-23T19:11:11.550Z
Prefrontal_cortex,2026-04-23T16:26:30.219Z,1342081079,ok,2026-04-23T19:11:11.785Z
Prehistoric_art,2026-04-23T12:52:30.635Z,1348889823,ok,2026-04-23T19:11:12.016Z
Prehistoric_art,2026-04-23T13:29:36.150Z,1348889823,ok,2026-04-23T19:11:12.257Z
Prehistoric_art,2026-04-23T14:23:34.318Z,1348889823,ok,2026-04-23T19:11:12.494Z
Prehistoric_art,2026-04-23T14:23:41.623Z,1348889823,ok,2026-04-23T19:11:12.738Z
Prehistoric_art,2026-04-23T15:13:16.962Z,1348889823,ok,2026-04-23T19:11:12.964Z
Prehistoric_art,2026-04-23T16:16:40.696Z,1348889823,ok,2026-04-23T19:11:13.218Z
Prehistoric_art,2026-04-23T16:21:13.270Z,1348889823,ok,2026-04-23T19:11:13.450Z
Problem_solving,2026-04-23T17:03:45.327Z,1349560546,ok,2026-04-23T19:11:13.676Z
Qualia,2026-04-23T13:23:20.484Z,1347742416,ok,2026-04-23T19:11:13.927Z
Qualia,2026-04-23T15:58:32.584Z,1347742416,ok,2026-04-23T19:11:14.159Z
Qualia,2026-04-23T17:07:38.178Z,1347742416,ok,2026-04-23T19:11:14.401Z
Quantum_mind,2026-04-23T12:49:40.340Z,1343283567,ok,2026-04-23T19:11:14.639Z
Quantum_mind,2026-04-23T13:20:23.357Z,1343283567,ok,2026-04-23T19:11:14.886Z
Quantum_mind,2026-04-23T13:27:02.612Z,1343283567,ok,2026-04-23T19:11:15.110Z
Quantum_mind,2026-04-23T13:28:02.316Z,1343283567,ok,2026-04-23T19:11:15.335Z
Quantum_mind,2026-04-23T14:39:25.334Z,1343283567,ok,2026-04-23T19:11:15.564Z
Quantum_mind,2026-04-23T14:47:27.353Z,1343283567,ok,2026-04-23T19:11:15.807Z
Quantum_mind,2026-04-23T14:47:50.531Z,1343283567,ok,2026-04-23T19:11:16.051Z
Quantum_mind,2026-04-23T14:52:09.691Z,1343283567,ok,2026-04-23T19:11:16.287Z
Quantum_mind,2026-04-23T14:56:05.021Z,1343283567,ok,2026-04-23T19:11:16.535Z
Quantum_mind,2026-04-23T15:02:30.576Z,1343283567,ok,2026-04-23T19:11:16.794Z
Quantum_mind,2026-04-23T15:12:53.604Z,1343283567,ok,2026-04-23T19:11:17.039Z
Quantum_mind,2026-04-23T15:44:04.587Z,1343283567,ok,2026-04-23T19:11:17.288Z
Quantum_mind,2026-04-23T15:44:08.568Z,1343283567,ok,2026-04-23T19:11:17.543Z
Quantum_mind,2026-04-23T15:52:26.436Z,1343283567,ok,2026-04-23T19:11:17.766Z
Quantum_mind,2026-04-23T15:53:14.364Z,1343283567,ok,2026-04-23T19:11:18.002Z
Quantum_mind,2026-04-23T15:55:02.787Z,1343283567,ok,2026-04-23T19:11:18.251Z
Quantum_mind,2026-04-23T16:25:13.518Z,1343283567,ok,2026-04-23T19:11:18.485Z
Quantum_mind,2026-04-23T17:02:47.218Z,1343283567,ok,2026-04-23T19:11:18.716Z
Quantum_mind,2026-04-23T17:07:41.717Z,1343283567,ok,2026-04-23T19:11:18.955Z
Question,2026-04-23T14:31:33.556Z,1344803490,ok,2026-04-23T19:11:19.185Z
Renaissance_art,2026-04-23T16:21:36.801Z,1348525630,ok,2026-04-23T19:11:19.420Z
Research,2026-04-23T16:17:07.707Z,1349166946,ok,2026-04-23T19:11:19.670Z
Reward_system,2026-04-23T13:43:39.428Z,1342511889,ok,2026-04-23T19:11:19.917Z
Role_of_chance_in_scientific_discoveries,2026-04-23T12:34:35.865Z,1316148070,ok,2026-04-23T19:11:20.147Z
Role_of_chance_in_scientific_discoveries,2026-04-23T12:36:38.368Z,1316148070,ok,2026-04-23T19:11:20.388Z
Role_of_chance_in_scientific_discoveries,2026-04-23T12:37:49.721Z,1316148070,ok,2026-04-23T19:11:20.657Z
Role_of_chance_in_scientific_discoveries,2026-04-23T12:38:26.391Z,1316148070,ok,2026-04-23T19:11:20.884Z
Role_of_chance_in_scientific_discoveries,2026-04-23T12:40:03.163Z,1316148070,ok,2026-04-23T19:11:21.107Z
Role_of_chance_in_scientific_discoveries,2026-04-23T13:05:03.101Z,1316148070,ok,2026-04-23T19:11:21.348Z
Role_of_chance_in_scientific_discoveries,2026-04-23T13:17:15.739Z,1316148070,ok,2026-04-23T19:11:21.590Z
Role_of_chance_in_scientific_discoveries,2026-04-23T13:18:20.565Z,1316148070,ok,2026-04-23T19:11:21.841Z
Role_of_chance_in_scientific_discoveries,2026-04-23T13:21:14.678Z,1316148070,ok,2026-04-23T19:11:22.067Z
Role_of_chance_in_scientific_discoveries,2026-04-23T13:24:21.093Z,1316148070,ok,2026-04-23T19:11:22.319Z
Role_of_chance_in_scientific_discoveries,2026-04-23T13:24:51.735Z,1316148070,ok,2026-04-23T19:11:22.558Z
Role_of_chance_in_scientific_discoveries,2026-04-23T13:28:29.321Z,1316148070,ok,2026-04-23T19:11:22.907Z
Role_of_chance_in_scientific_discoveries,2026-04-23T13:33:10.043Z,1316148070,ok,2026-04-23T19:11:23.154Z
Role_of_chance_in_scientific_discoveries,2026-04-23T14:15:46.559Z,1316148070,ok,2026-04-23T19:11:23.388Z
Role_of_chance_in_scientific_discoveries,2026-04-23T14:18:27.174Z,1316148070,ok,2026-04-23T19:11:23.617Z
Role_of_chance_in_scientific_discoveries,2026-04-23T14:19:40.222Z,1316148070,ok,2026-04-23T19:11:23.876Z
Role_of_chance_in_scientific_discoveries,2026-04-23T14:41:54.543Z,1316148070,ok,2026-04-23T19:11:24.127Z
Role_of_chance_in_scientific_discoveries,2026-04-23T14:48:15.842Z,1316148070,ok,2026-04-23T19:11:24.363Z
Role_of_chance_in_scientific_discoveries,2026-04-23T14:54:03.769Z,1316148070,ok,2026-04-23T19:11:24.593Z
Role_of_chance_in_scientific_discoveries,2026-04-23T14:56:00.413Z,1316148070,ok,2026-04-23T19:11:24.841Z
Role_of_chance_in_scientific_discoveries,2026-04-23T14:56:05.623Z,1316148070,ok,2026-04-23T19:11:25.068Z
Role_of_chance_in_scientific_discoveries,2026-04-23T15:12:04.893Z,1316148070,ok,2026-04-23T19:11:25.306Z
Role_of_chance_in_scientific_discoveries,2026-04-23T15:15:06.577Z,1316148070,ok,2026-04-23T19:11:25.548Z
Role_of_chance_in_scientific_discoveries,2026-04-23T15:19:08.749Z,1316148070,ok,2026-04-23T19:11:25.784Z
Role_of_chance_in_scientific_discoveries,2026-04-23T15:32:52.213Z,1316148070,ok,2026-04-23T19:11:26.023Z
Role_of_chance_in_scientific_discoveries,2026-04-23T15:38:17.396Z,1316148070,ok,2026-04-23T19:11:26.246Z
Role_of_chance_in_scientific_discoveries,2026-04-23T15:42:51.554Z,1316148070,ok,2026-04-23T19:11:26.474Z
Role_of_chance_in_scientific_discoveries,2026-04-23T15:45:04.592Z,1316148070,ok,2026-04-23T19:11:26.729Z
Role_of_chance_in_scientific_discoveries,2026-04-23T15:51:24.701Z,1316148070,ok,2026-04-23T19:11:26.952Z
Role_of_chance_in_scientific_discoveries,2026-04-23T15:52:35.402Z,1316148070,ok,2026-04-23T19:11:27.184Z
Role_of_chance_in_scientific_discoveries,2026-04-23T15:52:45.993Z,1316148070,ok,2026-04-23T19:11:27.429Z
Role_of_chance_in_scientific_discoveries,2026-04-23T15:53:26.788Z,1316148070,ok,2026-04-23T19:11:27.654Z
Role_of_chance_in_scientific_discoveries,2026-04-23T15:57:31.035Z,1316148070,ok,2026-04-23T19:11:27.890Z
Role_of_chance_in_scientific_discoveries,2026-04-23T15:57:35.170Z,1316148070,ok,2026-04-23T19:11:28.143Z
Role_of_chance_in_scientific_discoveries,2026-04-23T16:09:26.906Z,1316148070,ok,2026-04-23T19:11:28.390Z
Role_of_chance_in_scientific_discoveries,2026-04-23T16:20:40.401Z,1316148070,ok,2026-04-23T19:11:28.624Z
Role_of_chance_in_scientific_discoveries,2026-04-23T16:21:55.159Z,1316148070,ok,2026-04-23T19:11:28.860Z
Role_of_chance_in_scientific_discoveries,2026-04-23T16:42:58.791Z,1316148070,ok,2026-04-23T19:11:29.112Z
Role_of_chance_in_scientific_discoveries,2026-04-23T16:47:25.155Z,1316148070,ok,2026-04-23T19:11:29.357Z
Role_of_chance_in_scientific_discoveries,2026-04-23T16:58:51.295Z,1316148070,ok,2026-04-23T19:11:29.602Z
Role_of_chance_in_scientific_discoveries,2026-04-23T17:07:45.675Z,1316148070,ok,2026-04-23T19:11:29.829Z
Role_of_chance_in_scientific_discoveries,2026-04-23T17:13:00.930Z,1316148070,ok,2026-04-23T19:11:30.078Z
Salience_network,2026-04-23T16:16:58.064Z,1317531056,ok,2026-04-23T19:11:30.306Z
Sappho,2026-04-23T16:01:51.501Z,1348912503,ok,2026-04-23T19:11:30.537Z
Science,2026-04-23T14:28:33.354Z,1350375306,ok,2026-04-23T19:11:30.767Z
Science,2026-04-23T14:29:20.825Z,1350375306,ok,2026-04-23T19:11:31.002Z
Science,2026-04-23T14:29:46.275Z,1350375306,ok,2026-04-23T19:11:31.247Z
Science_(disambiguation),2026-04-23T14:29:09.606Z,1340227132,ok,2026-04-23T19:11:31.475Z
Sciences,2026-04-23T14:48:38.607Z,1350375306,ok,2026-04-23T19:11:31.725Z
Scientific_method,2026-04-23T16:11:18.896Z,1344505672,ok,2026-04-23T19:11:31.962Z
Sculpture,2026-04-23T14:01:20.558Z,1343176140,ok,2026-04-23T19:11:32.202Z
Sensory_system,2026-04-23T13:44:44.549Z,1349717260,ok,2026-04-23T19:11:32.452Z
Sexual_arousal,2026-04-23T16:58:18.292Z,1348853413,ok,2026-04-23T19:11:32.681Z
Sexual_arousal,2026-04-23T17:07:47.118Z,1348853413,ok,2026-04-23T19:11:32.905Z
Sexuality_in_ancient_Rome,2026-04-23T14:57:31.154Z,1350147895,ok,2026-04-23T19:11:33.131Z
Smithsonian_National_Zoological_Park,2026-04-23T12:37:37.227Z,1346947028,ok,2026-04-23T19:11:33.365Z
Split-brain,2026-04-23T12:38:34.395Z,1348779480,ok,2026-04-23T19:11:33.604Z
Stuckism,2026-04-23T16:00:54.730Z,1348425370,ok,2026-04-23T19:11:33.855Z
Symbolism_(art),2026-04-23T14:24:08.915Z,1334598951,ok,2026-04-23T19:11:34.101Z
Symbolism_(art),2026-04-23T16:18:01.107Z,1334598951,ok,2026-04-23T19:11:34.338Z
Temporal_lobe,2026-04-23T14:01:09.324Z,1338836836,ok,2026-04-23T19:11:34.577Z
Temporal_lobe,2026-04-23T14:01:54.046Z,1338836836,ok,2026-04-23T19:11:34.826Z
Ten-percent-of-the-brain_myth,2026-04-20T14:13:44.569Z,1345340852,ok,2026-04-23T19:11:35.124Z
Terminal_lucidity,2026-04-23T12:36:27.533Z,1347767885,ok,2026-04-23T19:11:35.352Z
Terminal_lucidity,2026-04-23T13:23:15.770Z,1347767885,ok,2026-04-23T19:11:35.605Z
Terminal_lucidity,2026-04-23T13:28:49.049Z,1347767885,ok,2026-04-23T19:11:35.834Z
Terminal_lucidity,2026-04-23T13:29:51.102Z,1347767885,ok,2026-04-23T19:11:36.055Z
Terminal_lucidity,2026-04-23T13:36:27.678Z,1347767885,ok,2026-04-23T19:11:36.355Z
Terminal_lucidity,2026-04-23T14:19:23.943Z,1347767885,ok,2026-04-23T19:11:36.579Z
Terminal_lucidity,2026-04-23T14:38:58.681Z,1347767885,ok,2026-04-23T19:11:36.871Z
Terminal_lucidity,2026-04-23T14:59:25.582Z,1347767885,ok,2026-04-23T19:11:37.171Z
Terminal_lucidity,2026-04-23T15:16:25.500Z,1347767885,ok,2026-04-23T19:11:37.397Z
Terminal_lucidity,2026-04-23T15:43:06.503Z,1347767885,ok,2026-04-23T19:11:37.639Z
Terminal_lucidity,2026-04-23T15:43:35.850Z,1347767885,ok,2026-04-23T19:11:37.872Z
Terminal_lucidity,2026-04-23T15:52:25.946Z,1347767885,ok,2026-04-23T19:11:38.132Z
Terminal_lucidity,2026-04-23T15:54:47.299Z,1347767885,ok,2026-04-23T19:11:38.358Z
Terminal_lucidity,2026-04-23T17:03:47.512Z,1347767885,ok,2026-04-23T19:11:38.629Z
Terminal_lucidity,2026-04-23T17:16:15.289Z,1347767885,ok,2026-04-23T19:11:38.882Z
Thai_art,2026-04-23T14:50:35.193Z,1339581592,ok,2026-04-23T19:11:39.133Z
Thai_art,2026-04-23T16:02:59.980Z,1339581592,ok,2026-04-23T19:11:39.388Z
The_Ancient_Art_of_War,2026-04-23T16:18:42.519Z,1312566860,ok,2026-04-23T19:11:39.618Z
The_Logic_of_Scientific_Discovery,2026-04-23T13:04:36.620Z,1348275119,ok,2026-04-23T19:11:39.849Z
The_Logic_of_Scientific_Discovery,2026-04-23T14:52:21.367Z,1348275119,ok,2026-04-23T19:11:40.086Z
The_Logic_of_Scientific_Discovery,2026-04-23T16:24:33.297Z,1348275119,ok,2026-04-23T19:11:40.320Z
The_Logic_of_Scientific_Discovery,2026-04-23T16:59:50.093Z,1348275119,ok,2026-04-23T19:11:40.554Z
The_Matter_with_Things,2026-04-23T16:45:33.225Z,1335058369,ok,2026-04-23T19:11:40.800Z
The_Odyssey_(2026_film),2026-04-23T13:02:17.874Z,1350406440,ok,2026-04-23T19:11:41.024Z
The_Work_of_Art_in_the_Age_of_Mechanical_Reproduction,2026-04-23T12:47:10.512Z,1347890043,ok,2026-04-23T19:11:41.252Z
The_Work_of_Art_in_the_Age_of_Mechanical_Reproduction,2026-04-23T12:49:34.021Z,1347890043,ok,2026-04-23T19:11:41.485Z
The_Work_of_Art_in_the_Age_of_Mechanical_Reproduction,2026-04-23T13:31:49.031Z,1347890043,ok,2026-04-23T19:11:41.735Z
The_Work_of_Art_in_the_Age_of_Mechanical_Reproduction,2026-04-23T13:32:32.048Z,1347890043,ok,2026-04-23T19:11:41.969Z
The_Work_of_Art_in_the_Age_of_Mechanical_Reproduction,2026-04-23T13:33:21.020Z,1347890043,ok,2026-04-23T19:11:42.194Z
The_Work_of_Art_in_the_Age_of_Mechanical_Reproduction,2026-04-23T13:55:56.119Z,1347890043,ok,2026-04-23T19:11:42.446Z
The_Work_of_Art_in_the_Age_of_Mechanical_Reproduction,2026-04-23T14:14:01.619Z,1347890043,ok,2026-04-23T19:11:42.672Z
The_Work_of_Art_in_the_Age_of_Mechanical_Reproduction,2026-04-23T14:31:11.147Z,1347890043,ok,2026-04-23T19:11:42.901Z
The_Work_of_Art_in_the_Age_of_Mechanical_Reproduction,2026-04-23T15:09:13.820Z,1347890043,ok,2026-04-23T19:11:43.146Z
The_Work_of_Art_in_the_Age_of_Mechanical_Reproduction,2026-04-23T15:09:30.700Z,1347890043,ok,2026-04-23T19:11:43.396Z
The_Work_of_Art_in_the_Age_of_Mechanical_Reproduction,2026-04-23T16:03:28.264Z,1347890043,ok,2026-04-23T19:11:43.635Z
The_Work_of_Art_in_the_Age_of_Mechanical_Reproduction,2026-04-23T16:04:36.732Z,1347890043,ok,2026-04-23T19:11:43.874Z
The_Work_of_Art_in_the_Age_of_Mechanical_Reproduction,2026-04-23T16:50:37.164Z,1347890043,ok,2026-04-23T19:11:44.126Z
The_Work_of_Art_in_the_Age_of_Mechanical_Reproduction,2026-04-23T17:10:15.521Z,1347890043,ok,2026-04-23T19:11:44.372Z
The_Work_of_Art_in_the_Age_of_Mechanical_Reproduction,2026-04-23T17:14:35.374Z,1347890043,ok,2026-04-23T19:11:44.608Z
Theban_High_Priests_of_Amun_(21st_and_22nd_Dynasty),2026-04-23T13:35:43.139Z,1342886753,ok,2026-04-23T19:11:44.913Z
Theory_of_forms,2026-04-23T16:02:58.681Z,1349681795,ok,2026-04-23T19:11:45.143Z
Theory_of_mind,2026-04-23T14:11:14.339Z,1349700097,ok,2026-04-23T19:11:45.393Z
Theory_of_mind,2026-04-23T14:26:52.042Z,1349700097,ok,2026-04-23T19:11:45.628Z
Theory_of_mind,2026-04-23T14:27:46.218Z,1349700097,ok,2026-04-23T19:11:45.885Z
Theory_of_mind,2026-04-23T14:28:15.699Z,1349700097,ok,2026-04-23T19:11:46.112Z
Timeline_of_scientific_discoveries,2026-04-23T14:55:39.935Z,1348489218,ok,2026-04-23T19:11:46.370Z
Timeline_of_scientific_discoveries,2026-04-23T15:29:39.600Z,1348489218,ok,2026-04-23T19:11:46.615Z
Timeline_of_scientific_discoveries,2026-04-23T16:24:10.858Z,1348489218,ok,2026-04-23T19:11:46.876Z
Timeline_of_scientific_discoveries,2026-04-23T16:24:41.654Z,1348489218,ok,2026-04-23T19:11:47.115Z
Timeline_of_scientific_discoveries,2026-04-23T17:01:44.806Z,1348489218,ok,2026-04-23T19:11:47.352Z
Tupi_language,2026-04-23T16:32:31.760Z,1345188560,ok,2026-04-23T19:11:47.585Z
"UNESCO_Convention_on_the_Means_of_Prohibiting_and_Preventing_the_Illicit_Import,_Export_and_Transfer_of_Ownership_of_Cultural_Property",2026-04-20T14:41:32.697Z,1335469693,ok,2026-04-23T19:11:47.826Z
Urethral_sponge,2026-04-23T17:08:23.078Z,1288233112,ok,2026-04-23T19:11:48.068Z
Urethral_sponge,2026-04-23T17:08:35.095Z,1288233112,ok,2026-04-23T19:11:48.306Z
V._S._Ramachandran,2026-04-23T16:00:57.571Z,1337709857,ok,2026-04-23T19:11:48.535Z
V._S._Ramachandran,2026-04-23T17:06:20.104Z,1337709857,ok,2026-04-23T19:11:48.790Z
Vagina_and_vulva_in_art,2026-04-23T16:57:34.300Z,1342497857,ok,2026-04-23T19:11:49.063Z
Vaginal_lubrication,2026-04-23T17:07:55.522Z,1342150532,ok,2026-04-23T19:11:49.326Z
Vaginal_lubrication,2026-04-23T17:08:36.986Z,1342150532,ok,2026-04-23T19:11:49.584Z
Vietnamese_art,2026-04-23T13:37:08.084Z,1340626538,ok,2026-04-23T19:11:49.822Z
Vietnamese_art,2026-04-23T15:33:36.214Z,1340626538,ok,2026-04-23T19:11:50.072Z
What_Mad_Pursuit,2026-04-23T14:25:58.997Z,1308561833,ok,2026-04-23T19:11:50.305Z
Ancient_art,2026-04-24T07:47:37.492Z,1340543341,ok,2026-04-24T08:24:59.734Z
Ancient_art,2026-04-24T07:47:53.191Z,1340543341,ok,2026-04-24T08:24:59.961Z
Ancient_art,2026-04-24T07:52:20.488Z,1340543341,ok,2026-04-24T08:25:00.190Z
Ancient_art,2026-04-24T07:52:21.451Z,1340543341,ok,2026-04-24T08:25:00.423Z
Ancient_art,2026-04-24T07:52:31.010Z,1340543341,ok,2026-04-24T08:25:00.826Z
Ancient_art,2026-04-24T07:52:34.931Z,1340543341,ok,2026-04-24T08:25:01.054Z
Ancient_art,2026-04-24T07:57:52.653Z,1340543341,ok,2026-04-24T08:25:01.278Z
Ancient_art,2026-04-24T08:09:53.801Z,1340543341,ok,2026-04-24T08:25:01.527Z
Aquatic_plants,2026-04-24T07:52:28.354Z,1346764558,ok,2026-04-24T08:25:01.767Z
Art_of_ancient_Egypt,2026-04-24T07:58:31.892Z,1349444280,ok,2026-04-24T08:25:02.022Z
Brain,2026-04-24T08:05:17.841Z,1347518519,ok,2026-04-24T08:25:02.262Z
Brain,2026-04-24T08:10:38.522Z,1347518519,ok,2026-04-24T08:25:02.509Z
Capybara,2026-04-24T07:46:43.227Z,1349431902,ok,2026-04-24T08:25:02.756Z
Capybara,2026-04-24T07:48:18.677Z,1349431902,ok,2026-04-24T08:25:02.990Z
Capybara,2026-04-24T07:48:19.461Z,1349431902,ok,2026-04-24T08:25:03.228Z
Capybara,2026-04-24T07:51:37.350Z,1349431902,ok,2026-04-24T08:25:03.478Z
Capybara,2026-04-24T07:52:07.475Z,1349431902,ok,2026-04-24T08:25:03.709Z
Capybara,2026-04-24T07:52:08.463Z,1349431902,ok,2026-04-24T08:25:03.958Z
Contemporary_art,2026-04-24T07:47:51.544Z,1342754354,ok,2026-04-24T08:25:04.200Z
Contemporary_art,2026-04-24T07:52:24.672Z,1342754354,ok,2026-04-24T08:25:04.445Z
Contemporary_history,2026-04-24T07:56:10.266Z,1349502104,ok,2026-04-24T08:25:04.691Z
Egyptian_Art,2026-04-24T07:58:28.881Z,955645171,ok,2026-04-24T08:25:04.931Z
Frank_Rosenblatt,2026-04-24T08:04:36.945Z,1335457631,ok,2026-04-24T08:25:05.160Z
Frank_Rosenblatt,2026-04-24T08:05:03.880Z,1335457631,ok,2026-04-24T08:25:05.422Z
Grass,2026-04-24T07:51:45.786Z,1349547258,ok,2026-04-24T08:25:05.666Z
Herbivore,2026-04-24T07:50:51.510Z,1348684667,ok,2026-04-24T08:25:05.919Z
History_of_art,2026-04-24T07:48:33.024Z,1349898033,ok,2026-04-24T08:25:06.156Z
History_of_art,2026-04-24T07:49:41.062Z,1349898033,ok,2026-04-24T08:25:06.400Z
History_of_art,2026-04-24T07:54:00.173Z,1349898033,ok,2026-04-24T08:25:06.652Z
History_of_the_nude_in_art,2026-04-24T07:58:18.890Z,1349316080,ok,2026-04-24T08:25:06.902Z
Homosexuality_in_ancient_Rome,2026-04-24T07:57:15.272Z,1347240533,ok,2026-04-24T08:25:07.165Z
Human_brain,2026-04-24T08:05:33.082Z,1348541413,ok,2026-04-24T08:25:07.430Z
Human_brain,2026-04-24T08:10:44.469Z,1348541413,ok,2026-04-24T08:25:07.659Z
Human_brain,2026-04-24T08:12:19.037Z,1348541413,ok,2026-04-24T08:25:07.893Z
Influencer,2026-04-24T08:12:05.817Z,1350820529,ok,2026-04-24T08:25:08.137Z
Language_acquisition,2026-04-24T08:04:04.846Z,1335336988,ok,2026-04-24T08:25:08.374Z
Language_acquisition,2026-04-24T08:05:21.690Z,1335336988,ok,2026-04-24T08:25:08.613Z
Learning,2026-04-24T08:07:29.283Z,1348755899,ok,2026-04-24T08:25:08.892Z
List_of_regions_in_the_human_brain,2026-04-24T08:07:12.234Z,1346511593,ok,2026-04-24T08:25:09.132Z
Metropolitan_Museum_of_Art,2026-04-24T07:55:44.045Z,1349146197,ok,2026-04-24T08:25:09.380Z
Metropolitan_Museum_of_Art,2026-04-24T07:56:22.443Z,1349146197,ok,2026-04-24T08:25:09.625Z
Modern_art,2026-04-24T07:52:28.755Z,1346678164,ok,2026-04-24T08:25:09.864Z
Motivation,2026-04-24T08:02:04.982Z,1343333644,ok,2026-04-24T08:25:10.143Z
Multiple_discovery,2026-04-24T08:01:08.668Z,1339167933,ok,2026-04-24T08:25:10.384Z
Multiple_discovery,2026-04-24T08:05:24.136Z,1339167933,ok,2026-04-24T08:25:10.638Z
National_Museum_of_Art_of_Romania,2026-04-24T07:49:39.580Z,1350754660,ok,2026-04-24T08:25:10.877Z
Perceptron,2026-04-24T08:04:59.270Z,1339379543,ok,2026-04-24T08:25:11.124Z
Prefrontal_cortex,2026-04-24T07:58:44.455Z,1350732430,ok,2026-04-24T08:25:11.369Z
Prefrontal_cortex,2026-04-24T08:07:12.558Z,1350732430,ok,2026-04-24T08:25:11.596Z
Psychology_of_art,2026-04-24T08:13:48.036Z,1342255674,ok,2026-04-24T08:25:11.831Z
Role_of_chance_in_scientific_discoveries,2026-04-24T07:58:45.258Z,1316148070,ok,2026-04-24T08:25:12.065Z
Role_of_chance_in_scientific_discoveries,2026-04-24T08:09:47.418Z,1316148070,ok,2026-04-24T08:25:12.314Z
Science,2026-04-24T08:03:18.089Z,1350375306,ok,2026-04-24T08:25:12.560Z
Temporal_lobe,2026-04-24T08:11:04.183Z,1338836836,ok,2026-04-24T08:25:12.970Z
The_Work_of_Art_in_the_Age_of_Mechanical_Reproduction,2026-04-24T07:56:12.285Z,1347890043,ok,2026-04-24T08:25:13.210Z
The_Work_of_Art_in_the_Age_of_Mechanical_Reproduction,2026-04-24T08:08:48.224Z,1347890043,ok,2026-04-24T08:25:13.469Z
Ancient_Society,2026-04-24T08:26:37.016Z,1334836887,ok,2026-04-24T08:37:27.884Z
Ancient_art,2026-04-24T08:02:19.541Z,1340543341,ok,2026-04-24T08:37:28.114Z
Ancient_art,2026-04-24T08:02:54.475Z,1340543341,ok,2026-04-24T08:37:28.390Z
Ancient_art,2026-04-24T08:05:51.447Z,1340543341,ok,2026-04-24T08:37:28.636Z
Ancient_art,2026-04-24T08:16:54.766Z,1340543341,ok,2026-04-24T08:37:28.893Z
Ancient_art,2026-04-24T08:19:10.354Z,1340543341,ok,2026-04-24T08:37:29.136Z
Ancient_art,2026-04-24T08:19:27.101Z,1340543341,ok,2026-04-24T08:37:29.388Z
Ancient_art,2026-04-24T08:21:28.958Z,1340543341,ok,2026-04-24T08:37:29.646Z
Ancient_art,2026-04-24T08:21:37.806Z,1340543341,ok,2026-04-24T08:37:29.882Z
Ancient_art,2026-04-24T08:24:08.493Z,1340543341,ok,2026-04-24T08:37:30.115Z
Ancient_art,2026-04-24T08:24:16.180Z,1340543341,ok,2026-04-24T08:37:30.363Z
Ancient_art,2026-04-24T08:24:38.801Z,1340543341,ok,2026-04-24T08:37:30.593Z
Ancient_art,2026-04-24T08:26:13.597Z,1340543341,ok,2026-04-24T08:37:30.839Z
Ancient_art,2026-04-24T08:30:30.794Z,1340543341,ok,2026-04-24T08:37:31.077Z
Aquatic_plant,2026-04-24T07:57:38.798Z,1346764558,ok,2026-04-24T08:37:31.342Z
Aquatic_plant,2026-04-24T07:58:31.176Z,1346764558,ok,2026-04-24T08:37:31.575Z
Aquatic_plant,2026-04-24T08:07:55.471Z,1346764558,ok,2026-04-24T08:37:31.808Z
Aquatic_plants,2026-04-24T08:03:35.253Z,1346764558,ok,2026-04-24T08:37:32.068Z
Art,2026-04-24T08:22:55.952Z,1350408072,ok,2026-04-24T08:37:32.322Z
Association_areas,2026-04-24T08:16:52.608Z,1337317877,ok,2026-04-24T08:37:32.555Z
Association_areas,2026-04-24T08:20:58.745Z,1337317877,ok,2026-04-24T08:37:32.797Z
Brain,2026-04-24T08:12:14.985Z,1347518519,ok,2026-04-24T08:37:33.039Z
Brain,2026-04-24T08:13:54.493Z,1347518519,ok,2026-04-24T08:37:33.288Z
Brain,2026-04-24T08:21:07.046Z,1347518519,ok,2026-04-24T08:37:33.542Z
Brain,2026-04-24T08:21:48.065Z,1347518519,ok,2026-04-24T08:37:33.786Z
Capybara,2026-04-23T23:57:52.647Z,1349431902,ok,2026-04-24T08:37:34.046Z
Capybara,2026-04-24T07:52:32.622Z,1349431902,ok,2026-04-24T08:37:34.304Z
Capybara,2026-04-24T07:57:12.184Z,1349431902,ok,2026-04-24T08:37:34.550Z
Capybara,2026-04-24T07:57:25.023Z,1349431902,ok,2026-04-24T08:37:34.812Z
Capybara,2026-04-24T07:57:46.581Z,1349431902,ok,2026-04-24T08:37:35.077Z
Capybara,2026-04-24T07:58:49.857Z,1349431902,ok,2026-04-24T08:37:35.325Z
Capybara,2026-04-24T07:59:07.014Z,1349431902,ok,2026-04-24T08:37:35.598Z
Capybara,2026-04-24T08:02:52.712Z,1349431902,ok,2026-04-24T08:37:35.855Z
Capybara,2026-04-24T08:06:20.260Z,1349431902,ok,2026-04-24T08:37:36.089Z
Capybara,2026-04-24T08:07:14.550Z,1349431902,ok,2026-04-24T08:37:36.327Z
Capybara,2026-04-24T08:07:52.366Z,1349431902,ok,2026-04-24T08:37:36.558Z
Capybara,2026-04-24T08:08:12.529Z,1349431902,ok,2026-04-24T08:37:36.795Z
Capybara,2026-04-24T08:08:26.475Z,1349431902,ok,2026-04-24T08:37:37.032Z
Capybara_(disambiguation),2026-04-24T07:57:04.966Z,1286780159,ok,2026-04-24T08:37:37.270Z
Cognitive_neuroscience,2026-04-24T08:14:12.931Z,1348892447,ok,2026-04-24T08:37:37.505Z
Cognitive_neuroscience,2026-04-24T08:19:26.268Z,1348892447,ok,2026-04-24T08:37:37.753Z
Cognitive_psychology,2026-04-24T08:16:26.748Z,1348091286,ok,2026-04-24T08:37:37.998Z
Cognitive_psychology,2026-04-24T08:19:16.908Z,1348091286,ok,2026-04-24T08:37:38.252Z
Contemporary_Art_Society,2026-04-24T08:15:39.652Z,1322451486,ok,2026-04-24T08:37:38.499Z
Contemporary_Art_Society,2026-04-24T08:19:33.645Z,1322451486,ok,2026-04-24T08:37:38.728Z
Contemporary_Art_Society,2026-04-24T08:23:48.195Z,1322451486,ok,2026-04-24T08:37:38.975Z
Contemporary_art,2026-04-24T08:02:51.176Z,1342754354,ok,2026-04-24T08:37:39.209Z
Contemporary_art,2026-04-24T08:15:25.581Z,1342754354,ok,2026-04-24T08:37:39.448Z
Contemporary_art,2026-04-24T08:16:45.706Z,1342754354,ok,2026-04-24T08:37:39.702Z
Contemporary_art,2026-04-24T08:19:31.980Z,1342754354,ok,2026-04-24T08:37:39.949Z
Contemporary_art,2026-04-24T08:24:23.722Z,1342754354,ok,2026-04-24T08:37:40.186Z
Coprophagous,2026-04-24T08:02:36.736Z,1345570968,ok,2026-04-24T08:37:40.436Z
Discovery_(observation),2026-04-24T08:21:30.463Z,1343101902,ok,2026-04-24T08:37:40.672Z
Etruscan_art,2026-04-24T08:25:18.082Z,1349347020,ok,2026-04-24T08:37:40.926Z
Etruscan_art,2026-04-24T08:26:15.676Z,1349347020,ok,2026-04-24T08:37:41.196Z
Experimental_psychology,2026-04-24T08:16:32.114Z,1347241806,ok,2026-04-24T08:37:41.448Z
Experimental_psychology,2026-04-24T08:19:15.684Z,1347241806,ok,2026-04-24T08:37:41.702Z
Frank_Rosenblatt,2026-04-24T08:10:37.436Z,1335457631,ok,2026-04-24T08:37:41.943Z
Frank_Rosenblatt,2026-04-24T08:11:23.154Z,1335457631,ok,2026-04-24T08:37:42.176Z
Grass,2026-04-24T08:07:27.351Z,1349547258,ok,2026-04-24T08:37:42.422Z
Herbivore,2026-04-24T08:06:38.717Z,1348684667,ok,2026-04-24T08:37:42.671Z
History_of_art,2026-04-24T00:06:29.450Z,1349898033,ok,2026-04-24T08:37:42.909Z
Homosexuality_in_ancient_Rome,2026-04-24T08:18:19.800Z,1347240533,ok,2026-04-24T08:37:43.163Z
Human_brain,2026-04-24T08:14:40.423Z,1348541413,ok,2026-04-24T08:37:43.410Z
Human_brain,2026-04-24T08:19:44.120Z,1348541413,ok,2026-04-24T08:37:43.657Z
Human_brain,2026-04-24T08:21:11.217Z,1348541413,ok,2026-04-24T08:37:43.908Z
Intelligence,2026-04-24T08:18:25.905Z,1350643433,ok,2026-04-24T08:37:44.157Z
Kausia,2026-04-24T08:17:13.137Z,1291959013,ok,2026-04-24T08:37:44.388Z
Kausia,2026-04-24T08:19:07.556Z,1291959013,ok,2026-04-24T08:37:44.640Z
Left_hemisphere,2026-04-24T08:06:24.581Z,1348451263,ok,2026-04-24T08:37:44.912Z
List_of_regions_in_the_human_brain,2026-04-24T08:19:50.669Z,1346511593,ok,2026-04-24T08:37:45.176Z
Metropolitan_Museum_of_Art,2026-04-24T00:03:46.906Z,1349146197,ok,2026-04-24T08:37:45.430Z
Museum,2026-04-24T08:07:13.287Z,1348625994,ok,2026-04-24T08:37:45.673Z
Neoclassicism,2026-04-24T08:08:54.051Z,1350140612,ok,2026-04-24T08:37:45.909Z
Neuropsychology,2026-04-24T08:19:39.505Z,1349365380,ok,2026-04-24T08:37:46.152Z
Neuropsychology,2026-04-24T08:19:47.114Z,1349365380,ok,2026-04-24T08:37:46.411Z
Odyssey,2026-04-24T08:27:35.854Z,1349440962,ok,2026-04-24T08:37:46.642Z
Palatability,2026-04-24T08:12:01.567Z,1331351481,ok,2026-04-24T08:37:46.894Z
Palatability,2026-04-24T08:20:43.520Z,1331351481,ok,2026-04-24T08:37:47.138Z
Pre-Romanesque_art,2026-04-24T08:24:13.291Z,1344816199,ok,2026-04-24T08:37:47.375Z
Renaissance_art,2026-04-24T08:19:17.435Z,1348525630,ok,2026-04-24T08:37:47.613Z
Renaissance_art,2026-04-24T08:24:20.923Z,1348525630,ok,2026-04-24T08:37:47.843Z
Robert_Irwin_(conservationist),2026-04-24T07:56:31.949Z,1350694552,ok,2026-04-24T08:37:48.097Z
Role_of_chance_in_scientific_discoveries,2026-04-24T08:05:29.424Z,1316148070,ok,2026-04-24T08:37:48.325Z
Role_of_chance_in_scientific_discoveries,2026-04-24T08:07:46.687Z,1316148070,ok,2026-04-24T08:37:48.584Z
Role_of_chance_in_scientific_discoveries,2026-04-24T08:11:24.777Z,1316148070,ok,2026-04-24T08:37:48.817Z
Role_of_chance_in_scientific_discoveries,2026-04-24T08:20:07.640Z,1316148070,ok,2026-04-24T08:37:49.044Z
Role_of_chance_in_scientific_discoveries,2026-04-24T08:21:44.174Z,1316148070,ok,2026-04-24T08:37:49.294Z
Roman_art,2026-04-24T08:24:18.979Z,1328553318,ok,2026-04-24T08:37:49.533Z
Roman_art,2026-04-24T08:24:25.843Z,1328553318,ok,2026-04-24T08:37:49.789Z
Scientific_method,2026-04-24T08:22:19.352Z,1344505672,ok,2026-04-24T08:37:50.029Z
Semiaquatic,2026-04-24T07:57:19.231Z,1348587174,ok,2026-04-24T08:37:50.256Z
Serendipity,2026-04-24T08:10:47.798Z,1342141326,ok,2026-04-24T08:37:50.499Z
Society,2026-04-24T08:04:28.979Z,1341131270,ok,2026-04-24T08:37:50.739Z
Terminal_lucidity,2026-04-24T00:13:22.951Z,1347767885,ok,2026-04-24T08:37:50.987Z
Terminal_lucidity,2026-04-24T00:19:22.301Z,1347767885,ok,2026-04-24T08:37:51.455Z
The_Logic_of_Scientific_Discovery,2026-04-24T08:11:27.992Z,1348275119,ok,2026-04-24T08:37:51.715Z
The_Logic_of_Scientific_Discovery,2026-04-24T08:22:00.515Z,1348275119,ok,2026-04-24T08:37:51.968Z
These,2026-04-24T00:19:14.477Z,1181178680,ok,2026-04-24T08:37:52.207Z
William_Shakespeare,2026-04-24T08:26:50.615Z,1349245304,ok,2026-04-24T08:37:52.464Z
William_Shakespeare,2026-04-24T08:30:27.858Z,1349245304,ok,2026-04-24T08:37:52.725Z
Work_of_art,2026-04-24T08:03:53.725Z,1343892030,ok,2026-04-24T08:37:52.959Z
Ancient_art,2026-04-25T08:13:55.848Z,1340543341,ok,2026-04-25T08:47:42.741Z
Aramis_(wrestler),2026-04-25T08:11:25.362Z,1350151151,ok,2026-04-25T08:47:42.977Z
Arez_(wrestler),2026-04-25T08:10:01.729Z,1349950857,ok,2026-04-25T08:47:43.216Z
Arez_(wrestler),2026-04-25T08:13:08.923Z,1349950857,ok,2026-04-25T08:47:43.465Z
Arez_(wrestler),2026-04-25T08:18:19.616Z,1349950857,ok,2026-04-25T08:47:43.720Z
Capybara,2026-04-25T08:00:08.488Z,1349431902,ok,2026-04-25T08:47:43.961Z
Capybara,2026-04-25T08:03:58.308Z,1349431902,ok,2026-04-25T08:47:44.199Z
Cerebral_cortex,2026-04-25T08:04:22.698Z,1337317877,ok,2026-04-25T08:47:44.458Z
Contemporary_(disambiguation),2026-04-25T08:16:21.494Z,654719037,ok,2026-04-25T08:47:44.708Z
Contemporary_history,2026-04-25T08:16:18.364Z,1349502104,ok,2026-04-25T08:47:44.951Z
Discovery_(observation),2026-04-25T08:06:43.363Z,1343101902,ok,2026-04-25T08:47:45.213Z
Don_Callis_Family,2026-04-25T08:18:23.192Z,1350911364,ok,2026-04-25T08:47:45.451Z
Hechicero,2026-04-25T08:19:57.729Z,1350146995,ok,2026-04-25T08:47:45.722Z
Human_brain,2026-04-25T08:03:47.214Z,1348541413,ok,2026-04-25T08:47:45.984Z
Human_brain,2026-04-25T08:08:40.149Z,1348541413,ok,2026-04-25T08:47:46.230Z
Human_brain,2026-04-25T08:13:58.424Z,1348541413,ok,2026-04-25T08:47:46.479Z
Metropolitan_Museum_of_Art,2026-04-25T08:19:04.086Z,1349146197,ok,2026-04-25T08:47:46.726Z
Metropolitan_Museum_of_Art,2026-04-25T08:23:37.671Z,1349146197,ok,2026-04-25T08:47:46.979Z
Neuroscience,2026-04-25T08:05:59.459Z,1350601295,ok,2026-04-25T08:47:47.224Z
Quantum_mind,2026-04-25T08:12:11.705Z,1343283567,ok,2026-04-25T08:47:47.492Z
Rocky_Romero,2026-04-25T08:19:54.106Z,1349421379,ok,2026-04-25T08:47:47.738Z
Rocky_Romero,2026-04-25T08:22:04.688Z,1349421379,ok,2026-04-25T08:47:47.971Z
Sense,2026-04-25T08:08:33.475Z,1347161494,ok,2026-04-25T08:47:48.250Z
Taste_(sociology),2026-04-25T08:26:05.793Z,1345685659,ok,2026-04-25T08:47:48.513Z
The_Met_Fifth_Avenue,2026-04-25T08:25:36.018Z,1343414979,ok,2026-04-25T08:47:48.787Z
The_Outrunners,2026-04-25T08:21:19.021Z,1346406240,ok,2026-04-25T08:47:49.025Z
The_Work_of_Art_in_the_Age_of_Mechanical_Reproduction,2026-04-25T08:20:54.996Z,1347890043,ok,2026-04-25T08:47:49.262Z
The_Work_of_Art_in_the_Age_of_Mechanical_Reproduction,2026-04-25T08:25:46.705Z,1347890043,ok,2026-04-25T08:47:49.510Z
Abstract_Expressionism,2026-05-06T11:32:03.821Z,1347140604,ok,2026-05-06T14:24:09.851Z
Active_learning_(machine_learning),2026-05-06T12:51:12.035Z,1346083974,ok,2026-05-06T14:24:10.106Z
Agnosia,2026-05-06T11:20:30.040Z,1351377892,ok,2026-05-06T14:24:10.339Z
Ancient_Egypt,2026-05-06T11:25:16.543Z,1351312664,ok,2026-05-06T14:24:10.580Z
Ancient_Greek_art,2026-05-06T11:11:06.678Z,1346827325,ok,2026-05-06T14:24:10.807Z
Ancient_Greek_art,2026-05-06T12:02:25.542Z,1346827325,ok,2026-05-06T14:24:11.056Z
Ancient_Greek_art,2026-05-06T12:17:53.506Z,1346827325,ok,2026-05-06T14:24:11.321Z
Ancient_Greek_art,2026-05-06T12:21:25.125Z,1346827325,ok,2026-05-06T14:24:11.554Z
Ancient_Greek_art,2026-05-06T12:24:08.798Z,1346827325,ok,2026-05-06T14:24:11.778Z
Ancient_Greek_art,2026-05-06T12:46:31.006Z,1346827325,ok,2026-05-06T14:24:12.017Z
Ancient_Italy_–_Ovid_Banished_from_Rome,2026-05-06T11:56:54.477Z,1342057377,ok,2026-05-06T14:24:12.242Z
Ancient_Society,2026-05-06T11:13:03.229Z,1334836887,ok,2026-05-06T14:24:12.483Z
Ancient_Society,2026-05-06T12:23:59.594Z,1334836887,ok,2026-05-06T14:24:12.740Z
Ancient_Society,2026-05-06T12:35:22.869Z,1334836887,ok,2026-05-06T14:24:12.968Z
Ancient_art,2026-05-06T11:15:05.214Z,1340543341,ok,2026-05-06T14:24:13.213Z
Ancient_art,2026-05-06T11:24:11.988Z,1340543341,ok,2026-05-06T14:24:13.457Z
Ancient_art,2026-05-06T11:24:29.665Z,1340543341,ok,2026-05-06T14:24:13.682Z
Ancient_art,2026-05-06T11:27:51.297Z,1340543341,ok,2026-05-06T14:24:13.934Z
Ancient_art,2026-05-06T11:53:25.771Z,1340543341,ok,2026-05-06T14:24:14.193Z
Ancient_art,2026-05-06T11:58:24.351Z,1340543341,ok,2026-05-06T14:24:14.446Z
Ancient_art,2026-05-06T11:58:39.754Z,1340543341,ok,2026-05-06T14:24:14.688Z
Ancient_art,2026-05-06T11:58:51.788Z,1340543341,ok,2026-05-06T14:24:14.909Z
Ancient_art,2026-05-06T11:58:59.880Z,1340543341,ok,2026-05-06T14:24:15.152Z
Ancient_art,2026-05-06T12:01:41.600Z,1340543341,ok,2026-05-06T14:24:15.405Z
Ancient_art,2026-05-06T12:04:05.826Z,1340543341,ok,2026-05-06T14:24:15.646Z
Ancient_art,2026-05-06T12:05:23.934Z,1340543341,ok,2026-05-06T14:24:15.872Z
Ancient_art,2026-05-06T12:10:00.896Z,1340543341,ok,2026-05-06T14:24:16.117Z
Ancient_art,2026-05-06T12:10:43.972Z,1340543341,ok,2026-05-06T14:24:16.350Z
Ancient_art,2026-05-06T12:17:29.480Z,1340543341,ok,2026-05-06T14:24:16.578Z
Ancient_art,2026-05-06T12:18:53.979Z,1340543341,ok,2026-05-06T14:24:16.804Z
Ancient_art,2026-05-06T12:18:59.807Z,1340543341,ok,2026-05-06T14:24:17.046Z
Ancient_art,2026-05-06T12:19:12.057Z,1340543341,ok,2026-05-06T14:24:17.285Z
Ancient_art,2026-05-06T12:19:16.924Z,1340543341,ok,2026-05-06T14:24:17.525Z
Ancient_art,2026-05-06T12:21:09.103Z,1340543341,ok,2026-05-06T14:24:17.751Z
Ancient_art,2026-05-06T12:21:10.203Z,1340543341,ok,2026-05-06T14:24:17.997Z
Ancient_art,2026-05-06T12:24:10.597Z,1340543341,ok,2026-05-06T14:24:18.232Z
Ancient_art,2026-05-06T12:25:07.495Z,1340543341,ok,2026-05-06T14:24:18.467Z
Ancient_art,2026-05-06T12:25:13.638Z,1340543341,ok,2026-05-06T14:24:18.694Z
Ancient_art,2026-05-06T12:25:14.508Z,1340543341,ok,2026-05-06T14:24:18.920Z
Ancient_art,2026-05-06T12:25:18.585Z,1340543341,ok,2026-05-06T14:24:19.158Z
Ancient_art,2026-05-06T12:26:21.369Z,1340543341,ok,2026-05-06T14:24:19.385Z
Ancient_art,2026-05-06T12:26:23.059Z,1340543341,ok,2026-05-06T14:24:19.611Z
Ancient_art,2026-05-06T12:28:58.950Z,1340543341,ok,2026-05-06T14:24:19.851Z
Ancient_art,2026-05-06T12:30:36.785Z,1340543341,ok,2026-05-06T14:24:20.079Z
Ancient_art,2026-05-06T12:30:43.731Z,1340543341,ok,2026-05-06T14:24:20.308Z
Ancient_art,2026-05-06T12:30:55.928Z,1340543341,ok,2026-05-06T14:24:20.549Z
Ancient_art,2026-05-06T12:35:43.012Z,1340543341,ok,2026-05-06T14:24:20.795Z
Ancient_art,2026-05-06T12:37:49.607Z,1340543341,ok,2026-05-06T14:24:21.020Z
Ancient_art,2026-05-06T12:43:01.153Z,1340543341,ok,2026-05-06T14:24:21.246Z
Ancient_art,2026-05-06T12:43:14.258Z,1340543341,ok,2026-05-06T14:24:21.499Z
Ancient_art,2026-05-06T12:44:32.848Z,1340543341,ok,2026-05-06T14:24:21.727Z
Ancient_art,2026-05-06T12:44:58.427Z,1340543341,ok,2026-05-06T14:24:21.978Z
Ancient_art,2026-05-06T12:45:33.218Z,1340543341,ok,2026-05-06T14:24:22.312Z
Ancient_art,2026-05-06T12:45:52.108Z,1340543341,ok,2026-05-06T14:24:22.539Z
Ancient_art,2026-05-06T12:46:01.018Z,1340543341,ok,2026-05-06T14:24:22.763Z
Ancient_art,2026-05-06T12:46:43.088Z,1340543341,ok,2026-05-06T14:24:23.000Z
Ancient_art,2026-05-06T12:47:33.448Z,1340543341,ok,2026-05-06T14:24:23.242Z
Ancient_art,2026-05-06T12:48:43.609Z,1340543341,ok,2026-05-06T14:24:23.484Z
Ancient_art,2026-05-06T12:49:40.112Z,1340543341,ok,2026-05-06T14:24:23.725Z
Ancient_art,2026-05-06T12:49:48.361Z,1340543341,ok,2026-05-06T14:24:23.972Z
Ancient_art,2026-05-06T12:49:57.572Z,1340543341,ok,2026-05-06T14:24:24.221Z
Ancient_art,2026-05-06T12:50:05.668Z,1340543341,ok,2026-05-06T14:24:24.461Z
Ancient_art,2026-05-06T12:51:36.660Z,1340543341,ok,2026-05-06T14:24:24.692Z
Ancient_art,2026-05-06T12:53:04.318Z,1340543341,ok,2026-05-06T14:24:24.933Z
Ancient_art,2026-05-06T12:53:57.793Z,1340543341,ok,2026-05-06T14:24:25.188Z
Ancient_art,2026-05-06T12:56:17.704Z,1340543341,ok,2026-05-06T14:24:25.432Z
Ancient_art,2026-05-06T12:57:14.818Z,1340543341,ok,2026-05-06T14:24:25.686Z
Ancient_art,2026-05-06T12:59:57.769Z,1340543341,ok,2026-05-06T14:24:25.940Z
Ancient_art,2026-05-06T13:00:25.209Z,1340543341,ok,2026-05-06T14:24:26.176Z
Ancient_art,2026-05-06T13:02:17.342Z,1340543341,ok,2026-05-06T14:24:26.420Z
Ancient_art,2026-05-06T13:11:27.288Z,1340543341,ok,2026-05-06T14:24:26.648Z
Ancient_art,2026-05-06T13:46:11.617Z,1340543341,ok,2026-05-06T14:24:26.895Z
Applied_science,2026-05-06T13:08:47.155Z,1316146259,ok,2026-05-06T14:24:27.130Z
Aquatic_plant,2026-05-06T11:52:24.819Z,1346764558,ok,2026-05-06T14:24:27.368Z
Aquatic_plant,2026-05-06T12:11:45.985Z,1346764558,ok,2026-05-06T14:24:27.613Z
Aquatic_plants,2026-05-06T11:59:27.088Z,1346764558,ok,2026-05-06T14:24:27.863Z
Archaeological_looting,2026-05-06T12:06:19.664Z,1352110287,ok,2026-05-06T14:24:28.102Z
Archaeology,2026-05-06T12:02:04.027Z,1351578958,ok,2026-05-06T14:24:28.334Z
Art,2026-05-06T11:24:38.159Z,1350408072,ok,2026-05-06T14:24:28.576Z
Art,2026-05-06T11:26:15.198Z,1350408072,ok,2026-05-06T14:24:28.823Z
Art,2026-05-06T11:27:31.490Z,1350408072,ok,2026-05-06T14:24:29.067Z
Art,2026-05-06T12:13:28.847Z,1350408072,ok,2026-05-06T14:24:29.293Z
Art,2026-05-06T12:56:32.250Z,1350408072,ok,2026-05-06T14:24:29.557Z
Art,2026-05-06T13:36:57.145Z,1350408072,ok,2026-05-06T14:24:29.788Z
Art_history,2026-05-06T12:05:02.999Z,1351113023,ok,2026-05-06T14:24:30.040Z
Art_history,2026-05-06T12:47:20.335Z,1351113023,ok,2026-05-06T14:24:30.281Z
Art_history,2026-05-06T12:49:44.887Z,1351113023,ok,2026-05-06T14:24:30.526Z
Art_movement,2026-05-06T12:26:15.605Z,1342430213,ok,2026-05-06T14:24:30.754Z
Art_movement,2026-05-06T13:00:20.877Z,1342430213,ok,2026-05-06T14:24:30.978Z
Art_of_Europe,2026-05-06T12:27:10.075Z,1352338712,ok,2026-05-06T14:24:31.211Z
Art_of_ancient_Egypt,2026-05-06T11:12:05.577Z,1351669010,ok,2026-05-06T14:24:31.459Z
Art_of_ancient_Egypt,2026-05-06T11:53:05.685Z,1351669010,ok,2026-05-06T14:24:31.696Z
Art_of_ancient_Egypt,2026-05-06T12:03:39.905Z,1351669010,ok,2026-05-06T14:24:31.939Z
Art_of_ancient_Egypt,2026-05-06T12:04:17.199Z,1351669010,ok,2026-05-06T14:24:32.168Z
Art_of_ancient_Egypt,2026-05-06T12:08:44.414Z,1351669010,ok,2026-05-06T14:24:32.396Z
Art_of_ancient_Egypt,2026-05-06T12:24:21.243Z,1351669010,ok,2026-05-06T14:24:32.645Z
Art_of_ancient_Egypt,2026-05-06T12:25:02.341Z,1351669010,ok,2026-05-06T14:24:32.886Z
Art_of_ancient_Egypt,2026-05-06T12:26:24.459Z,1351669010,ok,2026-05-06T14:24:33.135Z
Art_of_ancient_Egypt,2026-05-06T12:48:32.749Z,1351669010,ok,2026-05-06T14:24:33.375Z
Art_of_ancient_Egypt,2026-05-06T12:48:46.801Z,1351669010,ok,2026-05-06T14:24:33.623Z
Art_of_ancient_Egypt,2026-05-06T12:49:27.102Z,1351669010,ok,2026-05-06T14:24:33.870Z
Art_of_the_Upper_Paleolithic,2026-05-06T12:29:03.871Z,1342398412,ok,2026-05-06T14:24:34.109Z
Art_of_the_Upper_Paleolithic,2026-05-06T12:30:28.487Z,1342398412,ok,2026-05-06T14:24:34.347Z
Association_cortex,2026-05-06T11:17:49.894Z,1352382944,ok,2026-05-06T14:24:34.581Z
Association_cortex,2026-05-06T11:19:54.521Z,1352382944,ok,2026-05-06T14:24:34.817Z
Association_cortex,2026-05-06T11:20:43.111Z,1352382944,ok,2026-05-06T14:24:35.070Z
Attention,2026-05-06T12:35:39.098Z,1346893410,ok,2026-05-06T14:24:35.298Z
Bhutanese_art,2026-05-06T12:51:43.692Z,1306978082,ok,2026-05-06T14:24:35.524Z
Brain,2026-05-06T11:54:31.865Z,1347518519,ok,2026-05-06T14:24:35.751Z
Brain,2026-05-06T12:05:52.821Z,1347518519,ok,2026-05-06T14:24:35.994Z
Brain,2026-05-06T12:09:06.239Z,1347518519,ok,2026-05-06T14:24:36.222Z
Brain,2026-05-06T12:10:28.850Z,1347518519,ok,2026-05-06T14:24:36.471Z
Brain,2026-05-06T12:13:04.974Z,1347518519,ok,2026-05-06T14:24:36.699Z
Brain,2026-05-06T12:13:45.744Z,1347518519,ok,2026-05-06T14:24:36.950Z
Brain,2026-05-06T12:15:55.854Z,1347518519,ok,2026-05-06T14:24:37.219Z
Brain,2026-05-06T12:16:22.998Z,1347518519,ok,2026-05-06T14:24:37.466Z
Brain,2026-05-06T12:19:56.459Z,1347518519,ok,2026-05-06T14:24:37.694Z
Brain,2026-05-06T12:20:09.474Z,1347518519,ok,2026-05-06T14:24:37.924Z
Brain,2026-05-06T12:20:22.002Z,1347518519,ok,2026-05-06T14:24:38.151Z
Brain,2026-05-06T12:20:33.417Z,1347518519,ok,2026-05-06T14:24:38.379Z
Brain,2026-05-06T12:30:51.867Z,1347518519,ok,2026-05-06T14:24:38.605Z
Brain,2026-05-06T12:32:00.092Z,1347518519,ok,2026-05-06T14:24:38.850Z
Brain,2026-05-06T12:34:25.456Z,1347518519,ok,2026-05-06T14:24:39.101Z
Brain,2026-05-06T12:34:43.930Z,1347518519,ok,2026-05-06T14:24:39.326Z
Brain,2026-05-06T12:34:54.201Z,1347518519,ok,2026-05-06T14:24:39.567Z
Brain,2026-05-06T12:35:51.468Z,1347518519,ok,2026-05-06T14:24:39.813Z
Brain,2026-05-06T12:36:47.728Z,1347518519,ok,2026-05-06T14:24:40.046Z
Brain,2026-05-06T12:38:11.655Z,1347518519,ok,2026-05-06T14:24:40.269Z
Brain,2026-05-06T12:41:05.959Z,1347518519,ok,2026-05-06T14:24:40.513Z
Brain,2026-05-06T12:43:43.900Z,1347518519,ok,2026-05-06T14:24:40.769Z
Brain,2026-05-06T12:46:32.611Z,1347518519,ok,2026-05-06T14:24:40.995Z
Brain,2026-05-06T12:55:50.381Z,1347518519,ok,2026-05-06T14:24:41.232Z
Brain,2026-05-06T13:02:48.586Z,1347518519,ok,2026-05-06T14:24:41.489Z
Brain,2026-05-06T13:19:16.707Z,1347518519,ok,2026-05-06T14:24:41.726Z
Brain,2026-05-06T13:19:28.386Z,1347518519,ok,2026-05-06T14:24:41.951Z
Brain,2026-05-06T13:35:48.419Z,1347518519,ok,2026-05-06T14:24:42.191Z
Brain_Rules,2026-05-06T12:35:50.698Z,1316121715,ok,2026-05-06T14:24:42.440Z
Brain_of_Albert_Einstein,2026-05-06T12:14:53.591Z,1335674790,ok,2026-05-06T14:24:42.687Z
Brain_of_Albert_Einstein,2026-05-06T13:24:08.824Z,1335674790,ok,2026-05-06T14:24:42.910Z
Brain_stimulation_reward,2026-05-06T12:57:58.113Z,1330820734,ok,2026-05-06T14:24:43.141Z
Brain–computer_interface,2026-05-06T11:25:50.820Z,1352795883,ok,2026-05-06T14:24:43.365Z
Brodmann_area,2026-05-06T12:13:09.503Z,1351862255,ok,2026-05-06T14:24:43.598Z
Capybara,2026-05-06T11:07:18.212Z,1349431902,ok,2026-05-06T14:24:43.849Z
Capybara,2026-05-06T11:09:05.927Z,1349431902,ok,2026-05-06T14:24:44.086Z
Capybara,2026-05-06T11:12:45.395Z,1349431902,ok,2026-05-06T14:24:44.328Z
Capybara,2026-05-06T11:48:07.804Z,1349431902,ok,2026-05-06T14:24:44.555Z
Capybara,2026-05-06T11:50:50.598Z,1349431902,ok,2026-05-06T14:24:44.778Z
Capybara,2026-05-06T11:50:51.002Z,1349431902,ok,2026-05-06T14:24:45.002Z
Capybara,2026-05-06T11:51:01.247Z,1349431902,ok,2026-05-06T14:24:45.231Z
Capybara,2026-05-06T11:52:53.592Z,1349431902,ok,2026-05-06T14:24:45.472Z
Capybara,2026-05-06T11:53:52.631Z,1349431902,ok,2026-05-06T14:24:45.697Z
Capybara,2026-05-06T11:54:17.832Z,1349431902,ok,2026-05-06T14:24:45.920Z
Capybara,2026-05-06T11:54:58.594Z,1349431902,ok,2026-05-06T14:24:46.147Z
Capybara,2026-05-06T11:56:28.280Z,1349431902,ok,2026-05-06T14:24:46.390Z
Capybara,2026-05-06T11:56:36.922Z,1349431902,ok,2026-05-06T14:24:46.618Z
Capybara,2026-05-06T11:56:57.681Z,1349431902,ok,2026-05-06T14:24:46.869Z
Capybara,2026-05-06T11:58:49.545Z,1349431902,ok,2026-05-06T14:24:47.117Z
Capybara,2026-05-06T12:01:17.978Z,1349431902,ok,2026-05-06T14:24:47.352Z
Capybara,2026-05-06T12:01:28.714Z,1349431902,ok,2026-05-06T14:24:47.602Z
Capybara,2026-05-06T12:01:35.305Z,1349431902,ok,2026-05-06T14:24:47.837Z
Capybara,2026-05-06T12:02:34.228Z,1349431902,ok,2026-05-06T14:24:48.074Z
Capybara,2026-05-06T12:04:39.433Z,1349431902,ok,2026-05-06T14:24:48.299Z
Capybara,2026-05-06T12:08:07.258Z,1349431902,ok,2026-05-06T14:24:48.537Z
Capybara,2026-05-06T12:10:10.323Z,1349431902,ok,2026-05-06T14:24:48.766Z
Capybara,2026-05-06T12:10:16.612Z,1349431902,ok,2026-05-06T14:24:49.013Z
Capybara,2026-05-06T12:10:24.566Z,1349431902,ok,2026-05-06T14:24:49.255Z
Capybara,2026-05-06T12:11:41.588Z,1349431902,ok,2026-05-06T14:24:49.504Z
Capybara,2026-05-06T12:13:50.151Z,1349431902,ok,2026-05-06T14:24:49.749Z
Capybara,2026-05-06T12:16:04.054Z,1349431902,ok,2026-05-06T14:24:49.991Z
Capybara,2026-05-06T12:17:53.741Z,1349431902,ok,2026-05-06T14:24:50.250Z
Capybara,2026-05-06T12:18:19.960Z,1349431902,ok,2026-05-06T14:24:50.505Z
Capybara,2026-05-06T12:22:05.644Z,1349431902,ok,2026-05-06T14:24:50.733Z
Capybara,2026-05-06T12:24:07.421Z,1349431902,ok,2026-05-06T14:24:50.973Z
Capybara,2026-05-06T12:24:21.886Z,1349431902,ok,2026-05-06T14:24:51.211Z
Capybara,2026-05-06T12:27:32.045Z,1349431902,ok,2026-05-06T14:24:51.445Z
Capybara,2026-05-06T12:27:44.792Z,1349431902,ok,2026-05-06T14:24:51.672Z
Capybara,2026-05-06T12:31:34.365Z,1349431902,ok,2026-05-06T14:24:51.908Z
Capybara,2026-05-06T12:32:19.412Z,1349431902,ok,2026-05-06T14:24:52.136Z
Capybara,2026-05-06T12:35:14.403Z,1349431902,ok,2026-05-06T14:24:52.374Z
Capybara,2026-05-06T12:35:42.189Z,1349431902,ok,2026-05-06T14:24:52.601Z
Capybara,2026-05-06T12:38:39.356Z,1349431902,ok,2026-05-06T14:24:52.824Z
Capybara,2026-05-06T12:41:06.338Z,1349431902,ok,2026-05-06T14:24:53.075Z
Capybara,2026-05-06T12:41:32.689Z,1349431902,ok,2026-05-06T14:24:53.300Z
Capybara,2026-05-06T12:41:35.176Z,1349431902,ok,2026-05-06T14:24:53.549Z
Capybara,2026-05-06T12:42:03.593Z,1349431902,ok,2026-05-06T14:24:53.777Z
Capybara,2026-05-06T12:43:26.483Z,1349431902,ok,2026-05-06T14:24:54.038Z
Capybara,2026-05-06T12:44:22.672Z,1349431902,ok,2026-05-06T14:24:54.282Z
Capybara,2026-05-06T12:51:38.697Z,1349431902,ok,2026-05-06T14:24:54.508Z
Capybara,2026-05-06T12:58:03.681Z,1349431902,ok,2026-05-06T14:24:54.760Z
Capybara,2026-05-06T13:08:27.574Z,1349431902,ok,2026-05-06T14:24:55.009Z
Capybara,2026-05-06T13:16:24.767Z,1349431902,ok,2026-05-06T14:24:55.246Z
Capybara,2026-05-06T13:32:43.179Z,1349431902,ok,2026-05-06T14:24:55.493Z
Capybara_(disambiguation),2026-05-06T11:12:38.635Z,1286780159,ok,2026-05-06T14:24:55.728Z
Capybara_(disambiguation),2026-05-06T12:13:44.405Z,1286780159,ok,2026-05-06T14:24:55.956Z
Capybara_(disambiguation),2026-05-06T12:16:24.251Z,1286780159,ok,2026-05-06T14:24:56.202Z
Capybara_(disambiguation),2026-05-06T12:41:21.219Z,1286780159,ok,2026-05-06T14:24:56.439Z
Cave_painting,2026-05-06T12:29:21.432Z,1352447207,ok,2026-05-06T14:24:56.671Z
Cerebral_cortex,2026-05-06T12:12:24.271Z,1337317877,ok,2026-05-06T14:24:56.953Z
Cerebral_cortex,2026-05-06T12:14:09.128Z,1337317877,ok,2026-05-06T14:24:57.177Z
Cerebral_cortex,2026-05-06T12:15:16.598Z,1337317877,ok,2026-05-06T14:24:57.420Z
Cerebral_cortex,2026-05-06T12:43:54.469Z,1337317877,ok,2026-05-06T14:24:57.652Z
Chinese_art,2026-05-06T11:18:34.538Z,1352591593,ok,2026-05-06T14:24:57.886Z
Chinese_art,2026-05-06T12:31:17.833Z,1352591593,ok,2026-05-06T14:24:58.114Z
Classical_architecture,2026-05-06T12:22:56.314Z,1326371786,ok,2026-05-06T14:24:58.341Z
Classical_architecture,2026-05-06T12:24:08.165Z,1326371786,ok,2026-05-06T14:24:58.563Z
Classificatory_disputes_about_art,2026-05-06T12:58:42.984Z,1327642073,ok,2026-05-06T14:24:58.793Z
Classificatory_disputes_about_art,2026-05-06T13:01:36.759Z,1327642073,ok,2026-05-06T14:24:59.044Z
Classificatory_disputes_about_art,2026-05-06T13:16:02.329Z,1327642073,ok,2026-05-06T14:24:59.291Z
Cognition,2026-05-06T11:57:24.522Z,1351752620,ok,2026-05-06T14:24:59.517Z
Cognition,2026-05-06T12:10:29.687Z,1351752620,ok,2026-05-06T14:24:59.771Z
Cognition,2026-05-06T12:33:42.444Z,1351752620,ok,2026-05-06T14:25:00.006Z
Cognitive_behavioral_therapy,2026-05-06T13:02:08.510Z,1350894032,ok,2026-05-06T14:25:00.265Z
Cognitive_development,2026-05-06T13:40:09.136Z,1342769763,ok,2026-05-06T14:25:00.520Z
Cognitive_neuroscience,2026-05-06T12:35:05.575Z,1348892447,ok,2026-05-06T14:25:00.759Z
Cognitive_science,2026-05-06T11:56:57.276Z,1348109510,ok,2026-05-06T14:25:00.989Z
Cognitive_science,2026-05-06T12:30:13.854Z,1348109510,ok,2026-05-06T14:25:01.238Z
Cognitive_science,2026-05-06T13:02:36.681Z,1348109510,ok,2026-05-06T14:25:01.479Z
Cognitive_science,2026-05-06T13:16:52.064Z,1348109510,ok,2026-05-06T14:25:01.720Z
Cognitive_science,2026-05-06T13:27:41.697Z,1348109510,ok,2026-05-06T14:25:01.944Z
Contemporary_African_art,2026-05-06T11:17:23.157Z,1351800446,ok,2026-05-06T14:25:02.172Z
Contemporary_Art_Society,2026-05-06T11:56:14.537Z,1322451486,ok,2026-05-06T14:25:02.412Z
Contemporary_Art_Society,2026-05-06T13:02:39.590Z,1322451486,ok,2026-05-06T14:25:02.635Z
Contemporary_Art_Society,2026-05-06T13:45:58.602Z,1322451486,ok,2026-05-06T14:25:02.860Z
Contemporary_Art_Society,2026-05-06T13:52:00.091Z,1322451486,ok,2026-05-06T14:25:03.096Z
Contemporary_art,2026-05-06T11:14:52.796Z,1342754354,ok,2026-05-06T14:25:03.323Z
Contemporary_art,2026-05-06T11:28:36.610Z,1342754354,ok,2026-05-06T14:25:03.557Z
Contemporary_art,2026-05-06T11:58:22.202Z,1342754354,ok,2026-05-06T14:25:03.828Z
Contemporary_art,2026-05-06T12:00:42.860Z,1342754354,ok,2026-05-06T14:25:04.071Z
Contemporary_art,2026-05-06T12:09:54.702Z,1342754354,ok,2026-05-06T14:25:04.298Z
Contemporary_art,2026-05-06T12:19:19.831Z,1342754354,ok,2026-05-06T14:25:04.545Z
Contemporary_art,2026-05-06T12:24:29.256Z,1342754354,ok,2026-05-06T14:25:04.792Z
Contemporary_art,2026-05-06T12:25:48.006Z,1342754354,ok,2026-05-06T14:25:05.028Z
Contemporary_art,2026-05-06T12:29:24.786Z,1342754354,ok,2026-05-06T14:25:05.274Z
Contemporary_art,2026-05-06T12:43:59.146Z,1342754354,ok,2026-05-06T14:25:05.501Z
Contemporary_art,2026-05-06T12:44:36.802Z,1342754354,ok,2026-05-06T14:25:05.759Z
Contemporary_art,2026-05-06T12:48:14.295Z,1342754354,ok,2026-05-06T14:25:05.994Z
Contemporary_art,2026-05-06T12:54:29.474Z,1342754354,ok,2026-05-06T14:25:06.252Z
Contemporary_art,2026-05-06T12:55:21.282Z,1342754354,ok,2026-05-06T14:25:06.504Z
Contemporary_art,2026-05-06T12:55:29.327Z,1342754354,ok,2026-05-06T14:25:06.769Z
Contemporary_art,2026-05-06T12:55:58.966Z,1342754354,ok,2026-05-06T14:25:07.007Z
Contemporary_art,2026-05-06T13:01:56.358Z,1342754354,ok,2026-05-06T14:25:07.243Z
Contemporary_art,2026-05-06T13:52:04.850Z,1342754354,ok,2026-05-06T14:25:07.472Z
Contemporary_art_in_Egypt,2026-05-06T12:48:52.535Z,1332358783,ok,2026-05-06T14:25:07.715Z
Contemporary_art_in_Egypt,2026-05-06T12:48:59.654Z,1332358783,ok,2026-05-06T14:25:07.952Z
Coprophagous,2026-05-06T11:52:57.783Z,1352052401,ok,2026-05-06T14:25:08.202Z
Cortex,2026-05-06T12:12:17.652Z,1320705697,ok,2026-05-06T14:25:08.435Z
Curiosity,2026-05-06T12:44:28.261Z,1341423987,ok,2026-05-06T14:25:08.660Z
Decision-making,2026-05-06T12:34:33.246Z,1352720972,ok,2026-05-06T14:25:08.885Z
Decision-making,2026-05-06T12:34:53.005Z,1352720972,ok,2026-05-06T14:25:09.130Z
Discovery,2026-05-06T12:33:47.039Z,1339829983,ok,2026-05-06T14:25:09.361Z
Discovery,2026-05-06T13:39:55.276Z,1339829983,ok,2026-05-06T14:25:09.602Z
Discovery_(observation),2026-05-06T11:21:15.549Z,1352624656,ok,2026-05-06T14:25:09.847Z
Discovery_(observation),2026-05-06T12:13:02.326Z,1352624656,ok,2026-05-06T14:25:10.107Z
Discovery_(observation),2026-05-06T12:22:37.417Z,1352624656,ok,2026-05-06T14:25:10.332Z
Discovery_(observation),2026-05-06T12:24:19.952Z,1352624656,ok,2026-05-06T14:25:10.572Z
Discovery_(observation),2026-05-06T12:24:54.460Z,1352624656,ok,2026-05-06T14:25:10.816Z
Discovery_(observation),2026-05-06T12:25:35.638Z,1352624656,ok,2026-05-06T14:25:11.057Z
Discovery_(observation),2026-05-06T12:27:31.871Z,1352624656,ok,2026-05-06T14:25:11.307Z
Discovery_(observation),2026-05-06T12:33:50.528Z,1352624656,ok,2026-05-06T14:25:11.540Z
Discovery_(observation),2026-05-06T12:34:06.482Z,1352624656,ok,2026-05-06T14:25:11.777Z
Discovery_(observation),2026-05-06T13:39:57.670Z,1352624656,ok,2026-05-06T14:25:12.008Z
Discovery_science,2026-05-06T11:22:22.221Z,1327847989,ok,2026-05-06T14:25:12.265Z
Discovery_science,2026-05-06T11:25:16.646Z,1327847989,ok,2026-05-06T14:25:12.493Z
Discovery_science,2026-05-06T11:27:39.943Z,1327847989,ok,2026-05-06T14:25:12.725Z
Discovery_science,2026-05-06T12:15:17.694Z,1327847989,ok,2026-05-06T14:25:12.976Z
Dopamine,2026-05-06T12:17:57.639Z,1351968655,ok,2026-05-06T14:25:13.227Z
Dorsal_attention_network,2026-05-06T12:15:05.706Z,1291963726,ok,2026-05-06T14:25:13.451Z
Educational_neuroscience,2026-05-06T12:19:01.190Z,1348554868,ok,2026-05-06T14:25:13.681Z
Evolution_of_human_intelligence,2026-05-06T13:37:03.158Z,1346573907,ok,2026-05-06T14:25:13.935Z
Evolution_of_the_brain,2026-05-06T12:33:37.500Z,1345220170,ok,2026-05-06T14:25:14.163Z
Executive_functions,2026-05-06T11:18:49.377Z,1350587610,ok,2026-05-06T14:25:14.397Z
Executive_functions,2026-05-06T12:05:56.945Z,1350587610,ok,2026-05-06T14:25:14.627Z
Executive_functions,2026-05-06T12:11:41.602Z,1350587610,ok,2026-05-06T14:25:14.872Z
Executive_functions,2026-05-06T13:12:52.723Z,1350587610,ok,2026-05-06T14:25:15.126Z
Flashed_face_distortion_effect,2026-05-06T11:27:04.205Z,1330748644,ok,2026-05-06T14:25:15.528Z
Frank_Rosenblatt,2026-05-06T12:16:06.357Z,1335457631,ok,2026-05-06T14:25:15.757Z
Frank_Rosenblatt,2026-05-06T12:48:18.939Z,1335457631,ok,2026-05-06T14:25:16.010Z
Frank_Rosenblatt,2026-05-06T12:53:15.254Z,1335457631,ok,2026-05-06T14:25:16.238Z
Frontal_lobe,2026-05-06T11:14:44.441Z,1351655028,ok,2026-05-06T14:25:16.468Z
Frontal_lobe,2026-05-06T11:15:15.838Z,1351655028,ok,2026-05-06T14:25:16.701Z
Frontal_lobe,2026-05-06T11:16:57.517Z,1351655028,ok,2026-05-06T14:25:16.959Z
Frontal_lobe,2026-05-06T11:21:05.391Z,1351655028,ok,2026-05-06T14:25:17.185Z
Frontal_lobe,2026-05-06T12:40:12.465Z,1351655028,ok,2026-05-06T14:25:17.423Z
Frontal_lobe,2026-05-06T12:47:54.448Z,1351655028,ok,2026-05-06T14:25:17.645Z
Frontal_lobe,2026-05-06T12:51:15.848Z,1351655028,ok,2026-05-06T14:25:17.875Z
Frontal_lobe,2026-05-06T12:54:18.615Z,1351655028,ok,2026-05-06T14:25:18.113Z
Frontal_lobe,2026-05-06T13:42:54.022Z,1351655028,ok,2026-05-06T14:25:18.367Z
Functional_specialization_(brain),2026-05-06T12:28:32.645Z,1311175826,ok,2026-05-06T14:25:18.595Z
Gender_nonconformity,2026-05-06T12:09:22.493Z,1349013980,ok,2026-05-06T14:25:18.823Z
Gothic_art,2026-05-06T12:49:51.279Z,1348061045,ok,2026-05-06T14:25:19.071Z
Graphic_arts,2026-05-06T12:37:57.366Z,1324060877,ok,2026-05-06T14:25:19.302Z
Grass,2026-05-06T12:11:18.183Z,1352137314,ok,2026-05-06T14:25:19.531Z
Gregarious,2026-05-06T12:24:04.900Z,1349432025,ok,2026-05-06T14:25:19.764Z
Herbivore,2026-05-06T11:13:15.008Z,1348684667,ok,2026-05-06T14:25:19.991Z
Herbivore,2026-05-06T11:56:46.012Z,1348684667,ok,2026-05-06T14:25:20.234Z
History,2026-05-06T12:31:59.340Z,1351820954,ok,2026-05-06T14:25:20.456Z
History_of_architecture,2026-05-06T12:32:51.316Z,1349087032,ok,2026-05-06T14:25:20.698Z
History_of_art,2026-05-06T11:24:27.839Z,1351424773,ok,2026-05-06T14:25:20.949Z
History_of_art,2026-05-06T12:14:55.150Z,1351424773,ok,2026-05-06T14:25:21.240Z
History_of_art,2026-05-06T12:18:58.147Z,1351424773,ok,2026-05-06T14:25:21.469Z
History_of_art,2026-05-06T12:26:14.741Z,1351424773,ok,2026-05-06T14:25:21.699Z
History_of_art,2026-05-06T12:27:22.077Z,1351424773,ok,2026-05-06T14:25:21.952Z
History_of_art,2026-05-06T12:43:58.695Z,1351424773,ok,2026-05-06T14:25:22.182Z
History_of_art,2026-05-06T12:46:38.873Z,1351424773,ok,2026-05-06T14:25:22.418Z
History_of_art,2026-05-06T12:47:07.024Z,1351424773,ok,2026-05-06T14:25:22.665Z
History_of_art,2026-05-06T12:51:16.594Z,1351424773,ok,2026-05-06T14:25:22.912Z
History_of_art,2026-05-06T12:52:57.074Z,1351424773,ok,2026-05-06T14:25:23.141Z
History_of_art,2026-05-06T12:53:53.387Z,1351424773,ok,2026-05-06T14:25:23.387Z
History_of_art,2026-05-06T12:54:42.327Z,1351424773,ok,2026-05-06T14:25:23.619Z
History_of_art,2026-05-06T12:55:11.848Z,1351424773,ok,2026-05-06T14:25:23.876Z
History_of_art,2026-05-06T13:29:38.336Z,1351424773,ok,2026-05-06T14:25:24.130Z
History_of_art,2026-05-06T13:34:44.322Z,1351424773,ok,2026-05-06T14:25:24.382Z
History_of_art,2026-05-06T13:50:27.117Z,1351424773,ok,2026-05-06T14:25:24.618Z
History_of_erotic_depictions,2026-05-06T13:19:12.563Z,1350829661,ok,2026-05-06T14:25:24.876Z
History_of_male_homosexuality,2026-05-06T12:04:29.771Z,1346820298,ok,2026-05-06T14:25:25.124Z
History_of_the_nude_in_art,2026-05-06T12:07:40.081Z,1349316080,ok,2026-05-06T14:25:25.376Z
History_of_the_nude_in_art,2026-05-06T12:42:49.014Z,1349316080,ok,2026-05-06T14:25:25.625Z
History_of_the_nude_in_art,2026-05-06T13:17:00.434Z,1349316080,ok,2026-05-06T14:25:25.855Z
Homosexuality,2026-05-06T12:04:45.253Z,1351301213,ok,2026-05-06T14:25:26.081Z
Homosexuality_in_ancient_Rome,2026-05-06T12:01:57.709Z,1352522216,ok,2026-05-06T14:25:26.310Z
Homosexuality_in_ancient_Rome,2026-05-06T12:03:53.538Z,1352522216,ok,2026-05-06T14:25:26.568Z
Homosexuality_in_ancient_Rome,2026-05-06T12:26:16.830Z,1352522216,ok,2026-05-06T14:25:26.823Z
Hong_Kong_resident,2026-05-06T13:09:53.365Z,1200034644,ok,2026-05-06T14:25:27.053Z
How_Art_Made_the_World,2026-05-06T13:31:42.773Z,1311450423,ok,2026-05-06T14:25:27.282Z
How_the_Mind_Works,2026-05-06T12:35:31.190Z,1294650195,ok,2026-05-06T14:25:27.525Z
Human_Genome_Project,2026-05-06T12:36:41.844Z,1352739791,ok,2026-05-06T14:25:27.785Z
Human_brain,2026-05-06T11:14:03.511Z,1348541413,ok,2026-05-06T14:25:28.024Z
Human_brain,2026-05-06T11:14:53.216Z,1348541413,ok,2026-05-06T14:25:28.277Z
Human_brain,2026-05-06T11:20:57.582Z,1348541413,ok,2026-05-06T14:25:28.515Z
Human_brain,2026-05-06T11:24:27.832Z,1348541413,ok,2026-05-06T14:25:28.754Z
Human_brain,2026-05-06T12:03:23.819Z,1348541413,ok,2026-05-06T14:25:29.004Z
Human_brain,2026-05-06T12:06:20.032Z,1348541413,ok,2026-05-06T14:25:29.243Z
Human_brain,2026-05-06T12:09:23.676Z,1348541413,ok,2026-05-06T14:25:29.470Z
Human_brain,2026-05-06T12:09:50.712Z,1348541413,ok,2026-05-06T14:25:29.706Z
Human_brain,2026-05-06T12:11:18.435Z,1348541413,ok,2026-05-06T14:25:29.955Z
Human_brain,2026-05-06T12:11:36.707Z,1348541413,ok,2026-05-06T14:25:30.193Z
Human_brain,2026-05-06T12:13:22.230Z,1348541413,ok,2026-05-06T14:25:30.419Z
Human_brain,2026-05-06T12:13:44.474Z,1348541413,ok,2026-05-06T14:25:30.683Z
Human_brain,2026-05-06T12:30:36.729Z,1348541413,ok,2026-05-06T14:25:30.924Z
Human_brain,2026-05-06T12:37:51.488Z,1348541413,ok,2026-05-06T14:25:31.159Z
Human_brain,2026-05-06T12:42:03.121Z,1348541413,ok,2026-05-06T14:25:31.398Z
Human_brain,2026-05-06T12:43:24.241Z,1348541413,ok,2026-05-06T14:25:31.622Z
Human_brain,2026-05-06T12:47:01.113Z,1348541413,ok,2026-05-06T14:25:31.865Z
Human_brain,2026-05-06T12:51:40.473Z,1348541413,ok,2026-05-06T14:25:32.098Z
Human_brain,2026-05-06T13:24:05.111Z,1348541413,ok,2026-05-06T14:25:32.327Z
Human_brain,2026-05-06T13:35:54.997Z,1348541413,ok,2026-05-06T14:25:32.562Z
Human_brain,2026-05-06T13:37:35.482Z,1348541413,ok,2026-05-06T14:25:32.800Z
Human_brain,2026-05-06T13:37:56.331Z,1348541413,ok,2026-05-06T14:25:33.025Z
Human_brain,2026-05-06T13:40:52.837Z,1348541413,ok,2026-05-06T14:25:33.266Z
Hydrochoerus,2026-05-06T12:34:44.319Z,1341422303,ok,2026-05-06T14:25:33.492Z
Hydrochoerus,2026-05-06T12:43:14.474Z,1341422303,ok,2026-05-06T14:25:33.718Z
Indianapolis_Museum_of_Art,2026-05-06T12:28:38.305Z,1333618904,ok,2026-05-06T14:25:33.959Z
Infant_cognitive_development,2026-05-06T13:40:31.286Z,1352596589,ok,2026-05-06T14:25:34.190Z
Inferior_frontal_sulcus,2026-05-06T11:16:53.966Z,1261786503,ok,2026-05-06T14:25:34.428Z
Information_Age,2026-05-06T13:52:34.843Z,1352519075,ok,2026-05-06T14:25:34.691Z
Inhibitory_control,2026-05-06T12:13:13.076Z,1350099177,ok,2026-05-06T14:25:34.921Z
Iranian_modern_and_contemporary_art,2026-05-06T11:15:54.664Z,1350826762,ok,2026-05-06T14:25:35.148Z
John_Shakespeare,2026-05-06T13:55:20.174Z,1344865272,ok,2026-05-06T14:25:35.400Z
Lateral_prefrontal_cortex,2026-05-06T11:19:43.814Z,1214885703,ok,2026-05-06T14:25:35.642Z
Lateralization_of_brain_function,2026-05-06T12:26:50.067Z,1352423809,ok,2026-05-06T14:25:35.881Z
Lateralization_of_brain_function,2026-05-06T12:27:51.854Z,1352423809,ok,2026-05-06T14:25:36.130Z
Learning,2026-05-06T12:42:59.761Z,1348755899,ok,2026-05-06T14:25:36.357Z
Left-brain_interpreter,2026-05-06T12:09:24.338Z,1352224149,ok,2026-05-06T14:25:36.599Z
Lesser_capybara,2026-05-06T11:12:21.475Z,1345027539,ok,2026-05-06T14:25:36.839Z
Lesser_capybara,2026-05-06T12:14:12.939Z,1345027539,ok,2026-05-06T14:25:37.082Z
Lesser_capybara,2026-05-06T12:42:25.869Z,1345027539,ok,2026-05-06T14:25:37.336Z
Lesser_capybara,2026-05-06T12:43:30.220Z,1345027539,ok,2026-05-06T14:25:37.593Z
Lesser_capybara,2026-05-06T12:43:57.361Z,1345027539,ok,2026-05-06T14:25:37.822Z
"List_of_common_misconceptions_about_science,_technology,_and_mathematics",2026-05-06T12:16:58.562Z,1352349163,ok,2026-05-06T14:25:38.060Z
List_of_food_origins,2026-05-06T12:09:49.204Z,1347801232,ok,2026-05-06T14:25:38.294Z
List_of_multiple_discoveries,2026-05-06T12:10:57.984Z,1351488259,ok,2026-05-06T14:25:38.556Z
List_of_regions_in_the_human_brain,2026-05-06T12:14:10.434Z,1346511593,ok,2026-05-06T14:25:38.807Z
List_of_regions_in_the_human_brain,2026-05-06T12:15:33.511Z,1346511593,ok,2026-05-06T14:25:39.056Z
List_of_regions_in_the_human_brain,2026-05-06T12:31:04.773Z,1346511593,ok,2026-05-06T14:25:39.281Z
List_of_regions_in_the_human_brain,2026-05-06T12:36:33.816Z,1346511593,ok,2026-05-06T14:25:39.518Z
List_of_regions_in_the_human_brain,2026-05-06T12:37:31.567Z,1346511593,ok,2026-05-06T14:25:39.760Z
Lobes_of_the_brain,2026-05-06T12:12:22.052Z,1317319484,ok,2026-05-06T14:25:40.002Z
Lobes_of_the_brain,2026-05-06T12:14:30.509Z,1317319484,ok,2026-05-06T14:25:40.228Z
Lobes_of_the_brain,2026-05-06T13:38:03.281Z,1317319484,ok,2026-05-06T14:25:40.471Z
Mary_Shakespeare,2026-05-06T13:55:09.514Z,1347340212,ok,2026-05-06T14:25:40.699Z
Mary_Shakespeare,2026-05-06T13:55:40.832Z,1347340212,ok,2026-05-06T14:25:40.930Z
Medieval_art,2026-05-06T12:03:51.231Z,1351089129,ok,2026-05-06T14:25:41.184Z
Memory,2026-05-06T13:17:27.378Z,1352772175,ok,2026-05-06T14:25:41.422Z
Mesopotamia,2026-05-06T11:26:34.388Z,1352478652,ok,2026-05-06T14:25:41.654Z
Mesopotamia,2026-05-06T12:43:13.152Z,1352478652,ok,2026-05-06T14:25:41.882Z
Metropolitan_Museum_of_Art,2026-05-06T11:10:26.031Z,1352479853,ok,2026-05-06T14:25:42.141Z
Metropolitan_Museum_of_Art,2026-05-06T12:02:19.361Z,1352479853,ok,2026-05-06T14:25:42.367Z
Metropolitan_Museum_of_Art,2026-05-06T12:09:13.933Z,1352479853,ok,2026-05-06T14:25:42.606Z
Metropolitan_Museum_of_Art,2026-05-06T12:23:02.944Z,1352479853,ok,2026-05-06T14:25:42.851Z
Metropolitan_Museum_of_Art,2026-05-06T12:26:12.897Z,1352479853,ok,2026-05-06T14:25:43.089Z
Metropolitan_Museum_of_Art,2026-05-06T12:29:54.504Z,1352479853,ok,2026-05-06T14:25:43.338Z
Metropolitan_Museum_of_Art,2026-05-06T12:40:11.061Z,1352479853,ok,2026-05-06T14:25:43.564Z
Metropolitan_Museum_of_Art,2026-05-06T12:54:28.587Z,1352479853,ok,2026-05-06T14:25:43.808Z
Metropolitan_Museum_of_Art,2026-05-06T12:54:39.110Z,1352479853,ok,2026-05-06T14:25:44.033Z
Michael_A._Moskowitz,2026-05-06T11:28:29.110Z,1347364449,ok,2026-05-06T14:25:44.285Z
Modern_art,2026-05-06T12:27:00.254Z,1346678164,ok,2026-05-06T14:25:44.512Z
Modern_art,2026-05-06T12:52:46.857Z,1346678164,ok,2026-05-06T14:25:44.755Z
Multisensory_integration,2026-05-06T12:21:55.966Z,1351328979,ok,2026-05-06T14:25:44.994Z
Multisensory_integration,2026-05-06T12:25:38.562Z,1351328979,ok,2026-05-06T14:25:45.231Z
Museum,2026-05-06T12:21:17.198Z,1352163589,ok,2026-05-06T14:25:45.475Z
Museum,2026-05-06T12:27:21.866Z,1352163589,ok,2026-05-06T14:25:45.704Z
National_Museum_of_Ancient_Art,2026-05-06T12:58:27.208Z,1344980602,ok,2026-05-06T14:25:45.935Z
Neoclassicism,2026-05-06T12:06:01.037Z,1352229578,ok,2026-05-06T14:25:46.183Z
Neoclassicism,2026-05-06T12:09:10.174Z,1352229578,ok,2026-05-06T14:25:46.425Z
Neoclassicism,2026-05-06T12:48:33.552Z,1352229578,ok,2026-05-06T14:25:46.667Z
Neural_network_(biology),2026-05-06T13:37:07.238Z,1351781031,ok,2026-05-06T14:25:46.927Z
Neural_processing_for_individual_categories_of_objects,2026-05-06T12:29:44.380Z,1066537667,ok,2026-05-06T14:25:47.161Z
Neuron_pathways,2026-05-06T12:37:39.796Z,1295423527,ok,2026-05-06T14:25:47.397Z
Neurophysiology,2026-05-06T12:31:27.934Z,1347281799,ok,2026-05-06T14:25:47.623Z
Neuroplasticity,2026-05-06T12:37:29.058Z,1352596836,ok,2026-05-06T14:25:47.851Z
Neuroplasticity,2026-05-06T12:50:17.424Z,1352596836,ok,2026-05-06T14:25:48.077Z
Neuroplasticity,2026-05-06T13:37:04.493Z,1352596836,ok,2026-05-06T14:25:48.326Z
Neuroscience,2026-05-06T11:56:23.213Z,1352081239,ok,2026-05-06T14:25:48.573Z
Neuroscience,2026-05-06T12:12:32.143Z,1352081239,ok,2026-05-06T14:25:48.807Z
Neuroscience,2026-05-06T12:30:04.751Z,1352081239,ok,2026-05-06T14:25:49.035Z
Neuroscience,2026-05-06T12:47:42.356Z,1352081239,ok,2026-05-06T14:25:49.261Z
Neuroscience,2026-05-06T12:48:57.851Z,1352081239,ok,2026-05-06T14:25:49.480Z
Neuroscience,2026-05-06T13:15:12.406Z,1352081239,ok,2026-05-06T14:25:49.710Z
Neuroscience_and_intelligence,2026-05-06T12:11:53.713Z,1321114577,ok,2026-05-06T14:25:49.949Z
New_Classical_architecture,2026-05-06T12:23:11.353Z,1350399450,ok,2026-05-06T14:25:50.190Z
New_Classical_architecture,2026-05-06T12:24:07.592Z,1350399450,ok,2026-05-06T14:25:50.431Z
Nude_(art),2026-05-06T12:48:26.101Z,1349930621,ok,2026-05-06T14:25:50.659Z
Nude_(art),2026-05-06T13:17:19.391Z,1349930621,ok,2026-05-06T14:25:50.888Z
Observation,2026-05-06T12:23:58.791Z,1352157352,ok,2026-05-06T14:25:51.121Z
Occipital_lobe,2026-05-06T11:21:25.103Z,1331180376,ok,2026-05-06T14:25:51.354Z
Oneirology,2026-05-06T12:36:17.409Z,1350295923,ok,2026-05-06T14:25:51.585Z
Outline_of_culture,2026-05-06T12:27:28.545Z,1349386428,ok,2026-05-06T14:25:51.816Z
Outline_of_neuroscience,2026-05-06T12:41:41.197Z,1318178606,ok,2026-05-06T14:25:52.046Z
Padmasambhava,2026-05-06T12:54:45.216Z,1348186447,ok,2026-05-06T14:25:52.309Z
Palatability,2026-05-06T12:36:05.110Z,1331351481,ok,2026-05-06T14:25:52.542Z
Parietal_lobe,2026-05-06T11:21:13.992Z,1339481779,ok,2026-05-06T14:25:52.782Z
Pattern_recognition,2026-05-06T12:06:47.777Z,1332694740,ok,2026-05-06T14:25:53.013Z
Pattern_recognition,2026-05-06T12:09:04.923Z,1332694740,ok,2026-05-06T14:25:53.247Z
Pattern_recognition,2026-05-06T12:11:39.052Z,1332694740,ok,2026-05-06T14:25:53.487Z
Pattern_recognition,2026-05-06T12:34:15.699Z,1332694740,ok,2026-05-06T14:25:53.712Z
Pattern_recognition,2026-05-06T12:51:00.755Z,1332694740,ok,2026-05-06T14:25:53.950Z
Pattern_recognition,2026-05-06T12:51:14.896Z,1332694740,ok,2026-05-06T14:25:54.194Z
Pattern_recognition,2026-05-06T12:53:15.205Z,1332694740,ok,2026-05-06T14:25:54.428Z
Pattern_recognition_(psychology),2026-05-06T12:07:40.688Z,1342321497,ok,2026-05-06T14:25:54.663Z
Pattern_recognition_(psychology),2026-05-06T12:34:20.145Z,1342321497,ok,2026-05-06T14:25:54.888Z
Pattern_recognition_(psychology),2026-05-06T12:53:21.719Z,1342321497,ok,2026-05-06T14:25:55.116Z
Pattern_recognition_(psychology),2026-05-06T13:22:15.244Z,1342321497,ok,2026-05-06T14:25:55.355Z
Perception,2026-05-06T12:06:35.196Z,1352813072,ok,2026-05-06T14:25:55.587Z
Periods_in_Western_art_history,2026-05-06T12:14:46.853Z,1350846444,ok,2026-05-06T14:25:55.815Z
Periods_in_Western_art_history,2026-05-06T12:21:06.440Z,1350846444,ok,2026-05-06T14:25:56.046Z
Periods_in_Western_art_history,2026-05-06T12:51:40.476Z,1350846444,ok,2026-05-06T14:25:56.287Z
Phenomenon,2026-05-06T12:34:01.305Z,1325840517,ok,2026-05-06T14:25:56.526Z
Phoenix_Ancient_Art,2026-05-06T11:16:24.452Z,1339062748,ok,2026-05-06T14:25:56.773Z
Pre-Columbian_art,2026-05-06T12:50:14.229Z,1311636744,ok,2026-05-06T14:25:57.023Z
Prefrontal_cortex,2026-05-06T11:17:19.468Z,1350732430,ok,2026-05-06T14:25:57.262Z
Prefrontal_cortex,2026-05-06T11:18:24.065Z,1350732430,ok,2026-05-06T14:25:57.513Z
Prefrontal_cortex,2026-05-06T11:19:00.659Z,1350732430,ok,2026-05-06T14:25:57.762Z
Prefrontal_cortex,2026-05-06T11:19:53.470Z,1350732430,ok,2026-05-06T14:25:58.004Z
Prefrontal_cortex,2026-05-06T11:20:44.333Z,1350732430,ok,2026-05-06T14:25:58.231Z
Prefrontal_cortex,2026-05-06T12:08:19.045Z,1350732430,ok,2026-05-06T14:25:58.468Z
Prefrontal_cortex,2026-05-06T12:19:02.205Z,1350732430,ok,2026-05-06T14:25:58.701Z
Prefrontal_cortex,2026-05-06T12:50:46.273Z,1350732430,ok,2026-05-06T14:25:58.938Z
Prefrontal_cortex,2026-05-06T13:15:52.440Z,1350732430,ok,2026-05-06T14:25:59.164Z
Prehistoric_art,2026-05-06T11:24:33.700Z,1351543676,ok,2026-05-06T14:25:59.396Z
Prehistoric_art,2026-05-06T11:58:54.125Z,1351543676,ok,2026-05-06T14:25:59.628Z
Prehistoric_art,2026-05-06T12:10:57.952Z,1351543676,ok,2026-05-06T14:25:59.870Z
Prehistoric_art,2026-05-06T12:14:25.575Z,1351543676,ok,2026-05-06T14:26:00.110Z
Prehistoric_art,2026-05-06T12:21:14.849Z,1351543676,ok,2026-05-06T14:26:00.347Z
Primary_motor_cortex,2026-05-06T12:13:44.427Z,1293532917,ok,2026-05-06T14:26:00.573Z
Problem_solving,2026-05-06T12:06:06.247Z,1351620521,ok,2026-05-06T14:26:00.801Z
Problem_solving,2026-05-06T12:06:41.398Z,1351620521,ok,2026-05-06T14:26:01.051Z
Problem_solving,2026-05-06T12:11:40.573Z,1351620521,ok,2026-05-06T14:26:01.306Z
Problem_solving,2026-05-06T12:14:19.613Z,1351620521,ok,2026-05-06T14:26:01.563Z
Problem_solving,2026-05-06T12:43:14.735Z,1351620521,ok,2026-05-06T14:26:01.788Z
Pseudoscience,2026-05-06T13:08:53.026Z,1352219790,ok,2026-05-06T14:26:02.031Z
Qualia,2026-05-06T12:03:58.191Z,1351758634,ok,2026-05-06T14:26:02.276Z
Qualia,2026-05-06T12:16:25.874Z,1351758634,ok,2026-05-06T14:26:02.695Z
Qualia,2026-05-06T12:16:41.914Z,1351758634,ok,2026-05-06T14:26:02.922Z
Qualia,2026-05-06T12:19:33.157Z,1351758634,ok,2026-05-06T14:26:03.169Z
Quantum_mind,2026-05-06T11:20:17.620Z,1343283567,ok,2026-05-06T14:26:03.416Z
Quantum_mind,2026-05-06T11:25:30.341Z,1343283567,ok,2026-05-06T14:26:03.669Z
Quantum_mind,2026-05-06T12:12:48.428Z,1343283567,ok,2026-05-06T14:26:03.897Z
Quantum_mind,2026-05-06T12:16:24.533Z,1343283567,ok,2026-05-06T14:26:04.129Z
Quantum_mind,2026-05-06T12:17:34.021Z,1343283567,ok,2026-05-06T14:26:04.382Z
Quantum_mind,2026-05-06T12:19:02.945Z,1343283567,ok,2026-05-06T14:26:04.604Z
Quantum_mind,2026-05-06T12:42:48.670Z,1343283567,ok,2026-05-06T14:26:04.844Z
Queer_contemporary_art_of_the_Middle_East_and_North_Africa,2026-05-06T12:05:25.576Z,1352593527,ok,2026-05-06T14:26:05.076Z
Queer_contemporary_art_of_the_Middle_East_and_North_Africa,2026-05-06T12:09:24.364Z,1352593527,ok,2026-05-06T14:26:05.332Z
Question,2026-05-06T12:24:39.444Z,1351492968,ok,2026-05-06T14:26:05.578Z
Reason,2026-05-06T13:37:51.046Z,1349606269,ok,2026-05-06T14:26:05.842Z
Recorded_history,2026-05-06T12:25:24.950Z,1333594538,ok,2026-05-06T14:26:06.080Z
Renaissance_art,2026-05-06T12:12:31.295Z,1352355226,ok,2026-05-06T14:26:06.310Z
Rodent,2026-05-06T12:40:29.044Z,1352701312,ok,2026-05-06T14:26:06.537Z
Role_of_chance_in_scientific_discoveries,2026-05-06T11:19:57.276Z,1316148070,ok,2026-05-06T14:26:06.763Z
Role_of_chance_in_scientific_discoveries,2026-05-06T11:28:48.560Z,1316148070,ok,2026-05-06T14:26:06.989Z
Role_of_chance_in_scientific_discoveries,2026-05-06T12:09:59.957Z,1316148070,ok,2026-05-06T14:26:07.216Z
Role_of_chance_in_scientific_discoveries,2026-05-06T12:10:02.122Z,1316148070,ok,2026-05-06T14:26:07.447Z
Role_of_chance_in_scientific_discoveries,2026-05-06T12:10:03.776Z,1316148070,ok,2026-05-06T14:26:07.709Z
Role_of_chance_in_scientific_discoveries,2026-05-06T12:10:57.987Z,1316148070,ok,2026-05-06T14:26:07.935Z
Role_of_chance_in_scientific_discoveries,2026-05-06T12:11:14.459Z,1316148070,ok,2026-05-06T14:26:08.171Z
Role_of_chance_in_scientific_discoveries,2026-05-06T12:13:06.329Z,1316148070,ok,2026-05-06T14:26:08.399Z
Role_of_chance_in_scientific_discoveries,2026-05-06T12:13:09.952Z,1316148070,ok,2026-05-06T14:26:08.628Z
Role_of_chance_in_scientific_discoveries,2026-05-06T12:14:08.683Z,1316148070,ok,2026-05-06T14:26:08.865Z
Role_of_chance_in_scientific_discoveries,2026-05-06T12:14:35.103Z,1316148070,ok,2026-05-06T14:26:09.093Z
Role_of_chance_in_scientific_discoveries,2026-05-06T12:19:30.407Z,1316148070,ok,2026-05-06T14:26:09.328Z
Role_of_chance_in_scientific_discoveries,2026-05-06T12:27:02.792Z,1316148070,ok,2026-05-06T14:26:09.566Z
Role_of_chance_in_scientific_discoveries,2026-05-06T12:29:52.615Z,1316148070,ok,2026-05-06T14:26:09.815Z
Role_of_chance_in_scientific_discoveries,2026-05-06T12:31:31.674Z,1316148070,ok,2026-05-06T14:26:10.042Z
Role_of_chance_in_scientific_discoveries,2026-05-06T12:35:11.974Z,1316148070,ok,2026-05-06T14:26:10.285Z
Role_of_chance_in_scientific_discoveries,2026-05-06T12:42:14.851Z,1316148070,ok,2026-05-06T14:26:10.520Z
Role_of_chance_in_scientific_discoveries,2026-05-06T12:42:42.122Z,1316148070,ok,2026-05-06T14:26:10.753Z
Role_of_chance_in_scientific_discoveries,2026-05-06T12:49:36.802Z,1316148070,ok,2026-05-06T14:26:10.977Z
Role_of_chance_in_scientific_discoveries,2026-05-06T12:59:30.085Z,1316148070,ok,2026-05-06T14:26:11.206Z
Role_of_chance_in_scientific_discoveries,2026-05-06T13:01:03.734Z,1316148070,ok,2026-05-06T14:26:11.438Z
Role_of_chance_in_scientific_discoveries,2026-05-06T13:03:22.393Z,1316148070,ok,2026-05-06T14:26:11.688Z
Roman_art,2026-05-06T12:02:54.905Z,1328553318,ok,2026-05-06T14:26:11.914Z
Romanticism,2026-05-06T12:11:21.896Z,1350443257,ok,2026-05-06T14:26:12.157Z
Science_and_inventions_of_Leonardo_da_Vinci,2026-05-06T13:04:31.089Z,1352674774,ok,2026-05-06T14:26:12.422Z
Science_education,2026-05-06T12:30:23.058Z,1343503327,ok,2026-05-06T14:26:12.920Z
Scientific_evidence,2026-05-06T12:34:08.854Z,1339523759,ok,2026-05-06T14:26:13.151Z
Scientific_method,2026-05-06T11:22:01.659Z,1352775668,ok,2026-05-06T14:26:13.409Z
Scientific_method,2026-05-06T11:26:28.880Z,1352775668,ok,2026-05-06T14:26:13.643Z
Scientific_method,2026-05-06T12:02:29.370Z,1352775668,ok,2026-05-06T14:26:13.896Z
Scientific_method,2026-05-06T13:02:27.678Z,1352775668,ok,2026-05-06T14:26:14.146Z
Sculpture,2026-05-06T12:36:48.703Z,1352080107,ok,2026-05-06T14:26:14.369Z
Sense,2026-05-06T12:24:59.295Z,1347161494,ok,2026-05-06T14:26:14.609Z
Sexuality_in_ancient_Rome,2026-05-06T13:01:14.229Z,1352031262,ok,2026-05-06T14:26:14.838Z
Society,2026-05-06T12:27:07.970Z,1341131270,ok,2026-05-06T14:26:15.071Z
Somatosensory_system,2026-05-06T12:37:16.623Z,1348571693,ok,2026-05-06T14:26:15.297Z
Split-brain,2026-05-06T12:04:27.913Z,1351215490,ok,2026-05-06T14:26:15.543Z
Street_art_influence_in_politics,2026-05-06T12:59:26.234Z,1303999202,ok,2026-05-06T14:26:15.778Z
Structured_prediction,2026-05-06T12:09:14.853Z,1273324430,ok,2026-05-06T14:26:16.024Z
Structured_prediction,2026-05-06T12:11:37.806Z,1273324430,ok,2026-05-06T14:26:16.259Z
Superior_frontal_gyrus,2026-05-06T13:44:39.836Z,1301225806,ok,2026-05-06T14:26:16.510Z
Superior_frontal_sulcus,2026-05-06T11:16:44.664Z,1314630149,ok,2026-05-06T14:26:16.773Z
Superior_frontal_sulcus,2026-05-06T11:16:56.780Z,1314630149,ok,2026-05-06T14:26:17.001Z
Temporal_lobe,2026-05-06T11:21:48.347Z,1338836836,ok,2026-05-06T14:26:17.253Z
Temporal_lobe,2026-05-06T13:39:25.632Z,1338836836,ok,2026-05-06T14:26:17.514Z
Ten-percent-of-the-brain_myth,2026-05-06T12:17:26.487Z,1351510966,ok,2026-05-06T14:26:17.741Z
Terminal_lucidity,2026-05-06T12:12:35.328Z,1347767885,ok,2026-05-06T14:26:17.983Z
Terminal_lucidity,2026-05-06T12:16:16.038Z,1347767885,ok,2026-05-06T14:26:18.230Z
Terminal_lucidity,2026-05-06T12:16:23.129Z,1347767885,ok,2026-05-06T14:26:18.468Z
Terminal_lucidity,2026-05-06T12:19:28.753Z,1347767885,ok,2026-05-06T14:26:18.720Z
The_Logic_of_Scientific_Discovery,2026-05-06T11:26:14.531Z,1348275119,ok,2026-05-06T14:26:18.947Z
The_Logic_of_Scientific_Discovery,2026-05-06T12:58:27.372Z,1348275119,ok,2026-05-06T14:26:19.175Z
The_Logic_of_Scientific_Discovery,2026-05-06T13:01:51.693Z,1348275119,ok,2026-05-06T14:26:19.413Z
The_Logic_of_Scientific_Discovery,2026-05-06T13:03:30.194Z,1348275119,ok,2026-05-06T14:26:19.651Z
The_Raft_of_the_Medusa,2026-05-06T11:13:39.672Z,1350802395,ok,2026-05-06T14:26:19.883Z
The_Work_of_Art_in_the_Age_of_Mechanical_Reproduction,2026-05-06T12:09:38.924Z,1352332358,ok,2026-05-06T14:26:20.125Z
The_Work_of_Art_in_the_Age_of_Mechanical_Reproduction,2026-05-06T12:20:13.982Z,1352332358,ok,2026-05-06T14:26:20.352Z
The_Work_of_Art_in_the_Age_of_Mechanical_Reproduction,2026-05-06T12:24:11.670Z,1352332358,ok,2026-05-06T14:26:20.578Z
The_Work_of_Art_in_the_Age_of_Mechanical_Reproduction,2026-05-06T12:30:08.716Z,1352332358,ok,2026-05-06T14:26:20.812Z
The_Work_of_Art_in_the_Age_of_Mechanical_Reproduction,2026-05-06T12:32:52.114Z,1352332358,ok,2026-05-06T14:26:21.063Z
The_Work_of_Art_in_the_Age_of_Mechanical_Reproduction,2026-05-06T12:40:42.675Z,1352332358,ok,2026-05-06T14:26:21.289Z
The_Work_of_Art_in_the_Age_of_Mechanical_Reproduction,2026-05-06T12:58:19.598Z,1352332358,ok,2026-05-06T14:26:21.524Z
The_arts,2026-05-06T12:27:32.221Z,1339974080,ok,2026-05-06T14:26:21.778Z
The_arts,2026-05-06T12:30:29.527Z,1339974080,ok,2026-05-06T14:26:22.006Z
Theory_of_mind,2026-05-06T12:54:20.742Z,1352123098,ok,2026-05-06T14:26:22.254Z
Thought,2026-05-06T13:00:27.831Z,1345809282,ok,2026-05-06T14:26:22.498Z
Timeline_for_invention_in_the_arts,2026-05-06T12:54:23.059Z,1324097302,ok,2026-05-06T14:26:22.735Z
Timeline_of_art,2026-05-06T12:55:06.897Z,1352594726,ok,2026-05-06T14:26:22.965Z
Timeline_of_human_brain_development,2026-05-06T12:14:26.958Z,1351542005,ok,2026-05-06T14:26:23.191Z
Timeline_of_scientific_discoveries,2026-05-06T12:20:35.762Z,1352723911,ok,2026-05-06T14:26:23.443Z
Timeline_of_scientific_discoveries,2026-05-06T12:36:17.019Z,1352723911,ok,2026-05-06T14:26:23.684Z
Timeline_of_scientific_discoveries,2026-05-06T13:07:22.820Z,1352723911,ok,2026-05-06T14:26:23.909Z
Timeline_of_scientific_discoveries,2026-05-06T13:26:31.909Z,1352723911,ok,2026-05-06T14:26:24.139Z
Viking_art,2026-05-06T12:02:54.184Z,1347387052,ok,2026-05-06T14:26:24.373Z
Visual_art_of_Hong_Kong,2026-05-06T13:08:44.833Z,1337775054,ok,2026-05-06T14:26:24.598Z
Visual_art_of_Hong_Kong,2026-05-06T13:11:24.832Z,1337775054,ok,2026-05-06T14:26:24.830Z
Vladimir_Betz,2026-05-06T11:23:33.096Z,1350397669,ok,2026-05-06T14:26:25.061Z
Vladimir_Betz,2026-05-06T12:18:39.116Z,1350397669,ok,2026-05-06T14:26:25.287Z
William_Shakespeare,2026-05-06T13:53:41.567Z,1352570864,ok,2026-05-06T14:26:25.530Z
Working_memory,2026-05-06T12:09:42.794Z,1352784713,ok,2026-05-06T14:26:25.770Z
Working_memory,2026-05-06T12:36:38.582Z,1352784713,ok,2026-05-06T14:26:26.022Z
