ID,RunningName,Version,Age,Gender,SessionGroup,Condition,TrialIndex,IsPractice,Domain,PromptId,Prompt,Action,Time,ArticleSlug,ArticleTitle,FromArticleSlug,ArticleWordCount,NavigationType,SearchQuery,AnswerText,AnswerLength,FinalAnswerText,FinalAnswerLength,PastedText,PastedTextLength,Rating,InterestRating,Trigger
1,Wikipedia_Exp_14.04,Wikipedia_Exp_13.04,49,Male,sg_1776172371177_3voub3,diffuse,0,1,practice,practice-capybaras,What do Capybaras eat?,attention_check_pass,2026-04-14T13:14:44.386Z,,,,,,,,,,,,,,,attempt_1
1,Wikipedia_Exp_14.04,Wikipedia_Exp_13.04,49,Male,sg_1776172371177_3voub3,diffuse,0,1,practice,practice-capybaras,What do Capybaras eat?,familiarity_rating,2026-04-14T13:15:02.826Z,,,,,,,,,,,,,2,3,
1,Wikipedia_Exp_14.04,Wikipedia_Exp_13.04,49,Male,sg_1776172371177_3voub3,diffuse,0,1,practice,practice-capybaras,What do Capybaras eat?,task_start,2026-04-14T13:15:02.975Z,,,,,,,,,,,,,,,
1,Wikipedia_Exp_14.04,Wikipedia_Exp_13.04,49,Male,sg_1776172371177_3voub3,diffuse,0,1,practice,practice-capybaras,What do Capybaras eat?,article_open,2026-04-14T13:15:03.415Z,Capybara,Capybara,,4650,,,,,,,,,,,
1,Wikipedia_Exp_14.04,Wikipedia_Exp_13.04,49,Male,sg_1776172371177_3voub3,diffuse,0,1,practice,practice-capybaras,What do Capybaras eat?,answer_snapshot,2026-04-14T13:15:59.437Z,,,,,,,,0,,,,,,,debounce
1,Wikipedia_Exp_14.04,Wikipedia_Exp_13.04,49,Male,sg_1776172371177_3voub3,diffuse,0,1,practice,practice-capybaras,What do Capybaras eat?,answer_snapshot,2026-04-14T13:16:08.868Z,,,,,,,So they're herbivores (plant eaters),36,,,,,,,debounce
1,Wikipedia_Exp_14.04,Wikipedia_Exp_13.04,49,Male,sg_1776172371177_3voub3,diffuse,0,1,practice,practice-capybaras,What do Capybaras eat?,answer_snapshot,2026-04-14T13:16:15.669Z,,,,,,,Capybaras herbivores (plant eaters),35,,,,,,,debounce
1,Wikipedia_Exp_14.04,Wikipedia_Exp_13.04,49,Male,sg_1776172371177_3voub3,diffuse,0,1,practice,practice-capybaras,What do Capybaras eat?,answer_snapshot,2026-04-14T13:16:22.883Z,,,,,,,"Capybaras herbivores, meaning they're plant eaters.   ",54,,,,,,,debounce
1,Wikipedia_Exp_14.04,Wikipedia_Exp_13.04,49,Male,sg_1776172371177_3voub3,diffuse,0,1,practice,practice-capybaras,What do Capybaras eat?,answer_snapshot,2026-04-14T13:16:37.474Z,,,,,,,"Capybaras herbivores, meaning they're plant eaters.   They feed mainly on grasses and aquatic plants, as wel las fruit and tree bark.",133,,,,,,,debounce
1,Wikipedia_Exp_14.04,Wikipedia_Exp_13.04,49,Male,sg_1776172371177_3voub3,diffuse,0,1,practice,practice-capybaras,What do Capybaras eat?,answer_snapshot,2026-04-14T13:16:41.948Z,,,,,,,"Capybaras herbivores, meaning they're plant eaters.   They feed mainly on grasses and aquatic plants, as well as fruit and tree bark.",133,,,,,,,debounce
1,Wikipedia_Exp_14.04,Wikipedia_Exp_13.04,49,Male,sg_1776172371177_3voub3,diffuse,0,1,practice,practice-capybaras,What do Capybaras eat?,answer_snapshot,2026-04-14T13:16:48.691Z,,,,,,,"Capybaras herbivores, meaning they're plant eaters.  From Wikipedia, they feed mainly on grasses and aquatic plants, as well as fruit and tree bark.",148,,,,,,,debounce
1,Wikipedia_Exp_14.04,Wikipedia_Exp_13.04,49,Male,sg_1776172371177_3voub3,diffuse,0,1,practice,practice-capybaras,What do Capybaras eat?,answer_snapshot,2026-04-14T13:16:57.900Z,,,,,,,"Capybaras herbivores, meaning they're plant eaters.  From Wikipedia, they feed mainly on grasses and aquatic plants, as well as fruit and tree bark. ",149,,,,,,,debounce
1,Wikipedia_Exp_14.04,Wikipedia_Exp_13.04,49,Male,sg_1776172371177_3voub3,diffuse,0,1,practice,practice-capybaras,What do Capybaras eat?,answer_snapshot,2026-04-14T13:17:05.100Z,,,,,,,"Capybaras herbivores, meaning they're plant eaters.  From Wikipedia, they feed mainly on grasses and aquatic plants, as well as fruit and tree bark. When feeding, they focus on one plant a",188,,,,,,,debounce
1,Wikipedia_Exp_14.04,Wikipedia_Exp_13.04,49,Male,sg_1776172371177_3voub3,diffuse,0,1,practice,practice-capybaras,What do Capybaras eat?,answer_snapshot,2026-04-14T13:17:10.548Z,,,,,,,"Capybaras herbivores, meaning they're plant eaters.  From Wikipedia, they feed mainly on grasses and aquatic plants, as well as fruit and tree bark. When feeding, they ",168,,,,,,,debounce
1,Wikipedia_Exp_14.04,Wikipedia_Exp_13.04,49,Male,sg_1776172371177_3voub3,diffuse,0,1,practice,practice-capybaras,What do Capybaras eat?,answer_snapshot,2026-04-14T13:17:42.900Z,,,,,,,"Capybaras herbivores, meaning they're plant eaters.  From Wikipedia, they feed mainly on grasses and aquatic plants, as well as fruit and tree bark. When feeding, they seem to be selective, focusing on one type of species at a time.  ",234,,,,,,,debounce
1,Wikipedia_Exp_14.04,Wikipedia_Exp_13.04,49,Male,sg_1776172371177_3voub3,diffuse,0,1,practice,practice-capybaras,What do Capybaras eat?,answer_snapshot,2026-04-14T13:17:45.596Z,,,,,,,"Capybaras herbivores, meaning they're plant eaters.  From Wikipedia, they feed mainly on grasses and aquatic plants, as well as fruit and tree bark. When feeding, they seem to be selective, focusing on one type of species at a time.",232,,,,,,,debounce
1,Wikipedia_Exp_14.04,Wikipedia_Exp_13.04,49,Male,sg_1776172371177_3voub3,diffuse,0,1,practice,practice-capybaras,What do Capybaras eat?,answer_snapshot,2026-04-14T13:17:47.828Z,,,,,,,"Capybaras herbivores, meaning they're plant eaters.  From Wikipedia, they feed mainly on grasses and aquatic plants, as well as fruit and tree bark. When feeding, they seem to be selective, focusing on one type of species at a time.

",234,,,,,,,debounce
1,Wikipedia_Exp_14.04,Wikipedia_Exp_13.04,49,Male,sg_1776172371177_3voub3,diffuse,0,1,practice,practice-capybaras,What do Capybaras eat?,answer_snapshot,2026-04-14T13:17:56.851Z,,,,,,,"Capybaras herbivores, meaning they're plant eaters.  From Wikipedia, they feed mainly on grasses and aquatic plants, as well as fruit and tree bark. When feeding, they seem to be selective, focusing on one type of species at a time.

They also eat their own feces",263,,,,,,,debounce
1,Wikipedia_Exp_14.04,Wikipedia_Exp_13.04,49,Male,sg_1776172371177_3voub3,diffuse,0,1,practice,practice-capybaras,What do Capybaras eat?,answer_snapshot,2026-04-14T13:17:59.827Z,,,,,,,"Capybaras herbivores, meaning they're plant eaters.  From Wikipedia, they feed mainly on grasses and aquatic plants, as well as fruit and tree bark. When feeding, they seem to be selective, focusing on one type of species at a time.

They also eat their own feces.",264,,,,,,,debounce
1,Wikipedia_Exp_14.04,Wikipedia_Exp_13.04,49,Male,sg_1776172371177_3voub3,diffuse,0,1,practice,practice-capybaras,What do Capybaras eat?,answer_snapshot,2026-04-14T13:18:18.092Z,,,,,,,"Capybaras herbivores, meaning they're plant eaters.  From Wikipedia, they feed mainly on grasses and aquatic plants, as well as fruit and tree bark. When feeding, they seem to be selective, focusing on one type of species at a time.  Their eating is seasonal

They also eat their own feces.",290,,,,,,,debounce
1,Wikipedia_Exp_14.04,Wikipedia_Exp_13.04,49,Male,sg_1776172371177_3voub3,diffuse,0,1,practice,practice-capybaras,What do Capybaras eat?,answer_snapshot,2026-04-14T13:18:23.587Z,,,,,,,"Capybaras herbivores, meaning they're plant eaters.  From Wikipedia, they feed mainly on grasses and aquatic plants, as well as fruit and tree bark. When feeding, they seem to be selective, focusing on one type of species at a time.  Their eating is seasonal.

They also eat their own feces.",291,,,,,,,debounce
1,Wikipedia_Exp_14.04,Wikipedia_Exp_13.04,49,Male,sg_1776172371177_3voub3,diffuse,0,1,practice,practice-capybaras,What do Capybaras eat?,answer_snapshot_cursor_leave,2026-04-14T13:18:26.662Z,,,,,,,"Capybaras herbivores, meaning they're plant eaters.  From Wikipedia, they feed mainly on grasses and aquatic plants, as well as fruit and tree bark. When feeding, they seem to be selective, focusing on one type of species at a time.  Their eating is seasonal.

They also eat their own feces.",291,,,,,,,cursor_leave
1,Wikipedia_Exp_14.04,Wikipedia_Exp_13.04,49,Male,sg_1776172371177_3voub3,diffuse,0,1,practice,practice-capybaras,What do Capybaras eat?,link_click,2026-04-14T13:18:27.074Z,Aquatic_plants,,Capybara,,,,,,,,,,,,
1,Wikipedia_Exp_14.04,Wikipedia_Exp_13.04,49,Male,sg_1776172371177_3voub3,diffuse,0,1,practice,practice-capybaras,What do Capybaras eat?,article_open,2026-04-14T13:18:30.751Z,Aquatic_plants,Aquatic plant,,6440,link_click,,,,,,,,,,
1,Wikipedia_Exp_14.04,Wikipedia_Exp_13.04,49,Male,sg_1776172371177_3voub3,diffuse,0,1,practice,practice-capybaras,What do Capybaras eat?,back_navigation,2026-04-14T13:18:33.898Z,Capybara,,Aquatic_plants,,,,,,,,,,,,
1,Wikipedia_Exp_14.04,Wikipedia_Exp_13.04,49,Male,sg_1776172371177_3voub3,diffuse,0,1,practice,practice-capybaras,What do Capybaras eat?,article_open,2026-04-14T13:18:34.082Z,Capybara,Capybara,,4650,back,,,,,,,,,,
1,Wikipedia_Exp_14.04,Wikipedia_Exp_13.04,49,Male,sg_1776172371177_3voub3,diffuse,0,1,practice,practice-capybaras,What do Capybaras eat?,answer_snapshot_cursor_leave,2026-04-14T13:19:11.469Z,,,,,,,"Capybaras herbivores, meaning they're plant eaters.  From Wikipedia, they feed mainly on grasses and aquatic plants, as well as fruit and tree bark. When feeding, they seem to be selective, focusing on one type of species at a time.  Their eating is seasonal.

They also eat their own feces.",291,,,,,,,cursor_leave
1,Wikipedia_Exp_14.04,Wikipedia_Exp_13.04,49,Male,sg_1776172371177_3voub3,diffuse,0,1,practice,practice-capybaras,What do Capybaras eat?,answer_snapshot,2026-04-14T13:19:27.548Z,,,,,,,"Capybaras herbivores, meaning they're plant eaters.  From Wikipedia, they feed mainly on grasses and aquatic plants, as well as fruit and tree bark. When feeding, they seem to be selective, focusing on one type of species at a time, in the same way somebody .  Their eating is seasonal.

They also eat their own feces.",318,,,,,,,debounce
1,Wikipedia_Exp_14.04,Wikipedia_Exp_13.04,49,Male,sg_1776172371177_3voub3,diffuse,0,1,practice,practice-capybaras,What do Capybaras eat?,answer_snapshot,2026-04-14T13:19:34.261Z,,,,,,,"Capybaras herbivores, meaning they're plant eaters.  From Wikipedia, they feed mainly on grasses and aquatic plants, as well as fruit and tree bark. When feeding, they seem to be selective, focusing on one type of species at a time.  Their eating is seasonal.

They also eat their own feces.",291,,,,,,,debounce
1,Wikipedia_Exp_14.04,Wikipedia_Exp_13.04,49,Male,sg_1776172371177_3voub3,diffuse,0,1,practice,practice-capybaras,What do Capybaras eat?,answer_snapshot_cursor_leave,2026-04-14T13:20:37.612Z,,,,,,,"Capybaras herbivores, meaning they're plant eaters.  From Wikipedia, they feed mainly on grasses and aquatic plants, as well as fruit and tree bark. When feeding, they seem to be selective, focusing on one type of species at a time.  Their eating is seasonal.

They also eat their own feces.",291,,,,,,,cursor_leave
1,Wikipedia_Exp_14.04,Wikipedia_Exp_13.04,49,Male,sg_1776172371177_3voub3,diffuse,0,1,practice,practice-capybaras,What do Capybaras eat?,answer_snapshot,2026-04-14T13:21:06.147Z,,,,,,,"Capybaras herbivores, meaning they're plant eaters.  From Wikipedia, they feed mainly on grasses and aquatic plants, as well as fruit and tree bark. When feeding, they seem to be selective, focusing on one type of species at a time.  Their eating is seasonal.

They also eat their own feces to help their gut flora.",315,,,,,,,debounce
1,Wikipedia_Exp_14.04,Wikipedia_Exp_13.04,49,Male,sg_1776172371177_3voub3,diffuse,0,1,practice,practice-capybaras,What do Capybaras eat?,answer_snapshot,2026-04-14T13:21:27.843Z,,,,,,,"Capybaras herbivores, meaning they're plant eaters.  From Wikipedia, they feed mainly on grasses and aquatic plants, as well as fruit and tree bark. When feeding, they seem to be selective, focusing on one type of species at a time.  Their eating is seasonal.

They also eat their own feces to help their gut flora.

They also regurgitate their food, ",351,,,,,,,debounce
1,Wikipedia_Exp_14.04,Wikipedia_Exp_13.04,49,Male,sg_1776172371177_3voub3,diffuse,0,1,practice,practice-capybaras,What do Capybaras eat?,answer_snapshot_cursor_leave,2026-04-14T13:21:28.859Z,,,,,,,"Capybaras herbivores, meaning they're plant eaters.  From Wikipedia, they feed mainly on grasses and aquatic plants, as well as fruit and tree bark. When feeding, they seem to be selective, focusing on one type of species at a time.  Their eating is seasonal.

They also eat their own feces to help their gut flora.

They also regurgitate their food, ",351,,,,,,,cursor_leave
1,Wikipedia_Exp_14.04,Wikipedia_Exp_13.04,49,Male,sg_1776172371177_3voub3,diffuse,0,1,practice,practice-capybaras,What do Capybaras eat?,search,2026-04-14T13:21:31.141Z,,,,,,mat,,,,,,,,,
1,Wikipedia_Exp_14.04,Wikipedia_Exp_13.04,49,Male,sg_1776172371177_3voub3,diffuse,0,1,practice,practice-capybaras,What do Capybaras eat?,search,2026-04-14T13:21:32.296Z,,,,,,masticate,,,,,,,,,
1,Wikipedia_Exp_14.04,Wikipedia_Exp_13.04,49,Male,sg_1776172371177_3voub3,diffuse,0,1,practice,practice-capybaras,What do Capybaras eat?,search,2026-04-14T13:21:33.233Z,,,,,,masticate,,,,,,,,,
1,Wikipedia_Exp_14.04,Wikipedia_Exp_13.04,49,Male,sg_1776172371177_3voub3,diffuse,0,1,practice,practice-capybaras,What do Capybaras eat?,answer_snapshot,2026-04-14T13:21:45.572Z,,,,,,,"Capybaras herbivores, meaning they're plant eaters.  From Wikipedia, they feed mainly on grasses and aquatic plants, as well as fruit and tree bark. When feeding, they seem to be selective, focusing on one type of species at a time.  Their eating is seasonal.

They also eat their own feces to help their gut flora.

They also regurgitate their food, ",351,,,,,,,debounce
1,Wikipedia_Exp_14.04,Wikipedia_Exp_13.04,49,Male,sg_1776172371177_3voub3,diffuse,0,1,practice,practice-capybaras,What do Capybaras eat?,answer_snapshot,2026-04-14T13:22:13.052Z,,,,,,,"Capybaras herbivores, meaning they're plant eaters.  From Wikipedia, they feed mainly on grasses and aquatic plants, as well as fruit and tree bark. When feeding, they seem to be selective, focusing on one type of species at a time.  Their eating is seasonal.

They also eat their own feces to help their gut flora.

They also regurgitate their food, chewing it a second time, to extract more nutrition from ",408,,,,,,,debounce
1,Wikipedia_Exp_14.04,Wikipedia_Exp_13.04,49,Male,sg_1776172371177_3voub3,diffuse,0,1,practice,practice-capybaras,What do Capybaras eat?,answer_snapshot,2026-04-14T13:22:19.683Z,,,,,,,"Capybaras herbivores, meaning they're plant eaters.  From Wikipedia, they feed mainly on grasses and aquatic plants, as well as fruit and tree bark. When feeding, they seem to be selective, focusing on one type of species at a time.  Their eating is seasonal.

They also eat their own feces to help their gut flora.

They also regurgitate their food, chewing it a second time, to extract more nutrition from the plants.",419,,,,,,,debounce
1,Wikipedia_Exp_14.04,Wikipedia_Exp_13.04,49,Male,sg_1776172371177_3voub3,diffuse,0,1,practice,practice-capybaras,What do Capybaras eat?,answer_snapshot,2026-04-14T13:22:50.779Z,,,,,,,"Capybaras herbivores, meaning they're plant eaters.  From Wikipedia, they feed mainly on grasses and aquatic plants, as well as fruit and tree bark. When feeding, they seem to be selective, focusing on one type of species at a time.  Their eating is seasonal.

They also eat their own feces to help their gut flora.

As part of their diet, they also regurgitate their food, chewing it a second time, to extract more nutrition from the plants.",442,,,,,,,debounce
1,Wikipedia_Exp_14.04,Wikipedia_Exp_13.04,49,Male,sg_1776172371177_3voub3,diffuse,0,1,practice,practice-capybaras,What do Capybaras eat?,answer_snapshot_cursor_leave,2026-04-14T13:22:53.261Z,,,,,,,"Capybaras herbivores, meaning they're plant eaters.  From Wikipedia, they feed mainly on grasses and aquatic plants, as well as fruit and tree bark. When feeding, they seem to be selective, focusing on one type of species at a time.  Their eating is seasonal.

They also eat their own feces to help their gut flora.

As part of their diet, they also regurgitate their food, chewing it a second time, to extract more nutrition from the plants.",442,,,,,,,cursor_leave
1,Wikipedia_Exp_14.04,Wikipedia_Exp_13.04,49,Male,sg_1776172371177_3voub3,diffuse,0,1,practice,practice-capybaras,What do Capybaras eat?,answer_snapshot,2026-04-14T13:22:54.530Z,,,,,,,"Capybaras herbivores, meaning they're plant eaters.  From Wikipedia, they feed mainly on grasses and aquatic plants, as well as fruit and tree bark. When feeding, they seem to be selective, focusing on one type of species at a time.  Their eating is seasonal.

They also eat their own feces to help their gut flora.

As part of their diet, they also regurgitate their food, chewing it a second time, to extract more nutrition from the plants.",442,,,,,,,submit
1,Wikipedia_Exp_14.04,Wikipedia_Exp_13.04,49,Male,sg_1776172371177_3voub3,diffuse,0,1,practice,practice-capybaras,What do Capybaras eat?,task_end,2026-04-14T13:22:54.531Z,,,,,,,,,"Capybaras herbivores, meaning they're plant eaters.  From Wikipedia, they feed mainly on grasses and aquatic plants, as well as fruit and tree bark. When feeding, they seem to be selective, focusing on one type of species at a time.  Their eating is seasonal.

They also eat their own feces to help their gut flora.

As part of their diet, they also regurgitate their food, chewing it a second time, to extract more nutrition from the plants.",442,,,,,
1,Wikipedia_Exp_14.04,Wikipedia_Exp_13.04,49,Male,sg_1776172371177_3voub3,diffuse,1,,art_history,high-art-history,How do ancient works of art play a role in contemporary society?,familiarity_rating,2026-04-14T13:23:12.962Z,,,,,,,,,,,,,1,3,
1,Wikipedia_Exp_14.04,Wikipedia_Exp_13.04,49,Male,sg_1776172371177_3voub3,diffuse,1,,art_history,high-art-history,How do ancient works of art play a role in contemporary society?,task_start,2026-04-14T13:23:13.098Z,,,,,,,,,,,,,,,
1,Wikipedia_Exp_14.04,Wikipedia_Exp_13.04,49,Male,sg_1776172371177_3voub3,diffuse,1,,art_history,high-art-history,How do ancient works of art play a role in contemporary society?,search,2026-04-14T13:23:21.941Z,,,,,,ancient ,,,,,,,,,
1,Wikipedia_Exp_14.04,Wikipedia_Exp_13.04,49,Male,sg_1776172371177_3voub3,diffuse,1,,art_history,high-art-history,How do ancient works of art play a role in contemporary society?,search,2026-04-14T13:23:22.528Z,,,,,,ancient art,,,,,,,,,
1,Wikipedia_Exp_14.04,Wikipedia_Exp_13.04,49,Male,sg_1776172371177_3voub3,diffuse,1,,art_history,high-art-history,How do ancient works of art play a role in contemporary society?,article_open,2026-04-14T13:23:26.068Z,Ancient_art,Ancient art,,9179,search,,,,,,,,,,
1,Wikipedia_Exp_14.04,Wikipedia_Exp_13.04,49,Male,sg_1776172371177_3voub3,diffuse,1,,art_history,high-art-history,How do ancient works of art play a role in contemporary society?,link_click,2026-04-14T13:23:56.035Z,History_of_art,,Ancient_art,,,,,,,,,,,,
1,Wikipedia_Exp_14.04,Wikipedia_Exp_13.04,49,Male,sg_1776172371177_3voub3,diffuse,1,,art_history,high-art-history,How do ancient works of art play a role in contemporary society?,article_open,2026-04-14T13:23:59.706Z,History_of_art,History of art,,32283,link_click,,,,,,,,,,
1,Wikipedia_Exp_14.04,Wikipedia_Exp_13.04,49,Male,sg_1776172371177_3voub3,diffuse,1,,art_history,high-art-history,How do ancient works of art play a role in contemporary society?,link_click,2026-04-14T13:24:06.370Z,Contemporary_art,,History_of_art,,,,,,,,,,,,
1,Wikipedia_Exp_14.04,Wikipedia_Exp_13.04,49,Male,sg_1776172371177_3voub3,diffuse,1,,art_history,high-art-history,How do ancient works of art play a role in contemporary society?,article_open,2026-04-14T13:24:07.779Z,Contemporary_art,Contemporary art,,4804,link_click,,,,,,,,,,
1,Wikipedia_Exp_14.04,Wikipedia_Exp_13.04,49,Male,sg_1776172371177_3voub3,diffuse,1,,art_history,high-art-history,How do ancient works of art play a role in contemporary society?,search,2026-04-14T13:24:19.146Z,,,,,,influence ,,,,,,,,,
1,Wikipedia_Exp_14.04,Wikipedia_Exp_13.04,49,Male,sg_1776172371177_3voub3,diffuse,1,,art_history,high-art-history,How do ancient works of art play a role in contemporary society?,search,2026-04-14T13:24:21.993Z,,,,,,influence of ancient art,,,,,,,,,
1,Wikipedia_Exp_14.04,Wikipedia_Exp_13.04,49,Male,sg_1776172371177_3voub3,diffuse,1,,art_history,high-art-history,How do ancient works of art play a role in contemporary society?,link_click,2026-04-14T13:24:37.915Z,Conceptual_art,,Contemporary_art,,,,,,,,,,,,
1,Wikipedia_Exp_14.04,Wikipedia_Exp_13.04,49,Male,sg_1776172371177_3voub3,diffuse,1,,art_history,high-art-history,How do ancient works of art play a role in contemporary society?,article_open,2026-04-14T13:24:39.304Z,Conceptual_art,Conceptual art,,8350,link_click,,,,,,,,,,
1,Wikipedia_Exp_14.04,Wikipedia_Exp_13.04,49,Male,sg_1776172371177_3voub3,diffuse,1,,art_history,high-art-history,How do ancient works of art play a role in contemporary society?,back_navigation,2026-04-14T13:24:45.811Z,Contemporary_art,,Conceptual_art,,,,,,,,,,,,
1,Wikipedia_Exp_14.04,Wikipedia_Exp_13.04,49,Male,sg_1776172371177_3voub3,diffuse,1,,art_history,high-art-history,How do ancient works of art play a role in contemporary society?,article_open,2026-04-14T13:24:46.037Z,Contemporary_art,Contemporary art,,4804,back,,,,,,,,,,
1,Wikipedia_Exp_14.04,Wikipedia_Exp_13.04,49,Male,sg_1776172371177_3voub3,diffuse,1,,art_history,high-art-history,How do ancient works of art play a role in contemporary society?,link_click,2026-04-14T13:24:48.266Z,Ancient_art,,Contemporary_art,,,,,,,,,,,,
1,Wikipedia_Exp_14.04,Wikipedia_Exp_13.04,49,Male,sg_1776172371177_3voub3,diffuse,1,,art_history,high-art-history,How do ancient works of art play a role in contemporary society?,article_open,2026-04-14T13:24:48.493Z,Ancient_art,Ancient art,,9179,link_click,,,,,,,,,,
1,Wikipedia_Exp_14.04,Wikipedia_Exp_13.04,49,Male,sg_1776172371177_3voub3,diffuse,1,,art_history,high-art-history,How do ancient works of art play a role in contemporary society?,link_click,2026-04-14T13:24:49.843Z,History_of_art,,Ancient_art,,,,,,,,,,,,
1,Wikipedia_Exp_14.04,Wikipedia_Exp_13.04,49,Male,sg_1776172371177_3voub3,diffuse,1,,art_history,high-art-history,How do ancient works of art play a role in contemporary society?,article_open,2026-04-14T13:24:50.142Z,History_of_art,History of art,,32283,link_click,,,,,,,,,,
1,Wikipedia_Exp_14.04,Wikipedia_Exp_13.04,49,Male,sg_1776172371177_3voub3,diffuse,1,,art_history,high-art-history,How do ancient works of art play a role in contemporary society?,link_click,2026-04-14T13:24:51.106Z,Ancient_art,,History_of_art,,,,,,,,,,,,
1,Wikipedia_Exp_14.04,Wikipedia_Exp_13.04,49,Male,sg_1776172371177_3voub3,diffuse,1,,art_history,high-art-history,How do ancient works of art play a role in contemporary society?,article_open,2026-04-14T13:24:51.323Z,Ancient_art,Ancient art,,9179,link_click,,,,,,,,,,
1,Wikipedia_Exp_14.04,Wikipedia_Exp_13.04,49,Male,sg_1776172371177_3voub3,diffuse,1,,art_history,high-art-history,How do ancient works of art play a role in contemporary society?,answer_snapshot,2026-04-14T13:25:28.820Z,,,,,,,,0,,,,,,,debounce
1,Wikipedia_Exp_14.04,Wikipedia_Exp_13.04,49,Male,sg_1776172371177_3voub3,diffuse,1,,art_history,high-art-history,How do ancient works of art play a role in contemporary society?,search,2026-04-14T13:26:16.014Z,,,,,,contemporary society,,,,,,,,,
1,Wikipedia_Exp_14.04,Wikipedia_Exp_13.04,49,Male,sg_1776172371177_3voub3,diffuse,1,,art_history,high-art-history,How do ancient works of art play a role in contemporary society?,article_open,2026-04-14T13:26:18.614Z,Contemporary_art,Contemporary art,,4804,search,,,,,,,,,,
1,Wikipedia_Exp_14.04,Wikipedia_Exp_13.04,49,Male,sg_1776172371177_3voub3,diffuse,1,,art_history,high-art-history,How do ancient works of art play a role in contemporary society?,answer_snapshot,2026-04-14T13:26:49.269Z,,,,,,,One of the most direct ways ancient works of art play a ,56,,,,,,,debounce
1,Wikipedia_Exp_14.04,Wikipedia_Exp_13.04,49,Male,sg_1776172371177_3voub3,diffuse,1,,art_history,high-art-history,How do ancient works of art play a role in contemporary society?,answer_snapshot,2026-04-14T13:26:59.917Z,,,,,,,One of the most direct ways ancient works of art play a role in contemporary society is through its influence on ,113,,,,,,,debounce
1,Wikipedia_Exp_14.04,Wikipedia_Exp_13.04,49,Male,sg_1776172371177_3voub3,diffuse,1,,art_history,high-art-history,How do ancient works of art play a role in contemporary society?,answer_snapshot,2026-04-14T13:27:06.437Z,,,,,,,One of the most direct ways ancient works of art play a role in contemporary society is through its influence on current art styles.,132,,,,,,,debounce
1,Wikipedia_Exp_14.04,Wikipedia_Exp_13.04,49,Male,sg_1776172371177_3voub3,diffuse,1,,art_history,high-art-history,How do ancient works of art play a role in contemporary society?,answer_snapshot,2026-04-14T13:27:21.374Z,,,,,,,One of the most direct ways ancient works of art play a role in contemporary society is through its influence on current art styles and themes.,143,,,,,,,debounce
1,Wikipedia_Exp_14.04,Wikipedia_Exp_13.04,49,Male,sg_1776172371177_3voub3,diffuse,1,,art_history,high-art-history,How do ancient works of art play a role in contemporary society?,answer_snapshot_cursor_leave,2026-04-14T13:27:24.438Z,,,,,,,One of the most direct ways ancient works of art play a role in contemporary society is through its influence on current art styles and themes.,143,,,,,,,cursor_leave
1,Wikipedia_Exp_14.04,Wikipedia_Exp_13.04,49,Male,sg_1776172371177_3voub3,diffuse,1,,art_history,high-art-history,How do ancient works of art play a role in contemporary society?,link_click,2026-04-14T13:27:24.595Z,Classical_Realism,,Contemporary_art,,,,,,,,,,,,
1,Wikipedia_Exp_14.04,Wikipedia_Exp_13.04,49,Male,sg_1776172371177_3voub3,diffuse,1,,art_history,high-art-history,How do ancient works of art play a role in contemporary society?,article_open,2026-04-14T13:27:26.109Z,Classical_Realism,Classical Realism,,2620,link_click,,,,,,,,,,
1,Wikipedia_Exp_14.04,Wikipedia_Exp_13.04,49,Male,sg_1776172371177_3voub3,diffuse,1,,art_history,high-art-history,How do ancient works of art play a role in contemporary society?,link_click,2026-04-14T13:27:32.403Z,Neoclassicism,,Classical_Realism,,,,,,,,,,,,
1,Wikipedia_Exp_14.04,Wikipedia_Exp_13.04,49,Male,sg_1776172371177_3voub3,diffuse,1,,art_history,high-art-history,How do ancient works of art play a role in contemporary society?,article_open,2026-04-14T13:27:34.392Z,Neoclassicism,Neoclassicism,,16842,link_click,,,,,,,,,,
1,Wikipedia_Exp_14.04,Wikipedia_Exp_13.04,49,Male,sg_1776172371177_3voub3,diffuse,1,,art_history,high-art-history,How do ancient works of art play a role in contemporary society?,answer_snapshot_cursor_leave,2026-04-14T13:27:38.158Z,,,,,,,"One of the most direct ways ancient works of art play a role in contemporary society is through its influence on current art styles and themes.

For example, ",158,,,,,,,cursor_leave
1,Wikipedia_Exp_14.04,Wikipedia_Exp_13.04,49,Male,sg_1776172371177_3voub3,diffuse,1,,art_history,high-art-history,How do ancient works of art play a role in contemporary society?,back_navigation,2026-04-14T13:27:38.260Z,Classical_Realism,,Neoclassicism,,,,,,,,,,,,
1,Wikipedia_Exp_14.04,Wikipedia_Exp_13.04,49,Male,sg_1776172371177_3voub3,diffuse,1,,art_history,high-art-history,How do ancient works of art play a role in contemporary society?,article_open,2026-04-14T13:27:38.437Z,Classical_Realism,Classical Realism,,2620,back,,,,,,,,,,
1,Wikipedia_Exp_14.04,Wikipedia_Exp_13.04,49,Male,sg_1776172371177_3voub3,diffuse,1,,art_history,high-art-history,How do ancient works of art play a role in contemporary society?,answer_snapshot,2026-04-14T13:27:50.716Z,,,,,,,"One of the most direct ways ancient works of art play a role in contemporary society is through its influence on current art styles and themes.

For example, classical realism is a contemporary style",199,,,,,,,debounce
1,Wikipedia_Exp_14.04,Wikipedia_Exp_13.04,49,Male,sg_1776172371177_3voub3,diffuse,1,,art_history,high-art-history,How do ancient works of art play a role in contemporary society?,answer_snapshot_cursor_leave,2026-04-14T13:27:51.356Z,,,,,,,"One of the most direct ways ancient works of art play a role in contemporary society is through its influence on current art styles and themes.

For example, classical realism is a contemporary style",199,,,,,,,cursor_leave
1,Wikipedia_Exp_14.04,Wikipedia_Exp_13.04,49,Male,sg_1776172371177_3voub3,diffuse,1,,art_history,high-art-history,How do ancient works of art play a role in contemporary society?,back_navigation,2026-04-14T13:27:51.955Z,Contemporary_art,,Classical_Realism,,,,,,,,,,,,
1,Wikipedia_Exp_14.04,Wikipedia_Exp_13.04,49,Male,sg_1776172371177_3voub3,diffuse,1,,art_history,high-art-history,How do ancient works of art play a role in contemporary society?,article_open,2026-04-14T13:27:52.149Z,Contemporary_art,Contemporary art,,4804,back,,,,,,,,,,
1,Wikipedia_Exp_14.04,Wikipedia_Exp_13.04,49,Male,sg_1776172371177_3voub3,diffuse,1,,art_history,high-art-history,How do ancient works of art play a role in contemporary society?,link_click,2026-04-14T13:27:58.179Z,Classical_Realism,,Contemporary_art,,,,,,,,,,,,
1,Wikipedia_Exp_14.04,Wikipedia_Exp_13.04,49,Male,sg_1776172371177_3voub3,diffuse,1,,art_history,high-art-history,How do ancient works of art play a role in contemporary society?,article_open,2026-04-14T13:27:58.351Z,Classical_Realism,Classical Realism,,2620,link_click,,,,,,,,,,
1,Wikipedia_Exp_14.04,Wikipedia_Exp_13.04,49,Male,sg_1776172371177_3voub3,diffuse,1,,art_history,high-art-history,How do ancient works of art play a role in contemporary society?,answer_snapshot,2026-04-14T13:28:15.085Z,,,,,,,"One of the most direct ways ancient works of art play a role in contemporary society is through its influence on current art styles and themes.

For example, classical realism is a contemporary style ",200,,,,,,,debounce
1,Wikipedia_Exp_14.04,Wikipedia_Exp_13.04,49,Male,sg_1776172371177_3voub3,diffuse,1,,art_history,high-art-history,How do ancient works of art play a role in contemporary society?,answer_snapshot,2026-04-14T13:28:30.254Z,,,,,,,"One of the most direct ways ancient works of art play a role in contemporary society is through its influence on current art styles and themes.

For example, classical realism is a contemporary style combining elements of 19th century neoclassicism and realism.  ",263,,,,,,,debounce
1,Wikipedia_Exp_14.04,Wikipedia_Exp_13.04,49,Male,sg_1776172371177_3voub3,diffuse,1,,art_history,high-art-history,How do ancient works of art play a role in contemporary society?,answer_snapshot_cursor_leave,2026-04-14T13:28:33.111Z,,,,,,,"One of the most direct ways ancient works of art play a role in contemporary society is through its influence on current art styles and themes.

For example, classical realism is a contemporary style combining elements of 19th century neoclassicism and realism.  ",263,,,,,,,cursor_leave
1,Wikipedia_Exp_14.04,Wikipedia_Exp_13.04,49,Male,sg_1776172371177_3voub3,diffuse,1,,art_history,high-art-history,How do ancient works of art play a role in contemporary society?,link_click,2026-04-14T13:28:33.339Z,Neoclassicism,,Classical_Realism,,,,,,,,,,,,
1,Wikipedia_Exp_14.04,Wikipedia_Exp_13.04,49,Male,sg_1776172371177_3voub3,diffuse,1,,art_history,high-art-history,How do ancient works of art play a role in contemporary society?,article_open,2026-04-14T13:28:33.590Z,Neoclassicism,Neoclassicism,,16842,link_click,,,,,,,,,,
1,Wikipedia_Exp_14.04,Wikipedia_Exp_13.04,49,Male,sg_1776172371177_3voub3,diffuse,1,,art_history,high-art-history,How do ancient works of art play a role in contemporary society?,answer_snapshot_cursor_leave,2026-04-14T13:28:43.854Z,,,,,,,"One of the most direct ways ancient works of art play a role in contemporary society is through its influence on current art styles and themes.

For example, classical realism is a contemporary style combining elements of 19th century neoclassicism and realism.  ",263,,,,,,,cursor_leave
1,Wikipedia_Exp_14.04,Wikipedia_Exp_13.04,49,Male,sg_1776172371177_3voub3,diffuse,1,,art_history,high-art-history,How do ancient works of art play a role in contemporary society?,back_navigation,2026-04-14T13:28:43.979Z,Classical_Realism,,Neoclassicism,,,,,,,,,,,,
1,Wikipedia_Exp_14.04,Wikipedia_Exp_13.04,49,Male,sg_1776172371177_3voub3,diffuse,1,,art_history,high-art-history,How do ancient works of art play a role in contemporary society?,article_open,2026-04-14T13:28:44.151Z,Classical_Realism,Classical Realism,,2620,back,,,,,,,,,,
1,Wikipedia_Exp_14.04,Wikipedia_Exp_13.04,49,Male,sg_1776172371177_3voub3,diffuse,1,,art_history,high-art-history,How do ancient works of art play a role in contemporary society?,back_navigation,2026-04-14T13:28:50.243Z,Contemporary_art,,Classical_Realism,,,,,,,,,,,,
1,Wikipedia_Exp_14.04,Wikipedia_Exp_13.04,49,Male,sg_1776172371177_3voub3,diffuse,1,,art_history,high-art-history,How do ancient works of art play a role in contemporary society?,article_open,2026-04-14T13:28:50.446Z,Contemporary_art,Contemporary art,,4804,back,,,,,,,,,,
1,Wikipedia_Exp_14.04,Wikipedia_Exp_13.04,49,Male,sg_1776172371177_3voub3,diffuse,1,,art_history,high-art-history,How do ancient works of art play a role in contemporary society?,link_click,2026-04-14T13:28:59.292Z,Classical_Realism,,Contemporary_art,,,,,,,,,,,,
1,Wikipedia_Exp_14.04,Wikipedia_Exp_13.04,49,Male,sg_1776172371177_3voub3,diffuse,1,,art_history,high-art-history,How do ancient works of art play a role in contemporary society?,article_open,2026-04-14T13:28:59.459Z,Classical_Realism,Classical Realism,,2620,link_click,,,,,,,,,,
1,Wikipedia_Exp_14.04,Wikipedia_Exp_13.04,49,Male,sg_1776172371177_3voub3,diffuse,1,,art_history,high-art-history,How do ancient works of art play a role in contemporary society?,link_click,2026-04-14T13:29:02.243Z,Neoclassicism,,Classical_Realism,,,,,,,,,,,,
1,Wikipedia_Exp_14.04,Wikipedia_Exp_13.04,49,Male,sg_1776172371177_3voub3,diffuse,1,,art_history,high-art-history,How do ancient works of art play a role in contemporary society?,article_open,2026-04-14T13:29:02.595Z,Neoclassicism,Neoclassicism,,16842,link_click,,,,,,,,,,
1,Wikipedia_Exp_14.04,Wikipedia_Exp_13.04,49,Male,sg_1776172371177_3voub3,diffuse,1,,art_history,high-art-history,How do ancient works of art play a role in contemporary society?,answer_snapshot,2026-04-14T13:29:08.061Z,,,,,,,"One of the most direct ways ancient works of art play a role in contemporary society is through its influence on current art styles and themes.

For example, classical realism is a contemporary style combining elements of 19th century neoclassicism and realism.    Neoclassica",276,,,,,,,debounce
1,Wikipedia_Exp_14.04,Wikipedia_Exp_13.04,49,Male,sg_1776172371177_3voub3,diffuse,1,,art_history,high-art-history,How do ancient works of art play a role in contemporary society?,answer_snapshot_cursor_leave,2026-04-14T13:29:10.989Z,,,,,,,"One of the most direct ways ancient works of art play a role in contemporary society is through its influence on current art styles and themes.

For example, classical realism is a contemporary style combining elements of 19th century neoclassicism and realism.    Neoclassica",276,,,,,,,cursor_leave
1,Wikipedia_Exp_14.04,Wikipedia_Exp_13.04,49,Male,sg_1776172371177_3voub3,diffuse,1,,art_history,high-art-history,How do ancient works of art play a role in contemporary society?,paste,2026-04-14T13:29:13.709Z,,,,,,,,,,,Neoclassicism,13,,,
1,Wikipedia_Exp_14.04,Wikipedia_Exp_13.04,49,Male,sg_1776172371177_3voub3,diffuse,1,,art_history,high-art-history,How do ancient works of art play a role in contemporary society?,answer_snapshot,2026-04-14T13:29:16.582Z,,,,,,,"One of the most direct ways ancient works of art play a role in contemporary society is through its influence on current art styles and themes.

For example, classical realism is a contemporary style combining elements of 19th century neoclassicism and realism.    While Neoclassicism is ",288,,,,,,,debounce
1,Wikipedia_Exp_14.04,Wikipedia_Exp_13.04,49,Male,sg_1776172371177_3voub3,diffuse,1,,art_history,high-art-history,How do ancient works of art play a role in contemporary society?,answer_snapshot,2026-04-14T13:29:22.014Z,,,,,,,"One of the most direct ways ancient works of art play a role in contemporary society is through its influence on current art styles and themes.

For example, classical realism is a contemporary style combining elements of 19th century neoclassicism and realism.    While Neoclassicism is """,289,,,,,,,debounce
1,Wikipedia_Exp_14.04,Wikipedia_Exp_13.04,49,Male,sg_1776172371177_3voub3,diffuse,1,,art_history,high-art-history,How do ancient works of art play a role in contemporary society?,answer_snapshot_cursor_leave,2026-04-14T13:29:22.061Z,,,,,,,"One of the most direct ways ancient works of art play a role in contemporary society is through its influence on current art styles and themes.

For example, classical realism is a contemporary style combining elements of 19th century neoclassicism and realism.    While Neoclassicism is """,289,,,,,,,cursor_leave
1,Wikipedia_Exp_14.04,Wikipedia_Exp_13.04,49,Male,sg_1776172371177_3voub3,diffuse,1,,art_history,high-art-history,How do ancient works of art play a role in contemporary society?,paste,2026-04-14T13:29:27.997Z,,,,,,,,,,,"emerged as a Western cultural movement in the decorative and visual arts, literature, theatre, music, and architecture that drew inspiration from the art and culture of classical antiquity.",189,,,
1,Wikipedia_Exp_14.04,Wikipedia_Exp_13.04,49,Male,sg_1776172371177_3voub3,diffuse,1,,art_history,high-art-history,How do ancient works of art play a role in contemporary society?,answer_snapshot,2026-04-14T13:29:30.485Z,,,,,,,"One of the most direct ways ancient works of art play a role in contemporary society is through its influence on current art styles and themes.

For example, classical realism is a contemporary style combining elements of 19th century neoclassicism and realism.    While Neoclassicism is ""emerged as a Western cultural movement in the decorative and visual arts, literature, theatre, music, and architecture that drew inspiration from the art and culture of classical antiquity.""",479,,,,,,,debounce
1,Wikipedia_Exp_14.04,Wikipedia_Exp_13.04,49,Male,sg_1776172371177_3voub3,diffuse,1,,art_history,high-art-history,How do ancient works of art play a role in contemporary society?,answer_snapshot,2026-04-14T13:29:36.622Z,,,,,,,"One of the most direct ways ancient works of art play a role in contemporary society is through its influence on current art styles and themes.

For example, classical realism is a contemporary style combining elements of 19th century neoclassicism and realism.    While Neoclassicism ""emerged as a Western cultural movement in the decorative and visual arts, literature, theatre, music, and architecture that drew inspiration from the art and culture of classical antiquity.""",476,,,,,,,debounce
1,Wikipedia_Exp_14.04,Wikipedia_Exp_13.04,49,Male,sg_1776172371177_3voub3,diffuse,1,,art_history,high-art-history,How do ancient works of art play a role in contemporary society?,answer_snapshot_cursor_leave,2026-04-14T13:29:42.847Z,,,,,,,"One of the most direct ways ancient works of art play a role in contemporary society is through its influence on current art styles and themes.

For example, classical realism is a contemporary style combining elements of 19th century neoclassicism and realism.    While Neoclassicism ""emerged as a Western cultural movement in the decorative and visual arts, literature, theatre, music, and architecture that drew inspiration from the art and culture of classical antiquity.""  Ie, there's a direct lineage here.  ",514,,,,,,,cursor_leave
1,Wikipedia_Exp_14.04,Wikipedia_Exp_13.04,49,Male,sg_1776172371177_3voub3,diffuse,1,,art_history,high-art-history,How do ancient works of art play a role in contemporary society?,back_navigation,2026-04-14T13:29:42.947Z,Classical_Realism,,Neoclassicism,,,,,,,,,,,,
1,Wikipedia_Exp_14.04,Wikipedia_Exp_13.04,49,Male,sg_1776172371177_3voub3,diffuse,1,,art_history,high-art-history,How do ancient works of art play a role in contemporary society?,article_open,2026-04-14T13:29:43.115Z,Classical_Realism,Classical Realism,,2620,back,,,,,,,,,,
1,Wikipedia_Exp_14.04,Wikipedia_Exp_13.04,49,Male,sg_1776172371177_3voub3,diffuse,1,,art_history,high-art-history,How do ancient works of art play a role in contemporary society?,back_navigation,2026-04-14T13:29:44.115Z,Contemporary_art,,Classical_Realism,,,,,,,,,,,,
1,Wikipedia_Exp_14.04,Wikipedia_Exp_13.04,49,Male,sg_1776172371177_3voub3,diffuse,1,,art_history,high-art-history,How do ancient works of art play a role in contemporary society?,article_open,2026-04-14T13:29:44.392Z,Contemporary_art,Contemporary art,,4804,back,,,,,,,,,,
1,Wikipedia_Exp_14.04,Wikipedia_Exp_13.04,49,Male,sg_1776172371177_3voub3,diffuse,1,,art_history,high-art-history,How do ancient works of art play a role in contemporary society?,link_click,2026-04-14T13:29:48.947Z,Classical_Realism,,Contemporary_art,,,,,,,,,,,,
1,Wikipedia_Exp_14.04,Wikipedia_Exp_13.04,49,Male,sg_1776172371177_3voub3,diffuse,1,,art_history,high-art-history,How do ancient works of art play a role in contemporary society?,article_open,2026-04-14T13:29:49.116Z,Classical_Realism,Classical Realism,,2620,link_click,,,,,,,,,,
1,Wikipedia_Exp_14.04,Wikipedia_Exp_13.04,49,Male,sg_1776172371177_3voub3,diffuse,1,,art_history,high-art-history,How do ancient works of art play a role in contemporary society?,answer_snapshot_cursor_leave,2026-04-14T13:29:58.620Z,,,,,,,"One of the most direct ways ancient works of art play a role in contemporary society is through its influence on current art styles and themes.

For example, classical realism is a contemporary style combining elements of 19th century neoclassicism and realism.    While Neoclassicism ""emerged as a Western cultural movement in the decorative and visual arts, literature, theatre, music, and architecture that drew inspiration from the art and culture of classical antiquity.""  Ie, there's a direct lineage here.  ",514,,,,,,,cursor_leave
1,Wikipedia_Exp_14.04,Wikipedia_Exp_13.04,49,Male,sg_1776172371177_3voub3,diffuse,1,,art_history,high-art-history,How do ancient works of art play a role in contemporary society?,back_navigation,2026-04-14T13:29:58.755Z,Contemporary_art,,Classical_Realism,,,,,,,,,,,,
1,Wikipedia_Exp_14.04,Wikipedia_Exp_13.04,49,Male,sg_1776172371177_3voub3,diffuse,1,,art_history,high-art-history,How do ancient works of art play a role in contemporary society?,article_open,2026-04-14T13:29:58.960Z,Contemporary_art,Contemporary art,,4804,back,,,,,,,,,,
1,Wikipedia_Exp_14.04,Wikipedia_Exp_13.04,49,Male,sg_1776172371177_3voub3,diffuse,1,,art_history,high-art-history,How do ancient works of art play a role in contemporary society?,link_click,2026-04-14T13:30:04.859Z,Classical_Realism,,Contemporary_art,,,,,,,,,,,,
1,Wikipedia_Exp_14.04,Wikipedia_Exp_13.04,49,Male,sg_1776172371177_3voub3,diffuse,1,,art_history,high-art-history,How do ancient works of art play a role in contemporary society?,article_open,2026-04-14T13:30:05.049Z,Classical_Realism,Classical Realism,,2620,link_click,,,,,,,,,,
1,Wikipedia_Exp_14.04,Wikipedia_Exp_13.04,49,Male,sg_1776172371177_3voub3,diffuse,1,,art_history,high-art-history,How do ancient works of art play a role in contemporary society?,answer_snapshot_cursor_leave,2026-04-14T13:30:31.053Z,,,,,,,"One of the most direct ways ancient works of art play a role in contemporary society is through its influence on current art styles and themes.

For example, classical realism is a contemporary style combining elements of 19th century neoclassicism and realism.    While Neoclassicism ""emerged as a Western cultural movement in the decorative and visual arts, literature, theatre, music, and architecture that drew inspiration from the art and culture of classical antiquity.""  Ie, there's a direct lineage here.  An active Neoclassical today is Richard T. Scott",562,,,,,,,cursor_leave
1,Wikipedia_Exp_14.04,Wikipedia_Exp_13.04,49,Male,sg_1776172371177_3voub3,diffuse,1,,art_history,high-art-history,How do ancient works of art play a role in contemporary society?,link_click,2026-04-14T13:30:34.140Z,Richard_T._Scott,,Classical_Realism,,,,,,,,,,,,
1,Wikipedia_Exp_14.04,Wikipedia_Exp_13.04,49,Male,sg_1776172371177_3voub3,diffuse,1,,art_history,high-art-history,How do ancient works of art play a role in contemporary society?,article_open,2026-04-14T13:30:34.708Z,Richard_T._Scott,Richard T. Scott,,785,link_click,,,,,,,,,,
1,Wikipedia_Exp_14.04,Wikipedia_Exp_13.04,49,Male,sg_1776172371177_3voub3,diffuse,1,,art_history,high-art-history,How do ancient works of art play a role in contemporary society?,answer_snapshot,2026-04-14T13:30:39.621Z,,,,,,,"One of the most direct ways ancient works of art play a role in contemporary society is through its influence on current art styles and themes.

For example, classical realism is a contemporary style combining elements of 19th century neoclassicism and realism.    While Neoclassicism ""emerged as a Western cultural movement in the decorative and visual arts, literature, theatre, music, and architecture that drew inspiration from the art and culture of classical antiquity.""  Ie, there's a direct lineage here.  An active Neoclassical today is Richard T. Scott.  ",565,,,,,,,debounce
1,Wikipedia_Exp_14.04,Wikipedia_Exp_13.04,49,Male,sg_1776172371177_3voub3,diffuse,1,,art_history,high-art-history,How do ancient works of art play a role in contemporary society?,answer_snapshot_cursor_leave,2026-04-14T13:30:53.901Z,,,,,,,"One of the most direct ways ancient works of art play a role in contemporary society is through its influence on current art styles and themes.

For example, classical realism is a contemporary style combining elements of 19th century neoclassicism and realism.    While Neoclassicism ""emerged as a Western cultural movement in the decorative and visual arts, literature, theatre, music, and architecture that drew inspiration from the art and culture of classical antiquity.""  Ie, there's a direct lineage here.  An active Neoclassical today is Richard T. Scott.  ",565,,,,,,,cursor_leave
1,Wikipedia_Exp_14.04,Wikipedia_Exp_13.04,49,Male,sg_1776172371177_3voub3,diffuse,1,,art_history,high-art-history,How do ancient works of art play a role in contemporary society?,answer_snapshot,2026-04-14T13:31:04.029Z,,,,,,,"One of the most direct ways ancient works of art play a role in contemporary society is through its influence on current art styles and themes.

For example, classical realism is a contemporary style combining elements of 19th century neoclassicism and realism.    While Neoclassicism ""emerged as a Western cultural movement in the decorative and visual arts, literature, theatre, music, and architecture that drew inspiration from the art and culture of classical antiquity.""  Ie, there's a direct lineage here.  An active Neoclassical today is Richard T. Scott.

Richard T. Scott",581,,,,,,,debounce
1,Wikipedia_Exp_14.04,Wikipedia_Exp_13.04,49,Male,sg_1776172371177_3voub3,diffuse,1,,art_history,high-art-history,How do ancient works of art play a role in contemporary society?,paste,2026-04-14T13:31:05.668Z,,,,,,,,,,,"In 2010, Scott told the New York Times that Facebook was censoring classical paintings of nudes, which had been deleted from the accounts of many painters as well as established institutions such as the New York Academy of Art",226,,,
1,Wikipedia_Exp_14.04,Wikipedia_Exp_13.04,49,Male,sg_1776172371177_3voub3,diffuse,1,,art_history,high-art-history,How do ancient works of art play a role in contemporary society?,answer_snapshot,2026-04-14T13:31:07.998Z,,,,,,,"One of the most direct ways ancient works of art play a role in contemporary society is through its influence on current art styles and themes.

For example, classical realism is a contemporary style combining elements of 19th century neoclassicism and realism.    While Neoclassicism ""emerged as a Western cultural movement in the decorative and visual arts, literature, theatre, music, and architecture that drew inspiration from the art and culture of classical antiquity.""  Ie, there's a direct lineage here.  An active Neoclassical today is Richard T. Scott.

Richard T. Scott ""In 2010, Scott told the New York Times that Facebook was censoring classical paintings of nudes, which had been deleted from the accounts of many painters as well as established institutions such as the New York Academy of Art""",810,,,,,,,debounce
1,Wikipedia_Exp_14.04,Wikipedia_Exp_13.04,49,Male,sg_1776172371177_3voub3,diffuse,1,,art_history,high-art-history,How do ancient works of art play a role in contemporary society?,answer_snapshot,2026-04-14T13:31:11.140Z,,,,,,,"One of the most direct ways ancient works of art play a role in contemporary society is through its influence on current art styles and themes.

For example, classical realism is a contemporary style combining elements of 19th century neoclassicism and realism.    While Neoclassicism ""emerged as a Western cultural movement in the decorative and visual arts, literature, theatre, music, and architecture that drew inspiration from the art and culture of classical antiquity.""  Ie, there's a direct lineage here.  An active Neoclassical today is Richard T. Scott.

""In 2010, Scott told the New York Times that Facebook was censoring classical paintings of nudes, which had been deleted from the accounts of many painters as well as established institutions such as the New York Academy of Art""",793,,,,,,,debounce
1,Wikipedia_Exp_14.04,Wikipedia_Exp_13.04,49,Male,sg_1776172371177_3voub3,diffuse,1,,art_history,high-art-history,How do ancient works of art play a role in contemporary society?,answer_snapshot,2026-04-14T13:31:41.124Z,,,,,,,"One of the most direct ways ancient works of art play a role in contemporary society is through its influence on current art styles and themes.

For example, classical realism is a contemporary style combining elements of 19th century neoclassicism and realism.    While Neoclassicism ""emerged as a Western cultural movement in the decorative and visual arts, literature, theatre, music, and architecture that drew inspiration from the art and culture of classical antiquity.""  Ie, there's a direct lineage here.  An active Neoclassical today is Richard T. Scott.

""In 2010, Scott told the New York Times that Facebook was censoring classical paintings of nudes, which had been deleted from the accounts of many painters as well as established institutions such as the New York Academy of Art"".  I expect his involvement in this painting has made particularly sensitive to this issue, ",885,,,,,,,debounce
1,Wikipedia_Exp_14.04,Wikipedia_Exp_13.04,49,Male,sg_1776172371177_3voub3,diffuse,1,,art_history,high-art-history,How do ancient works of art play a role in contemporary society?,answer_snapshot,2026-04-14T13:32:14.254Z,,,,,,,"One of the most direct ways ancient works of art play a role in contemporary society is through its influence on current art styles and themes.

For example, classical realism is a contemporary style combining elements of 19th century neoclassicism and realism.    While Neoclassicism ""emerged as a Western cultural movement in the decorative and visual arts, literature, theatre, music, and architecture that drew inspiration from the art and culture of classical antiquity.""  Ie, there's a direct lineage here.  An active Neoclassical today is Richard T. Scott.

""In 2010, Scott told the New York Times that Facebook was censoring classical paintings of nudes, which had been deleted from the accounts of many painters as well as established institutions such as the New York Academy of Art"".  I expect his involvement in this painting has made particularly sensitive to this issue.

The bottom line is that classical paintings still play a role in the modern censorship debate.",980,,,,,,,debounce
1,Wikipedia_Exp_14.04,Wikipedia_Exp_13.04,49,Male,sg_1776172371177_3voub3,diffuse,1,,art_history,high-art-history,How do ancient works of art play a role in contemporary society?,answer_snapshot,2026-04-14T13:32:56.925Z,,,,,,,"One of the most direct ways ancient works of art play a role in contemporary society is through its influence on current art styles and themes.

For example, classical realism is a contemporary style combining elements of 19th century neoclassicism and realism.    While Neoclassicism ""emerged as a Western cultural movement in the decorative and visual arts, literature, theatre, music, and architecture that drew inspiration from the art and culture of classical antiquity.""  Ie, there's a direct lineage here.  An active Neoclassical today is Richard T. Scott.

""In 2010, Scott told the New York Times that Facebook was censoring classical paintings of nudes, which had been deleted from the accounts of many painters as well as established institutions such as the New York Academy of Art"".  I expect his involvement in this painting has made particularly sensitive to this issue.

His statements and influence show that classical paintings still play a role in the modern censorship debate.",995,,,,,,,debounce
1,Wikipedia_Exp_14.04,Wikipedia_Exp_13.04,49,Male,sg_1776172371177_3voub3,diffuse,1,,art_history,high-art-history,How do ancient works of art play a role in contemporary society?,answer_snapshot,2026-04-14T13:33:07.391Z,,,,,,,"One of the most direct ways ancient works of art play a role in contemporary society is through its influence on current art styles and themes.

For example, classical realism is a contemporary style combining elements of 19th century neoclassicism and realism.    While Neoclassicism ""emerged as a Western cultural movement in the decorative and visual arts, literature, theatre, music, and architecture that drew inspiration from the art and culture of classical antiquity.""  Ie, there's a direct lineage here.  An active Neoclassical today is Richard T. Scott.

""In 2010, Scott told the New York Times that Facebook was censoring classical paintings of nudes, which had been deleted from the accounts of many painters as well as established institutions such as the New York Academy of Art"".  I expect his involvement in this painting has made particularly sensitive to this issue.

His statements and influence show that classical paintings still play a role in current censorship debates.",993,,,,,,,debounce
1,Wikipedia_Exp_14.04,Wikipedia_Exp_13.04,49,Male,sg_1776172371177_3voub3,diffuse,1,,art_history,high-art-history,How do ancient works of art play a role in contemporary society?,answer_snapshot,2026-04-14T13:33:16.843Z,,,,,,,"One of the most direct ways ancient works of art play a role in contemporary society is through its influence on current art styles and themes.

For example, classical realism is a contemporary style combining elements of 19th century neoclassicism and realism.    While Neoclassicism ""emerged as a Western cultural movement in the decorative and visual arts, literature, theatre, music, and architecture that drew inspiration from the art and culture of classical antiquity.""  Ie, there's a direct lineage here.  An active Neoclassical today is Richard T. Scott.

""In 2010, Scott told the New York Times that Facebook was censoring classical paintings of nudes, which had been deleted from the accounts of many painters as well as established institutions such as the New York Academy of Art"".  I expect his involvement in this painting has made particularly sensitive to this issue.

His statements and influence show that classical paintings still play a role in current censorship debates.",993,,,,,,,submit
1,Wikipedia_Exp_14.04,Wikipedia_Exp_13.04,49,Male,sg_1776172371177_3voub3,diffuse,1,,art_history,high-art-history,How do ancient works of art play a role in contemporary society?,task_end,2026-04-14T13:33:16.843Z,,,,,,,,,"One of the most direct ways ancient works of art play a role in contemporary society is through its influence on current art styles and themes.

For example, classical realism is a contemporary style combining elements of 19th century neoclassicism and realism.    While Neoclassicism ""emerged as a Western cultural movement in the decorative and visual arts, literature, theatre, music, and architecture that drew inspiration from the art and culture of classical antiquity.""  Ie, there's a direct lineage here.  An active Neoclassical today is Richard T. Scott.

""In 2010, Scott told the New York Times that Facebook was censoring classical paintings of nudes, which had been deleted from the accounts of many painters as well as established institutions such as the New York Academy of Art"".  I expect his involvement in this painting has made particularly sensitive to this issue.

His statements and influence show that classical paintings still play a role in current censorship debates.",993,,,,,
1,Wikipedia_Exp_14.04,Wikipedia_Exp_13.04,49,Male,sg_1776172371177_3voub3,diffuse,2,,psychology,high-psychology,What brain mechanisms help people make scientific discoveries?,familiarity_rating,2026-04-14T13:33:38.828Z,,,,,,,,,,,,,2,3,
1,Wikipedia_Exp_14.04,Wikipedia_Exp_13.04,49,Male,sg_1776172371177_3voub3,diffuse,2,,psychology,high-psychology,What brain mechanisms help people make scientific discoveries?,task_start,2026-04-14T13:33:39.383Z,,,,,,,,,,,,,,,
1,Wikipedia_Exp_14.04,Wikipedia_Exp_13.04,49,Male,sg_1776172371177_3voub3,diffuse,2,,psychology,high-psychology,What brain mechanisms help people make scientific discoveries?,search,2026-04-14T13:33:43.158Z,,,,,,b,,,,,,,,,
1,Wikipedia_Exp_14.04,Wikipedia_Exp_13.04,49,Male,sg_1776172371177_3voub3,diffuse,2,,psychology,high-psychology,What brain mechanisms help people make scientific discoveries?,search,2026-04-14T13:33:43.789Z,,,,,,brain,,,,,,,,,
1,Wikipedia_Exp_14.04,Wikipedia_Exp_13.04,49,Male,sg_1776172371177_3voub3,diffuse,2,,psychology,high-psychology,What brain mechanisms help people make scientific discoveries?,search,2026-04-14T13:33:44.383Z,,,,,,brain,,,,,,,,,
1,Wikipedia_Exp_14.04,Wikipedia_Exp_13.04,49,Male,sg_1776172371177_3voub3,diffuse,2,,psychology,high-psychology,What brain mechanisms help people make scientific discoveries?,article_open,2026-04-14T13:33:47.896Z,Brain,Brain,,17706,search,,,,,,,,,,
1,Wikipedia_Exp_14.04,Wikipedia_Exp_13.04,49,Male,sg_1776172371177_3voub3,diffuse,2,,psychology,high-psychology,What brain mechanisms help people make scientific discoveries?,search,2026-04-14T13:33:50.187Z,,,,,,c,,,,,,,,,
1,Wikipedia_Exp_14.04,Wikipedia_Exp_13.04,49,Male,sg_1776172371177_3voub3,diffuse,2,,psychology,high-psychology,What brain mechanisms help people make scientific discoveries?,search,2026-04-14T13:33:51.128Z,,,,,,curiosity,,,,,,,,,
1,Wikipedia_Exp_14.04,Wikipedia_Exp_13.04,49,Male,sg_1776172371177_3voub3,diffuse,2,,psychology,high-psychology,What brain mechanisms help people make scientific discoveries?,article_open,2026-04-14T13:33:53.594Z,Curiosity,Curiosity,,6195,search,,,,,,,,,,
1,Wikipedia_Exp_14.04,Wikipedia_Exp_13.04,49,Male,sg_1776172371177_3voub3,diffuse,2,,psychology,high-psychology,What brain mechanisms help people make scientific discoveries?,answer_snapshot,2026-04-14T13:34:38.405Z,,,,,,,,0,,,,,,,debounce
1,Wikipedia_Exp_14.04,Wikipedia_Exp_13.04,49,Male,sg_1776172371177_3voub3,diffuse,2,,psychology,high-psychology,What brain mechanisms help people make scientific discoveries?,answer_snapshot,2026-04-14T13:34:43.678Z,,,,,,,,0,,,,,,,debounce
1,Wikipedia_Exp_14.04,Wikipedia_Exp_13.04,49,Male,sg_1776172371177_3voub3,diffuse,2,,psychology,high-psychology,What brain mechanisms help people make scientific discoveries?,search,2026-04-14T13:34:46.388Z,,,,,,s,,,,,,,,,
1,Wikipedia_Exp_14.04,Wikipedia_Exp_13.04,49,Male,sg_1776172371177_3voub3,diffuse,2,,psychology,high-psychology,What brain mechanisms help people make scientific discoveries?,search,2026-04-14T13:34:46.935Z,,,,,,science,,,,,,,,,
1,Wikipedia_Exp_14.04,Wikipedia_Exp_13.04,49,Male,sg_1776172371177_3voub3,diffuse,2,,psychology,high-psychology,What brain mechanisms help people make scientific discoveries?,article_open,2026-04-14T13:34:51.929Z,Science,Science,,18765,search,,,,,,,,,,
1,Wikipedia_Exp_14.04,Wikipedia_Exp_13.04,49,Male,sg_1776172371177_3voub3,diffuse,2,,psychology,high-psychology,What brain mechanisms help people make scientific discoveries?,answer_snapshot_cursor_leave,2026-04-14T13:34:57.542Z,,,,,,,"From Wikipedia, ",16,,,,,,,cursor_leave
1,Wikipedia_Exp_14.04,Wikipedia_Exp_13.04,49,Male,sg_1776172371177_3voub3,diffuse,2,,psychology,high-psychology,What brain mechanisms help people make scientific discoveries?,paste,2026-04-14T13:35:14.373Z,,,,,,,,,,,New knowledge in science is advanced by research from scientists who are motivated by curiosity about the world and a desire to solve problems.,143,,,
1,Wikipedia_Exp_14.04,Wikipedia_Exp_13.04,49,Male,sg_1776172371177_3voub3,diffuse,2,,psychology,high-psychology,What brain mechanisms help people make scientific discoveries?,answer_snapshot,2026-04-14T13:35:19.005Z,,,,,,,"From Wikipedia, ""New knowledge in science is advanced by research from scientists who are motivated by curiosity about the world and a desire to solve problems.""

",163,,,,,,,debounce
1,Wikipedia_Exp_14.04,Wikipedia_Exp_13.04,49,Male,sg_1776172371177_3voub3,diffuse,2,,psychology,high-psychology,What brain mechanisms help people make scientific discoveries?,answer_snapshot,2026-04-14T13:35:35.445Z,,,,,,,"From Wikipedia, ""New knowledge in science is advanced by research from scientists who are motivated by curiosity about the world and a desire to solve problems.""

The fundamental scientific drive, it seems, is curiosity.  ",222,,,,,,,debounce
1,Wikipedia_Exp_14.04,Wikipedia_Exp_13.04,49,Male,sg_1776172371177_3voub3,diffuse,2,,psychology,high-psychology,What brain mechanisms help people make scientific discoveries?,answer_snapshot_cursor_leave,2026-04-14T13:35:36.758Z,,,,,,,"From Wikipedia, ""New knowledge in science is advanced by research from scientists who are motivated by curiosity about the world and a desire to solve problems.""

The fundamental scientific drive, it seems, is curiosity.  ",222,,,,,,,cursor_leave
1,Wikipedia_Exp_14.04,Wikipedia_Exp_13.04,49,Male,sg_1776172371177_3voub3,diffuse,2,,psychology,high-psychology,What brain mechanisms help people make scientific discoveries?,search,2026-04-14T13:35:38.773Z,,,,,,curiosity,,,,,,,,,
1,Wikipedia_Exp_14.04,Wikipedia_Exp_13.04,49,Male,sg_1776172371177_3voub3,diffuse,2,,psychology,high-psychology,What brain mechanisms help people make scientific discoveries?,article_open,2026-04-14T13:35:39.981Z,Curiosity,Curiosity,,6195,search,,,,,,,,,,
1,Wikipedia_Exp_14.04,Wikipedia_Exp_13.04,49,Male,sg_1776172371177_3voub3,diffuse,2,,psychology,high-psychology,What brain mechanisms help people make scientific discoveries?,paste,2026-04-14T13:36:07.030Z,,,,,,,,,,,"Although curiosity is widely regarded, its root causes are largely empirically unknown. However, some studies have provided insight into the neurological mechanisms that make up what is known as the reward pathway[22] which may influence characteristics associated with curiosity, such as learning, memory, and motivation.",322,,,
1,Wikipedia_Exp_14.04,Wikipedia_Exp_13.04,49,Male,sg_1776172371177_3voub3,diffuse,2,,psychology,high-psychology,What brain mechanisms help people make scientific discoveries?,answer_snapshot,2026-04-14T13:36:09.613Z,,,,,,,"From Wikipedia, ""New knowledge in science is advanced by research from scientists who are motivated by curiosity about the world and a desire to solve problems.""

The fundamental scientific drive, it seems, is curiosity.  Again from Wikipedia, ""Although curiosity is widely regarded, its root causes are largely empirically unknown. However, some studies have provided insight into the neurological mechanisms that make up what is known as the reward pathway[22] which may influence characteristics associated with curiosity, such as learning, memory, and motivation.""",568,,,,,,,debounce
1,Wikipedia_Exp_14.04,Wikipedia_Exp_13.04,49,Male,sg_1776172371177_3voub3,diffuse,2,,psychology,high-psychology,What brain mechanisms help people make scientific discoveries?,answer_snapshot,2026-04-14T13:36:27.974Z,,,,,,,"From Wikipedia, ""New knowledge in science is advanced by research from scientists who are motivated by curiosity about the world and a desire to solve problems.""

The fundamental scientific drive, it seems, is curiosity.  Again from Wikipedia, ""Although curiosity is widely regarded, its root causes are largely empirically unknown. However, some studies have provided insight into the neurological mechanisms that make up what is known as the reward pathway which may influence characteristics associated with curiosity, such as learning, memory, and motivation.""

In ",569,,,,,,,debounce
1,Wikipedia_Exp_14.04,Wikipedia_Exp_13.04,49,Male,sg_1776172371177_3voub3,diffuse,2,,psychology,high-psychology,What brain mechanisms help people make scientific discoveries?,answer_snapshot,2026-04-14T13:36:30.630Z,,,,,,,"From Wikipedia, ""New knowledge in science is advanced by research from scientists who are motivated by curiosity about the world and a desire to solve problems.""

The fundamental scientific drive, it seems, is curiosity.  Again from Wikipedia, ""Although curiosity is widely regarded, its root causes are largely empirically unknown. However, some studies have provided insight into the neurological mechanisms that make up what is known as the reward pathway which may influence characteristics associated with curiosity, such as learning, memory, and motivation.""

",566,,,,,,,debounce
1,Wikipedia_Exp_14.04,Wikipedia_Exp_13.04,49,Male,sg_1776172371177_3voub3,diffuse,2,,psychology,high-psychology,What brain mechanisms help people make scientific discoveries?,answer_snapshot,2026-04-14T13:36:52.334Z,,,,,,,"From Wikipedia, ""New knowledge in science is advanced by research from scientists who are motivated by curiosity about the world and a desire to solve problems.""

The fundamental scientific drive, it seems, is curiosity.  Again from Wikipedia, ""Although curiosity is widely regarded, its root causes are largely empirically unknown. However, some studies have provided insight into the neurological mechanisms that make up what is known as the reward pathway which may influence characteristics associated with curiosity, such as learning, memory, and motivation.""

So while we don't know sp",591,,,,,,,debounce
1,Wikipedia_Exp_14.04,Wikipedia_Exp_13.04,49,Male,sg_1776172371177_3voub3,diffuse,2,,psychology,high-psychology,What brain mechanisms help people make scientific discoveries?,answer_snapshot,2026-04-14T13:37:04.871Z,,,,,,,"From Wikipedia, ""New knowledge in science is advanced by research from scientists who are motivated by curiosity about the world and a desire to solve problems.""

The fundamental scientific drive, it seems, is curiosity.  Again from Wikipedia, ""Although curiosity is widely regarded, its root causes are largely empirically unknown. However, some studies have provided insight into the neurological mechanisms that make up what is known as the reward pathway which may influence characteristics associated with curiosity, such as learning, memory, and motivation.""

So while we don't have a full accounting of the mechanisms of curiosity, ",639,,,,,,,debounce
1,Wikipedia_Exp_14.04,Wikipedia_Exp_13.04,49,Male,sg_1776172371177_3voub3,diffuse,2,,psychology,high-psychology,What brain mechanisms help people make scientific discoveries?,answer_snapshot,2026-04-14T13:37:13.149Z,,,,,,,"From Wikipedia, ""New knowledge in science is advanced by research from scientists who are motivated by curiosity about the world and a desire to solve problems.""

The fundamental scientific drive, it seems, is curiosity.  Again from Wikipedia, ""Although curiosity is widely regarded, its root causes are largely empirically unknown. However, some studies have provided insight into the neurological mechanisms that make up what is known as the reward pathway which may influence characteristics associated with curiosity, such as learning, memory, and motivation.""

So while we don't have a full accounting of the mechanisms of curiosity, we do have ",650,,,,,,,debounce
1,Wikipedia_Exp_14.04,Wikipedia_Exp_13.04,49,Male,sg_1776172371177_3voub3,diffuse,2,,psychology,high-psychology,What brain mechanisms help people make scientific discoveries?,answer_snapshot_cursor_leave,2026-04-14T13:37:32.934Z,,,,,,,"From Wikipedia, ""New knowledge in science is advanced by research from scientists who are motivated by curiosity about the world and a desire to solve problems.""

The fundamental scientific drive, it seems, is curiosity.  Again from Wikipedia, ""Although curiosity is widely regarded, its root causes are largely empirically unknown. However, some studies have provided insight into the neurological mechanisms that make up what is known as the reward pathway which may influence characteristics associated with curiosity, such as learning, memory, and motivation.""

So while we don't have a full accounting of the mechanisms of curiosity, we do have ",650,,,,,,,cursor_leave
1,Wikipedia_Exp_14.04,Wikipedia_Exp_13.04,49,Male,sg_1776172371177_3voub3,diffuse,2,,psychology,high-psychology,What brain mechanisms help people make scientific discoveries?,search,2026-04-14T13:37:36.214Z,,,,,,mechanism,,,,,,,,,
1,Wikipedia_Exp_14.04,Wikipedia_Exp_13.04,49,Male,sg_1776172371177_3voub3,diffuse,2,,psychology,high-psychology,What brain mechanisms help people make scientific discoveries?,article_open,2026-04-14T13:37:38.659Z,Mechanism,Mechanism,,241,search,,,,,,,,,,
1,Wikipedia_Exp_14.04,Wikipedia_Exp_13.04,49,Male,sg_1776172371177_3voub3,diffuse,2,,psychology,high-psychology,What brain mechanisms help people make scientific discoveries?,link_click,2026-04-14T13:37:42.940Z,Mechanism_(biology),,Mechanism,,,,,,,,,,,,
1,Wikipedia_Exp_14.04,Wikipedia_Exp_13.04,49,Male,sg_1776172371177_3voub3,diffuse,2,,psychology,high-psychology,What brain mechanisms help people make scientific discoveries?,article_open,2026-04-14T13:37:43.424Z,Mechanism_(biology),Mechanism (biology),,963,link_click,,,,,,,,,,
1,Wikipedia_Exp_14.04,Wikipedia_Exp_13.04,49,Male,sg_1776172371177_3voub3,diffuse,2,,psychology,high-psychology,What brain mechanisms help people make scientific discoveries?,back_navigation,2026-04-14T13:37:47.764Z,Mechanism,,Mechanism_(biology),,,,,,,,,,,,
1,Wikipedia_Exp_14.04,Wikipedia_Exp_13.04,49,Male,sg_1776172371177_3voub3,diffuse,2,,psychology,high-psychology,What brain mechanisms help people make scientific discoveries?,article_open,2026-04-14T13:37:47.894Z,Mechanism,Mechanism,,241,back,,,,,,,,,,
1,Wikipedia_Exp_14.04,Wikipedia_Exp_13.04,49,Male,sg_1776172371177_3voub3,diffuse,2,,psychology,high-psychology,What brain mechanisms help people make scientific discoveries?,back_navigation,2026-04-14T13:37:48.492Z,Curiosity,,Mechanism,,,,,,,,,,,,
1,Wikipedia_Exp_14.04,Wikipedia_Exp_13.04,49,Male,sg_1776172371177_3voub3,diffuse,2,,psychology,high-psychology,What brain mechanisms help people make scientific discoveries?,article_open,2026-04-14T13:37:48.688Z,Curiosity,Curiosity,,6195,back,,,,,,,,,,
1,Wikipedia_Exp_14.04,Wikipedia_Exp_13.04,49,Male,sg_1776172371177_3voub3,diffuse,2,,psychology,high-psychology,What brain mechanisms help people make scientific discoveries?,answer_snapshot,2026-04-14T13:38:17.447Z,,,,,,,"From Wikipedia, ""New knowledge in science is advanced by research from scientists who are motivated by curiosity about the world and a desire to solve problems.""

The fundamental scientific drive, it seems, is curiosity.  Again from Wikipedia, ""Although curiosity is widely regarded, its root causes are largely empirically unknown. However, some studies have provided insight into the neurological mechanisms that make up what is known as the reward pathway which may influence characteristics associated with curiosity, such as learning, memory, and motivation.""

So while we don't have a full accounting of the mechanisms of curiosity, we do have at least a partial accounting of some of the subsystems.  ",708,,,,,,,debounce
1,Wikipedia_Exp_14.04,Wikipedia_Exp_13.04,49,Male,sg_1776172371177_3voub3,diffuse,2,,psychology,high-psychology,What brain mechanisms help people make scientific discoveries?,answer_snapshot,2026-04-14T13:38:24.038Z,,,,,,,"From Wikipedia, ""New knowledge in science is advanced by research from scientists who are motivated by curiosity about the world and a desire to solve problems.""

The fundamental scientific drive, it seems, is curiosity.  Again from Wikipedia, ""Although curiosity is widely regarded, its root causes are largely empirically unknown. However, some studies have provided insight into the neurological mechanisms that make up what is known as the reward pathway which may influence characteristics associated with curiosity, such as learning, memory, and motivation.""

So while we don't have a full accounting of the mechanisms of curiosity, we do have at least a partial accounting of some of the subsystems.  The reward pathway in particular is ",744,,,,,,,debounce
1,Wikipedia_Exp_14.04,Wikipedia_Exp_13.04,49,Male,sg_1776172371177_3voub3,diffuse,2,,psychology,high-psychology,What brain mechanisms help people make scientific discoveries?,answer_snapshot,2026-04-14T13:38:27.445Z,,,,,,,"From Wikipedia, ""New knowledge in science is advanced by research from scientists who are motivated by curiosity about the world and a desire to solve problems.""

The fundamental scientific drive, it seems, is curiosity.  Again from Wikipedia, ""Although curiosity is widely regarded, its root causes are largely empirically unknown. However, some studies have provided insight into the neurological mechanisms that make up what is known as the reward pathway which may influence characteristics associated with curiosity, such as learning, memory, and motivation.""

So while we don't have a full accounting of the mechanisms of curiosity, we do have at least a partial accounting of some of the subsystems.  The reward pathway in particular is driven by ",754,,,,,,,debounce
1,Wikipedia_Exp_14.04,Wikipedia_Exp_13.04,49,Male,sg_1776172371177_3voub3,diffuse,2,,psychology,high-psychology,What brain mechanisms help people make scientific discoveries?,answer_snapshot_cursor_leave,2026-04-14T13:38:29.318Z,,,,,,,"From Wikipedia, ""New knowledge in science is advanced by research from scientists who are motivated by curiosity about the world and a desire to solve problems.""

The fundamental scientific drive, it seems, is curiosity.  Again from Wikipedia, ""Although curiosity is widely regarded, its root causes are largely empirically unknown. However, some studies have provided insight into the neurological mechanisms that make up what is known as the reward pathway which may influence characteristics associated with curiosity, such as learning, memory, and motivation.""

So while we don't have a full accounting of the mechanisms of curiosity, we do have at least a partial accounting of some of the subsystems.  The reward pathway in particular is driven by ",754,,,,,,,cursor_leave
1,Wikipedia_Exp_14.04,Wikipedia_Exp_13.04,49,Male,sg_1776172371177_3voub3,diffuse,2,,psychology,high-psychology,What brain mechanisms help people make scientific discoveries?,answer_snapshot,2026-04-14T13:39:16.350Z,,,,,,,"From Wikipedia, ""New knowledge in science is advanced by research from scientists who are motivated by curiosity about the world and a desire to solve problems.""

The fundamental scientific drive, it seems, is curiosity.  Again from Wikipedia, ""Although curiosity is widely regarded, its root causes are largely empirically unknown. However, some studies have provided insight into the neurological mechanisms that make up what is known as the reward pathway which may influence characteristics associated with curiosity, such as learning, memory, and motivation.""

So while we don't have a full accounting of the mechanisms of curiosity, we do have at least a partial accounting of some of the subsystems.  ",708,,,,,,,debounce
1,Wikipedia_Exp_14.04,Wikipedia_Exp_13.04,49,Male,sg_1776172371177_3voub3,diffuse,2,,psychology,high-psychology,What brain mechanisms help people make scientific discoveries?,answer_snapshot,2026-04-14T13:39:29.173Z,,,,,,,"From Wikipedia, ""New knowledge in science is advanced by research from scientists who are motivated by curiosity about the world and a desire to solve problems.""

The fundamental scientific drive, it seems, is curiosity.  Again from Wikipedia, ""Although curiosity is widely regarded, its root causes are largely empirically unknown. However, some studies have provided insight into the neurological mechanisms that make up what is known as the reward pathway which may influence characteristics associated with curiosity, such as learning, memory, and motivation.""

So while we don't have a full accounting of the mechanisms of curiosity, we do have at least a partial accounting of some of the subsystems.  In we have the reward pathway, which ",745,,,,,,,debounce
1,Wikipedia_Exp_14.04,Wikipedia_Exp_13.04,49,Male,sg_1776172371177_3voub3,diffuse,2,,psychology,high-psychology,What brain mechanisms help people make scientific discoveries?,answer_snapshot,2026-04-14T13:39:34.854Z,,,,,,,"From Wikipedia, ""New knowledge in science is advanced by research from scientists who are motivated by curiosity about the world and a desire to solve problems.""

The fundamental scientific drive, it seems, is curiosity.  Again from Wikipedia, ""Although curiosity is widely regarded, its root causes are largely empirically unknown. However, some studies have provided insight into the neurological mechanisms that make up what is known as the reward pathway which may influence characteristics associated with curiosity, such as learning, memory, and motivation.""

So while we don't have a full accounting of the mechanisms of curiosity, we do have at least a partial accounting of some of the subsystems.  In we have the reward pathway, which can be ",752,,,,,,,debounce
1,Wikipedia_Exp_14.04,Wikipedia_Exp_13.04,49,Male,sg_1776172371177_3voub3,diffuse,2,,psychology,high-psychology,What brain mechanisms help people make scientific discoveries?,answer_snapshot,2026-04-14T13:39:40.166Z,,,,,,,"From Wikipedia, ""New knowledge in science is advanced by research from scientists who are motivated by curiosity about the world and a desire to solve problems.""

The fundamental scientific drive, it seems, is curiosity.  Again from Wikipedia, ""Although curiosity is widely regarded, its root causes are largely empirically unknown. However, some studies have provided insight into the neurological mechanisms that make up what is known as the reward pathway which may influence characteristics associated with curiosity, such as learning, memory, and motivation.""

So while we don't have a full accounting of the mechanisms of curiosity, we do have at least a partial accounting of some of the subsystems.  In we have the reward pathway, which can be examined ",761,,,,,,,debounce
1,Wikipedia_Exp_14.04,Wikipedia_Exp_13.04,49,Male,sg_1776172371177_3voub3,diffuse,2,,psychology,high-psychology,What brain mechanisms help people make scientific discoveries?,answer_snapshot,2026-04-14T13:39:54.614Z,,,,,,,"From Wikipedia, ""New knowledge in science is advanced by research from scientists who are motivated by curiosity about the world and a desire to solve problems.""

The fundamental scientific drive, it seems, is curiosity.  Again from Wikipedia, ""Although curiosity is widely regarded, its root causes are largely empirically unknown. However, some studies have provided insight into the neurological mechanisms that make up what is known as the reward pathway which may influence characteristics associated with curiosity, such as learning, memory, and motivation.""

So while we don't have a full accounting of the mechanisms of curiosity, we do have at least a partial accounting of some of the subsystems.  In we have the reward pathway, which can be examined in terms of ""nucleus accumbens",791,,,,,,,debounce
1,Wikipedia_Exp_14.04,Wikipedia_Exp_13.04,49,Male,sg_1776172371177_3voub3,diffuse,2,,psychology,high-psychology,What brain mechanisms help people make scientific discoveries?,answer_snapshot,2026-04-14T13:40:00.159Z,,,,,,,"From Wikipedia, ""New knowledge in science is advanced by research from scientists who are motivated by curiosity about the world and a desire to solve problems.""

The fundamental scientific drive, it seems, is curiosity.  Again from Wikipedia, ""Although curiosity is widely regarded, its root causes are largely empirically unknown. However, some studies have provided insight into the neurological mechanisms that make up what is known as the reward pathway which may influence characteristics associated with curiosity, such as learning, memory, and motivation.""

So while we don't have a full accounting of the mechanisms of curiosity, we do have at least a partial accounting of some of the subsystems.  In we have the reward pathway, which can be examined in terms of ""nucleus accumbens"".",793,,,,,,,debounce
1,Wikipedia_Exp_14.04,Wikipedia_Exp_13.04,49,Male,sg_1776172371177_3voub3,diffuse,2,,psychology,high-psychology,What brain mechanisms help people make scientific discoveries?,answer_snapshot,2026-04-14T13:40:06.839Z,,,,,,,"From Wikipedia, ""New knowledge in science is advanced by research from scientists who are motivated by curiosity about the world and a desire to solve problems.""

The fundamental scientific drive, it seems, is curiosity.  Again from Wikipedia, ""Although curiosity is widely regarded, its root causes are largely empirically unknown. However, some studies have provided insight into the neurological mechanisms that make up what is known as the reward pathway which may influence characteristics associated with curiosity, such as learning, memory, and motivation.""

So while we don't have a full accounting of the mechanisms of curiosity, we do have at least a partial accounting of some of the subsystems.  In we have the reward pathway, which can be examined in terms of nucleus accumbens"".",792,,,,,,,debounce
1,Wikipedia_Exp_14.04,Wikipedia_Exp_13.04,49,Male,sg_1776172371177_3voub3,diffuse,2,,psychology,high-psychology,What brain mechanisms help people make scientific discoveries?,answer_snapshot_cursor_leave,2026-04-14T13:40:10.366Z,,,,,,,"From Wikipedia, ""New knowledge in science is advanced by research from scientists who are motivated by curiosity about the world and a desire to solve problems.""

The fundamental scientific drive, it seems, is curiosity.  Again from Wikipedia, ""Although curiosity is widely regarded, its root causes are largely empirically unknown. However, some studies have provided insight into the neurological mechanisms that make up what is known as the reward pathway which may influence characteristics associated with curiosity, such as learning, memory, and motivation.""

So while we don't have a full accounting of the mechanisms of curiosity, we do have at least a partial accounting of some of the subsystems.  In we have the reward pathway, which can be examined in terms of nucleus accumbens"".",792,,,,,,,cursor_leave
1,Wikipedia_Exp_14.04,Wikipedia_Exp_13.04,49,Male,sg_1776172371177_3voub3,diffuse,2,,psychology,high-psychology,What brain mechanisms help people make scientific discoveries?,link_click,2026-04-14T13:40:10.460Z,Nucleus_accumbens,,Curiosity,,,,,,,,,,,,
1,Wikipedia_Exp_14.04,Wikipedia_Exp_13.04,49,Male,sg_1776172371177_3voub3,diffuse,2,,psychology,high-psychology,What brain mechanisms help people make scientific discoveries?,article_open,2026-04-14T13:40:12.965Z,Nucleus_accumbens,Nucleus accumbens,,11143,link_click,,,,,,,,,,
1,Wikipedia_Exp_14.04,Wikipedia_Exp_13.04,49,Male,sg_1776172371177_3voub3,diffuse,2,,psychology,high-psychology,What brain mechanisms help people make scientific discoveries?,back_navigation,2026-04-14T13:40:22.172Z,Curiosity,,Nucleus_accumbens,,,,,,,,,,,,
1,Wikipedia_Exp_14.04,Wikipedia_Exp_13.04,49,Male,sg_1776172371177_3voub3,diffuse,2,,psychology,high-psychology,What brain mechanisms help people make scientific discoveries?,article_open,2026-04-14T13:40:22.402Z,Curiosity,Curiosity,,6195,back,,,,,,,,,,
1,Wikipedia_Exp_14.04,Wikipedia_Exp_13.04,49,Male,sg_1776172371177_3voub3,diffuse,2,,psychology,high-psychology,What brain mechanisms help people make scientific discoveries?,answer_snapshot,2026-04-14T13:40:33.943Z,,,,,,,"From Wikipedia, ""New knowledge in science is advanced by research from scientists who are motivated by curiosity about the world and a desire to solve problems.""

The fundamental scientific drive, it seems, is curiosity.  Again from Wikipedia, ""Although curiosity is widely regarded, its root causes are largely empirically unknown. However, some studies have provided insight into the neurological mechanisms that make up what is known as the reward pathway which may influence characteristics associated with curiosity, such as learning, memory, and motivation.""

So while we don't have a full accounting of the mechanisms of curiosity, we do have at least a partial accounting of some of the subsystems.  In we have the reward pathway, which can be examined in terms ",770,,,,,,,debounce
1,Wikipedia_Exp_14.04,Wikipedia_Exp_13.04,49,Male,sg_1776172371177_3voub3,diffuse,2,,psychology,high-psychology,What brain mechanisms help people make scientific discoveries?,answer_snapshot,2026-04-14T13:41:03.222Z,,,,,,,"From Wikipedia, ""New knowledge in science is advanced by research from scientists who are motivated by curiosity about the world and a desire to solve problems.""

The fundamental scientific drive, it seems, is curiosity.  Again from Wikipedia, ""Although curiosity is widely regarded, its root causes are largely empirically unknown. However, some studies have provided insight into the neurological mechanisms that make up what is known as the reward pathway which may influence characteristics associated with curiosity, such as learning, memory, and motivation.""

So while we don't have a full accounting of the mechanisms of curiosity, we do have at least a partial accounting of some of the subsystems.  One such system, the reward pathway, i",746,,,,,,,debounce
1,Wikipedia_Exp_14.04,Wikipedia_Exp_13.04,49,Male,sg_1776172371177_3voub3,diffuse,2,,psychology,high-psychology,What brain mechanisms help people make scientific discoveries?,answer_snapshot,2026-04-14T13:41:13.887Z,,,,,,,"From Wikipedia, ""New knowledge in science is advanced by research from scientists who are motivated by curiosity about the world and a desire to solve problems.""

The fundamental scientific drive, it seems, is curiosity.  Again from Wikipedia, ""Although curiosity is widely regarded, its root causes are largely empirically unknown. However, some studies have provided insight into the neurological mechanisms that make up what is known as the reward pathway which may influence characteristics associated with curiosity, such as learning, memory, and motivation.""

So while we don't have a full accounting of the mechanisms of curiosity, we do have at least a partial accounting of some of the subsystems.  One such system, the reward pathway, is governed by the frontal cortex, the nuc",787,,,,,,,debounce
1,Wikipedia_Exp_14.04,Wikipedia_Exp_13.04,49,Male,sg_1776172371177_3voub3,diffuse,2,,psychology,high-psychology,What brain mechanisms help people make scientific discoveries?,answer_snapshot,2026-04-14T13:41:19.271Z,,,,,,,"From Wikipedia, ""New knowledge in science is advanced by research from scientists who are motivated by curiosity about the world and a desire to solve problems.""

The fundamental scientific drive, it seems, is curiosity.  Again from Wikipedia, ""Although curiosity is widely regarded, its root causes are largely empirically unknown. However, some studies have provided insight into the neurological mechanisms that make up what is known as the reward pathway which may influence characteristics associated with curiosity, such as learning, memory, and motivation.""

So while we don't have a full accounting of the mechanisms of curiosity, we do have at least a partial accounting of some of the subsystems.  One such system, the reward pathway, is governed by the frontal cortex, the nucleus accumbens, ",803,,,,,,,debounce
1,Wikipedia_Exp_14.04,Wikipedia_Exp_13.04,49,Male,sg_1776172371177_3voub3,diffuse,2,,psychology,high-psychology,What brain mechanisms help people make scientific discoveries?,answer_snapshot,2026-04-14T13:41:36.599Z,,,,,,,"From Wikipedia, ""New knowledge in science is advanced by research from scientists who are motivated by curiosity about the world and a desire to solve problems.""

The fundamental scientific drive, it seems, is curiosity.  Again from Wikipedia, ""Although curiosity is widely regarded, its root causes are largely empirically unknown. However, some studies have provided insight into the neurological mechanisms that make up what is known as the reward pathway which may influence characteristics associated with curiosity, such as learning, memory, and motivation.""

So while we don't have a full accounting of the mechanisms of curiosity, we do have at least a partial accounting of some of the subsystems.  One such system, the reward pathway, is governed by the frontal cortex, the nucleus accumbens, and several other aspects.  The ",835,,,,,,,debounce
1,Wikipedia_Exp_14.04,Wikipedia_Exp_13.04,49,Male,sg_1776172371177_3voub3,diffuse,2,,psychology,high-psychology,What brain mechanisms help people make scientific discoveries?,answer_snapshot,2026-04-14T13:41:46.510Z,,,,,,,"From Wikipedia, ""New knowledge in science is advanced by research from scientists who are motivated by curiosity about the world and a desire to solve problems.""

The fundamental scientific drive, it seems, is curiosity.  Again from Wikipedia, ""Although curiosity is widely regarded, its root causes are largely empirically unknown. However, some studies have provided insight into the neurological mechanisms that make up what is known as the reward pathway which may influence characteristics associated with curiosity, such as learning, memory, and motivation.""

So while we don't have a full accounting of the mechanisms of curiosity, we do have at least a partial accounting of some of the subsystems.  One such system, the reward pathway, is governed by the frontal cortex, the nucleus accumbens, and several other aspects",828,,,,,,,debounce
1,Wikipedia_Exp_14.04,Wikipedia_Exp_13.04,49,Male,sg_1776172371177_3voub3,diffuse,2,,psychology,high-psychology,What brain mechanisms help people make scientific discoveries?,answer_snapshot,2026-04-14T13:41:53.374Z,,,,,,,"From Wikipedia, ""New knowledge in science is advanced by research from scientists who are motivated by curiosity about the world and a desire to solve problems.""

The fundamental scientific drive, it seems, is curiosity.  Again from Wikipedia, ""Although curiosity is widely regarded, its root causes are largely empirically unknown. However, some studies have provided insight into the neurological mechanisms that make up what is known as the reward pathway which may influence characteristics associated with curiosity, such as learning, memory, and motivation.""

So while we don't have a full accounting of the mechanisms of curiosity, we do have at least a partial accounting of some of the subsystems.  One such system, the reward pathway, is governed by the frontal cortex, the nucleus accumbens, and several other aspects.

Another mechanism ",849,,,,,,,debounce
1,Wikipedia_Exp_14.04,Wikipedia_Exp_13.04,49,Male,sg_1776172371177_3voub3,diffuse,2,,psychology,high-psychology,What brain mechanisms help people make scientific discoveries?,answer_snapshot,2026-04-14T13:42:00.759Z,,,,,,,"From Wikipedia, ""New knowledge in science is advanced by research from scientists who are motivated by curiosity about the world and a desire to solve problems.""

The fundamental scientific drive, it seems, is curiosity.  Again from Wikipedia, ""Although curiosity is widely regarded, its root causes are largely empirically unknown. However, some studies have provided insight into the neurological mechanisms that make up what is known as the reward pathway which may influence characteristics associated with curiosity, such as learning, memory, and motivation.""

So while we don't have a full accounting of the mechanisms of curiosity, we do have at least a partial accounting of some of the subsystems.  One such system, the reward pathway, is governed by the frontal cortex, the nucleus accumbens, and several other aspects.

Another mechanism is attention.   ",865,,,,,,,debounce
1,Wikipedia_Exp_14.04,Wikipedia_Exp_13.04,49,Male,sg_1776172371177_3voub3,diffuse,2,,psychology,high-psychology,What brain mechanisms help people make scientific discoveries?,answer_snapshot,2026-04-14T13:42:09.463Z,,,,,,,"From Wikipedia, ""New knowledge in science is advanced by research from scientists who are motivated by curiosity about the world and a desire to solve problems.""

The fundamental scientific drive, it seems, is curiosity.  Again from Wikipedia, ""Although curiosity is widely regarded, its root causes are largely empirically unknown. However, some studies have provided insight into the neurological mechanisms that make up what is known as the reward pathway which may influence characteristics associated with curiosity, such as learning, memory, and motivation.""

So while we don't have a full accounting of the mechanisms of curiosity, we do have at least a partial accounting of some of the subsystems.  One such system, the reward pathway, is governed by the frontal cortex, the nucleus accumbens, and several other aspects, alongside neurotransmitters and 

Another mechanism is attention.   ",898,,,,,,,debounce
1,Wikipedia_Exp_14.04,Wikipedia_Exp_13.04,49,Male,sg_1776172371177_3voub3,diffuse,2,,psychology,high-psychology,What brain mechanisms help people make scientific discoveries?,answer_snapshot,2026-04-14T13:42:14.902Z,,,,,,,"From Wikipedia, ""New knowledge in science is advanced by research from scientists who are motivated by curiosity about the world and a desire to solve problems.""

The fundamental scientific drive, it seems, is curiosity.  Again from Wikipedia, ""Although curiosity is widely regarded, its root causes are largely empirically unknown. However, some studies have provided insight into the neurological mechanisms that make up what is known as the reward pathway which may influence characteristics associated with curiosity, such as learning, memory, and motivation.""

So while we don't have a full accounting of the mechanisms of curiosity, we do have at least a partial accounting of some of the subsystems.  One such system, the reward pathway, is governed by the frontal cortex, the nucleus accumbens, and several other aspects, alongside neurotransmitters such as dopamine.

Another mechanism is attention.   ",911,,,,,,,debounce
1,Wikipedia_Exp_14.04,Wikipedia_Exp_13.04,49,Male,sg_1776172371177_3voub3,diffuse,2,,psychology,high-psychology,What brain mechanisms help people make scientific discoveries?,answer_snapshot,2026-04-14T13:42:18.815Z,,,,,,,"From Wikipedia, ""New knowledge in science is advanced by research from scientists who are motivated by curiosity about the world and a desire to solve problems.""

The fundamental scientific drive, it seems, is curiosity.  Again from Wikipedia, ""Although curiosity is widely regarded, its root causes are largely empirically unknown. However, some studies have provided insight into the neurological mechanisms that make up what is known as the reward pathway which may influence characteristics associated with curiosity, such as learning, memory, and motivation.""

So while we don't have a full accounting of the mechanisms of curiosity, we do have at least a partial accounting of some of the subsystems.  One such system, the reward pathway, is governed by the frontal cortex, the nucleus accumbens, and several other regions, alongside neurotransmitters such as dopamine.

Another mechanism is attention.   ",911,,,,,,,debounce
1,Wikipedia_Exp_14.04,Wikipedia_Exp_13.04,49,Male,sg_1776172371177_3voub3,diffuse,2,,psychology,high-psychology,What brain mechanisms help people make scientific discoveries?,answer_snapshot,2026-04-14T13:42:27.710Z,,,,,,,"From Wikipedia, ""New knowledge in science is advanced by research from scientists who are motivated by curiosity about the world and a desire to solve problems.""

The fundamental scientific drive, it seems, is curiosity.  Again from Wikipedia, ""Although curiosity is widely regarded, its root causes are largely empirically unknown. However, some studies have provided insight into the neurological mechanisms that make up what is known as the reward pathway which may influence characteristics associated with curiosity, such as learning, memory, and motivation.""

So while we don't have a full accounting of the mechanisms of curiosity, we do have at least a partial accounting of some of the subsystems.  One such system, the reward pathway, is governed by the frontal cortex, the nucleus accumbens, and several other regions, alongside neurotransmitters such as dopamine, serotonin and opiods.

Another mechanism is attention.   ",933,,,,,,,debounce
1,Wikipedia_Exp_14.04,Wikipedia_Exp_13.04,49,Male,sg_1776172371177_3voub3,diffuse,2,,psychology,high-psychology,What brain mechanisms help people make scientific discoveries?,answer_snapshot,2026-04-14T13:42:43.791Z,,,,,,,"From Wikipedia, ""New knowledge in science is advanced by research from scientists who are motivated by curiosity about the world and a desire to solve problems.""

The fundamental scientific drive, it seems, is curiosity.  Again from Wikipedia, ""Although curiosity is widely regarded, its root causes are largely empirically unknown. However, some studies have provided insight into the neurological mechanisms that make up what is known as the reward pathway which may influence characteristics associated with curiosity, such as learning, memory, and motivation.""

So while we don't have a full accounting of the mechanisms of curiosity, we do have at least a partial accounting of some of the subsystems.  One such system, the reward pathway, is governed by the frontal cortex, the nucleus accumbens, and several other regions, alongside neurotransmitters such as dopamine, serotonin and opiods.

Another mechanism is attention, selective focus.  ",949,,,,,,,debounce
1,Wikipedia_Exp_14.04,Wikipedia_Exp_13.04,49,Male,sg_1776172371177_3voub3,diffuse,2,,psychology,high-psychology,What brain mechanisms help people make scientific discoveries?,answer_snapshot_cursor_leave,2026-04-14T13:43:24.142Z,,,,,,,"From Wikipedia, ""New knowledge in science is advanced by research from scientists who are motivated by curiosity about the world and a desire to solve problems.""

The fundamental scientific drive, it seems, is curiosity.  Again from Wikipedia, ""Although curiosity is widely regarded, its root causes are largely empirically unknown. However, some studies have provided insight into the neurological mechanisms that make up what is known as the reward pathway which may influence characteristics associated with curiosity, such as learning, memory, and motivation.""

So while we don't have a full accounting of the mechanisms of curiosity, we do have at least a partial accounting of some of the subsystems.  One such system, the reward pathway, is governed by the frontal cortex, the nucleus accumbens, and several other regions, alongside neurotransmitters such as dopamine, serotonin and opiods.

Another mechanism is attention, selective focus.  ",949,,,,,,,cursor_leave
1,Wikipedia_Exp_14.04,Wikipedia_Exp_13.04,49,Male,sg_1776172371177_3voub3,diffuse,2,,psychology,high-psychology,What brain mechanisms help people make scientific discoveries?,link_click,2026-04-14T13:43:24.276Z,Attention,,Curiosity,,,,,,,,,,,,
1,Wikipedia_Exp_14.04,Wikipedia_Exp_13.04,49,Male,sg_1776172371177_3voub3,diffuse,2,,psychology,high-psychology,What brain mechanisms help people make scientific discoveries?,article_open,2026-04-14T13:43:26.933Z,Attention,Attention,,9304,link_click,,,,,,,,,,
1,Wikipedia_Exp_14.04,Wikipedia_Exp_13.04,49,Male,sg_1776172371177_3voub3,diffuse,2,,psychology,high-psychology,What brain mechanisms help people make scientific discoveries?,back_navigation,2026-04-14T13:43:29.813Z,Curiosity,,Attention,,,,,,,,,,,,
1,Wikipedia_Exp_14.04,Wikipedia_Exp_13.04,49,Male,sg_1776172371177_3voub3,diffuse,2,,psychology,high-psychology,What brain mechanisms help people make scientific discoveries?,article_open,2026-04-14T13:43:29.998Z,Curiosity,Curiosity,,6195,back,,,,,,,,,,
1,Wikipedia_Exp_14.04,Wikipedia_Exp_13.04,49,Male,sg_1776172371177_3voub3,diffuse,2,,psychology,high-psychology,What brain mechanisms help people make scientific discoveries?,answer_snapshot,2026-04-14T13:43:40.078Z,,,,,,,"From Wikipedia, ""New knowledge in science is advanced by research from scientists who are motivated by curiosity about the world and a desire to solve problems.""

The fundamental scientific drive, it seems, is curiosity.  Again from Wikipedia, ""Although curiosity is widely regarded, its root causes are largely empirically unknown. However, some studies have provided insight into the neurological mechanisms that make up what is known as the reward pathway which may influence characteristics associated with curiosity, such as learning, memory, and motivation.""

So while we don't have a full accounting of the mechanisms of curiosity, we do have at least a partial accounting of some of the subsystems.  One such system, the reward pathway, is governed by the frontal cortex, the nucleus accumbens, and several other regions, alongside neurotransmitters such as dopamine, serotonin and opiods.

Another mechanism is attention, selective focus.",947,,,,,,,debounce
1,Wikipedia_Exp_14.04,Wikipedia_Exp_13.04,49,Male,sg_1776172371177_3voub3,diffuse,2,,psychology,high-psychology,What brain mechanisms help people make scientific discoveries?,answer_snapshot,2026-04-14T13:43:43.580Z,,,,,,,"From Wikipedia, ""New knowledge in science is advanced by research from scientists who are motivated by curiosity about the world and a desire to solve problems.""

The fundamental scientific drive, it seems, is curiosity.  Again from Wikipedia, ""Although curiosity is widely regarded, its root causes are largely empirically unknown. However, some studies have provided insight into the neurological mechanisms that make up what is known as the reward pathway which may influence characteristics associated with curiosity, such as learning, memory, and motivation.""

So while we don't have a full accounting of the mechanisms of curiosity, we do have at least a partial accounting of some of the subsystems.  One such system, the reward pathway, is governed by the frontal cortex, the nucleus accumbens, and several other regions, alongside neurotransmitters such as dopamine, serotonin and opiods.

Another mechanism is attention, selective focus.",947,,,,,,,submit
1,Wikipedia_Exp_14.04,Wikipedia_Exp_13.04,49,Male,sg_1776172371177_3voub3,diffuse,2,,psychology,high-psychology,What brain mechanisms help people make scientific discoveries?,task_end,2026-04-14T13:43:43.581Z,,,,,,,,,"From Wikipedia, ""New knowledge in science is advanced by research from scientists who are motivated by curiosity about the world and a desire to solve problems.""

The fundamental scientific drive, it seems, is curiosity.  Again from Wikipedia, ""Although curiosity is widely regarded, its root causes are largely empirically unknown. However, some studies have provided insight into the neurological mechanisms that make up what is known as the reward pathway which may influence characteristics associated with curiosity, such as learning, memory, and motivation.""

So while we don't have a full accounting of the mechanisms of curiosity, we do have at least a partial accounting of some of the subsystems.  One such system, the reward pathway, is governed by the frontal cortex, the nucleus accumbens, and several other regions, alongside neurotransmitters such as dopamine, serotonin and opiods.

Another mechanism is attention, selective focus.",947,,,,,
2,Wikipedia_Exp_14.04,Wikipedia_Exp_13.04,33,Female,sg_1776172391075_2kvlx8,diffuse,0,1,practice,practice-capybaras,What do Capybaras eat?,attention_check_pass,2026-04-14T13:14:16.615Z,,,,,,,,,,,,,,,attempt_1
2,Wikipedia_Exp_14.04,Wikipedia_Exp_13.04,33,Female,sg_1776172391075_2kvlx8,diffuse,0,1,practice,practice-capybaras,What do Capybaras eat?,familiarity_rating,2026-04-14T13:14:22.901Z,,,,,,,,,,,,,1,1,
2,Wikipedia_Exp_14.04,Wikipedia_Exp_13.04,33,Female,sg_1776172391075_2kvlx8,diffuse,0,1,practice,practice-capybaras,What do Capybaras eat?,task_start,2026-04-14T13:14:23.000Z,,,,,,,,,,,,,,,
2,Wikipedia_Exp_14.04,Wikipedia_Exp_13.04,33,Female,sg_1776172391075_2kvlx8,diffuse,0,1,practice,practice-capybaras,What do Capybaras eat?,article_open,2026-04-14T13:14:25.916Z,Capybara,Capybara,,4650,,,,,,,,,,,
2,Wikipedia_Exp_14.04,Wikipedia_Exp_13.04,33,Female,sg_1776172391075_2kvlx8,diffuse,0,1,practice,practice-capybaras,What do Capybaras eat?,paste,2026-04-14T13:15:07.436Z,,,,,,,,,,,"Capybaras are herbivores, grazing mainly on grasses and aquatic plants,[14][24] as well as fruit and tree bark.[15] They are very selective feeders[25] and feed on the leaves of one species and disregard other species surrounding it. They eat a greater variety of plants during the dry season, as fewer plants are available.",324,,,
2,Wikipedia_Exp_14.04,Wikipedia_Exp_13.04,33,Female,sg_1776172391075_2kvlx8,diffuse,0,1,practice,practice-capybaras,What do Capybaras eat?,answer_snapshot,2026-04-14T13:15:09.439Z,,,,,,,"Capybaras are herbivores, grazing mainly on grasses and aquatic plants,[14][24] as well as fruit and tree bark.[15] They are very selective feeders[25] and feed on the leaves of one species and disregard other species surrounding it. They eat a greater variety of plants during the dry season, as fewer plants are available.",324,,,,,,,debounce
2,Wikipedia_Exp_14.04,Wikipedia_Exp_13.04,33,Female,sg_1776172391075_2kvlx8,diffuse,0,1,practice,practice-capybaras,What do Capybaras eat?,answer_snapshot,2026-04-14T13:15:17.665Z,,,,,,,"Capybaras are herbivores, grazing mainly on grasses and aquatic plants,  as well as fruit and tree bark. They are very selective feeders[25] and feed on the leaves of one species and disregard other species surrounding it. They eat a greater variety of plants during the dry season, as fewer plants are available.",313,,,,,,,debounce
2,Wikipedia_Exp_14.04,Wikipedia_Exp_13.04,33,Female,sg_1776172391075_2kvlx8,diffuse,0,1,practice,practice-capybaras,What do Capybaras eat?,answer_snapshot,2026-04-14T13:15:22.658Z,,,,,,,"Capybaras are herbivores, grazing mainly on grasses and aquatic plants,  as well as fruit and tree bark. They are very selective feeder and feed on the leaves of one species and disregard other species surrounding it. They eat a greater variety of plants during the dry season, as fewer plants are available.",308,,,,,,,debounce
2,Wikipedia_Exp_14.04,Wikipedia_Exp_13.04,33,Female,sg_1776172391075_2kvlx8,diffuse,0,1,practice,practice-capybaras,What do Capybaras eat?,answer_snapshot_cursor_leave,2026-04-14T13:15:30.515Z,,,,,,,"Capybaras are herbivores, grazing mainly on grasses and aquatic plants,  as well as fruit and tree bark. They are very selective feeder and feed on the leaves of one species and disregard other species surrounding it. They eat a greater variety of plants during the dry season, as fewer plants are available.",308,,,,,,,cursor_leave
2,Wikipedia_Exp_14.04,Wikipedia_Exp_13.04,33,Female,sg_1776172391075_2kvlx8,diffuse,0,1,practice,practice-capybaras,What do Capybaras eat?,answer_snapshot,2026-04-14T13:15:30.592Z,,,,,,,"Capybaras are herbivores, grazing mainly on grasses and aquatic plants,  as well as fruit and tree bark. They are very selective feeder and feed on the leaves of one species and disregard other species surrounding it. They eat a greater variety of plants during the dry season, as fewer plants are available.",308,,,,,,,submit
2,Wikipedia_Exp_14.04,Wikipedia_Exp_13.04,33,Female,sg_1776172391075_2kvlx8,diffuse,0,1,practice,practice-capybaras,What do Capybaras eat?,task_end,2026-04-14T13:15:30.592Z,,,,,,,,,"Capybaras are herbivores, grazing mainly on grasses and aquatic plants,  as well as fruit and tree bark. They are very selective feeder and feed on the leaves of one species and disregard other species surrounding it. They eat a greater variety of plants during the dry season, as fewer plants are available.",308,,,,,
2,Wikipedia_Exp_14.04,Wikipedia_Exp_13.04,33,Female,sg_1776172391075_2kvlx8,diffuse,1,,psychology,high-psychology,What brain mechanisms help people make scientific discoveries?,familiarity_rating,2026-04-14T13:15:40.095Z,,,,,,,,,,,,,1,5,
2,Wikipedia_Exp_14.04,Wikipedia_Exp_13.04,33,Female,sg_1776172391075_2kvlx8,diffuse,1,,psychology,high-psychology,What brain mechanisms help people make scientific discoveries?,task_start,2026-04-14T13:15:40.307Z,,,,,,,,,,,,,,,
2,Wikipedia_Exp_14.04,Wikipedia_Exp_13.04,33,Female,sg_1776172391075_2kvlx8,diffuse,1,,psychology,high-psychology,What brain mechanisms help people make scientific discoveries?,search,2026-04-14T13:15:45.681Z,,,,,,what ,,,,,,,,,
2,Wikipedia_Exp_14.04,Wikipedia_Exp_13.04,33,Female,sg_1776172391075_2kvlx8,diffuse,1,,psychology,high-psychology,What brain mechanisms help people make scientific discoveries?,search,2026-04-14T13:15:47.645Z,,,,,,what brain ,,,,,,,,,
2,Wikipedia_Exp_14.04,Wikipedia_Exp_13.04,33,Female,sg_1776172391075_2kvlx8,diffuse,1,,psychology,high-psychology,What brain mechanisms help people make scientific discoveries?,search,2026-04-14T13:15:48.164Z,,,,,,what brain me,,,,,,,,,
2,Wikipedia_Exp_14.04,Wikipedia_Exp_13.04,33,Female,sg_1776172391075_2kvlx8,diffuse,1,,psychology,high-psychology,What brain mechanisms help people make scientific discoveries?,search,2026-04-14T13:15:49.850Z,,,,,,what brain mechanisms ,,,,,,,,,
2,Wikipedia_Exp_14.04,Wikipedia_Exp_13.04,33,Female,sg_1776172391075_2kvlx8,diffuse,1,,psychology,high-psychology,What brain mechanisms help people make scientific discoveries?,search,2026-04-14T13:15:50.368Z,,,,,,what brain mechanisms h,,,,,,,,,
2,Wikipedia_Exp_14.04,Wikipedia_Exp_13.04,33,Female,sg_1776172391075_2kvlx8,diffuse,1,,psychology,high-psychology,What brain mechanisms help people make scientific discoveries?,search,2026-04-14T13:15:51.313Z,,,,,,what brain mechanisms help ,,,,,,,,,
2,Wikipedia_Exp_14.04,Wikipedia_Exp_13.04,33,Female,sg_1776172391075_2kvlx8,diffuse,1,,psychology,high-psychology,What brain mechanisms help people make scientific discoveries?,search,2026-04-14T13:15:54.200Z,,,,,,what brain mechanisms help people make ,,,,,,,,,
2,Wikipedia_Exp_14.04,Wikipedia_Exp_13.04,33,Female,sg_1776172391075_2kvlx8,diffuse,1,,psychology,high-psychology,What brain mechanisms help people make scientific discoveries?,search,2026-04-14T13:15:55.158Z,,,,,,what brain mechanisms help people make sci,,,,,,,,,
2,Wikipedia_Exp_14.04,Wikipedia_Exp_13.04,33,Female,sg_1776172391075_2kvlx8,diffuse,1,,psychology,high-psychology,What brain mechanisms help people make scientific discoveries?,search,2026-04-14T13:15:58.245Z,,,,,,what brain mechanisms help people make scientific dis,,,,,,,,,
2,Wikipedia_Exp_14.04,Wikipedia_Exp_13.04,33,Female,sg_1776172391075_2kvlx8,diffuse,1,,psychology,high-psychology,What brain mechanisms help people make scientific discoveries?,search,2026-04-14T13:16:00.269Z,,,,,,what brain mechanisms help people make scientific discovers,,,,,,,,,
2,Wikipedia_Exp_14.04,Wikipedia_Exp_13.04,33,Female,sg_1776172391075_2kvlx8,diffuse,1,,psychology,high-psychology,What brain mechanisms help people make scientific discoveries?,search,2026-04-14T13:16:01.522Z,,,,,,what brain mechanisms help people make scientific discover,,,,,,,,,
2,Wikipedia_Exp_14.04,Wikipedia_Exp_13.04,33,Female,sg_1776172391075_2kvlx8,diffuse,1,,psychology,high-psychology,What brain mechanisms help people make scientific discoveries?,search,2026-04-14T13:16:01.947Z,,,,,,what brain mechanisms help people make scientific discoverie,,,,,,,,,
2,Wikipedia_Exp_14.04,Wikipedia_Exp_13.04,33,Female,sg_1776172391075_2kvlx8,diffuse,1,,psychology,high-psychology,What brain mechanisms help people make scientific discoveries?,search,2026-04-14T13:16:04.196Z,,,,,,what brain mechanisms help people make scientific discoveries,,,,,,,,,
2,Wikipedia_Exp_14.04,Wikipedia_Exp_13.04,33,Female,sg_1776172391075_2kvlx8,diffuse,1,,psychology,high-psychology,What brain mechanisms help people make scientific discoveries?,search,2026-04-14T13:16:04.946Z,,,,,,what brain mechanisms help people make scientific discoveries,,,,,,,,,
2,Wikipedia_Exp_14.04,Wikipedia_Exp_13.04,33,Female,sg_1776172391075_2kvlx8,diffuse,1,,psychology,high-psychology,What brain mechanisms help people make scientific discoveries?,article_open,2026-04-14T13:16:11.575Z,Role_of_chance_in_scientific_discoveries,Role of chance in scientific discoveries,,2029,search,,,,,,,,,,
2,Wikipedia_Exp_14.04,Wikipedia_Exp_13.04,33,Female,sg_1776172391075_2kvlx8,diffuse,1,,psychology,high-psychology,What brain mechanisms help people make scientific discoveries?,paste,2026-04-14T13:16:25.095Z,,,,,,,,,,,Psychologist Kevin Dunbar and colleagues estimate that between 30% and 50% of all scientific discoveries are accidental in some sense,133,,,
2,Wikipedia_Exp_14.04,Wikipedia_Exp_13.04,33,Female,sg_1776172391075_2kvlx8,diffuse,1,,psychology,high-psychology,What brain mechanisms help people make scientific discoveries?,answer_snapshot,2026-04-14T13:16:27.098Z,,,,,,,Psychologist Kevin Dunbar and colleagues estimate that between 30% and 50% of all scientific discoveries are accidental in some sense,133,,,,,,,debounce
2,Wikipedia_Exp_14.04,Wikipedia_Exp_13.04,33,Female,sg_1776172391075_2kvlx8,diffuse,1,,psychology,high-psychology,What brain mechanisms help people make scientific discoveries?,answer_snapshot_cursor_leave,2026-04-14T13:16:27.360Z,,,,,,,Psychologist Kevin Dunbar and colleagues estimate that between 30% and 50% of all scientific discoveries are accidental in some sense,133,,,,,,,cursor_leave
2,Wikipedia_Exp_14.04,Wikipedia_Exp_13.04,33,Female,sg_1776172391075_2kvlx8,diffuse,1,,psychology,high-psychology,What brain mechanisms help people make scientific discoveries?,search,2026-04-14T13:16:29.764Z,,,,,,brain ,,,,,,,,,
2,Wikipedia_Exp_14.04,Wikipedia_Exp_13.04,33,Female,sg_1776172391075_2kvlx8,diffuse,1,,psychology,high-psychology,What brain mechanisms help people make scientific discoveries?,search,2026-04-14T13:16:30.502Z,,,,,,brain me,,,,,,,,,
2,Wikipedia_Exp_14.04,Wikipedia_Exp_13.04,33,Female,sg_1776172391075_2kvlx8,diffuse,1,,psychology,high-psychology,What brain mechanisms help people make scientific discoveries?,search,2026-04-14T13:16:31.222Z,,,,,,brain mechan,,,,,,,,,
2,Wikipedia_Exp_14.04,Wikipedia_Exp_13.04,33,Female,sg_1776172391075_2kvlx8,diffuse,1,,psychology,high-psychology,What brain mechanisms help people make scientific discoveries?,search,2026-04-14T13:16:34.072Z,,,,,,brain mechani,,,,,,,,,
2,Wikipedia_Exp_14.04,Wikipedia_Exp_13.04,33,Female,sg_1776172391075_2kvlx8,diffuse,1,,psychology,high-psychology,What brain mechanisms help people make scientific discoveries?,search,2026-04-14T13:16:36.923Z,,,,,,brain mechanisms ,,,,,,,,,
2,Wikipedia_Exp_14.04,Wikipedia_Exp_13.04,33,Female,sg_1776172391075_2kvlx8,diffuse,1,,psychology,high-psychology,What brain mechanisms help people make scientific discoveries?,search,2026-04-14T13:16:38.497Z,,,,,,brain mechanisms i,,,,,,,,,
2,Wikipedia_Exp_14.04,Wikipedia_Exp_13.04,33,Female,sg_1776172391075_2kvlx8,diffuse,1,,psychology,high-psychology,What brain mechanisms help people make scientific discoveries?,search,2026-04-14T13:16:38.890Z,,,,,,brain mechanisms in,,,,,,,,,
2,Wikipedia_Exp_14.04,Wikipedia_Exp_13.04,33,Female,sg_1776172391075_2kvlx8,diffuse,1,,psychology,high-psychology,What brain mechanisms help people make scientific discoveries?,search,2026-04-14T13:16:39.951Z,,,,,,brain mechanisms in ,,,,,,,,,
2,Wikipedia_Exp_14.04,Wikipedia_Exp_13.04,33,Female,sg_1776172391075_2kvlx8,diffuse,1,,psychology,high-psychology,What brain mechanisms help people make scientific discoveries?,paste,2026-04-14T13:17:54.753Z,,,,,,,,,,,"fMRI investigation found that unexpected findings were associated with particular brain activity. Unexpected findings were found to activate the prefrontal cortex as well as the left hemisphere in general. This suggests that unexpected findings provoke more attention, and the brain applies more linguistic, conscious systems to help explain those findings. This supports the idea that scientists are using particular abilities that exist to some extent in all humans",467,,,
2,Wikipedia_Exp_14.04,Wikipedia_Exp_13.04,33,Female,sg_1776172391075_2kvlx8,diffuse,1,,psychology,high-psychology,What brain mechanisms help people make scientific discoveries?,answer_snapshot,2026-04-14T13:17:56.756Z,,,,,,,"Psychologist Kevin Dunbar and colleagues estimate that between 30% and 50% of all scientific discoveries are accidental in some sense. fMRI investigation found that unexpected findings were associated with particular brain activity. Unexpected findings were found to activate the prefrontal cortex as well as the left hemisphere in general. This suggests that unexpected findings provoke more attention, and the brain applies more linguistic, conscious systems to help explain those findings. This supports the idea that scientists are using particular abilities that exist to some extent in all humans",602,,,,,,,debounce
2,Wikipedia_Exp_14.04,Wikipedia_Exp_13.04,33,Female,sg_1776172391075_2kvlx8,diffuse,1,,psychology,high-psychology,What brain mechanisms help people make scientific discoveries?,answer_snapshot,2026-04-14T13:18:10.288Z,,,,,,,"Psychologist Kevin Dunbar and colleagues estimate that between 30% and 50% of all scientific discoveries are accidental in some sense or are luck . fMRI investigation found that unexpected findings were associated with particular brain activity. Unexpected findings were found to activate the prefrontal cortex as well as the left hemisphere in general. This suggests that unexpected findings provoke more attention, and the brain applies more linguistic, conscious systems to help explain those findings. This supports the idea that scientists are using particular abilities that exist to some extent in all humans",615,,,,,,,debounce
2,Wikipedia_Exp_14.04,Wikipedia_Exp_13.04,33,Female,sg_1776172391075_2kvlx8,diffuse,1,,psychology,high-psychology,What brain mechanisms help people make scientific discoveries?,answer_snapshot,2026-04-14T13:18:18.878Z,,,,,,,"Psychologist Kevin Dunbar and colleagues estimate that between 30% and 50% of all scientific discoveries are accidental in some sense or are purely luck. fMRI investigation found that unexpected findings were associated with particular brain activity. Unexpected findings were found to activate the prefrontal cortex as well as the left hemisphere in general. This suggests that unexpected findings provoke more attention, and the brain applies more linguistic, conscious systems to help explain those findings. This supports the idea that scientists are using particular abilities that exist to some extent in all humans",621,,,,,,,debounce
2,Wikipedia_Exp_14.04,Wikipedia_Exp_13.04,33,Female,sg_1776172391075_2kvlx8,diffuse,1,,psychology,high-psychology,What brain mechanisms help people make scientific discoveries?,answer_snapshot,2026-04-14T13:18:33.538Z,,,,,,,"Psychologist Kevin Dunbar and colleagues estimate that between 30% and 50% of all scientific discoveries are accidental in some sense or are purely luck. fMRI investigation found that  Unexpected findings were found to activate the prefrontal cortex as well as the left hemisphere in general. This suggests that unexpected findings provoke more attention, and the brain applies more linguistic, conscious systems to help explain those findings. This supports the idea that scientists are using particular abilities that exist to some extent in all humans",554,,,,,,,debounce
2,Wikipedia_Exp_14.04,Wikipedia_Exp_13.04,33,Female,sg_1776172391075_2kvlx8,diffuse,1,,psychology,high-psychology,What brain mechanisms help people make scientific discoveries?,answer_snapshot,2026-04-14T13:18:42.333Z,,,,,,,"Psychologist Kevin Dunbar and colleagues estimate that between 30% and 50% of all scientific discoveries are accidental in some sense or are purely luck. fMRI investigation found that  activate the prefrontal cortex as well as the left hemisphere in general. This suggests that unexpected findings provoke more attention, and the brain applies more linguistic, conscious systems to help explain those findings. This supports the idea that scientists are using particular abilities that exist to some extent in all humans",520,,,,,,,debounce
2,Wikipedia_Exp_14.04,Wikipedia_Exp_13.04,33,Female,sg_1776172391075_2kvlx8,diffuse,1,,psychology,high-psychology,What brain mechanisms help people make scientific discoveries?,answer_snapshot,2026-04-14T13:18:47.031Z,,,,,,,"Psychologist Kevin Dunbar and colleagues estimate that between 30% and 50% of all scientific discoveries are accidental in some sense or are purely luck. fMRI investigation found that activate the prefrontal cortex as well as the left hemisphere in general. This suggests that unexpected findings provoke more attention, and the brain applies more linguistic, conscious systems to help explain those findings. This supports the idea that scientists are using particular abilities that exist to some extent in all humans",519,,,,,,,debounce
2,Wikipedia_Exp_14.04,Wikipedia_Exp_13.04,33,Female,sg_1776172391075_2kvlx8,diffuse,1,,psychology,high-psychology,What brain mechanisms help people make scientific discoveries?,answer_snapshot,2026-04-14T13:18:55.750Z,,,,,,,"Psychologist Kevin Dunbar and colleagues estimate that between 30% and 50% of all scientific discoveries are accidental in some sense or are purely luck. fMRI investigation found that activate the prefrontal cortex as well as the left hemisphere in general is responsible for . This suggests that unexpected findings provoke more attention, and the brain applies more linguistic, conscious systems to help explain those findings. This supports the idea that scientists are using particular abilities that exist to some extent in all humans",539,,,,,,,debounce
2,Wikipedia_Exp_14.04,Wikipedia_Exp_13.04,33,Female,sg_1776172391075_2kvlx8,diffuse,1,,psychology,high-psychology,What brain mechanisms help people make scientific discoveries?,answer_snapshot,2026-04-14T13:19:12.487Z,,,,,,,"Psychologist Kevin Dunbar and colleagues estimate that between 30% and 50% of all scientific discoveries are accidental in some sense or are purely luck. fMRI investigation found that activate the prefrontal cortex as well as the left hemisphere in general is activite during research and discovery. This suggests that unexpected findings provoke more attention, and the brain applies more linguistic, conscious systems to help explain those findings. This supports the idea that scientists are using particular abilities that exist to some extent in all humans",561,,,,,,,debounce
2,Wikipedia_Exp_14.04,Wikipedia_Exp_13.04,33,Female,sg_1776172391075_2kvlx8,diffuse,1,,psychology,high-psychology,What brain mechanisms help people make scientific discoveries?,answer_snapshot,2026-04-14T13:19:15.419Z,,,,,,,"Psychologist Kevin Dunbar and colleagues estimate that between 30% and 50% of all scientific discoveries are accidental in some sense or are purely luck. fMRI investigation found that activate the prefrontal cortex as well as the left hemisphere in general is activate during research and discovery. This suggests that unexpected findings provoke more attention, and the brain applies more linguistic, conscious systems to help explain those findings. This supports the idea that scientists are using particular abilities that exist to some extent in all humans",561,,,,,,,debounce
2,Wikipedia_Exp_14.04,Wikipedia_Exp_13.04,33,Female,sg_1776172391075_2kvlx8,diffuse,1,,psychology,high-psychology,What brain mechanisms help people make scientific discoveries?,answer_snapshot,2026-04-14T13:19:38.029Z,,,,,,,"Psychologist Kevin Dunbar and colleagues estimate that between 30% and 50% of all scientific discoveries are accidental in some sense or are purely luck. fMRI investigation found that activate the prefrontal cortex as well as the left hemisphere in general is activate during unexpected findings during research. This suggests that unexpected findings provoke more attention, and the brain applies more linguistic, conscious systems to help explain those findings. This supports the idea that scientists are using particular abilities that exist to some extent in all humans",574,,,,,,,debounce
2,Wikipedia_Exp_14.04,Wikipedia_Exp_13.04,33,Female,sg_1776172391075_2kvlx8,diffuse,1,,psychology,high-psychology,What brain mechanisms help people make scientific discoveries?,answer_snapshot_cursor_leave,2026-04-14T13:20:00.562Z,,,,,,,"Psychologist Kevin Dunbar and colleagues estimate that between 30% and 50% of all scientific discoveries are accidental in some sense or are purely luck. fMRI investigation found that activate the prefrontal cortex as well as the left hemisphere in general is activate during unexpected findings during research. This suggests that unexpected findings provoke more attention, and the brain applies more linguistic, conscious systems to help explain those findings. This supports the idea that scientists are using particular abilities that exist to some extent in all humans",574,,,,,,,cursor_leave
2,Wikipedia_Exp_14.04,Wikipedia_Exp_13.04,33,Female,sg_1776172391075_2kvlx8,diffuse,1,,psychology,high-psychology,What brain mechanisms help people make scientific discoveries?,answer_snapshot,2026-04-14T13:25:40.978Z,,,,,,,"Psychologist Kevin Dunbar and colleagues estimate that between 30% and 50% of all scientific discoveries are accidental in some sense or are purely luck. fMRI investigation found that activate the prefrontal cortex as well as the left hemisphere in general is activate during unexpected findings during research. This suggests that unexpected findings provoke more attention, and the brain applies more linguistic, conscious systems to help explain those findings. This supports the idea that scientists are using particular abilities that exist to some extent in all humans",574,,,,,,,submit
2,Wikipedia_Exp_14.04,Wikipedia_Exp_13.04,33,Female,sg_1776172391075_2kvlx8,diffuse,1,,psychology,high-psychology,What brain mechanisms help people make scientific discoveries?,task_end,2026-04-14T13:25:40.979Z,,,,,,,,,"Psychologist Kevin Dunbar and colleagues estimate that between 30% and 50% of all scientific discoveries are accidental in some sense or are purely luck. fMRI investigation found that activate the prefrontal cortex as well as the left hemisphere in general is activate during unexpected findings during research. This suggests that unexpected findings provoke more attention, and the brain applies more linguistic, conscious systems to help explain those findings. This supports the idea that scientists are using particular abilities that exist to some extent in all humans",574,,,,,
2,Wikipedia_Exp_14.04,Wikipedia_Exp_13.04,33,Female,sg_1776172391075_2kvlx8,diffuse,2,,art_history,high-art-history,How do ancient works of art play a role in contemporary society?,familiarity_rating,2026-04-14T13:25:48.230Z,,,,,,,,,,,,,1,1,
2,Wikipedia_Exp_14.04,Wikipedia_Exp_13.04,33,Female,sg_1776172391075_2kvlx8,diffuse,2,,art_history,high-art-history,How do ancient works of art play a role in contemporary society?,task_start,2026-04-14T13:25:48.566Z,,,,,,,,,,,,,,,
2,Wikipedia_Exp_14.04,Wikipedia_Exp_13.04,33,Female,sg_1776172391075_2kvlx8,diffuse,2,,art_history,high-art-history,How do ancient works of art play a role in contemporary society?,search,2026-04-14T13:25:54.734Z,,,,,,How do ancient works of art play a role in contemporary society?,,,,,,,,,
2,Wikipedia_Exp_14.04,Wikipedia_Exp_13.04,33,Female,sg_1776172391075_2kvlx8,diffuse,2,,art_history,high-art-history,How do ancient works of art play a role in contemporary society?,search,2026-04-14T13:25:55.450Z,,,,,,How do ancient works of art play a role in contemporary society?,,,,,,,,,
2,Wikipedia_Exp_14.04,Wikipedia_Exp_13.04,33,Female,sg_1776172391075_2kvlx8,diffuse,2,,art_history,high-art-history,How do ancient works of art play a role in contemporary society?,article_open,2026-04-14T13:26:01.715Z,Metropolitan_Museum_of_Art,Metropolitan Museum of Art,,25318,search,,,,,,,,,,
2,Wikipedia_Exp_14.04,Wikipedia_Exp_13.04,33,Female,sg_1776172391075_2kvlx8,diffuse,2,,art_history,high-art-history,How do ancient works of art play a role in contemporary society?,search,2026-04-14T13:26:14.478Z,,,,,,a,,,,,,,,,
2,Wikipedia_Exp_14.04,Wikipedia_Exp_13.04,33,Female,sg_1776172391075_2kvlx8,diffuse,2,,art_history,high-art-history,How do ancient works of art play a role in contemporary society?,search,2026-04-14T13:26:14.733Z,,,,,,art ,,,,,,,,,
2,Wikipedia_Exp_14.04,Wikipedia_Exp_13.04,33,Female,sg_1776172391075_2kvlx8,diffuse,2,,art_history,high-art-history,How do ancient works of art play a role in contemporary society?,search,2026-04-14T13:26:16.486Z,,,,,,art un con,,,,,,,,,
2,Wikipedia_Exp_14.04,Wikipedia_Exp_13.04,33,Female,sg_1776172391075_2kvlx8,diffuse,2,,art_history,high-art-history,How do ancient works of art play a role in contemporary society?,search,2026-04-14T13:26:17.279Z,,,,,,art un conte,,,,,,,,,
2,Wikipedia_Exp_14.04,Wikipedia_Exp_13.04,33,Female,sg_1776172391075_2kvlx8,diffuse,2,,art_history,high-art-history,How do ancient works of art play a role in contemporary society?,search,2026-04-14T13:26:18.132Z,,,,,,art un contempo,,,,,,,,,
2,Wikipedia_Exp_14.04,Wikipedia_Exp_13.04,33,Female,sg_1776172391075_2kvlx8,diffuse,2,,art_history,high-art-history,How do ancient works of art play a role in contemporary society?,search,2026-04-14T13:26:18.370Z,,,,,,art un contempor,,,,,,,,,
2,Wikipedia_Exp_14.04,Wikipedia_Exp_13.04,33,Female,sg_1776172391075_2kvlx8,diffuse,2,,art_history,high-art-history,How do ancient works of art play a role in contemporary society?,search,2026-04-14T13:26:18.887Z,,,,,,art un contempora,,,,,,,,,
2,Wikipedia_Exp_14.04,Wikipedia_Exp_13.04,33,Female,sg_1776172391075_2kvlx8,diffuse,2,,art_history,high-art-history,How do ancient works of art play a role in contemporary society?,search,2026-04-14T13:26:19.549Z,,,,,,art un contemporary,,,,,,,,,
2,Wikipedia_Exp_14.04,Wikipedia_Exp_13.04,33,Female,sg_1776172391075_2kvlx8,diffuse,2,,art_history,high-art-history,How do ancient works of art play a role in contemporary society?,search,2026-04-14T13:26:21.995Z,,,,,,art un contemporary ,,,,,,,,,
2,Wikipedia_Exp_14.04,Wikipedia_Exp_13.04,33,Female,sg_1776172391075_2kvlx8,diffuse,2,,art_history,high-art-history,How do ancient works of art play a role in contemporary society?,search,2026-04-14T13:26:23.049Z,,,,,,art un contemporary s,,,,,,,,,
2,Wikipedia_Exp_14.04,Wikipedia_Exp_13.04,33,Female,sg_1776172391075_2kvlx8,diffuse,2,,art_history,high-art-history,How do ancient works of art play a role in contemporary society?,search,2026-04-14T13:26:23.579Z,,,,,,art un contemporary so,,,,,,,,,
2,Wikipedia_Exp_14.04,Wikipedia_Exp_13.04,33,Female,sg_1776172391075_2kvlx8,diffuse,2,,art_history,high-art-history,How do ancient works of art play a role in contemporary society?,search,2026-04-14T13:26:23.655Z,,,,,,art un contemporary soc,,,,,,,,,
2,Wikipedia_Exp_14.04,Wikipedia_Exp_13.04,33,Female,sg_1776172391075_2kvlx8,diffuse,2,,art_history,high-art-history,How do ancient works of art play a role in contemporary society?,search,2026-04-14T13:26:23.969Z,,,,,,art un contemporary soci,,,,,,,,,
2,Wikipedia_Exp_14.04,Wikipedia_Exp_13.04,33,Female,sg_1776172391075_2kvlx8,diffuse,2,,art_history,high-art-history,How do ancient works of art play a role in contemporary society?,search,2026-04-14T13:26:24.263Z,,,,,,art un contemporary socie,,,,,,,,,
2,Wikipedia_Exp_14.04,Wikipedia_Exp_13.04,33,Female,sg_1776172391075_2kvlx8,diffuse,2,,art_history,high-art-history,How do ancient works of art play a role in contemporary society?,search,2026-04-14T13:26:24.891Z,,,,,,art un contemporary society,,,,,,,,,
2,Wikipedia_Exp_14.04,Wikipedia_Exp_13.04,33,Female,sg_1776172391075_2kvlx8,diffuse,2,,art_history,high-art-history,How do ancient works of art play a role in contemporary society?,search,2026-04-14T13:26:25.366Z,,,,,,art un contemporary society,,,,,,,,,
2,Wikipedia_Exp_14.04,Wikipedia_Exp_13.04,33,Female,sg_1776172391075_2kvlx8,diffuse,2,,art_history,high-art-history,How do ancient works of art play a role in contemporary society?,article_open,2026-04-14T13:26:39.590Z,Art,Art,,16998,search,,,,,,,,,,
2,Wikipedia_Exp_14.04,Wikipedia_Exp_13.04,33,Female,sg_1776172391075_2kvlx8,diffuse,2,,art_history,high-art-history,How do ancient works of art play a role in contemporary society?,link_click,2026-04-14T13:27:31.887Z,Contemporary_art,,Art,,,,,,,,,,,,
2,Wikipedia_Exp_14.04,Wikipedia_Exp_13.04,33,Female,sg_1776172391075_2kvlx8,diffuse,2,,art_history,high-art-history,How do ancient works of art play a role in contemporary society?,article_open,2026-04-14T13:27:32.004Z,Contemporary_art,Contemporary art,,4804,link_click,,,,,,,,,,
2,Wikipedia_Exp_14.04,Wikipedia_Exp_13.04,33,Female,sg_1776172391075_2kvlx8,diffuse,2,,art_history,high-art-history,How do ancient works of art play a role in contemporary society?,back_navigation,2026-04-14T13:28:17.715Z,Art,,Contemporary_art,,,,,,,,,,,,
2,Wikipedia_Exp_14.04,Wikipedia_Exp_13.04,33,Female,sg_1776172391075_2kvlx8,diffuse,2,,art_history,high-art-history,How do ancient works of art play a role in contemporary society?,article_open,2026-04-14T13:28:17.989Z,Art,Art,,16998,back,,,,,,,,,,
2,Wikipedia_Exp_14.04,Wikipedia_Exp_13.04,33,Female,sg_1776172391075_2kvlx8,diffuse,2,,art_history,high-art-history,How do ancient works of art play a role in contemporary society?,search,2026-04-14T13:28:40.566Z,,,,,,society a,,,,,,,,,
2,Wikipedia_Exp_14.04,Wikipedia_Exp_13.04,33,Female,sg_1776172391075_2kvlx8,diffuse,2,,art_history,high-art-history,How do ancient works of art play a role in contemporary society?,search,2026-04-14T13:28:41.645Z,,,,,,society and art,,,,,,,,,
2,Wikipedia_Exp_14.04,Wikipedia_Exp_13.04,33,Female,sg_1776172391075_2kvlx8,diffuse,2,,art_history,high-art-history,How do ancient works of art play a role in contemporary society?,paste,2026-04-14T13:31:27.068Z,,,,,,,,,,,"Since ancient times, much of the finest art has represented a deliberate display of wealth or power, often achieved by using massive scale and expensive materials. Much art has been commissioned by political rulers or religious establishments, with more modest versions only available to the most wealthy in society",315,,,
2,Wikipedia_Exp_14.04,Wikipedia_Exp_13.04,33,Female,sg_1776172391075_2kvlx8,diffuse,2,,art_history,high-art-history,How do ancient works of art play a role in contemporary society?,answer_snapshot,2026-04-14T13:31:29.072Z,,,,,,,"Since ancient times, much of the finest art has represented a deliberate display of wealth or power, often achieved by using massive scale and expensive materials. Much art has been commissioned by political rulers or religious establishments, with more modest versions only available to the most wealthy in society",315,,,,,,,debounce
2,Wikipedia_Exp_14.04,Wikipedia_Exp_13.04,33,Female,sg_1776172391075_2kvlx8,diffuse,2,,art_history,high-art-history,How do ancient works of art play a role in contemporary society?,answer_snapshot_cursor_leave,2026-04-14T13:31:47.074Z,,,,,,,"Since ancient times, much of the finest art has represented a deliberate display of wealth or power, often achieved by using massive scale and expensive materials. Much art has been commissioned by political rulers or religious establishments, with more modest versions only available to the most wealthy in society",315,,,,,,,cursor_leave
2,Wikipedia_Exp_14.04,Wikipedia_Exp_13.04,33,Female,sg_1776172391075_2kvlx8,diffuse,2,,art_history,high-art-history,How do ancient works of art play a role in contemporary society?,paste,2026-04-14T13:31:54.681Z,,,,,,,,,,,"Nevertheless, there have been many periods where art of very high quality was available, in terms of ownership, across large parts of society, above all in cheap media such as pottery, which persists in the ground, and perishable media such as textiles and wood. ",263,,,
2,Wikipedia_Exp_14.04,Wikipedia_Exp_13.04,33,Female,sg_1776172391075_2kvlx8,diffuse,2,,art_history,high-art-history,How do ancient works of art play a role in contemporary society?,answer_snapshot,2026-04-14T13:31:56.684Z,,,,,,,"Since ancient times, much of the finest art has represented a deliberate display of wealth or power, often achieved by using massive scale and expensive materials. Much art has been commissioned by political rulers or religious establishments, with more modest versions only available to the most wealthy in society. Nevertheless, there have been many periods where art of very high quality was available, in terms of ownership, across large parts of society, above all in cheap media such as pottery, which persists in the ground, and perishable media such as textiles and wood. ",580,,,,,,,debounce
2,Wikipedia_Exp_14.04,Wikipedia_Exp_13.04,33,Female,sg_1776172391075_2kvlx8,diffuse,2,,art_history,high-art-history,How do ancient works of art play a role in contemporary society?,answer_snapshot_cursor_leave,2026-04-14T13:32:19.343Z,,,,,,,"Since ancient times, much of the finest art has represented a deliberate display of wealth or power, often achieved by using massive scale and expensive materials. Much art has been commissioned by political rulers or religious establishments, with more modest versions only available to the most wealthy in society. Nevertheless, there have been many periods where art of very high quality was available, in terms of ownership, across large parts of society, above all in cheap media such as pottery, which persists in the ground, and perishable media such as textiles and wood. ",580,,,,,,,cursor_leave
2,Wikipedia_Exp_14.04,Wikipedia_Exp_13.04,33,Female,sg_1776172391075_2kvlx8,diffuse,2,,art_history,high-art-history,How do ancient works of art play a role in contemporary society?,search,2026-04-14T13:32:32.579Z,,,,,, modersociety and art,,,,,,,,,
2,Wikipedia_Exp_14.04,Wikipedia_Exp_13.04,33,Female,sg_1776172391075_2kvlx8,diffuse,2,,art_history,high-art-history,How do ancient works of art play a role in contemporary society?,search,2026-04-14T13:32:33.124Z,,,,,, modern society and art,,,,,,,,,
2,Wikipedia_Exp_14.04,Wikipedia_Exp_13.04,33,Female,sg_1776172391075_2kvlx8,diffuse,2,,art_history,high-art-history,How do ancient works of art play a role in contemporary society?,search,2026-04-14T13:32:33.630Z,,,,,, modern society and art,,,,,,,,,
2,Wikipedia_Exp_14.04,Wikipedia_Exp_13.04,33,Female,sg_1776172391075_2kvlx8,diffuse,2,,art_history,high-art-history,How do ancient works of art play a role in contemporary society?,article_open,2026-04-14T13:32:38.995Z,Museum_of_Modern_Art,Museum of Modern Art,,15148,search,,,,,,,,,,
2,Wikipedia_Exp_14.04,Wikipedia_Exp_13.04,33,Female,sg_1776172391075_2kvlx8,diffuse,2,,art_history,high-art-history,How do ancient works of art play a role in contemporary society?,search,2026-04-14T13:32:58.271Z,,,,,,a,,,,,,,,,
2,Wikipedia_Exp_14.04,Wikipedia_Exp_13.04,33,Female,sg_1776172391075_2kvlx8,diffuse,2,,art_history,high-art-history,How do ancient works of art play a role in contemporary society?,search,2026-04-14T13:32:58.424Z,,,,,,art,,,,,,,,,
2,Wikipedia_Exp_14.04,Wikipedia_Exp_13.04,33,Female,sg_1776172391075_2kvlx8,diffuse,2,,art_history,high-art-history,How do ancient works of art play a role in contemporary society?,article_open,2026-04-14T13:32:59.451Z,Art,Art,,16998,search,,,,,,,,,,
2,Wikipedia_Exp_14.04,Wikipedia_Exp_13.04,33,Female,sg_1776172391075_2kvlx8,diffuse,2,,art_history,high-art-history,How do ancient works of art play a role in contemporary society?,search,2026-04-14T13:33:06.264Z,,,,,,art and society,,,,,,,,,
2,Wikipedia_Exp_14.04,Wikipedia_Exp_13.04,33,Female,sg_1776172391075_2kvlx8,diffuse,2,,art_history,high-art-history,How do ancient works of art play a role in contemporary society?,article_open,2026-04-14T13:33:17.779Z,Contemporary_Art_Society,Contemporary Art Society,,2501,search,,,,,,,,,,
2,Wikipedia_Exp_14.04,Wikipedia_Exp_13.04,33,Female,sg_1776172391075_2kvlx8,diffuse,2,,art_history,high-art-history,How do ancient works of art play a role in contemporary society?,answer_snapshot,2026-04-14T13:35:49.390Z,,,,,,,"Since ancient times, much of the finest art has represented a deliberate display of wealth or power, often achieved by using massive scale and expensive materials. Much art has been commissioned by political rulers or religious establishments, with more modest versions only available to the most wealthy in society. Nevertheless, there have been many periods where art of very high quality was available, in terms of ownership, across large parts of society, above all in cheap media such as pottery, which persists in the ground, and perishable media such as textiles and wood. ",580,,,,,,,submit
2,Wikipedia_Exp_14.04,Wikipedia_Exp_13.04,33,Female,sg_1776172391075_2kvlx8,diffuse,2,,art_history,high-art-history,How do ancient works of art play a role in contemporary society?,task_end,2026-04-14T13:35:49.390Z,,,,,,,,,"Since ancient times, much of the finest art has represented a deliberate display of wealth or power, often achieved by using massive scale and expensive materials. Much art has been commissioned by political rulers or religious establishments, with more modest versions only available to the most wealthy in society. Nevertheless, there have been many periods where art of very high quality was available, in terms of ownership, across large parts of society, above all in cheap media such as pottery, which persists in the ground, and perishable media such as textiles and wood. ",580,,,,,
4,Wikipedia_Exp_14.04,Wikipedia_Exp_13.04,49,Male,sg_1776172667605_1klnnx,clumpy,0,1,practice,practice-capybaras,What do Capybaras eat?,attention_check_pass,2026-04-14T13:19:17.758Z,,,,,,,,,,,,,,,attempt_1
4,Wikipedia_Exp_14.04,Wikipedia_Exp_13.04,49,Male,sg_1776172667605_1klnnx,clumpy,0,1,practice,practice-capybaras,What do Capybaras eat?,familiarity_rating,2026-04-14T13:19:36.662Z,,,,,,,,,,,,,3,6,
4,Wikipedia_Exp_14.04,Wikipedia_Exp_13.04,49,Male,sg_1776172667605_1klnnx,clumpy,0,1,practice,practice-capybaras,What do Capybaras eat?,task_start,2026-04-14T13:19:36.815Z,,,,,,,,,,,,,,,
4,Wikipedia_Exp_14.04,Wikipedia_Exp_13.04,49,Male,sg_1776172667605_1klnnx,clumpy,0,1,practice,practice-capybaras,What do Capybaras eat?,article_open,2026-04-14T13:19:37.295Z,Capybara,Capybara,,4650,,,,,,,,,,,
4,Wikipedia_Exp_14.04,Wikipedia_Exp_13.04,49,Male,sg_1776172667605_1klnnx,clumpy,0,1,practice,practice-capybaras,What do Capybaras eat?,answer_snapshot,2026-04-14T13:21:20.686Z,,,,,,,Cap,3,,,,,,,debounce
4,Wikipedia_Exp_14.04,Wikipedia_Exp_13.04,49,Male,sg_1776172667605_1klnnx,clumpy,0,1,practice,practice-capybaras,What do Capybaras eat?,answer_snapshot,2026-04-14T13:21:25.085Z,,,,,,,Capybras ,9,,,,,,,debounce
4,Wikipedia_Exp_14.04,Wikipedia_Exp_13.04,49,Male,sg_1776172667605_1klnnx,clumpy,0,1,practice,practice-capybaras,What do Capybaras eat?,answer_snapshot,2026-04-14T13:21:34.988Z,,,,,,,Capybaras ,10,,,,,,,debounce
4,Wikipedia_Exp_14.04,Wikipedia_Exp_13.04,49,Male,sg_1776172667605_1klnnx,clumpy,0,1,practice,practice-capybaras,What do Capybaras eat?,answer_snapshot,2026-04-14T13:21:50.897Z,,,,,,,Capybaras are a semiaquatic ,28,,,,,,,debounce
4,Wikipedia_Exp_14.04,Wikipedia_Exp_13.04,49,Male,sg_1776172667605_1klnnx,clumpy,0,1,practice,practice-capybaras,What do Capybaras eat?,answer_snapshot,2026-04-14T13:21:55.414Z,,,,,,,Capybaras are a semiaquatic herb,32,,,,,,,debounce
4,Wikipedia_Exp_14.04,Wikipedia_Exp_13.04,49,Male,sg_1776172667605_1klnnx,clumpy,0,1,practice,practice-capybaras,What do Capybaras eat?,answer_snapshot,2026-04-14T13:21:59.445Z,,,,,,,Capybaras are a semiaquatic herbivore ,38,,,,,,,debounce
4,Wikipedia_Exp_14.04,Wikipedia_Exp_13.04,49,Male,sg_1776172667605_1klnnx,clumpy,0,1,practice,practice-capybaras,What do Capybaras eat?,answer_snapshot,2026-04-14T13:22:07.127Z,,,,,,,Capybaras are a semiaquatic herbivore that inhabits ,52,,,,,,,debounce
4,Wikipedia_Exp_14.04,Wikipedia_Exp_13.04,49,Male,sg_1776172667605_1klnnx,clumpy,0,1,practice,practice-capybaras,What do Capybaras eat?,answer_snapshot,2026-04-14T13:22:16.118Z,,,,,,,Capybaras are a semiaquatic herbivore that inhabits savannas and en,67,,,,,,,debounce
4,Wikipedia_Exp_14.04,Wikipedia_Exp_13.04,49,Male,sg_1776172667605_1klnnx,clumpy,0,1,practice,practice-capybaras,What do Capybaras eat?,answer_snapshot,2026-04-14T13:22:39.855Z,,,,,,,"Capybaras are a semiaquatic herbivore that inhabits savannas and dense forests, living near and in bodies of water ",115,,,,,,,debounce
4,Wikipedia_Exp_14.04,Wikipedia_Exp_13.04,49,Male,sg_1776172667605_1klnnx,clumpy,0,1,practice,practice-capybaras,What do Capybaras eat?,answer_snapshot,2026-04-14T13:22:47.969Z,,,,,,,"Capybaras are a semiaquatic herbivore that inhabits savannas and dense forests, living near and in bodies of water and feeding ",127,,,,,,,debounce
4,Wikipedia_Exp_14.04,Wikipedia_Exp_13.04,49,Male,sg_1776172667605_1klnnx,clumpy,0,1,practice,practice-capybaras,What do Capybaras eat?,answer_snapshot,2026-04-14T13:22:53.335Z,,,,,,,"Capybaras are a semiaquatic herbivore that inhabits savannas and dense forests, living near and in bodies of water and feeding mainly on ",137,,,,,,,debounce
4,Wikipedia_Exp_14.04,Wikipedia_Exp_13.04,49,Male,sg_1776172667605_1klnnx,clumpy,0,1,practice,practice-capybaras,What do Capybaras eat?,answer_snapshot,2026-04-14T13:23:09.363Z,,,,,,,"Capybaras are a semiaquatic herbivore that inhabits savannas and dense forests, living near and in bodies of water and feeding mainly on grasses and aquatic plants.
",165,,,,,,,debounce
4,Wikipedia_Exp_14.04,Wikipedia_Exp_13.04,49,Male,sg_1776172667605_1klnnx,clumpy,0,1,practice,practice-capybaras,What do Capybaras eat?,answer_snapshot,2026-04-14T13:23:53.822Z,,,,,,,"Capybaras are a semiaquatic herbivore that inhabits savannas and dense forests, living near and in bodies of water and feeding mainly on grasses and aquatic plants as well as 
",176,,,,,,,debounce
4,Wikipedia_Exp_14.04,Wikipedia_Exp_13.04,49,Male,sg_1776172667605_1klnnx,clumpy,0,1,practice,practice-capybaras,What do Capybaras eat?,answer_snapshot,2026-04-14T13:24:03.637Z,,,,,,,"Capybaras are a semiaquatic herbivore that inhabits savannas and dense forests, living near and in bodies of water and feeding mainly on grasses and aquatic plants as well as fruit and tree bark. 
",197,,,,,,,debounce
4,Wikipedia_Exp_14.04,Wikipedia_Exp_13.04,49,Male,sg_1776172667605_1klnnx,clumpy,0,1,practice,practice-capybaras,What do Capybaras eat?,answer_snapshot,2026-04-14T13:24:21.017Z,,,,,,,"Capybaras are a semiaquatic herbivore that inhabits savannas and dense forests, living near and in bodies of water and feeding mainly on grasses and aquatic plants as well as fruit and tree bark. They are very selective eaters 
",228,,,,,,,debounce
4,Wikipedia_Exp_14.04,Wikipedia_Exp_13.04,49,Male,sg_1776172667605_1klnnx,clumpy,0,1,practice,practice-capybaras,What do Capybaras eat?,answer_snapshot,2026-04-14T13:24:56.266Z,,,,,,,"Capybaras are a semiaquatic herbivore that inhabits savannas and dense forests, living near and in bodies of water and feeding mainly on grasses and aquatic plants as well as fruit and tree bark. They are very selective feeders and feed on the leaves of one species and disregard 
",281,,,,,,,debounce
4,Wikipedia_Exp_14.04,Wikipedia_Exp_13.04,49,Male,sg_1776172667605_1klnnx,clumpy,0,1,practice,practice-capybaras,What do Capybaras eat?,answer_snapshot,2026-04-14T13:25:00.685Z,,,,,,,"Capybaras are a semiaquatic herbivore that inhabits savannas and dense forests, living near and in bodies of water and feeding mainly on grasses and aquatic plants as well as fruit and tree bark. They are very selective feeders and feed on the leaves of one species and disregard other 
",287,,,,,,,debounce
4,Wikipedia_Exp_14.04,Wikipedia_Exp_13.04,49,Male,sg_1776172667605_1klnnx,clumpy,0,1,practice,practice-capybaras,What do Capybaras eat?,answer_snapshot,2026-04-14T13:25:10.642Z,,,,,,,"Capybaras are a semiaquatic herbivore that inhabits savannas and dense forests, living near and in bodies of water and feeding mainly on grasses and aquatic plants as well as fruit and tree bark. They are very selective feeders and feed on the leaves of one species and disregard other species surrounding it 
",310,,,,,,,debounce
4,Wikipedia_Exp_14.04,Wikipedia_Exp_13.04,49,Male,sg_1776172667605_1klnnx,clumpy,0,1,practice,practice-capybaras,What do Capybaras eat?,answer_snapshot,2026-04-14T13:25:13.255Z,,,,,,,"Capybaras are a semiaquatic herbivore that inhabits savannas and dense forests, living near and in bodies of water and feeding mainly on grasses and aquatic plants as well as fruit and tree bark. They are very selective feeders and feed on the leaves of one species and disregard other species surrounding it .
",311,,,,,,,debounce
4,Wikipedia_Exp_14.04,Wikipedia_Exp_13.04,49,Male,sg_1776172667605_1klnnx,clumpy,0,1,practice,practice-capybaras,What do Capybaras eat?,answer_snapshot,2026-04-14T13:25:59.305Z,,,,,,,"Capybaras are a semiaquatic herbivore that inhabits savannas and dense forests, living near and in bodies of water and feeding mainly on grasses and aquatic plants as well as fruit and tree bark. They are very selective feeders and feed on the leaves of one species and disregard other species surrounding it .They eat a greater variety of 
",341,,,,,,,debounce
4,Wikipedia_Exp_14.04,Wikipedia_Exp_13.04,49,Male,sg_1776172667605_1klnnx,clumpy,0,1,practice,practice-capybaras,What do Capybaras eat?,answer_snapshot,2026-04-14T13:26:12.455Z,,,,,,,"Capybaras are a semiaquatic herbivore that inhabits savannas and dense forests, living near and in bodies of water and feeding mainly on grasses and aquatic plants as well as fruit and tree bark. They are very selective feeders and feed on the leaves of one species and disregard other species surrounding it .They eat a greater variety of plants during the dry season
",369,,,,,,,debounce
4,Wikipedia_Exp_14.04,Wikipedia_Exp_13.04,49,Male,sg_1776172667605_1klnnx,clumpy,0,1,practice,practice-capybaras,What do Capybaras eat?,answer_snapshot,2026-04-14T13:26:25.603Z,,,,,,,"Capybaras are a semiaquatic herbivore that inhabits savannas and dense forests, living near and in bodies of water and feeding mainly on grasses and aquatic plants as well as fruit and tree bark. They are very selective feeders and feed on the leaves of one species and disregard other species surrounding it .They eat a greater variety of plants during the dry season, as fewer plants are available
",400,,,,,,,debounce
4,Wikipedia_Exp_14.04,Wikipedia_Exp_13.04,49,Male,sg_1776172667605_1klnnx,clumpy,0,1,practice,practice-capybaras,What do Capybaras eat?,answer_snapshot,2026-04-14T13:26:40.539Z,,,,,,,"Capybaras are a semiaquatic herbivore that inhabits savannas and dense forests, living near and in bodies of water and feeding mainly on grasses and aquatic plants as well as fruit and tree bark. They are very selective feeders and feed on the leaves of one species and disregard other species surrounding it .They eat a greater variety of plants during the dry season, as fewer plants are available. While 
",408,,,,,,,debounce
4,Wikipedia_Exp_14.04,Wikipedia_Exp_13.04,49,Male,sg_1776172667605_1klnnx,clumpy,0,1,practice,practice-capybaras,What do Capybaras eat?,answer_snapshot,2026-04-14T13:26:45.755Z,,,,,,,"Capybaras are a semiaquatic herbivore that inhabits savannas and dense forests, living near and in bodies of water and feeding mainly on grasses and aquatic plants as well as fruit and tree bark. They are very selective feeders and feed on the leaves of one species and disregard other species surrounding it .They eat a greater variety of plants during the dry season, as fewer plants are available. While they eat 
",417,,,,,,,debounce
4,Wikipedia_Exp_14.04,Wikipedia_Exp_13.04,49,Male,sg_1776172667605_1klnnx,clumpy,0,1,practice,practice-capybaras,What do Capybaras eat?,answer_snapshot,2026-04-14T13:27:07.149Z,,,,,,,"Capybaras are a semiaquatic herbivore that inhabits savannas and dense forests, living near and in bodies of water and feeding mainly on grasses and aquatic plants as well as fruit and tree bark. They are very selective feeders and feed on the leaves of one species and disregard other species surrounding it .They eat a greater variety of plants during the dry season, as fewer plants are available. While they eat grass during the wet season, they have to switch 
",466,,,,,,,debounce
4,Wikipedia_Exp_14.04,Wikipedia_Exp_13.04,49,Male,sg_1776172667605_1klnnx,clumpy,0,1,practice,practice-capybaras,What do Capybaras eat?,answer_snapshot,2026-04-14T13:27:17.022Z,,,,,,,"Capybaras are a semiaquatic herbivore that inhabits savannas and dense forests, living near and in bodies of water and feeding mainly on grasses and aquatic plants as well as fruit and tree bark. They are very selective feeders and feed on the leaves of one species and disregard other species surrounding it .They eat a greater variety of plants during the dry season, as fewer plants are available. While they eat grass during the wet season, they have to switch to more abundant 
",483,,,,,,,debounce
4,Wikipedia_Exp_14.04,Wikipedia_Exp_13.04,49,Male,sg_1776172667605_1klnnx,clumpy,0,1,practice,practice-capybaras,What do Capybaras eat?,answer_snapshot,2026-04-14T13:27:32.833Z,,,,,,,"Capybaras are a semiaquatic herbivore that inhabits savannas and dense forests, living near and in bodies of water and feeding mainly on grasses and aquatic plants as well as fruit and tree bark. They are very selective feeders and feed on the leaves of one species and disregard other species surrounding it .They eat a greater variety of plants during the dry season, as fewer plants are available. While they eat grass during the wet season, they have to switch to more abundant reeds during the dry season.
",511,,,,,,,debounce
4,Wikipedia_Exp_14.04,Wikipedia_Exp_13.04,49,Male,sg_1776172667605_1klnnx,clumpy,0,1,practice,practice-capybaras,What do Capybaras eat?,answer_snapshot_cursor_leave,2026-04-14T13:28:01.585Z,,,,,,,"Capybaras are a semiaquatic herbivore that inhabits savannas and dense forests, living near and in bodies of water and feeding mainly on grasses and aquatic plants as well as fruit and tree bark. They are very selective feeders and feed on the leaves of one species and disregard other species surrounding it .They eat a greater variety of plants during the dry season, as fewer plants are available. While they eat grass during the wet season, they have to switch to more abundant reeds during the dry season.
",511,,,,,,,cursor_leave
4,Wikipedia_Exp_14.04,Wikipedia_Exp_13.04,49,Male,sg_1776172667605_1klnnx,clumpy,0,1,practice,practice-capybaras,What do Capybaras eat?,link_click,2026-04-14T13:28:01.734Z,Josephoartigasia_monesi,,Capybara,,,,,,,,,,,,
4,Wikipedia_Exp_14.04,Wikipedia_Exp_13.04,49,Male,sg_1776172667605_1klnnx,clumpy,0,1,practice,practice-capybaras,What do Capybaras eat?,article_open,2026-04-14T13:28:03.201Z,Josephoartigasia_monesi,Josephoartigasia,,5300,link_click,,,,,,,,,,
4,Wikipedia_Exp_14.04,Wikipedia_Exp_13.04,49,Male,sg_1776172667605_1klnnx,clumpy,0,1,practice,practice-capybaras,What do Capybaras eat?,answer_snapshot,2026-04-14T13:29:21.790Z,,,,,,,"Capybaras are a semiaquatic herbivore that inhabits savannas and dense forests, living near and in bodies of water and feeding mainly on grasses and aquatic plants as well as fruit and tree bark. They are very selective feeders and feed on the leaves of one species and disregard other species surrounding it .They eat a greater variety of plants during the dry season, as fewer plants are available. While they eat grass during the wet season, they have to switch to more abundant reeds during the dry season.
",511,,,,,,,submit
4,Wikipedia_Exp_14.04,Wikipedia_Exp_13.04,49,Male,sg_1776172667605_1klnnx,clumpy,0,1,practice,practice-capybaras,What do Capybaras eat?,task_end,2026-04-14T13:29:21.790Z,,,,,,,,,"Capybaras are a semiaquatic herbivore that inhabits savannas and dense forests, living near and in bodies of water and feeding mainly on grasses and aquatic plants as well as fruit and tree bark. They are very selective feeders and feed on the leaves of one species and disregard other species surrounding it .They eat a greater variety of plants during the dry season, as fewer plants are available. While they eat grass during the wet season, they have to switch to more abundant reeds during the dry season.
",511,,,,,
4,Wikipedia_Exp_14.04,Wikipedia_Exp_13.04,49,Male,sg_1776172667605_1klnnx,clumpy,1,,art_history,high-art-history,How do ancient works of art play a role in contemporary society?,familiarity_rating,2026-04-14T13:29:39.718Z,,,,,,,,,,,,,1,4,
4,Wikipedia_Exp_14.04,Wikipedia_Exp_13.04,49,Male,sg_1776172667605_1klnnx,clumpy,1,,art_history,high-art-history,How do ancient works of art play a role in contemporary society?,task_start,2026-04-14T13:29:39.897Z,,,,,,,,,,,,,,,
4,Wikipedia_Exp_14.04,Wikipedia_Exp_13.04,49,Male,sg_1776172667605_1klnnx,clumpy,1,,art_history,high-art-history,How do ancient works of art play a role in contemporary society?,search,2026-04-14T13:30:03.817Z,,,,,,an,,,,,,,,,
4,Wikipedia_Exp_14.04,Wikipedia_Exp_13.04,49,Male,sg_1776172667605_1klnnx,clumpy,1,,art_history,high-art-history,How do ancient works of art play a role in contemporary society?,search,2026-04-14T13:30:04.329Z,,,,,,anci,,,,,,,,,
4,Wikipedia_Exp_14.04,Wikipedia_Exp_13.04,49,Male,sg_1776172667605_1klnnx,clumpy,1,,art_history,high-art-history,How do ancient works of art play a role in contemporary society?,search,2026-04-14T13:30:04.720Z,,,,,,ancien,,,,,,,,,
4,Wikipedia_Exp_14.04,Wikipedia_Exp_13.04,49,Male,sg_1776172667605_1klnnx,clumpy,1,,art_history,high-art-history,How do ancient works of art play a role in contemporary society?,search,2026-04-14T13:30:05.371Z,,,,,,ancient,,,,,,,,,
4,Wikipedia_Exp_14.04,Wikipedia_Exp_13.04,49,Male,sg_1776172667605_1klnnx,clumpy,1,,art_history,high-art-history,How do ancient works of art play a role in contemporary society?,search,2026-04-14T13:30:05.752Z,,,,,,ancient ,,,,,,,,,
4,Wikipedia_Exp_14.04,Wikipedia_Exp_13.04,49,Male,sg_1776172667605_1klnnx,clumpy,1,,art_history,high-art-history,How do ancient works of art play a role in contemporary society?,search,2026-04-14T13:30:09.659Z,,,,,,ancient a,,,,,,,,,
4,Wikipedia_Exp_14.04,Wikipedia_Exp_13.04,49,Male,sg_1776172667605_1klnnx,clumpy,1,,art_history,high-art-history,How do ancient works of art play a role in contemporary society?,search,2026-04-14T13:30:09.936Z,,,,,,ancient ar,,,,,,,,,
4,Wikipedia_Exp_14.04,Wikipedia_Exp_13.04,49,Male,sg_1776172667605_1klnnx,clumpy,1,,art_history,high-art-history,How do ancient works of art play a role in contemporary society?,search,2026-04-14T13:30:10.556Z,,,,,,ancient art ,,,,,,,,,
4,Wikipedia_Exp_14.04,Wikipedia_Exp_13.04,49,Male,sg_1776172667605_1klnnx,clumpy,1,,art_history,high-art-history,How do ancient works of art play a role in contemporary society?,search,2026-04-14T13:30:16.735Z,,,,,,ancient art i,,,,,,,,,
4,Wikipedia_Exp_14.04,Wikipedia_Exp_13.04,49,Male,sg_1776172667605_1klnnx,clumpy,1,,art_history,high-art-history,How do ancient works of art play a role in contemporary society?,search,2026-04-14T13:30:17.098Z,,,,,,ancient art in,,,,,,,,,
4,Wikipedia_Exp_14.04,Wikipedia_Exp_13.04,49,Male,sg_1776172667605_1klnnx,clumpy,1,,art_history,high-art-history,How do ancient works of art play a role in contemporary society?,search,2026-04-14T13:30:17.613Z,,,,,,ancient art in ,,,,,,,,,
4,Wikipedia_Exp_14.04,Wikipedia_Exp_13.04,49,Male,sg_1776172667605_1klnnx,clumpy,1,,art_history,high-art-history,How do ancient works of art play a role in contemporary society?,search,2026-04-14T13:30:19.203Z,,,,,,ancient art in moder,,,,,,,,,
4,Wikipedia_Exp_14.04,Wikipedia_Exp_13.04,49,Male,sg_1776172667605_1klnnx,clumpy,1,,art_history,high-art-history,How do ancient works of art play a role in contemporary society?,search,2026-04-14T13:30:19.820Z,,,,,,ancient art in modern ,,,,,,,,,
4,Wikipedia_Exp_14.04,Wikipedia_Exp_13.04,49,Male,sg_1776172667605_1klnnx,clumpy,1,,art_history,high-art-history,How do ancient works of art play a role in contemporary society?,search,2026-04-14T13:30:20.315Z,,,,,,ancient art in modern s,,,,,,,,,
4,Wikipedia_Exp_14.04,Wikipedia_Exp_13.04,49,Male,sg_1776172667605_1klnnx,clumpy,1,,art_history,high-art-history,How do ancient works of art play a role in contemporary society?,search,2026-04-14T13:30:20.754Z,,,,,,ancient art in modern so,,,,,,,,,
4,Wikipedia_Exp_14.04,Wikipedia_Exp_13.04,49,Male,sg_1776172667605_1klnnx,clumpy,1,,art_history,high-art-history,How do ancient works of art play a role in contemporary society?,search,2026-04-14T13:30:21.605Z,,,,,,ancient art in modern soci,,,,,,,,,
4,Wikipedia_Exp_14.04,Wikipedia_Exp_13.04,49,Male,sg_1776172667605_1klnnx,clumpy,1,,art_history,high-art-history,How do ancient works of art play a role in contemporary society?,search,2026-04-14T13:30:22.674Z,,,,,,ancient art in modern society,,,,,,,,,
4,Wikipedia_Exp_14.04,Wikipedia_Exp_13.04,49,Male,sg_1776172667605_1klnnx,clumpy,1,,art_history,high-art-history,How do ancient works of art play a role in contemporary society?,search,2026-04-14T13:30:41.667Z,,,,,,ancient art in modern societ,,,,,,,,,
4,Wikipedia_Exp_14.04,Wikipedia_Exp_13.04,49,Male,sg_1776172667605_1klnnx,clumpy,1,,art_history,high-art-history,How do ancient works of art play a role in contemporary society?,search,2026-04-14T13:30:42.512Z,,,,,,ancient art in mode,,,,,,,,,
4,Wikipedia_Exp_14.04,Wikipedia_Exp_13.04,49,Male,sg_1776172667605_1klnnx,clumpy,1,,art_history,high-art-history,How do ancient works of art play a role in contemporary society?,search,2026-04-14T13:30:42.938Z,,,,,,ancient art in mo,,,,,,,,,
4,Wikipedia_Exp_14.04,Wikipedia_Exp_13.04,49,Male,sg_1776172667605_1klnnx,clumpy,1,,art_history,high-art-history,How do ancient works of art play a role in contemporary society?,search,2026-04-14T13:30:44.209Z,,,,,,ancient art,,,,,,,,,
4,Wikipedia_Exp_14.04,Wikipedia_Exp_13.04,49,Male,sg_1776172667605_1klnnx,clumpy,1,,art_history,high-art-history,How do ancient works of art play a role in contemporary society?,search,2026-04-14T13:30:44.729Z,,,,,,ancient a,,,,,,,,,
4,Wikipedia_Exp_14.04,Wikipedia_Exp_13.04,49,Male,sg_1776172667605_1klnnx,clumpy,1,,art_history,high-art-history,How do ancient works of art play a role in contemporary society?,article_open,2026-04-14T13:30:48.715Z,Ancient_Greek,Ancient Greek,,7751,search,,,,,,,,,,
4,Wikipedia_Exp_14.04,Wikipedia_Exp_13.04,49,Male,sg_1776172667605_1klnnx,clumpy,1,,art_history,high-art-history,How do ancient works of art play a role in contemporary society?,search,2026-04-14T13:30:54.168Z,,,,,,anci,,,,,,,,,
4,Wikipedia_Exp_14.04,Wikipedia_Exp_13.04,49,Male,sg_1776172667605_1klnnx,clumpy,1,,art_history,high-art-history,How do ancient works of art play a role in contemporary society?,search,2026-04-14T13:30:54.387Z,,,,,,ancie,,,,,,,,,
4,Wikipedia_Exp_14.04,Wikipedia_Exp_13.04,49,Male,sg_1776172667605_1klnnx,clumpy,1,,art_history,high-art-history,How do ancient works of art play a role in contemporary society?,search,2026-04-14T13:30:55.296Z,,,,,,ancient ,,,,,,,,,
4,Wikipedia_Exp_14.04,Wikipedia_Exp_13.04,49,Male,sg_1776172667605_1klnnx,clumpy,1,,art_history,high-art-history,How do ancient works of art play a role in contemporary society?,search,2026-04-14T13:30:55.713Z,,,,,,ancient a,,,,,,,,,
4,Wikipedia_Exp_14.04,Wikipedia_Exp_13.04,49,Male,sg_1776172667605_1klnnx,clumpy,1,,art_history,high-art-history,How do ancient works of art play a role in contemporary society?,search,2026-04-14T13:30:56.071Z,,,,,,ancient ar,,,,,,,,,
4,Wikipedia_Exp_14.04,Wikipedia_Exp_13.04,49,Male,sg_1776172667605_1klnnx,clumpy,1,,art_history,high-art-history,How do ancient works of art play a role in contemporary society?,search,2026-04-14T13:30:56.500Z,,,,,,ancient art,,,,,,,,,
4,Wikipedia_Exp_14.04,Wikipedia_Exp_13.04,49,Male,sg_1776172667605_1klnnx,clumpy,1,,art_history,high-art-history,How do ancient works of art play a role in contemporary society?,search,2026-04-14T13:30:56.898Z,,,,,,ancient art ,,,,,,,,,
4,Wikipedia_Exp_14.04,Wikipedia_Exp_13.04,49,Male,sg_1776172667605_1klnnx,clumpy,1,,art_history,high-art-history,How do ancient works of art play a role in contemporary society?,article_open,2026-04-14T13:30:59.167Z,Ancient_art,Ancient art,,9179,search,,,,,,,,,,
4,Wikipedia_Exp_14.04,Wikipedia_Exp_13.04,49,Male,sg_1776172667605_1klnnx,clumpy,1,,art_history,high-art-history,How do ancient works of art play a role in contemporary society?,link_click,2026-04-14T13:31:38.886Z,Contemporary_art,,Ancient_art,,,,,,,,,,,,
4,Wikipedia_Exp_14.04,Wikipedia_Exp_13.04,49,Male,sg_1776172667605_1klnnx,clumpy,1,,art_history,high-art-history,How do ancient works of art play a role in contemporary society?,article_open,2026-04-14T13:31:39.099Z,Contemporary_art,Contemporary art,,4804,link_click,,,,,,,,,,
4,Wikipedia_Exp_14.04,Wikipedia_Exp_13.04,49,Male,sg_1776172667605_1klnnx,clumpy,1,,art_history,high-art-history,How do ancient works of art play a role in contemporary society?,link_click,2026-04-14T13:33:36.998Z,Art_history,,Contemporary_art,,,,,,,,,,,,
4,Wikipedia_Exp_14.04,Wikipedia_Exp_13.04,49,Male,sg_1776172667605_1klnnx,clumpy,1,,art_history,high-art-history,How do ancient works of art play a role in contemporary society?,article_open,2026-04-14T13:33:38.627Z,Art_history,Art history,,4903,link_click,,,,,,,,,,
4,Wikipedia_Exp_14.04,Wikipedia_Exp_13.04,49,Male,sg_1776172667605_1klnnx,clumpy,1,,art_history,high-art-history,How do ancient works of art play a role in contemporary society?,paste,2026-04-14T13:34:43.516Z,,,,,,,,,,,"Art historians employ a number of methods in their research so they can examine work in the context of its time. This is professionally done in a manner which respects its creator's motivations and imperatives; with consideration of the desires and prejudices of its patrons and sponsors. A comparative analysis of themes and approaches of the creator's colleagues and teachers along with consideration of iconography and symbolism is part of the examination. In short, this approach examines the work of art in the context of the world within which it was created",564,,,
4,Wikipedia_Exp_14.04,Wikipedia_Exp_13.04,49,Male,sg_1776172667605_1klnnx,clumpy,1,,art_history,high-art-history,How do ancient works of art play a role in contemporary society?,answer_snapshot,2026-04-14T13:34:45.518Z,,,,,,,"Art historians employ a number of methods in their research so they can examine work in the context of its time. This is professionally done in a manner which respects its creator's motivations and imperatives; with consideration of the desires and prejudices of its patrons and sponsors. A comparative analysis of themes and approaches of the creator's colleagues and teachers along with consideration of iconography and symbolism is part of the examination. In short, this approach examines the work of art in the context of the world within which it was created",564,,,,,,,debounce
4,Wikipedia_Exp_14.04,Wikipedia_Exp_13.04,49,Male,sg_1776172667605_1klnnx,clumpy,1,,art_history,high-art-history,How do ancient works of art play a role in contemporary society?,answer_snapshot_cursor_leave,2026-04-14T13:35:42.815Z,,,,,,,"Art historians employ a number of methods in their research so they can examine work in the context of its time. This is professionally done in a manner which respects its creator's motivations and imperatives; with consideration of the desires and prejudices of its patrons and sponsors. A comparative analysis of themes and approaches of the creator's colleagues and teachers along with consideration of iconography and symbolism is part of the examination. In short, this approach examines the work of art in the context of the world within which it was created",564,,,,,,,cursor_leave
4,Wikipedia_Exp_14.04,Wikipedia_Exp_13.04,49,Male,sg_1776172667605_1klnnx,clumpy,1,,art_history,high-art-history,How do ancient works of art play a role in contemporary society?,back_navigation,2026-04-14T13:35:42.958Z,Contemporary_art,,Art_history,,,,,,,,,,,,
4,Wikipedia_Exp_14.04,Wikipedia_Exp_13.04,49,Male,sg_1776172667605_1klnnx,clumpy,1,,art_history,high-art-history,How do ancient works of art play a role in contemporary society?,article_open,2026-04-14T13:35:43.176Z,Contemporary_art,Contemporary art,,4804,back,,,,,,,,,,
4,Wikipedia_Exp_14.04,Wikipedia_Exp_13.04,49,Male,sg_1776172667605_1klnnx,clumpy,1,,art_history,high-art-history,How do ancient works of art play a role in contemporary society?,back_navigation,2026-04-14T13:35:53.774Z,Ancient_art,,Contemporary_art,,,,,,,,,,,,
4,Wikipedia_Exp_14.04,Wikipedia_Exp_13.04,49,Male,sg_1776172667605_1klnnx,clumpy,1,,art_history,high-art-history,How do ancient works of art play a role in contemporary society?,article_open,2026-04-14T13:35:54.008Z,Ancient_art,Ancient art,,9179,back,,,,,,,,,,
4,Wikipedia_Exp_14.04,Wikipedia_Exp_13.04,49,Male,sg_1776172667605_1klnnx,clumpy,1,,art_history,high-art-history,How do ancient works of art play a role in contemporary society?,back_navigation,2026-04-14T13:35:56.109Z,Ancient_Greek,,Ancient_art,,,,,,,,,,,,
4,Wikipedia_Exp_14.04,Wikipedia_Exp_13.04,49,Male,sg_1776172667605_1klnnx,clumpy,1,,art_history,high-art-history,How do ancient works of art play a role in contemporary society?,article_open,2026-04-14T13:35:56.402Z,Ancient_Greek,Ancient Greek,,7751,back,,,,,,,,,,
4,Wikipedia_Exp_14.04,Wikipedia_Exp_13.04,49,Male,sg_1776172667605_1klnnx,clumpy,1,,art_history,high-art-history,How do ancient works of art play a role in contemporary society?,search,2026-04-14T13:36:06.669Z,,,,,,anc,,,,,,,,,
4,Wikipedia_Exp_14.04,Wikipedia_Exp_13.04,49,Male,sg_1776172667605_1klnnx,clumpy,1,,art_history,high-art-history,How do ancient works of art play a role in contemporary society?,search,2026-04-14T13:36:07.070Z,,,,,,anci,,,,,,,,,
4,Wikipedia_Exp_14.04,Wikipedia_Exp_13.04,49,Male,sg_1776172667605_1klnnx,clumpy,1,,art_history,high-art-history,How do ancient works of art play a role in contemporary society?,search,2026-04-14T13:36:07.191Z,,,,,,ancie,,,,,,,,,
4,Wikipedia_Exp_14.04,Wikipedia_Exp_13.04,49,Male,sg_1776172667605_1klnnx,clumpy,1,,art_history,high-art-history,How do ancient works of art play a role in contemporary society?,search,2026-04-14T13:36:09.017Z,,,,,,ancient art ,,,,,,,,,
4,Wikipedia_Exp_14.04,Wikipedia_Exp_13.04,49,Male,sg_1776172667605_1klnnx,clumpy,1,,art_history,high-art-history,How do ancient works of art play a role in contemporary society?,search,2026-04-14T13:36:11.123Z,,,,,,ancient art i,,,,,,,,,
4,Wikipedia_Exp_14.04,Wikipedia_Exp_13.04,49,Male,sg_1776172667605_1klnnx,clumpy,1,,art_history,high-art-history,How do ancient works of art play a role in contemporary society?,search,2026-04-14T13:36:11.415Z,,,,,,ancient art in,,,,,,,,,
4,Wikipedia_Exp_14.04,Wikipedia_Exp_13.04,49,Male,sg_1776172667605_1klnnx,clumpy,1,,art_history,high-art-history,How do ancient works of art play a role in contemporary society?,search,2026-04-14T13:36:11.845Z,,,,,,ancient art in ,,,,,,,,,
4,Wikipedia_Exp_14.04,Wikipedia_Exp_13.04,49,Male,sg_1776172667605_1klnnx,clumpy,1,,art_history,high-art-history,How do ancient works of art play a role in contemporary society?,search,2026-04-14T13:36:12.292Z,,,,,,ancient art in m,,,,,,,,,
4,Wikipedia_Exp_14.04,Wikipedia_Exp_13.04,49,Male,sg_1776172667605_1klnnx,clumpy,1,,art_history,high-art-history,How do ancient works of art play a role in contemporary society?,search,2026-04-14T13:36:12.753Z,,,,,,ancient art in mo,,,,,,,,,
4,Wikipedia_Exp_14.04,Wikipedia_Exp_13.04,49,Male,sg_1776172667605_1klnnx,clumpy,1,,art_history,high-art-history,How do ancient works of art play a role in contemporary society?,search,2026-04-14T13:36:13.046Z,,,,,,ancient art in mod,,,,,,,,,
4,Wikipedia_Exp_14.04,Wikipedia_Exp_13.04,49,Male,sg_1776172667605_1klnnx,clumpy,1,,art_history,high-art-history,How do ancient works of art play a role in contemporary society?,search,2026-04-14T13:36:13.621Z,,,,,,ancient art in moder,,,,,,,,,
4,Wikipedia_Exp_14.04,Wikipedia_Exp_13.04,49,Male,sg_1776172667605_1klnnx,clumpy,1,,art_history,high-art-history,How do ancient works of art play a role in contemporary society?,search,2026-04-14T13:36:14.052Z,,,,,,ancient art in modern,,,,,,,,,
4,Wikipedia_Exp_14.04,Wikipedia_Exp_13.04,49,Male,sg_1776172667605_1klnnx,clumpy,1,,art_history,high-art-history,How do ancient works of art play a role in contemporary society?,search,2026-04-14T13:36:16.909Z,,,,,,ancient art in modern ,,,,,,,,,
4,Wikipedia_Exp_14.04,Wikipedia_Exp_13.04,49,Male,sg_1776172667605_1klnnx,clumpy,1,,art_history,high-art-history,How do ancient works of art play a role in contemporary society?,search,2026-04-14T13:36:18.498Z,,,,,,ancient art in modern time,,,,,,,,,
4,Wikipedia_Exp_14.04,Wikipedia_Exp_13.04,49,Male,sg_1776172667605_1klnnx,clumpy,1,,art_history,high-art-history,How do ancient works of art play a role in contemporary society?,search,2026-04-14T13:36:19.382Z,,,,,,ancient art in modern times,,,,,,,,,
4,Wikipedia_Exp_14.04,Wikipedia_Exp_13.04,49,Male,sg_1776172667605_1klnnx,clumpy,1,,art_history,high-art-history,How do ancient works of art play a role in contemporary society?,article_open,2026-04-14T13:36:35.281Z,The_Story_of_Art,The Story of Art,,1809,search,,,,,,,,,,
4,Wikipedia_Exp_14.04,Wikipedia_Exp_13.04,49,Male,sg_1776172667605_1klnnx,clumpy,1,,art_history,high-art-history,How do ancient works of art play a role in contemporary society?,back_navigation,2026-04-14T13:37:10.870Z,Ancient_Greek,,The_Story_of_Art,,,,,,,,,,,,
4,Wikipedia_Exp_14.04,Wikipedia_Exp_13.04,49,Male,sg_1776172667605_1klnnx,clumpy,1,,art_history,high-art-history,How do ancient works of art play a role in contemporary society?,article_open,2026-04-14T13:37:11.143Z,Ancient_Greek,Ancient Greek,,7751,back,,,,,,,,,,
4,Wikipedia_Exp_14.04,Wikipedia_Exp_13.04,49,Male,sg_1776172667605_1klnnx,clumpy,1,,art_history,high-art-history,How do ancient works of art play a role in contemporary society?,article_open,2026-04-14T13:37:20.125Z,Ancient_Greek_art,Ancient Greek art,,16241,search,,,,,,,,,,
4,Wikipedia_Exp_14.04,Wikipedia_Exp_13.04,49,Male,sg_1776172667605_1klnnx,clumpy,1,,art_history,high-art-history,How do ancient works of art play a role in contemporary society?,search,2026-04-14T13:37:31.117Z,,,,,,an,,,,,,,,,
4,Wikipedia_Exp_14.04,Wikipedia_Exp_13.04,49,Male,sg_1776172667605_1klnnx,clumpy,1,,art_history,high-art-history,How do ancient works of art play a role in contemporary society?,search,2026-04-14T13:37:31.433Z,,,,,,anci,,,,,,,,,
4,Wikipedia_Exp_14.04,Wikipedia_Exp_13.04,49,Male,sg_1776172667605_1klnnx,clumpy,1,,art_history,high-art-history,How do ancient works of art play a role in contemporary society?,search,2026-04-14T13:37:32.676Z,,,,,,ancient ,,,,,,,,,
4,Wikipedia_Exp_14.04,Wikipedia_Exp_13.04,49,Male,sg_1776172667605_1klnnx,clumpy,1,,art_history,high-art-history,How do ancient works of art play a role in contemporary society?,search,2026-04-14T13:37:33.171Z,,,,,,ancient a,,,,,,,,,
4,Wikipedia_Exp_14.04,Wikipedia_Exp_13.04,49,Male,sg_1776172667605_1klnnx,clumpy,1,,art_history,high-art-history,How do ancient works of art play a role in contemporary society?,search,2026-04-14T13:37:34.150Z,,,,,,ancient art ,,,,,,,,,
4,Wikipedia_Exp_14.04,Wikipedia_Exp_13.04,49,Male,sg_1776172667605_1klnnx,clumpy,1,,art_history,high-art-history,How do ancient works of art play a role in contemporary society?,search,2026-04-14T13:37:35.150Z,,,,,,ancient art ,,,,,,,,,
4,Wikipedia_Exp_14.04,Wikipedia_Exp_13.04,49,Male,sg_1776172667605_1klnnx,clumpy,1,,art_history,high-art-history,How do ancient works of art play a role in contemporary society?,article_open,2026-04-14T13:37:39.881Z,Ancient_art,Ancient art,,9179,search,,,,,,,,,,
4,Wikipedia_Exp_14.04,Wikipedia_Exp_13.04,49,Male,sg_1776172667605_1klnnx,clumpy,1,,art_history,high-art-history,How do ancient works of art play a role in contemporary society?,link_click,2026-04-14T13:38:42.462Z,Periods_in_Western_art_history,,Ancient_art,,,,,,,,,,,,
4,Wikipedia_Exp_14.04,Wikipedia_Exp_13.04,49,Male,sg_1776172667605_1klnnx,clumpy,1,,art_history,high-art-history,How do ancient works of art play a role in contemporary society?,article_open,2026-04-14T13:38:43.700Z,Periods_in_Western_art_history,Periods in Western art history,,2983,link_click,,,,,,,,,,
4,Wikipedia_Exp_14.04,Wikipedia_Exp_13.04,49,Male,sg_1776172667605_1klnnx,clumpy,1,,art_history,high-art-history,How do ancient works of art play a role in contemporary society?,link_click,2026-04-14T13:39:07.246Z,Contemporary_art,,Periods_in_Western_art_history,,,,,,,,,,,,
4,Wikipedia_Exp_14.04,Wikipedia_Exp_13.04,49,Male,sg_1776172667605_1klnnx,clumpy,1,,art_history,high-art-history,How do ancient works of art play a role in contemporary society?,article_open,2026-04-14T13:39:07.463Z,Contemporary_art,Contemporary art,,4804,link_click,,,,,,,,,,
4,Wikipedia_Exp_14.04,Wikipedia_Exp_13.04,49,Male,sg_1776172667605_1klnnx,clumpy,1,,art_history,high-art-history,How do ancient works of art play a role in contemporary society?,answer_snapshot,2026-04-14T13:39:43.070Z,,,,,,,"Art historians employ a number of methods in their research so they can examine work in the context of its time. This is professionally done in a manner which respects its creator's motivations and imperatives; with consideration of the desires and prejudices of its patrons and sponsors. A comparative analysis of themes and approaches of the creator's colleagues and teachers along with consideration of iconography and symbolism is part of the examination. In short, this approach examines the work of art in the context of the world within which it was created",564,,,,,,,submit
4,Wikipedia_Exp_14.04,Wikipedia_Exp_13.04,49,Male,sg_1776172667605_1klnnx,clumpy,1,,art_history,high-art-history,How do ancient works of art play a role in contemporary society?,task_end,2026-04-14T13:39:43.070Z,,,,,,,,,"Art historians employ a number of methods in their research so they can examine work in the context of its time. This is professionally done in a manner which respects its creator's motivations and imperatives; with consideration of the desires and prejudices of its patrons and sponsors. A comparative analysis of themes and approaches of the creator's colleagues and teachers along with consideration of iconography and symbolism is part of the examination. In short, this approach examines the work of art in the context of the world within which it was created",564,,,,,
4,Wikipedia_Exp_14.04,Wikipedia_Exp_13.04,49,Male,sg_1776172667605_1klnnx,clumpy,2,,psychology,high-psychology,What brain mechanisms help people make scientific discoveries?,familiarity_rating,2026-04-14T13:40:09.038Z,,,,,,,,,,,,,1,4,
4,Wikipedia_Exp_14.04,Wikipedia_Exp_13.04,49,Male,sg_1776172667605_1klnnx,clumpy,2,,psychology,high-psychology,What brain mechanisms help people make scientific discoveries?,task_start,2026-04-14T13:40:09.204Z,,,,,,,,,,,,,,,
4,Wikipedia_Exp_14.04,Wikipedia_Exp_13.04,49,Male,sg_1776172667605_1klnnx,clumpy,2,,psychology,high-psychology,What brain mechanisms help people make scientific discoveries?,search,2026-04-14T13:40:15.691Z,,,,,,b,,,,,,,,,
4,Wikipedia_Exp_14.04,Wikipedia_Exp_13.04,49,Male,sg_1776172667605_1klnnx,clumpy,2,,psychology,high-psychology,What brain mechanisms help people make scientific discoveries?,search,2026-04-14T13:40:16.146Z,,,,,,br,,,,,,,,,
4,Wikipedia_Exp_14.04,Wikipedia_Exp_13.04,49,Male,sg_1776172667605_1klnnx,clumpy,2,,psychology,high-psychology,What brain mechanisms help people make scientific discoveries?,search,2026-04-14T13:40:17.125Z,,,,,,brain,,,,,,,,,
4,Wikipedia_Exp_14.04,Wikipedia_Exp_13.04,49,Male,sg_1776172667605_1klnnx,clumpy,2,,psychology,high-psychology,What brain mechanisms help people make scientific discoveries?,search,2026-04-14T13:40:17.545Z,,,,,,brain ,,,,,,,,,
4,Wikipedia_Exp_14.04,Wikipedia_Exp_13.04,49,Male,sg_1776172667605_1klnnx,clumpy,2,,psychology,high-psychology,What brain mechanisms help people make scientific discoveries?,search,2026-04-14T13:40:18.189Z,,,,,,brain me,,,,,,,,,
4,Wikipedia_Exp_14.04,Wikipedia_Exp_13.04,49,Male,sg_1776172667605_1klnnx,clumpy,2,,psychology,high-psychology,What brain mechanisms help people make scientific discoveries?,search,2026-04-14T13:40:19.124Z,,,,,,brain mecha,,,,,,,,,
4,Wikipedia_Exp_14.04,Wikipedia_Exp_13.04,49,Male,sg_1776172667605_1klnnx,clumpy,2,,psychology,high-psychology,What brain mechanisms help people make scientific discoveries?,search,2026-04-14T13:40:19.609Z,,,,,,brain mechan,,,,,,,,,
4,Wikipedia_Exp_14.04,Wikipedia_Exp_13.04,49,Male,sg_1776172667605_1klnnx,clumpy,2,,psychology,high-psychology,What brain mechanisms help people make scientific discoveries?,search,2026-04-14T13:40:20.099Z,,,,,,brain mechani,,,,,,,,,
4,Wikipedia_Exp_14.04,Wikipedia_Exp_13.04,49,Male,sg_1776172667605_1klnnx,clumpy,2,,psychology,high-psychology,What brain mechanisms help people make scientific discoveries?,search,2026-04-14T13:40:21.178Z,,,,,,brain mechanisms,,,,,,,,,
4,Wikipedia_Exp_14.04,Wikipedia_Exp_13.04,49,Male,sg_1776172667605_1klnnx,clumpy,2,,psychology,high-psychology,What brain mechanisms help people make scientific discoveries?,article_open,2026-04-14T13:41:28.440Z,Mesolimbic_pathway,Mesolimbic pathway,,4127,search,,,,,,,,,,
4,Wikipedia_Exp_14.04,Wikipedia_Exp_13.04,49,Male,sg_1776172667605_1klnnx,clumpy,2,,psychology,high-psychology,What brain mechanisms help people make scientific discoveries?,link_click,2026-04-14T13:42:16.262Z,Mesocortical_pathway,,Mesolimbic_pathway,,,,,,,,,,,,
4,Wikipedia_Exp_14.04,Wikipedia_Exp_13.04,49,Male,sg_1776172667605_1klnnx,clumpy,2,,psychology,high-psychology,What brain mechanisms help people make scientific discoveries?,article_open,2026-04-14T13:42:16.879Z,Mesocortical_pathway,Mesocortical pathway,,583,link_click,,,,,,,,,,
4,Wikipedia_Exp_14.04,Wikipedia_Exp_13.04,49,Male,sg_1776172667605_1klnnx,clumpy,2,,psychology,high-psychology,What brain mechanisms help people make scientific discoveries?,back_navigation,2026-04-14T13:42:32.966Z,Mesolimbic_pathway,,Mesocortical_pathway,,,,,,,,,,,,
4,Wikipedia_Exp_14.04,Wikipedia_Exp_13.04,49,Male,sg_1776172667605_1klnnx,clumpy,2,,psychology,high-psychology,What brain mechanisms help people make scientific discoveries?,article_open,2026-04-14T13:42:33.152Z,Mesolimbic_pathway,Mesolimbic pathway,,4127,back,,,,,,,,,,
4,Wikipedia_Exp_14.04,Wikipedia_Exp_13.04,49,Male,sg_1776172667605_1klnnx,clumpy,2,,psychology,high-psychology,What brain mechanisms help people make scientific discoveries?,link_click,2026-04-14T13:42:36.662Z,Nigrostriatal_pathway,,Mesolimbic_pathway,,,,,,,,,,,,
4,Wikipedia_Exp_14.04,Wikipedia_Exp_13.04,49,Male,sg_1776172667605_1klnnx,clumpy,2,,psychology,high-psychology,What brain mechanisms help people make scientific discoveries?,article_open,2026-04-14T13:42:38.183Z,Nigrostriatal_pathway,Nigrostriatal pathway,,4095,link_click,,,,,,,,,,
4,Wikipedia_Exp_14.04,Wikipedia_Exp_13.04,49,Male,sg_1776172667605_1klnnx,clumpy,2,,psychology,high-psychology,What brain mechanisms help people make scientific discoveries?,link_click,2026-04-14T13:43:43.382Z,Tuberoinfundibular_pathway,,Nigrostriatal_pathway,,,,,,,,,,,,
4,Wikipedia_Exp_14.04,Wikipedia_Exp_13.04,49,Male,sg_1776172667605_1klnnx,clumpy,2,,psychology,high-psychology,What brain mechanisms help people make scientific discoveries?,article_open,2026-04-14T13:43:43.937Z,Tuberoinfundibular_pathway,Tuberoinfundibular pathway,,371,link_click,,,,,,,,,,
4,Wikipedia_Exp_14.04,Wikipedia_Exp_13.04,49,Male,sg_1776172667605_1klnnx,clumpy,2,,psychology,high-psychology,What brain mechanisms help people make scientific discoveries?,link_click,2026-04-14T13:44:00.405Z,Mesocortical_pathway,,Tuberoinfundibular_pathway,,,,,,,,,,,,
4,Wikipedia_Exp_14.04,Wikipedia_Exp_13.04,49,Male,sg_1776172667605_1klnnx,clumpy,2,,psychology,high-psychology,What brain mechanisms help people make scientific discoveries?,article_open,2026-04-14T13:44:00.572Z,Mesocortical_pathway,Mesocortical pathway,,583,link_click,,,,,,,,,,
4,Wikipedia_Exp_14.04,Wikipedia_Exp_13.04,49,Male,sg_1776172667605_1klnnx,clumpy,2,,psychology,high-psychology,What brain mechanisms help people make scientific discoveries?,back_navigation,2026-04-14T13:44:04.141Z,Tuberoinfundibular_pathway,,Mesocortical_pathway,,,,,,,,,,,,
4,Wikipedia_Exp_14.04,Wikipedia_Exp_13.04,49,Male,sg_1776172667605_1klnnx,clumpy,2,,psychology,high-psychology,What brain mechanisms help people make scientific discoveries?,article_open,2026-04-14T13:44:04.319Z,Tuberoinfundibular_pathway,Tuberoinfundibular pathway,,371,back,,,,,,,,,,
4,Wikipedia_Exp_14.04,Wikipedia_Exp_13.04,49,Male,sg_1776172667605_1klnnx,clumpy,2,,psychology,high-psychology,What brain mechanisms help people make scientific discoveries?,back_navigation,2026-04-14T13:44:04.790Z,Nigrostriatal_pathway,,Tuberoinfundibular_pathway,,,,,,,,,,,,
4,Wikipedia_Exp_14.04,Wikipedia_Exp_13.04,49,Male,sg_1776172667605_1klnnx,clumpy,2,,psychology,high-psychology,What brain mechanisms help people make scientific discoveries?,article_open,2026-04-14T13:44:05.023Z,Nigrostriatal_pathway,Nigrostriatal pathway,,4095,back,,,,,,,,,,
4,Wikipedia_Exp_14.04,Wikipedia_Exp_13.04,49,Male,sg_1776172667605_1klnnx,clumpy,2,,psychology,high-psychology,What brain mechanisms help people make scientific discoveries?,back_navigation,2026-04-14T13:44:05.526Z,Mesolimbic_pathway,,Nigrostriatal_pathway,,,,,,,,,,,,
4,Wikipedia_Exp_14.04,Wikipedia_Exp_13.04,49,Male,sg_1776172667605_1klnnx,clumpy,2,,psychology,high-psychology,What brain mechanisms help people make scientific discoveries?,article_open,2026-04-14T13:44:05.771Z,Mesolimbic_pathway,Mesolimbic pathway,,4127,back,,,,,,,,,,
4,Wikipedia_Exp_14.04,Wikipedia_Exp_13.04,49,Male,sg_1776172667605_1klnnx,clumpy,2,,psychology,high-psychology,What brain mechanisms help people make scientific discoveries?,link_click,2026-04-14T13:44:44.838Z,Incentive_salience,,Mesolimbic_pathway,,,,,,,,,,,,
4,Wikipedia_Exp_14.04,Wikipedia_Exp_13.04,49,Male,sg_1776172667605_1klnnx,clumpy,2,,psychology,high-psychology,What brain mechanisms help people make scientific discoveries?,article_open,2026-04-14T13:44:45.999Z,Incentive_salience,Motivational salience,,4900,link_click,,,,,,,,,,
4,Wikipedia_Exp_14.04,Wikipedia_Exp_13.04,49,Male,sg_1776172667605_1klnnx,clumpy,2,,psychology,high-psychology,What brain mechanisms help people make scientific discoveries?,paste,2026-04-14T13:46:34.484Z,,,,,,,,,,,"Motivational salience is a cognitive process and a form of attention that motivates or propels an individual's behavior towards or away from a particular object, perceived event or outcome.[1] Motivational salience regulates the intensity of behaviors that facilitate the attainment of a particular goal, the amount of time and energy that an individual is willing to expend to attain a particular goal, and the amount of risk that an individual is willing to accept while working to attain a particular goal.[1]

Motivational salience is composed of two component processes that are defined by their attractive or aversive effects on an individual's behavior relative to a particular stimulus: incentive salience and aversive salience.[1] Incentive salience is the attractive form of motivational salience that causes approach behavior, and is associated with operant reinforcement, desirable outcomes, and pleasurable stimuli.[2][3] Aversive salience (sometimes known as fearful salience[4]) is the aversive form of motivational salience that causes avoidance behavior, and is associated with operant punishment, undesirable outcomes, and unpleasant stimuli.[5]",1165,,,
4,Wikipedia_Exp_14.04,Wikipedia_Exp_13.04,49,Male,sg_1776172667605_1klnnx,clumpy,2,,psychology,high-psychology,What brain mechanisms help people make scientific discoveries?,answer_snapshot,2026-04-14T13:46:36.502Z,,,,,,,"Motivational salience is a cognitive process and a form of attention that motivates or propels an individual's behavior towards or away from a particular object, perceived event or outcome.[1] Motivational salience regulates the intensity of behaviors that facilitate the attainment of a particular goal, the amount of time and energy that an individual is willing to expend to attain a particular goal, and the amount of risk that an individual is willing to accept while working to attain a particular goal.[1]

Motivational salience is composed of two component processes that are defined by their attractive or aversive effects on an individual's behavior relative to a particular stimulus: incentive salience and aversive salience.[1] Incentive salience is the attractive form of motivational salience that causes approach behavior, and is associated with operant reinforcement, desirable outcomes, and pleasurable stimuli.[2][3] Aversive salience (sometimes known as fearful salience[4]) is the aversive form of motivational salience that causes avoidance behavior, and is associated with operant punishment, undesirable outcomes, and unpleasant stimuli.[5]",1163,,,,,,,debounce
4,Wikipedia_Exp_14.04,Wikipedia_Exp_13.04,49,Male,sg_1776172667605_1klnnx,clumpy,2,,psychology,high-psychology,What brain mechanisms help people make scientific discoveries?,answer_snapshot_cursor_leave,2026-04-14T13:47:07.622Z,,,,,,,"Motivational salience is a cognitive process and a form of attention that motivates or propels an individual's behavior towards or away from a particular object, perceived event or outcome.[1] Motivational salience regulates the intensity of behaviors that facilitate the attainment of a particular goal, the amount of time and energy that an individual is willing to expend to attain a particular goal, and the amount of risk that an individual is willing to accept while working to attain a particular goal.[1]

Motivational salience is composed of two component processes that are defined by their attractive or aversive effects on an individual's behavior relative to a particular stimulus: incentive salience and aversive salience.[1] Incentive salience is the attractive form of motivational salience that causes approach behavior, and is associated with operant reinforcement, desirable outcomes, and pleasurable stimuli.[2][3] Aversive salience (sometimes known as fearful salience[4]) is the aversive form of motivational salience that causes avoidance behavior, and is associated with operant punishment, undesirable outcomes, and unpleasant stimuli.[5]",1163,,,,,,,cursor_leave
4,Wikipedia_Exp_14.04,Wikipedia_Exp_13.04,49,Male,sg_1776172667605_1klnnx,clumpy,2,,psychology,high-psychology,What brain mechanisms help people make scientific discoveries?,link_click,2026-04-14T13:47:07.790Z,Cognitive_process,,Incentive_salience,,,,,,,,,,,,
4,Wikipedia_Exp_14.04,Wikipedia_Exp_13.04,49,Male,sg_1776172667605_1klnnx,clumpy,2,,psychology,high-psychology,What brain mechanisms help people make scientific discoveries?,article_open,2026-04-14T13:47:11.254Z,Cognitive_process,Cognition,,15828,link_click,,,,,,,,,,
4,Wikipedia_Exp_14.04,Wikipedia_Exp_13.04,49,Male,sg_1776172667605_1klnnx,clumpy,2,,psychology,high-psychology,What brain mechanisms help people make scientific discoveries?,back_navigation,2026-04-14T13:47:31.486Z,Incentive_salience,,Cognitive_process,,,,,,,,,,,,
4,Wikipedia_Exp_14.04,Wikipedia_Exp_13.04,49,Male,sg_1776172667605_1klnnx,clumpy,2,,psychology,high-psychology,What brain mechanisms help people make scientific discoveries?,article_open,2026-04-14T13:47:31.700Z,Incentive_salience,Motivational salience,,4900,back,,,,,,,,,,
4,Wikipedia_Exp_14.04,Wikipedia_Exp_13.04,49,Male,sg_1776172667605_1klnnx,clumpy,2,,psychology,high-psychology,What brain mechanisms help people make scientific discoveries?,search,2026-04-14T13:47:39.935Z,,,,,,S,,,,,,,,,
4,Wikipedia_Exp_14.04,Wikipedia_Exp_13.04,49,Male,sg_1776172667605_1klnnx,clumpy,2,,psychology,high-psychology,What brain mechanisms help people make scientific discoveries?,search,2026-04-14T13:47:40.488Z,,,,,,Sc,,,,,,,,,
4,Wikipedia_Exp_14.04,Wikipedia_Exp_13.04,49,Male,sg_1776172667605_1klnnx,clumpy,2,,psychology,high-psychology,What brain mechanisms help people make scientific discoveries?,search,2026-04-14T13:47:41.332Z,,,,,,Scienti,,,,,,,,,
4,Wikipedia_Exp_14.04,Wikipedia_Exp_13.04,49,Male,sg_1776172667605_1klnnx,clumpy,2,,psychology,high-psychology,What brain mechanisms help people make scientific discoveries?,search,2026-04-14T13:47:42.690Z,,,,,,Scientific ,,,,,,,,,
4,Wikipedia_Exp_14.04,Wikipedia_Exp_13.04,49,Male,sg_1776172667605_1klnnx,clumpy,2,,psychology,high-psychology,What brain mechanisms help people make scientific discoveries?,search,2026-04-14T13:47:43.707Z,,,,,,Scientific di,,,,,,,,,
4,Wikipedia_Exp_14.04,Wikipedia_Exp_13.04,49,Male,sg_1776172667605_1klnnx,clumpy,2,,psychology,high-psychology,What brain mechanisms help people make scientific discoveries?,search,2026-04-14T13:47:44.097Z,,,,,,Scientific dis,,,,,,,,,
4,Wikipedia_Exp_14.04,Wikipedia_Exp_13.04,49,Male,sg_1776172667605_1klnnx,clumpy,2,,psychology,high-psychology,What brain mechanisms help people make scientific discoveries?,search,2026-04-14T13:47:44.506Z,,,,,,Scientific disc,,,,,,,,,
4,Wikipedia_Exp_14.04,Wikipedia_Exp_13.04,49,Male,sg_1776172667605_1klnnx,clumpy,2,,psychology,high-psychology,What brain mechanisms help people make scientific discoveries?,search,2026-04-14T13:47:44.860Z,,,,,,Scientific disco,,,,,,,,,
4,Wikipedia_Exp_14.04,Wikipedia_Exp_13.04,49,Male,sg_1776172667605_1klnnx,clumpy,2,,psychology,high-psychology,What brain mechanisms help people make scientific discoveries?,search,2026-04-14T13:47:45.762Z,,,,,,Scientific discover,,,,,,,,,
4,Wikipedia_Exp_14.04,Wikipedia_Exp_13.04,49,Male,sg_1776172667605_1klnnx,clumpy,2,,psychology,high-psychology,What brain mechanisms help people make scientific discoveries?,search,2026-04-14T13:47:46.563Z,,,,,,Scientific discoveries,,,,,,,,,
4,Wikipedia_Exp_14.04,Wikipedia_Exp_13.04,49,Male,sg_1776172667605_1klnnx,clumpy,2,,psychology,high-psychology,What brain mechanisms help people make scientific discoveries?,article_open,2026-04-14T13:48:14.519Z,Discovery_(observation),Discovery (observation),,1723,search,,,,,,,,,,
4,Wikipedia_Exp_14.04,Wikipedia_Exp_13.04,49,Male,sg_1776172667605_1klnnx,clumpy,2,,psychology,high-psychology,What brain mechanisms help people make scientific discoveries?,link_click,2026-04-14T13:48:36.902Z,Revelation,,Discovery_(observation),,,,,,,,,,,,
4,Wikipedia_Exp_14.04,Wikipedia_Exp_13.04,49,Male,sg_1776172667605_1klnnx,clumpy,2,,psychology,high-psychology,What brain mechanisms help people make scientific discoveries?,article_open,2026-04-14T13:48:38.454Z,Revelation,Revelation,,8339,link_click,,,,,,,,,,
4,Wikipedia_Exp_14.04,Wikipedia_Exp_13.04,49,Male,sg_1776172667605_1klnnx,clumpy,2,,psychology,high-psychology,What brain mechanisms help people make scientific discoveries?,back_navigation,2026-04-14T13:48:44.246Z,Discovery_(observation),,Revelation,,,,,,,,,,,,
4,Wikipedia_Exp_14.04,Wikipedia_Exp_13.04,49,Male,sg_1776172667605_1klnnx,clumpy,2,,psychology,high-psychology,What brain mechanisms help people make scientific discoveries?,article_open,2026-04-14T13:48:44.482Z,Discovery_(observation),Discovery (observation),,1723,back,,,,,,,,,,
4,Wikipedia_Exp_14.04,Wikipedia_Exp_13.04,49,Male,sg_1776172667605_1klnnx,clumpy,2,,psychology,high-psychology,What brain mechanisms help people make scientific discoveries?,back_navigation,2026-04-14T13:49:09.134Z,Incentive_salience,,Discovery_(observation),,,,,,,,,,,,
4,Wikipedia_Exp_14.04,Wikipedia_Exp_13.04,49,Male,sg_1776172667605_1klnnx,clumpy,2,,psychology,high-psychology,What brain mechanisms help people make scientific discoveries?,article_open,2026-04-14T13:49:09.329Z,Incentive_salience,Motivational salience,,4900,back,,,,,,,,,,
4,Wikipedia_Exp_14.04,Wikipedia_Exp_13.04,49,Male,sg_1776172667605_1klnnx,clumpy,2,,psychology,high-psychology,What brain mechanisms help people make scientific discoveries?,search,2026-04-14T13:49:16.782Z,,,,,,b,,,,,,,,,
4,Wikipedia_Exp_14.04,Wikipedia_Exp_13.04,49,Male,sg_1776172667605_1klnnx,clumpy,2,,psychology,high-psychology,What brain mechanisms help people make scientific discoveries?,search,2026-04-14T13:49:20.237Z,,,,,,br,,,,,,,,,
4,Wikipedia_Exp_14.04,Wikipedia_Exp_13.04,49,Male,sg_1776172667605_1klnnx,clumpy,2,,psychology,high-psychology,What brain mechanisms help people make scientific discoveries?,search,2026-04-14T13:49:20.633Z,,,,,,bra,,,,,,,,,
4,Wikipedia_Exp_14.04,Wikipedia_Exp_13.04,49,Male,sg_1776172667605_1klnnx,clumpy,2,,psychology,high-psychology,What brain mechanisms help people make scientific discoveries?,search,2026-04-14T13:49:20.976Z,,,,,,brai,,,,,,,,,
4,Wikipedia_Exp_14.04,Wikipedia_Exp_13.04,49,Male,sg_1776172667605_1klnnx,clumpy,2,,psychology,high-psychology,What brain mechanisms help people make scientific discoveries?,search,2026-04-14T13:49:21.603Z,,,,,,brain,,,,,,,,,
4,Wikipedia_Exp_14.04,Wikipedia_Exp_13.04,49,Male,sg_1776172667605_1klnnx,clumpy,2,,psychology,high-psychology,What brain mechanisms help people make scientific discoveries?,search,2026-04-14T13:49:22.282Z,,,,,,brain ,,,,,,,,,
4,Wikipedia_Exp_14.04,Wikipedia_Exp_13.04,49,Male,sg_1776172667605_1klnnx,clumpy,2,,psychology,high-psychology,What brain mechanisms help people make scientific discoveries?,search,2026-04-14T13:49:25.378Z,,,,,,brain fun,,,,,,,,,
4,Wikipedia_Exp_14.04,Wikipedia_Exp_13.04,49,Male,sg_1776172667605_1klnnx,clumpy,2,,psychology,high-psychology,What brain mechanisms help people make scientific discoveries?,search,2026-04-14T13:49:25.917Z,,,,,,brain func,,,,,,,,,
4,Wikipedia_Exp_14.04,Wikipedia_Exp_13.04,49,Male,sg_1776172667605_1klnnx,clumpy,2,,psychology,high-psychology,What brain mechanisms help people make scientific discoveries?,search,2026-04-14T13:49:27.030Z,,,,,,brain function,,,,,,,,,
4,Wikipedia_Exp_14.04,Wikipedia_Exp_13.04,49,Male,sg_1776172667605_1klnnx,clumpy,2,,psychology,high-psychology,What brain mechanisms help people make scientific discoveries?,search,2026-04-14T13:49:31.434Z,,,,,,brain function ,,,,,,,,,
4,Wikipedia_Exp_14.04,Wikipedia_Exp_13.04,49,Male,sg_1776172667605_1klnnx,clumpy,2,,psychology,high-psychology,What brain mechanisms help people make scientific discoveries?,search,2026-04-14T13:49:34.189Z,,,,,,brain function for,,,,,,,,,
4,Wikipedia_Exp_14.04,Wikipedia_Exp_13.04,49,Male,sg_1776172667605_1klnnx,clumpy,2,,psychology,high-psychology,What brain mechanisms help people make scientific discoveries?,search,2026-04-14T13:49:34.625Z,,,,,,brain function for ,,,,,,,,,
4,Wikipedia_Exp_14.04,Wikipedia_Exp_13.04,49,Male,sg_1776172667605_1klnnx,clumpy,2,,psychology,high-psychology,What brain mechanisms help people make scientific discoveries?,search,2026-04-14T13:49:35.858Z,,,,,,brain function for s,,,,,,,,,
4,Wikipedia_Exp_14.04,Wikipedia_Exp_13.04,49,Male,sg_1776172667605_1klnnx,clumpy,2,,psychology,high-psychology,What brain mechanisms help people make scientific discoveries?,search,2026-04-14T13:49:36.150Z,,,,,,brain function for si,,,,,,,,,
4,Wikipedia_Exp_14.04,Wikipedia_Exp_13.04,49,Male,sg_1776172667605_1klnnx,clumpy,2,,psychology,high-psychology,What brain mechanisms help people make scientific discoveries?,search,2026-04-14T13:49:37.254Z,,,,,,brain function for sien,,,,,,,,,
4,Wikipedia_Exp_14.04,Wikipedia_Exp_13.04,49,Male,sg_1776172667605_1klnnx,clumpy,2,,psychology,high-psychology,What brain mechanisms help people make scientific discoveries?,search,2026-04-14T13:49:38.215Z,,,,,,brain function for sientig,,,,,,,,,
4,Wikipedia_Exp_14.04,Wikipedia_Exp_13.04,49,Male,sg_1776172667605_1klnnx,clumpy,2,,psychology,high-psychology,What brain mechanisms help people make scientific discoveries?,search,2026-04-14T13:49:39.650Z,,,,,,brain function for sientif,,,,,,,,,
4,Wikipedia_Exp_14.04,Wikipedia_Exp_13.04,49,Male,sg_1776172667605_1klnnx,clumpy,2,,psychology,high-psychology,What brain mechanisms help people make scientific discoveries?,search,2026-04-14T13:49:40.495Z,,,,,,brain function for sientific ,,,,,,,,,
4,Wikipedia_Exp_14.04,Wikipedia_Exp_13.04,49,Male,sg_1776172667605_1klnnx,clumpy,2,,psychology,high-psychology,What brain mechanisms help people make scientific discoveries?,search,2026-04-14T13:49:41.040Z,,,,,,brain function for sientific d,,,,,,,,,
4,Wikipedia_Exp_14.04,Wikipedia_Exp_13.04,49,Male,sg_1776172667605_1klnnx,clumpy,2,,psychology,high-psychology,What brain mechanisms help people make scientific discoveries?,search,2026-04-14T13:49:41.462Z,,,,,,brain function for sientific di,,,,,,,,,
4,Wikipedia_Exp_14.04,Wikipedia_Exp_13.04,49,Male,sg_1776172667605_1klnnx,clumpy,2,,psychology,high-psychology,What brain mechanisms help people make scientific discoveries?,search,2026-04-14T13:49:41.761Z,,,,,,brain function for sientific dis,,,,,,,,,
4,Wikipedia_Exp_14.04,Wikipedia_Exp_13.04,49,Male,sg_1776172667605_1klnnx,clumpy,2,,psychology,high-psychology,What brain mechanisms help people make scientific discoveries?,search,2026-04-14T13:49:42.100Z,,,,,,brain function for sientific disc,,,,,,,,,
4,Wikipedia_Exp_14.04,Wikipedia_Exp_13.04,49,Male,sg_1776172667605_1klnnx,clumpy,2,,psychology,high-psychology,What brain mechanisms help people make scientific discoveries?,search,2026-04-14T13:49:42.451Z,,,,,,brain function for sientific disco,,,,,,,,,
4,Wikipedia_Exp_14.04,Wikipedia_Exp_13.04,49,Male,sg_1776172667605_1klnnx,clumpy,2,,psychology,high-psychology,What brain mechanisms help people make scientific discoveries?,search,2026-04-14T13:49:43.367Z,,,,,,brain function for sientific discover,,,,,,,,,
4,Wikipedia_Exp_14.04,Wikipedia_Exp_13.04,49,Male,sg_1776172667605_1klnnx,clumpy,2,,psychology,high-psychology,What brain mechanisms help people make scientific discoveries?,search,2026-04-14T13:49:44.155Z,,,,,,brain function for sientific discoveries,,,,,,,,,
4,Wikipedia_Exp_14.04,Wikipedia_Exp_13.04,49,Male,sg_1776172667605_1klnnx,clumpy,2,,psychology,high-psychology,What brain mechanisms help people make scientific discoveries?,search,2026-04-14T13:49:48.324Z,,,,,,brain function for sientific dis,,,,,,,,,
4,Wikipedia_Exp_14.04,Wikipedia_Exp_13.04,49,Male,sg_1776172667605_1klnnx,clumpy,2,,psychology,high-psychology,What brain mechanisms help people make scientific discoveries?,search,2026-04-14T13:49:49.890Z,,,,,,brain function for s,,,,,,,,,
4,Wikipedia_Exp_14.04,Wikipedia_Exp_13.04,49,Male,sg_1776172667605_1klnnx,clumpy,2,,psychology,high-psychology,What brain mechanisms help people make scientific discoveries?,search,2026-04-14T13:49:51.227Z,,,,,,brain function for sci,,,,,,,,,
4,Wikipedia_Exp_14.04,Wikipedia_Exp_13.04,49,Male,sg_1776172667605_1klnnx,clumpy,2,,psychology,high-psychology,What brain mechanisms help people make scientific discoveries?,search,2026-04-14T13:49:51.859Z,,,,,,brain function for scien,,,,,,,,,
4,Wikipedia_Exp_14.04,Wikipedia_Exp_13.04,49,Male,sg_1776172667605_1klnnx,clumpy,2,,psychology,high-psychology,What brain mechanisms help people make scientific discoveries?,search,2026-04-14T13:49:52.358Z,,,,,,brain function for scienti,,,,,,,,,
4,Wikipedia_Exp_14.04,Wikipedia_Exp_13.04,49,Male,sg_1776172667605_1klnnx,clumpy,2,,psychology,high-psychology,What brain mechanisms help people make scientific discoveries?,search,2026-04-14T13:49:53.073Z,,,,,,brain function for scientifi,,,,,,,,,
4,Wikipedia_Exp_14.04,Wikipedia_Exp_13.04,49,Male,sg_1776172667605_1klnnx,clumpy,2,,psychology,high-psychology,What brain mechanisms help people make scientific discoveries?,search,2026-04-14T13:49:53.682Z,,,,,,brain function for scientific,,,,,,,,,
4,Wikipedia_Exp_14.04,Wikipedia_Exp_13.04,49,Male,sg_1776172667605_1klnnx,clumpy,2,,psychology,high-psychology,What brain mechanisms help people make scientific discoveries?,search,2026-04-14T13:49:54.126Z,,,,,,brain function for scientific ,,,,,,,,,
4,Wikipedia_Exp_14.04,Wikipedia_Exp_13.04,49,Male,sg_1776172667605_1klnnx,clumpy,2,,psychology,high-psychology,What brain mechanisms help people make scientific discoveries?,search,2026-04-14T13:49:55.028Z,,,,,,brain function for scientific d,,,,,,,,,
4,Wikipedia_Exp_14.04,Wikipedia_Exp_13.04,49,Male,sg_1776172667605_1klnnx,clumpy,2,,psychology,high-psychology,What brain mechanisms help people make scientific discoveries?,search,2026-04-14T13:49:55.314Z,,,,,,brain function for scientific di,,,,,,,,,
4,Wikipedia_Exp_14.04,Wikipedia_Exp_13.04,49,Male,sg_1776172667605_1klnnx,clumpy,2,,psychology,high-psychology,What brain mechanisms help people make scientific discoveries?,search,2026-04-14T13:49:56.250Z,,,,,,brain function for scientific disco,,,,,,,,,
4,Wikipedia_Exp_14.04,Wikipedia_Exp_13.04,49,Male,sg_1776172667605_1klnnx,clumpy,2,,psychology,high-psychology,What brain mechanisms help people make scientific discoveries?,search,2026-04-14T13:49:57.051Z,,,,,,brain function for scientific discover,,,,,,,,,
4,Wikipedia_Exp_14.04,Wikipedia_Exp_13.04,49,Male,sg_1776172667605_1klnnx,clumpy,2,,psychology,high-psychology,What brain mechanisms help people make scientific discoveries?,search,2026-04-14T13:49:57.253Z,,,,,,brain function for scientific discoveri,,,,,,,,,
4,Wikipedia_Exp_14.04,Wikipedia_Exp_13.04,49,Male,sg_1776172667605_1klnnx,clumpy,2,,psychology,high-psychology,What brain mechanisms help people make scientific discoveries?,search,2026-04-14T13:49:57.785Z,,,,,,brain function for scientific discoverie,,,,,,,,,
4,Wikipedia_Exp_14.04,Wikipedia_Exp_13.04,49,Male,sg_1776172667605_1klnnx,clumpy,2,,psychology,high-psychology,What brain mechanisms help people make scientific discoveries?,search,2026-04-14T13:49:58.190Z,,,,,,brain function for scientific discoveries,,,,,,,,,
4,Wikipedia_Exp_14.04,Wikipedia_Exp_13.04,49,Male,sg_1776172667605_1klnnx,clumpy,2,,psychology,high-psychology,What brain mechanisms help people make scientific discoveries?,article_open,2026-04-14T13:50:05.474Z,Neuroscience,Neuroscience,,11159,search,,,,,,,,,,
4,Wikipedia_Exp_14.04,Wikipedia_Exp_13.04,49,Male,sg_1776172667605_1klnnx,clumpy,2,,psychology,high-psychology,What brain mechanisms help people make scientific discoveries?,answer_snapshot,2026-04-14T13:50:11.774Z,,,,,,,"Motivational salience is a cognitive process and a form of attention that motivates or propels an individual's behavior towards or away from a particular object, perceived event or outcome.[1] Motivational salience regulates the intensity of behaviors that facilitate the attainment of a particular goal, the amount of time and energy that an individual is willing to expend to attain a particular goal, and the amount of risk that an individual is willing to accept while working to attain a particular goal.[1]

Motivational salience is composed of two component processes that are defined by their attractive or aversive effects on an individual's behavior relative to a particular stimulus: incentive salience and aversive salience.[1] Incentive salience is the attractive form of motivational salience that causes approach behavior, and is associated with operant reinforcement, desirable outcomes, and pleasurable stimuli.[2][3] Aversive salience (sometimes known as fearful salience[4]) is the aversive form of motivational salience that causes avoidance behavior, and is associated with operant punishment, undesirable outcomes, and unpleasant stimuli.[5]",1163,,,,,,,submit
4,Wikipedia_Exp_14.04,Wikipedia_Exp_13.04,49,Male,sg_1776172667605_1klnnx,clumpy,2,,psychology,high-psychology,What brain mechanisms help people make scientific discoveries?,task_end,2026-04-14T13:50:11.774Z,,,,,,,,,"Motivational salience is a cognitive process and a form of attention that motivates or propels an individual's behavior towards or away from a particular object, perceived event or outcome.[1] Motivational salience regulates the intensity of behaviors that facilitate the attainment of a particular goal, the amount of time and energy that an individual is willing to expend to attain a particular goal, and the amount of risk that an individual is willing to accept while working to attain a particular goal.[1]

Motivational salience is composed of two component processes that are defined by their attractive or aversive effects on an individual's behavior relative to a particular stimulus: incentive salience and aversive salience.[1] Incentive salience is the attractive form of motivational salience that causes approach behavior, and is associated with operant reinforcement, desirable outcomes, and pleasurable stimuli.[2][3] Aversive salience (sometimes known as fearful salience[4]) is the aversive form of motivational salience that causes avoidance behavior, and is associated with operant punishment, undesirable outcomes, and unpleasant stimuli.[5]",1163,,,,,
5,Wikipedia_Exp_14.04,Wikipedia_Exp_13.04,41,Male,sg_1776172728651_xarmvr,diffuse,0,1,practice,practice-capybaras,What do Capybaras eat?,attention_check_pass,2026-04-14T13:19:55.007Z,,,,,,,,,,,,,,,attempt_1
5,Wikipedia_Exp_14.04,Wikipedia_Exp_13.04,41,Male,sg_1776172728651_xarmvr,diffuse,0,1,practice,practice-capybaras,What do Capybaras eat?,familiarity_rating,2026-04-14T13:20:03.646Z,,,,,,,,,,,,,2,4,
5,Wikipedia_Exp_14.04,Wikipedia_Exp_13.04,41,Male,sg_1776172728651_xarmvr,diffuse,0,1,practice,practice-capybaras,What do Capybaras eat?,task_start,2026-04-14T13:20:03.904Z,,,,,,,,,,,,,,,
5,Wikipedia_Exp_14.04,Wikipedia_Exp_13.04,41,Male,sg_1776172728651_xarmvr,diffuse,0,1,practice,practice-capybaras,What do Capybaras eat?,article_open,2026-04-14T13:20:05.095Z,Capybara,Capybara,,4650,,,,,,,,,,,
5,Wikipedia_Exp_14.04,Wikipedia_Exp_13.04,41,Male,sg_1776172728651_xarmvr,diffuse,0,1,practice,practice-capybaras,What do Capybaras eat?,answer_snapshot,2026-04-14T13:20:30.871Z,,,,,,,Capybaras are herbivores. ,26,,,,,,,debounce
5,Wikipedia_Exp_14.04,Wikipedia_Exp_13.04,41,Male,sg_1776172728651_xarmvr,diffuse,0,1,practice,practice-capybaras,What do Capybaras eat?,answer_snapshot,2026-04-14T13:20:42.974Z,,,,,,,Capybaras are herbivores. They graze on grasses and aquatic plants. ,68,,,,,,,debounce
5,Wikipedia_Exp_14.04,Wikipedia_Exp_13.04,41,Male,sg_1776172728651_xarmvr,diffuse,0,1,practice,practice-capybaras,What do Capybaras eat?,answer_snapshot,2026-04-14T13:20:59.959Z,,,,,,,Capybaras are herbivores. They graze on grasses and aquatic plants. They also eat fruits and tree bark. ,104,,,,,,,debounce
5,Wikipedia_Exp_14.04,Wikipedia_Exp_13.04,41,Male,sg_1776172728651_xarmvr,diffuse,0,1,practice,practice-capybaras,What do Capybaras eat?,answer_snapshot,2026-04-14T13:21:57.549Z,,,,,,,Capybaras are herbivores. They graze on grasses and aquatic plants. They also eat fruits and tree bark. They are picky eaters who will eat leaves of one species while leaving other species surrounding it untouched. ,215,,,,,,,debounce
5,Wikipedia_Exp_14.04,Wikipedia_Exp_13.04,41,Male,sg_1776172728651_xarmvr,diffuse,0,1,practice,practice-capybaras,What do Capybaras eat?,answer_snapshot_cursor_leave,2026-04-14T13:21:57.798Z,,,,,,,Capybaras are herbivores. They graze on grasses and aquatic plants. They also eat fruits and tree bark. They are picky eaters who will eat leaves of one species while leaving other species surrounding it untouched. ,215,,,,,,,cursor_leave
5,Wikipedia_Exp_14.04,Wikipedia_Exp_13.04,41,Male,sg_1776172728651_xarmvr,diffuse,0,1,practice,practice-capybaras,What do Capybaras eat?,search,2026-04-14T13:22:07.397Z,,,,,,capybara diet,,,,,,,,,
5,Wikipedia_Exp_14.04,Wikipedia_Exp_13.04,41,Male,sg_1776172728651_xarmvr,diffuse,0,1,practice,practice-capybaras,What do Capybaras eat?,answer_snapshot,2026-04-14T13:23:03.029Z,,,,,,,"Capybaras are herbivores. They graze on grasses and aquatic plants. They also eat fruits and tree bark. They are picky eaters who will eat leaves of one species while leaving other species surrounding it untouched. However, during the dry season when fewer plants are available, they eat a greater variety. ",307,,,,,,,debounce
5,Wikipedia_Exp_14.04,Wikipedia_Exp_13.04,41,Male,sg_1776172728651_xarmvr,diffuse,0,1,practice,practice-capybaras,What do Capybaras eat?,answer_snapshot_cursor_leave,2026-04-14T13:23:06.291Z,,,,,,,"Capybaras are herbivores. They graze on grasses and aquatic plants. They also eat fruits and tree bark. They are picky eaters who will eat leaves of one species while leaving other species surrounding it untouched. However, during the dry season when fewer plants are available, they eat a greater variety. ",307,,,,,,,cursor_leave
5,Wikipedia_Exp_14.04,Wikipedia_Exp_13.04,41,Male,sg_1776172728651_xarmvr,diffuse,0,1,practice,practice-capybaras,What do Capybaras eat?,answer_snapshot,2026-04-14T13:23:06.507Z,,,,,,,"Capybaras are herbivores. They graze on grasses and aquatic plants. They also eat fruits and tree bark. They are picky eaters who will eat leaves of one species while leaving other species surrounding it untouched. However, during the dry season when fewer plants are available, they eat a greater variety. ",307,,,,,,,submit
5,Wikipedia_Exp_14.04,Wikipedia_Exp_13.04,41,Male,sg_1776172728651_xarmvr,diffuse,0,1,practice,practice-capybaras,What do Capybaras eat?,task_end,2026-04-14T13:23:06.507Z,,,,,,,,,"Capybaras are herbivores. They graze on grasses and aquatic plants. They also eat fruits and tree bark. They are picky eaters who will eat leaves of one species while leaving other species surrounding it untouched. However, during the dry season when fewer plants are available, they eat a greater variety. ",307,,,,,
5,Wikipedia_Exp_14.04,Wikipedia_Exp_13.04,41,Male,sg_1776172728651_xarmvr,diffuse,1,,psychology,high-psychology,What brain mechanisms help people make scientific discoveries?,familiarity_rating,2026-04-14T13:23:22.078Z,,,,,,,,,,,,,2,3,
5,Wikipedia_Exp_14.04,Wikipedia_Exp_13.04,41,Male,sg_1776172728651_xarmvr,diffuse,1,,psychology,high-psychology,What brain mechanisms help people make scientific discoveries?,task_start,2026-04-14T13:23:22.309Z,,,,,,,,,,,,,,,
5,Wikipedia_Exp_14.04,Wikipedia_Exp_13.04,41,Male,sg_1776172728651_xarmvr,diffuse,1,,psychology,high-psychology,What brain mechanisms help people make scientific discoveries?,search,2026-04-14T13:23:31.793Z,,,,,,What brain mechanisms help people make scientific discoveries?,,,,,,,,,
5,Wikipedia_Exp_14.04,Wikipedia_Exp_13.04,41,Male,sg_1776172728651_xarmvr,diffuse,1,,psychology,high-psychology,What brain mechanisms help people make scientific discoveries?,article_open,2026-04-14T13:23:46.343Z,Role_of_chance_in_scientific_discoveries,Role of chance in scientific discoveries,,2029,search,,,,,,,,,,
5,Wikipedia_Exp_14.04,Wikipedia_Exp_13.04,41,Male,sg_1776172728651_xarmvr,diffuse,1,,psychology,high-psychology,What brain mechanisms help people make scientific discoveries?,answer_snapshot,2026-04-14T13:24:26.940Z,,,,,,,Studies have found that ,24,,,,,,,debounce
5,Wikipedia_Exp_14.04,Wikipedia_Exp_13.04,41,Male,sg_1776172728651_xarmvr,diffuse,1,,psychology,high-psychology,What brain mechanisms help people make scientific discoveries?,answer_snapshot,2026-04-14T13:24:35.363Z,,,,,,,Studies have found that the left hemisphere of the brain is ,60,,,,,,,debounce
5,Wikipedia_Exp_14.04,Wikipedia_Exp_13.04,41,Male,sg_1776172728651_xarmvr,diffuse,1,,psychology,high-psychology,What brain mechanisms help people make scientific discoveries?,answer_snapshot,2026-04-14T13:24:44.875Z,,,,,,,Studies have found that the left hemisphere of the brain is important in scientific discoveries. ,97,,,,,,,debounce
5,Wikipedia_Exp_14.04,Wikipedia_Exp_13.04,41,Male,sg_1776172728651_xarmvr,diffuse,1,,psychology,high-psychology,What brain mechanisms help people make scientific discoveries?,answer_snapshot,2026-04-14T13:24:55.372Z,,,,,,,Studies have found that the left hemisphere of the brain is important in scientific discoveries. IMRI investigation found that ,127,,,,,,,debounce
5,Wikipedia_Exp_14.04,Wikipedia_Exp_13.04,41,Male,sg_1776172728651_xarmvr,diffuse,1,,psychology,high-psychology,What brain mechanisms help people make scientific discoveries?,answer_snapshot,2026-04-14T13:25:18.283Z,,,,,,,Studies have found that the left hemisphere of the brain is important in scientific discoveries. IMRI investigation found that unexpected findings activated the prefrontal cortex of the brain. ,193,,,,,,,debounce
5,Wikipedia_Exp_14.04,Wikipedia_Exp_13.04,41,Male,sg_1776172728651_xarmvr,diffuse,1,,psychology,high-psychology,What brain mechanisms help people make scientific discoveries?,answer_snapshot_cursor_leave,2026-04-14T13:25:21.705Z,,,,,,,Studies have found that the left hemisphere of the brain is important in scientific discoveries. IMRI investigation found that unexpected findings activated the prefrontal cortex of the brain. ,193,,,,,,,cursor_leave
5,Wikipedia_Exp_14.04,Wikipedia_Exp_13.04,41,Male,sg_1776172728651_xarmvr,diffuse,1,,psychology,high-psychology,What brain mechanisms help people make scientific discoveries?,article_open,2026-04-14T13:26:11.336Z,Creativity,Creativity,,21991,search,,,,,,,,,,
5,Wikipedia_Exp_14.04,Wikipedia_Exp_13.04,41,Male,sg_1776172728651_xarmvr,diffuse,1,,psychology,high-psychology,What brain mechanisms help people make scientific discoveries?,answer_snapshot,2026-04-14T13:26:36.425Z,,,,,,,"Studies have found that the left hemisphere of the brain is important in scientific discoveries. IMRI investigation found that unexpected findings activated the prefrontal cortex of the brain. Further to this, ",210,,,,,,,debounce
5,Wikipedia_Exp_14.04,Wikipedia_Exp_13.04,41,Male,sg_1776172728651_xarmvr,diffuse,1,,psychology,high-psychology,What brain mechanisms help people make scientific discoveries?,answer_snapshot_cursor_leave,2026-04-14T13:27:10.187Z,,,,,,,"Studies have found that the left hemisphere of the brain is important in scientific discoveries. IMRI investigation found that unexpected findings activated the prefrontal cortex of the brain. Further to this, ",210,,,,,,,cursor_leave
5,Wikipedia_Exp_14.04,Wikipedia_Exp_13.04,41,Male,sg_1776172728651_xarmvr,diffuse,1,,psychology,high-psychology,What brain mechanisms help people make scientific discoveries?,paste,2026-04-14T13:27:16.711Z,,,,,,,,,,,"e default and executive control networks in the brain cooperate during creative tasks, suggesting a complex interaction between these networks in facilitating everyday imaginative thought",187,,,
5,Wikipedia_Exp_14.04,Wikipedia_Exp_13.04,41,Male,sg_1776172728651_xarmvr,diffuse,1,,psychology,high-psychology,What brain mechanisms help people make scientific discoveries?,answer_snapshot,2026-04-14T13:27:18.726Z,,,,,,,"Studies have found that the left hemisphere of the brain is important in scientific discoveries. IMRI investigation found that unexpected findings activated the prefrontal cortex of the brain. Further to this, te default and executive control networks in the brain cooperate during creative tasks, suggesting a complex interaction between these networks in facilitating everyday imaginative thought",398,,,,,,,debounce
5,Wikipedia_Exp_14.04,Wikipedia_Exp_13.04,41,Male,sg_1776172728651_xarmvr,diffuse,1,,psychology,high-psychology,What brain mechanisms help people make scientific discoveries?,answer_snapshot,2026-04-14T13:27:21.554Z,,,,,,,"Studies have found that the left hemisphere of the brain is important in scientific discoveries. IMRI investigation found that unexpected findings activated the prefrontal cortex of the brain. Further to this, the default and executive control networks in the brain cooperate during creative tasks, suggesting a complex interaction between these networks in facilitating everyday imaginative thought",399,,,,,,,debounce
5,Wikipedia_Exp_14.04,Wikipedia_Exp_13.04,41,Male,sg_1776172728651_xarmvr,diffuse,1,,psychology,high-psychology,What brain mechanisms help people make scientific discoveries?,answer_snapshot_cursor_leave,2026-04-14T13:27:24.199Z,,,,,,,"Studies have found that the left hemisphere of the brain is important in scientific discoveries. IMRI investigation found that unexpected findings activated the prefrontal cortex of the brain. Further to this, the default and executive control networks in the brain cooperate during creative tasks, suggesting a complex interaction between these networks in facilitating everyday imaginative thought",399,,,,,,,cursor_leave
5,Wikipedia_Exp_14.04,Wikipedia_Exp_13.04,41,Male,sg_1776172728651_xarmvr,diffuse,1,,psychology,high-psychology,What brain mechanisms help people make scientific discoveries?,search,2026-04-14T13:27:29.380Z,,,,,,What brain mechanisms help people make scientific discoveries?,,,,,,,,,
5,Wikipedia_Exp_14.04,Wikipedia_Exp_13.04,41,Male,sg_1776172728651_xarmvr,diffuse,1,,psychology,high-psychology,What brain mechanisms help people make scientific discoveries?,article_open,2026-04-14T13:27:51.685Z,Human_brain,Human brain,,25482,search,,,,,,,,,,
5,Wikipedia_Exp_14.04,Wikipedia_Exp_13.04,41,Male,sg_1776172728651_xarmvr,diffuse,1,,psychology,high-psychology,What brain mechanisms help people make scientific discoveries?,article_open,2026-04-14T13:28:27.579Z,Role_of_chance_in_scientific_discoveries,Role of chance in scientific discoveries,,2029,search,,,,,,,,,,
5,Wikipedia_Exp_14.04,Wikipedia_Exp_13.04,41,Male,sg_1776172728651_xarmvr,diffuse,1,,psychology,high-psychology,What brain mechanisms help people make scientific discoveries?,article_open,2026-04-14T13:29:01.401Z,Quantum_mind,Quantum mind,,9567,search,,,,,,,,,,
5,Wikipedia_Exp_14.04,Wikipedia_Exp_13.04,41,Male,sg_1776172728651_xarmvr,diffuse,1,,psychology,high-psychology,What brain mechanisms help people make scientific discoveries?,search,2026-04-14T13:30:23.675Z,,,,,,inventioin,,,,,,,,,
5,Wikipedia_Exp_14.04,Wikipedia_Exp_13.04,41,Male,sg_1776172728651_xarmvr,diffuse,1,,psychology,high-psychology,What brain mechanisms help people make scientific discoveries?,search,2026-04-14T13:30:24.065Z,,,,,,inventioi,,,,,,,,,
5,Wikipedia_Exp_14.04,Wikipedia_Exp_13.04,41,Male,sg_1776172728651_xarmvr,diffuse,1,,psychology,high-psychology,What brain mechanisms help people make scientific discoveries?,search,2026-04-14T13:30:25.103Z,,,,,,invent,,,,,,,,,
5,Wikipedia_Exp_14.04,Wikipedia_Exp_13.04,41,Male,sg_1776172728651_xarmvr,diffuse,1,,psychology,high-psychology,What brain mechanisms help people make scientific discoveries?,search,2026-04-14T13:30:26.123Z,,,,,,inventer,,,,,,,,,
5,Wikipedia_Exp_14.04,Wikipedia_Exp_13.04,41,Male,sg_1776172728651_xarmvr,diffuse,1,,psychology,high-psychology,What brain mechanisms help people make scientific discoveries?,search,2026-04-14T13:30:27.885Z,,,,,,inventors,,,,,,,,,
5,Wikipedia_Exp_14.04,Wikipedia_Exp_13.04,41,Male,sg_1776172728651_xarmvr,diffuse,1,,psychology,high-psychology,What brain mechanisms help people make scientific discoveries?,article_open,2026-04-14T13:30:34.670Z,Invention,Invention,,4300,search,,,,,,,,,,
5,Wikipedia_Exp_14.04,Wikipedia_Exp_13.04,41,Male,sg_1776172728651_xarmvr,diffuse,1,,psychology,high-psychology,What brain mechanisms help people make scientific discoveries?,search,2026-04-14T13:30:54.159Z,,,,,,What brain mechanisms help people make scientific discoveries?,,,,,,,,,
5,Wikipedia_Exp_14.04,Wikipedia_Exp_13.04,41,Male,sg_1776172728651_xarmvr,diffuse,1,,psychology,high-psychology,What brain mechanisms help people make scientific discoveries?,search,2026-04-14T13:30:55.271Z,,,,,,What brain mechanisms help people make scientific discoveries?,,,,,,,,,
5,Wikipedia_Exp_14.04,Wikipedia_Exp_13.04,41,Male,sg_1776172728651_xarmvr,diffuse,1,,psychology,high-psychology,What brain mechanisms help people make scientific discoveries?,article_open,2026-04-14T13:31:14.469Z,Creativity,Creativity,,21991,search,,,,,,,,,,
5,Wikipedia_Exp_14.04,Wikipedia_Exp_13.04,41,Male,sg_1776172728651_xarmvr,diffuse,1,,psychology,high-psychology,What brain mechanisms help people make scientific discoveries?,answer_snapshot,2026-04-14T13:32:47.265Z,,,,,,,"The parts of the brain that help in scientific discoveries and creativity are still not fully understood. However, studies have found that the left hemisphere of the brain is important in scientific discoveries. IMRI investigation found that unexpected findings activated the prefrontal cortex of the brain. Further to this, the default and executive control networks in the brain cooperate during creative tasks, suggesting a complex interaction between these networks in facilitating everyday imaginative thought",514,,,,,,,debounce
5,Wikipedia_Exp_14.04,Wikipedia_Exp_13.04,41,Male,sg_1776172728651_xarmvr,diffuse,1,,psychology,high-psychology,What brain mechanisms help people make scientific discoveries?,answer_snapshot_cursor_leave,2026-04-14T13:32:52.139Z,,,,,,,"The parts of the brain that help in scientific discoveries and creativity are still not fully understood. However, studies have found that the left hemisphere of the brain is important in scientific discoveries. IMRI investigation found that unexpected findings activated the prefrontal cortex of the brain. Further to this, the default and executive control networks in the brain cooperate during creative tasks, suggesting a complex interaction between these networks in facilitating everyday imaginative thought",514,,,,,,,cursor_leave
5,Wikipedia_Exp_14.04,Wikipedia_Exp_13.04,41,Male,sg_1776172728651_xarmvr,diffuse,1,,psychology,high-psychology,What brain mechanisms help people make scientific discoveries?,answer_snapshot,2026-04-14T13:33:25.879Z,,,,,,,"The parts of the brain that help in scientific discoveries and creativity are still not fully understood. However, studies have found that the left hemisphere of the brain is important in scientific discoveries. IMRI investigation found that unexpected findings activated the prefrontal cortex of the brain. Further to this, the default and executive control networks in the brain cooperate during creative tasks, suggesting a complex interaction between these networks in facilitating everyday imaginative thought",514,,,,,,,submit
5,Wikipedia_Exp_14.04,Wikipedia_Exp_13.04,41,Male,sg_1776172728651_xarmvr,diffuse,1,,psychology,high-psychology,What brain mechanisms help people make scientific discoveries?,task_end,2026-04-14T13:33:25.879Z,,,,,,,,,"The parts of the brain that help in scientific discoveries and creativity are still not fully understood. However, studies have found that the left hemisphere of the brain is important in scientific discoveries. IMRI investigation found that unexpected findings activated the prefrontal cortex of the brain. Further to this, the default and executive control networks in the brain cooperate during creative tasks, suggesting a complex interaction between these networks in facilitating everyday imaginative thought",514,,,,,
5,Wikipedia_Exp_14.04,Wikipedia_Exp_13.04,41,Male,sg_1776172728651_xarmvr,diffuse,2,,art_history,high-art-history,How do ancient works of art play a role in contemporary society?,familiarity_rating,2026-04-14T13:33:40.829Z,,,,,,,,,,,,,1,2,
5,Wikipedia_Exp_14.04,Wikipedia_Exp_13.04,41,Male,sg_1776172728651_xarmvr,diffuse,2,,art_history,high-art-history,How do ancient works of art play a role in contemporary society?,task_start,2026-04-14T13:33:41.860Z,,,,,,,,,,,,,,,
5,Wikipedia_Exp_14.04,Wikipedia_Exp_13.04,41,Male,sg_1776172728651_xarmvr,diffuse,2,,art_history,high-art-history,How do ancient works of art play a role in contemporary society?,search,2026-04-14T13:33:48.239Z,,,,,,How do ancient works of art play a role in contemporary society?,,,,,,,,,
5,Wikipedia_Exp_14.04,Wikipedia_Exp_13.04,41,Male,sg_1776172728651_xarmvr,diffuse,2,,art_history,high-art-history,How do ancient works of art play a role in contemporary society?,search,2026-04-14T13:33:49.573Z,,,,,,How do ancient works of art play a role in contemporary society?,,,,,,,,,
5,Wikipedia_Exp_14.04,Wikipedia_Exp_13.04,41,Male,sg_1776172728651_xarmvr,diffuse,2,,art_history,high-art-history,How do ancient works of art play a role in contemporary society?,article_open,2026-04-14T13:34:17.369Z,Metropolitan_Museum_of_Art,Metropolitan Museum of Art,,25318,search,,,,,,,,,,
5,Wikipedia_Exp_14.04,Wikipedia_Exp_13.04,41,Male,sg_1776172728651_xarmvr,diffuse,2,,art_history,high-art-history,How do ancient works of art play a role in contemporary society?,search,2026-04-14T13:34:32.793Z,,,,,,How do ancient works of art play a role in contemporary society?,,,,,,,,,
5,Wikipedia_Exp_14.04,Wikipedia_Exp_13.04,41,Male,sg_1776172728651_xarmvr,diffuse,2,,art_history,high-art-history,How do ancient works of art play a role in contemporary society?,search,2026-04-14T13:34:33.557Z,,,,,,How do ancient works of art play a role in contemporary society?,,,,,,,,,
5,Wikipedia_Exp_14.04,Wikipedia_Exp_13.04,41,Male,sg_1776172728651_xarmvr,diffuse,2,,art_history,high-art-history,How do ancient works of art play a role in contemporary society?,search,2026-04-14T13:35:01.061Z,,,,,,How do ancient works of art play a role in cosociety?,,,,,,,,,
5,Wikipedia_Exp_14.04,Wikipedia_Exp_13.04,41,Male,sg_1776172728651_xarmvr,diffuse,2,,art_history,high-art-history,How do ancient works of art play a role in contemporary society?,search,2026-04-14T13:35:01.427Z,,,,,,How do ancient works of art play a role in csociety?,,,,,,,,,
5,Wikipedia_Exp_14.04,Wikipedia_Exp_13.04,41,Male,sg_1776172728651_xarmvr,diffuse,2,,art_history,high-art-history,How do ancient works of art play a role in contemporary society?,search,2026-04-14T13:35:02.938Z,,,,,,How do ancient works of art play a role in society?,,,,,,,,,
5,Wikipedia_Exp_14.04,Wikipedia_Exp_13.04,41,Male,sg_1776172728651_xarmvr,diffuse,2,,art_history,high-art-history,How do ancient works of art play a role in contemporary society?,search,2026-04-14T13:35:04.200Z,,,,,,How do ancient works of art play a role in modern society?,,,,,,,,,
5,Wikipedia_Exp_14.04,Wikipedia_Exp_13.04,41,Male,sg_1776172728651_xarmvr,diffuse,2,,art_history,high-art-history,How do ancient works of art play a role in contemporary society?,search,2026-04-14T13:35:04.923Z,,,,,,How do ancient works of art play a role in modern society?,,,,,,,,,
5,Wikipedia_Exp_14.04,Wikipedia_Exp_13.04,41,Male,sg_1776172728651_xarmvr,diffuse,2,,art_history,high-art-history,How do ancient works of art play a role in contemporary society?,answer_snapshot,2026-04-14T13:35:55.258Z,,,,,,,Ancient works of art play an important role in modern society. One of the main roles of ancient art is to inspire and educate the public. ,138,,,,,,,debounce
5,Wikipedia_Exp_14.04,Wikipedia_Exp_13.04,41,Male,sg_1776172728651_xarmvr,diffuse,2,,art_history,high-art-history,How do ancient works of art play a role in contemporary society?,answer_snapshot_cursor_leave,2026-04-14T13:36:02.982Z,,,,,,,Ancient works of art play an important role in modern society. One of the main roles of ancient art is to inspire and educate the public. ,138,,,,,,,cursor_leave
5,Wikipedia_Exp_14.04,Wikipedia_Exp_13.04,41,Male,sg_1776172728651_xarmvr,diffuse,2,,art_history,high-art-history,How do ancient works of art play a role in contemporary society?,answer_snapshot_cursor_leave,2026-04-14T13:36:29.191Z,,,,,,,Ancient works of art play an important role in modern society. One of the main roles of ancient art is to inspire and educate the public. This art sparks the imagination and raises our natural sense of wonder and curiosity. ,224,,,,,,,cursor_leave
5,Wikipedia_Exp_14.04,Wikipedia_Exp_13.04,41,Male,sg_1776172728651_xarmvr,diffuse,2,,art_history,high-art-history,How do ancient works of art play a role in contemporary society?,article_open,2026-04-14T13:36:36.175Z,Homosexuality_in_ancient_Rome,Homosexuality in ancient Rome,,15402,search,,,,,,,,,,
5,Wikipedia_Exp_14.04,Wikipedia_Exp_13.04,41,Male,sg_1776172728651_xarmvr,diffuse,2,,art_history,high-art-history,How do ancient works of art play a role in contemporary society?,answer_snapshot,2026-04-14T13:36:42.445Z,,,,,,,Ancient works of art play an important role in modern society. One of the main roles of ancient art is to inspire and educate the public. This art sparks the imagination and raises our natural sense of wonder and curiosity. Ancient art can also educate us ,256,,,,,,,debounce
5,Wikipedia_Exp_14.04,Wikipedia_Exp_13.04,41,Male,sg_1776172728651_xarmvr,diffuse,2,,art_history,high-art-history,How do ancient works of art play a role in contemporary society?,answer_snapshot,2026-04-14T13:36:52.474Z,,,,,,,Ancient works of art play an important role in modern society. One of the main roles of ancient art is to inspire and educate the public. This art sparks the imagination and raises our natural sense of wonder and curiosity. Ancient art can also educate us on ancient views ,273,,,,,,,debounce
5,Wikipedia_Exp_14.04,Wikipedia_Exp_13.04,41,Male,sg_1776172728651_xarmvr,diffuse,2,,art_history,high-art-history,How do ancient works of art play a role in contemporary society?,answer_snapshot_cursor_leave,2026-04-14T13:37:03.401Z,,,,,,,Ancient works of art play an important role in modern society. One of the main roles of ancient art is to inspire and educate the public. This art sparks the imagination and raises our natural sense of wonder and curiosity. Ancient art can also educate us on ancient views of topics such as homosexuality. ,306,,,,,,,cursor_leave
5,Wikipedia_Exp_14.04,Wikipedia_Exp_13.04,41,Male,sg_1776172728651_xarmvr,diffuse,2,,art_history,high-art-history,How do ancient works of art play a role in contemporary society?,answer_snapshot,2026-04-14T13:37:35.036Z,,,,,,,Ancient works of art play an important role in modern society. One of the main roles of ancient art is to inspire and educate the public. This art sparks the imagination and raises our natural sense of wonder and curiosity. Ancient art can also educate us on ancient views of topics such as homosexuality and ancient attitudes to the naked human body. ,352,,,,,,,debounce
5,Wikipedia_Exp_14.04,Wikipedia_Exp_13.04,41,Male,sg_1776172728651_xarmvr,diffuse,2,,art_history,high-art-history,How do ancient works of art play a role in contemporary society?,answer_snapshot_cursor_leave,2026-04-14T13:37:35.236Z,,,,,,,Ancient works of art play an important role in modern society. One of the main roles of ancient art is to inspire and educate the public. This art sparks the imagination and raises our natural sense of wonder and curiosity. Ancient art can also educate us on ancient views of topics such as homosexuality and ancient attitudes to the naked human body. ,352,,,,,,,cursor_leave
5,Wikipedia_Exp_14.04,Wikipedia_Exp_13.04,41,Male,sg_1776172728651_xarmvr,diffuse,2,,art_history,high-art-history,How do ancient works of art play a role in contemporary society?,answer_snapshot,2026-04-14T13:37:55.814Z,,,,,,,"Ancient works of art play an important role in modern society. One of the main roles of ancient art is to inspire and educate the public. This art sparks the imagination and raises our natural sense of wonder and curiosity. Ancient art can also educate us on ancient views of topics such as sexuality, homosexuality and ancient attitudes to the naked human body. ",363,,,,,,,debounce
5,Wikipedia_Exp_14.04,Wikipedia_Exp_13.04,41,Male,sg_1776172728651_xarmvr,diffuse,2,,art_history,high-art-history,How do ancient works of art play a role in contemporary society?,answer_snapshot_cursor_leave,2026-04-14T13:37:57.885Z,,,,,,,"Ancient works of art play an important role in modern society. One of the main roles of ancient art is to inspire and educate the public. This art sparks the imagination and raises our natural sense of wonder and curiosity. Ancient art can also educate us on ancient views of topics such as sexuality, homosexuality, and ancient attitudes to the naked human body. ",364,,,,,,,cursor_leave
5,Wikipedia_Exp_14.04,Wikipedia_Exp_13.04,41,Male,sg_1776172728651_xarmvr,diffuse,2,,art_history,high-art-history,How do ancient works of art play a role in contemporary society?,search,2026-04-14T13:38:05.225Z,,,,,,art inm,,,,,,,,,
5,Wikipedia_Exp_14.04,Wikipedia_Exp_13.04,41,Male,sg_1776172728651_xarmvr,diffuse,2,,art_history,high-art-history,How do ancient works of art play a role in contemporary society?,search,2026-04-14T13:38:08.790Z,,,,,,art in modern society,,,,,,,,,
5,Wikipedia_Exp_14.04,Wikipedia_Exp_13.04,41,Male,sg_1776172728651_xarmvr,diffuse,2,,art_history,high-art-history,How do ancient works of art play a role in contemporary society?,article_open,2026-04-14T13:38:23.188Z,Art,Art,,16998,search,,,,,,,,,,
5,Wikipedia_Exp_14.04,Wikipedia_Exp_13.04,41,Male,sg_1776172728651_xarmvr,diffuse,2,,art_history,high-art-history,How do ancient works of art play a role in contemporary society?,search,2026-04-14T13:38:51.730Z,,,,,,How do ancient works of art play a role in contemporary society?,,,,,,,,,
5,Wikipedia_Exp_14.04,Wikipedia_Exp_13.04,41,Male,sg_1776172728651_xarmvr,diffuse,2,,art_history,high-art-history,How do ancient works of art play a role in contemporary society?,article_open,2026-04-14T13:38:56.412Z,Metropolitan_Museum_of_Art,Metropolitan Museum of Art,,25318,search,,,,,,,,,,
5,Wikipedia_Exp_14.04,Wikipedia_Exp_13.04,41,Male,sg_1776172728651_xarmvr,diffuse,2,,art_history,high-art-history,How do ancient works of art play a role in contemporary society?,answer_snapshot,2026-04-14T13:39:55.245Z,,,,,,,"Ancient works of art play an important role in modern society. One of the main roles of ancient art is to inspire and educate the public. This art sparks the imagination and raises our natural sense of wonder and curiosity. Ancient art can also educate us on ancient views of topics such as sexuality, homosexuality, and ancient attitudes to the naked human body. Ancient art can also give us deeper insight into topics still important to contemporary society, such as Christianity, Islam, ",490,,,,,,,debounce
5,Wikipedia_Exp_14.04,Wikipedia_Exp_13.04,41,Male,sg_1776172728651_xarmvr,diffuse,2,,art_history,high-art-history,How do ancient works of art play a role in contemporary society?,answer_snapshot_cursor_leave,2026-04-14T13:40:04.171Z,,,,,,,"Ancient works of art play an important role in modern society. One of the main roles of ancient art is to inspire and educate the public. This art sparks the imagination and raises our natural sense of wonder and curiosity. Ancient art can also educate us on ancient views of topics such as sexuality, homosexuality, and ancient attitudes to the naked human body. Ancient art can also give us deeper insight into topics still important to contemporary society, such as Christianity, Islam, and other places of worship. ",519,,,,,,,cursor_leave
5,Wikipedia_Exp_14.04,Wikipedia_Exp_13.04,41,Male,sg_1776172728651_xarmvr,diffuse,2,,art_history,high-art-history,How do ancient works of art play a role in contemporary society?,answer_snapshot_cursor_leave,2026-04-14T13:40:26.227Z,,,,,,,"Ancient works of art play an important role in modern society. One of the main roles of ancient art is to inspire and educate the public. This art sparks the imagination and raises our natural sense of wonder and curiosity. Ancient art can also educate us on ancient views of topics such as sexuality, homosexuality, and ancient attitudes to the naked human body. Ancient art can also give us deeper insight into topics still important to contemporary society, such as Christianity, Islam, and other places of worship. It can put us in touch with our roots and our ancestors and how they viewed the wider world. ",612,,,,,,,cursor_leave
5,Wikipedia_Exp_14.04,Wikipedia_Exp_13.04,41,Male,sg_1776172728651_xarmvr,diffuse,2,,art_history,high-art-history,How do ancient works of art play a role in contemporary society?,answer_snapshot,2026-04-14T13:40:59.142Z,,,,,,,"Ancient works of art play an important role in modern society. One of the main roles of ancient art is to inspire and educate the public. This art sparks the imagination and raises our natural sense of wonder and curiosity. Ancient art can also educate us on ancient views of topics such as sexuality, homosexuality, and ancient attitudes to the naked human body. Ancient art can also give us deeper insight into topics still important to contemporary society, such as Christianity, Islam, and other places of worship. It can put us in touch with our roots and our ancestors and how they viewed the wider world. How ancient art changed throughout each historical period offers a unique insight into ",699,,,,,,,debounce
5,Wikipedia_Exp_14.04,Wikipedia_Exp_13.04,41,Male,sg_1776172728651_xarmvr,diffuse,2,,art_history,high-art-history,How do ancient works of art play a role in contemporary society?,answer_snapshot,2026-04-14T13:41:10.261Z,,,,,,,"Ancient works of art play an important role in modern society. One of the main roles of ancient art is to inspire and educate the public. This art sparks the imagination and raises our natural sense of wonder and curiosity. Ancient art can also educate us on ancient views of topics such as sexuality, homosexuality, and ancient attitudes to the naked human body. Ancient art can also give us deeper insight into topics still important to contemporary society, such as Christianity, Islam, and other places of worship. It can put us in touch with our roots and our ancestors and how they viewed the wider world. How ancient art changed throughout each historical period offers a unique insight into views and beliefs ",717,,,,,,,debounce
5,Wikipedia_Exp_14.04,Wikipedia_Exp_13.04,41,Male,sg_1776172728651_xarmvr,diffuse,2,,art_history,high-art-history,How do ancient works of art play a role in contemporary society?,answer_snapshot,2026-04-14T13:41:22.053Z,,,,,,,"Ancient works of art play an important role in modern society. One of the main roles of ancient art is to inspire and educate the public. This art sparks the imagination and raises our natural sense of wonder and curiosity. Ancient art can also educate us on ancient views of topics such as sexuality, homosexuality, and ancient attitudes to the naked human body. Ancient art can also give us deeper insight into topics still important to contemporary society, such as Christianity, Islam, and other places of worship. It can put us in touch with our roots and our ancestors and how they viewed the wider world. How ancient art changed throughout each historical period offers a unique insight into views and beliefs of the time, which gives us greater understanding ",767,,,,,,,debounce
5,Wikipedia_Exp_14.04,Wikipedia_Exp_13.04,41,Male,sg_1776172728651_xarmvr,diffuse,2,,art_history,high-art-history,How do ancient works of art play a role in contemporary society?,answer_snapshot,2026-04-14T13:41:31.963Z,,,,,,,"Ancient works of art play an important role in modern society. One of the main roles of ancient art is to inspire and educate the public. This art sparks the imagination and raises our natural sense of wonder and curiosity. Ancient art can also educate us on ancient views of topics such as sexuality, homosexuality, and ancient attitudes to the naked human body. Ancient art can also give us deeper insight into topics still important to contemporary society, such as Christianity, Islam, and other places of worship. It can put us in touch with our roots and our ancestors and how they viewed the wider world. How ancient art changed throughout each historical period offers a unique insight into views and beliefs of the time, which gives us greater understanding of our own history. ",787,,,,,,,debounce
5,Wikipedia_Exp_14.04,Wikipedia_Exp_13.04,41,Male,sg_1776172728651_xarmvr,diffuse,2,,art_history,high-art-history,How do ancient works of art play a role in contemporary society?,answer_snapshot_cursor_leave,2026-04-14T13:41:32.628Z,,,,,,,"Ancient works of art play an important role in modern society. One of the main roles of ancient art is to inspire and educate the public. This art sparks the imagination and raises our natural sense of wonder and curiosity. Ancient art can also educate us on ancient views of topics such as sexuality, homosexuality, and ancient attitudes to the naked human body. Ancient art can also give us deeper insight into topics still important to contemporary society, such as Christianity, Islam, and other places of worship. It can put us in touch with our roots and our ancestors and how they viewed the wider world. How ancient art changed throughout each historical period offers a unique insight into views and beliefs of the time, which gives us greater understanding of our own history. ",787,,,,,,,cursor_leave
5,Wikipedia_Exp_14.04,Wikipedia_Exp_13.04,41,Male,sg_1776172728651_xarmvr,diffuse,2,,art_history,high-art-history,How do ancient works of art play a role in contemporary society?,search,2026-04-14T13:41:45.050Z,,,,,,How do ancient works of art play a role in contemporary society?,,,,,,,,,
5,Wikipedia_Exp_14.04,Wikipedia_Exp_13.04,41,Male,sg_1776172728651_xarmvr,diffuse,2,,art_history,high-art-history,How do ancient works of art play a role in contemporary society?,answer_snapshot,2026-04-14T13:41:59.273Z,,,,,,,"Ancient works of art play an important role in modern society. One of the main roles of ancient art is to inspire and educate the public. This art sparks the imagination and raises our natural sense of wonder and curiosity. Ancient art can also educate us on ancient views of topics such as sexuality, homosexuality, and ancient attitudes to the naked human body. Ancient art can also give us deeper insight into topics still important to contemporary society, such as Christianity, Islam, and other places of worship. It can put us in touch with our roots and our ancestors and how they viewed the wider world. How ancient art changed throughout each historical period offers a unique insight into views and beliefs of the time, which gives us greater understanding of our own history. Overall, the biggest role that ancient ",826,,,,,,,debounce
5,Wikipedia_Exp_14.04,Wikipedia_Exp_13.04,41,Male,sg_1776172728651_xarmvr,diffuse,2,,art_history,high-art-history,How do ancient works of art play a role in contemporary society?,answer_snapshot,2026-04-14T13:42:04.027Z,,,,,,,"Ancient works of art play an important role in modern society. One of the main roles of ancient art is to inspire and educate the public. This art sparks the imagination and raises our natural sense of wonder and curiosity. Ancient art can also educate us on ancient views of topics such as sexuality, homosexuality, and ancient attitudes to the naked human body. Ancient art can also give us deeper insight into topics still important to contemporary society, such as Christianity, Islam, and other places of worship. It can put us in touch with our roots and our ancestors and how they viewed the wider world. How ancient art changed throughout each historical period offers a unique insight into views and beliefs of the time, which gives us greater understanding of our own history. Overall, the biggest role that ancient works of art ",839,,,,,,,debounce
5,Wikipedia_Exp_14.04,Wikipedia_Exp_13.04,41,Male,sg_1776172728651_xarmvr,diffuse,2,,art_history,high-art-history,How do ancient works of art play a role in contemporary society?,answer_snapshot,2026-04-14T13:42:22.863Z,,,,,,,"Ancient works of art play an important role in modern society. One of the main roles of ancient art is to inspire and educate the public. This art sparks the imagination and raises our natural sense of wonder and curiosity. Ancient art can also educate us on ancient views of topics such as sexuality, homosexuality, and ancient attitudes to the naked human body. Ancient art can also give us deeper insight into topics still important to contemporary society, such as Christianity, Islam, and other places of worship. It can put us in touch with our roots and our ancestors and how they viewed the wider world. How ancient art changed throughout each historical period offers a unique insight into views and beliefs of the time, which gives us greater understanding of our own history. Overall, the biggest role that ancient works of art play in contemporary society is one of inspiration. ",891,,,,,,,debounce
5,Wikipedia_Exp_14.04,Wikipedia_Exp_13.04,41,Male,sg_1776172728651_xarmvr,diffuse,2,,art_history,high-art-history,How do ancient works of art play a role in contemporary society?,answer_snapshot_cursor_leave,2026-04-14T13:42:26.269Z,,,,,,,"Ancient works of art play an important role in modern society. One of the main roles of ancient art is to inspire and educate the public. This art sparks the imagination and raises our natural sense of wonder and curiosity. Ancient art can also educate us on ancient views of topics such as sexuality, homosexuality, and ancient attitudes to the naked human body. Ancient art can also give us deeper insight into topics still important to contemporary society, such as Christianity, Islam, and other places of worship. It can put us in touch with our roots and our ancestors and how they viewed the wider world. How ancient art changed throughout each historical period offers a unique insight into views and beliefs of the time, which gives us greater understanding of our own history. Overall, the biggest role that ancient works of art play in contemporary society is one of inspiration. ",891,,,,,,,cursor_leave
5,Wikipedia_Exp_14.04,Wikipedia_Exp_13.04,41,Male,sg_1776172728651_xarmvr,diffuse,2,,art_history,high-art-history,How do ancient works of art play a role in contemporary society?,answer_snapshot_cursor_leave,2026-04-14T13:42:27.745Z,,,,,,,"Ancient works of art play an important role in modern society. One of the main roles of ancient art is to inspire and educate the public. This art sparks the imagination and raises our natural sense of wonder and curiosity. Ancient art can also educate us on ancient views of topics such as sexuality, homosexuality, and ancient attitudes to the naked human body. Ancient art can also give us deeper insight into topics still important to contemporary society, such as Christianity, Islam, and other places of worship. It can put us in touch with our roots and our ancestors and how they viewed the wider world. How ancient art changed throughout each historical period offers a unique insight into views and beliefs of the time, which gives us greater understanding of our own history. Overall, the biggest role that ancient works of art play in contemporary society is one of inspiration. ",891,,,,,,,cursor_leave
5,Wikipedia_Exp_14.04,Wikipedia_Exp_13.04,41,Male,sg_1776172728651_xarmvr,diffuse,2,,art_history,high-art-history,How do ancient works of art play a role in contemporary society?,answer_snapshot,2026-04-14T13:42:49.336Z,,,,,,,"Ancient works of art play an important role in modern society. One of the main roles of ancient art is to inspire and educate the public. This art sparks the imagination and raises our natural sense of wonder and curiosity. Ancient art can also educate us on ancient views of topics such as sexuality, homosexuality, and ancient attitudes to the naked human body. Ancient art can also give us deeper insight into topics still important to contemporary society, such as Christianity, Islam, and places of worship. It can put us in touch with our roots and our ancestors and how they viewed the wider world. How ancient art changed throughout each historical period offers a unique insight into views and beliefs of the time, which gives us greater understanding of our own history. Overall, the biggest role that ancient works of art play in contemporary society is one of inspiration. ",885,,,,,,,debounce
5,Wikipedia_Exp_14.04,Wikipedia_Exp_13.04,41,Male,sg_1776172728651_xarmvr,diffuse,2,,art_history,high-art-history,How do ancient works of art play a role in contemporary society?,answer_snapshot_cursor_leave,2026-04-14T13:42:59.366Z,,,,,,,"Ancient works of art play an important role in modern society. One of the main roles of ancient art is to inspire and educate the public. This art sparks the imagination and raises our natural sense of wonder and curiosity. Ancient art can also educate us on ancient views of topics such as sexuality, homosexuality, and ancient attitudes to the naked human body. Ancient art can also give us deeper insight into topics still important to contemporary society, such as Christianity, Islam, and places of worship. It can put us in touch with our roots and our ancestors and how they viewed the wider world. How ancient art changed throughout each historical period offers a unique insight into views and beliefs of the time, which gives us greater understanding of our own history. Overall, the biggest role that ancient works of art play in contemporary society is one of inspiration. ",885,,,,,,,cursor_leave
5,Wikipedia_Exp_14.04,Wikipedia_Exp_13.04,41,Male,sg_1776172728651_xarmvr,diffuse,2,,art_history,high-art-history,How do ancient works of art play a role in contemporary society?,answer_snapshot,2026-04-14T13:43:43.939Z,,,,,,,"Ancient works of art play an important role in modern society. One of the main roles of ancient art is to inspire and educate the public. This art sparks the imagination and raises our natural sense of wonder and curiosity. Ancient art can also educate us on ancient views of topics such as sexuality, homosexuality, and ancient attitudes to the naked human body. Ancient art can also give us deeper insight into topics still important to contemporary society, such as Christianity, Islam, and places of worship. It can put us in touch with our roots and our ancestors and how they viewed the wider world. How ancient art changed throughout each historical period offers a unique insight into views and beliefs of the time, which gives us greater understanding of our own history. Overall, the biggest role that ancient works of art play in contemporary society is one of inspiration. ",885,,,,,,,submit
5,Wikipedia_Exp_14.04,Wikipedia_Exp_13.04,41,Male,sg_1776172728651_xarmvr,diffuse,2,,art_history,high-art-history,How do ancient works of art play a role in contemporary society?,task_end,2026-04-14T13:43:43.939Z,,,,,,,,,"Ancient works of art play an important role in modern society. One of the main roles of ancient art is to inspire and educate the public. This art sparks the imagination and raises our natural sense of wonder and curiosity. Ancient art can also educate us on ancient views of topics such as sexuality, homosexuality, and ancient attitudes to the naked human body. Ancient art can also give us deeper insight into topics still important to contemporary society, such as Christianity, Islam, and places of worship. It can put us in touch with our roots and our ancestors and how they viewed the wider world. How ancient art changed throughout each historical period offers a unique insight into views and beliefs of the time, which gives us greater understanding of our own history. Overall, the biggest role that ancient works of art play in contemporary society is one of inspiration. ",885,,,,,
8,Wikipedia_Exp_14.04,Wikipedia_Exp_13.04,29,Male,sg_1776172775255_phz2jb,clumpy,0,1,practice,practice-capybaras,What do Capybaras eat?,attention_check_pass,2026-04-14T13:20:07.257Z,,,,,,,,,,,,,,,attempt_1
8,Wikipedia_Exp_14.04,Wikipedia_Exp_13.04,29,Male,sg_1776172775255_phz2jb,clumpy,0,1,practice,practice-capybaras,What do Capybaras eat?,familiarity_rating,2026-04-14T13:20:13.065Z,,,,,,,,,,,,,1,4,
8,Wikipedia_Exp_14.04,Wikipedia_Exp_13.04,29,Male,sg_1776172775255_phz2jb,clumpy,0,1,practice,practice-capybaras,What do Capybaras eat?,task_start,2026-04-14T13:20:13.122Z,,,,,,,,,,,,,,,
8,Wikipedia_Exp_14.04,Wikipedia_Exp_13.04,29,Male,sg_1776172775255_phz2jb,clumpy,0,1,practice,practice-capybaras,What do Capybaras eat?,article_open,2026-04-14T13:20:13.254Z,Capybara,Capybara,,4650,,,,,,,,,,,
8,Wikipedia_Exp_14.04,Wikipedia_Exp_13.04,29,Male,sg_1776172775255_phz2jb,clumpy,0,1,practice,practice-capybaras,What do Capybaras eat?,answer_snapshot,2026-04-14T13:20:29.228Z,,,,,,,The capybara ,13,,,,,,,debounce
8,Wikipedia_Exp_14.04,Wikipedia_Exp_13.04,29,Male,sg_1776172775255_phz2jb,clumpy,0,1,practice,practice-capybaras,What do Capybaras eat?,answer_snapshot,2026-04-14T13:20:34.543Z,,,,,,,The capybara is a herbivore,27,,,,,,,debounce
8,Wikipedia_Exp_14.04,Wikipedia_Exp_13.04,29,Male,sg_1776172775255_phz2jb,clumpy,0,1,practice,practice-capybaras,What do Capybaras eat?,answer_snapshot_cursor_leave,2026-04-14T13:20:35.982Z,,,,,,,The capybara is a herbivore,27,,,,,,,cursor_leave
8,Wikipedia_Exp_14.04,Wikipedia_Exp_13.04,29,Male,sg_1776172775255_phz2jb,clumpy,0,1,practice,practice-capybaras,What do Capybaras eat?,link_click,2026-04-14T13:20:38.351Z,Herbivore,,Capybara,,,,,,,,,,,,
8,Wikipedia_Exp_14.04,Wikipedia_Exp_13.04,29,Male,sg_1776172775255_phz2jb,clumpy,0,1,practice,practice-capybaras,What do Capybaras eat?,article_open,2026-04-14T13:20:40.379Z,Herbivore,Herbivore,,8051,link_click,,,,,,,,,,
8,Wikipedia_Exp_14.04,Wikipedia_Exp_13.04,29,Male,sg_1776172775255_phz2jb,clumpy,0,1,practice,practice-capybaras,What do Capybaras eat?,answer_snapshot,2026-04-14T13:20:51.119Z,,,,,,,"The capybara is a herbivore, ",29,,,,,,,debounce
8,Wikipedia_Exp_14.04,Wikipedia_Exp_13.04,29,Male,sg_1776172775255_phz2jb,clumpy,0,1,practice,practice-capybaras,What do Capybaras eat?,answer_snapshot,2026-04-14T13:21:17.899Z,,,,,,,"The capybara is a herbivore, meaning it is an animal that evolve to consume plant material",90,,,,,,,debounce
8,Wikipedia_Exp_14.04,Wikipedia_Exp_13.04,29,Male,sg_1776172775255_phz2jb,clumpy,0,1,practice,practice-capybaras,What do Capybaras eat?,answer_snapshot_cursor_leave,2026-04-14T13:21:41.436Z,,,,,,,"The capybara is a herbivore, meaning it is an animal that evolve to consume plant material",90,,,,,,,cursor_leave
8,Wikipedia_Exp_14.04,Wikipedia_Exp_13.04,29,Male,sg_1776172775255_phz2jb,clumpy,0,1,practice,practice-capybaras,What do Capybaras eat?,back_navigation,2026-04-14T13:21:42.028Z,Capybara,,Herbivore,,,,,,,,,,,,
8,Wikipedia_Exp_14.04,Wikipedia_Exp_13.04,29,Male,sg_1776172775255_phz2jb,clumpy,0,1,practice,practice-capybaras,What do Capybaras eat?,article_open,2026-04-14T13:21:42.131Z,Capybara,Capybara,,4650,back,,,,,,,,,,
8,Wikipedia_Exp_14.04,Wikipedia_Exp_13.04,29,Male,sg_1776172775255_phz2jb,clumpy,0,1,practice,practice-capybaras,What do Capybaras eat?,answer_snapshot,2026-04-14T13:22:03.676Z,,,,,,,"The capybara is a herbivore, meaning it is an animal that evolve to consume plant material. They graze mostly on grasses and aquatic plants",139,,,,,,,debounce
8,Wikipedia_Exp_14.04,Wikipedia_Exp_13.04,29,Male,sg_1776172775255_phz2jb,clumpy,0,1,practice,practice-capybaras,What do Capybaras eat?,answer_snapshot,2026-04-14T13:22:14.731Z,,,,,,,"The capybara is a herbivore, meaning it is an animal that evolve to consume plant material. They graze mostly on grasses and aquatic plants",139,,,,,,,debounce
8,Wikipedia_Exp_14.04,Wikipedia_Exp_13.04,29,Male,sg_1776172775255_phz2jb,clumpy,0,1,practice,practice-capybaras,What do Capybaras eat?,answer_snapshot,2026-04-14T13:22:28.392Z,,,,,,,"The capybara is a herbivore, meaning it is an animal that evolve to consume plant material. They graze mostly on grasses and aquatic plants, tree bark as well as fruit. ",169,,,,,,,debounce
8,Wikipedia_Exp_14.04,Wikipedia_Exp_13.04,29,Male,sg_1776172775255_phz2jb,clumpy,0,1,practice,practice-capybaras,What do Capybaras eat?,answer_snapshot,2026-04-14T13:23:50.597Z,,,,,,,"The capybara is a herbivore, meaning it is an animal that evolve to consume plant material. They graze mostly on grasses and aquatic plants, tree bark as well as fruit. Their jaw is not perpendicular, so they ",209,,,,,,,debounce
8,Wikipedia_Exp_14.04,Wikipedia_Exp_13.04,29,Male,sg_1776172775255_phz2jb,clumpy,0,1,practice,practice-capybaras,What do Capybaras eat?,answer_snapshot_cursor_leave,2026-04-14T13:24:17.621Z,,,,,,,"The capybara is a herbivore, meaning it is an animal that evolve to consume plant material. They graze mostly on grasses and aquatic plants, tree bark as well as fruit. Their jaw is not perpendicular, so they chew food by grinding their teeth side to side, as opposed to side to side. They are autocophagous, meaning the eat their own feces.",341,,,,,,,cursor_leave
8,Wikipedia_Exp_14.04,Wikipedia_Exp_13.04,29,Male,sg_1776172775255_phz2jb,clumpy,0,1,practice,practice-capybaras,What do Capybaras eat?,answer_snapshot,2026-04-14T13:24:17.684Z,,,,,,,"The capybara is a herbivore, meaning it is an animal that evolve to consume plant material. They graze mostly on grasses and aquatic plants, tree bark as well as fruit. Their jaw is not perpendicular, so they chew food by grinding their teeth side to side, as opposed to side to side. They are autocophagous, meaning the eat their own feces.",341,,,,,,,submit
8,Wikipedia_Exp_14.04,Wikipedia_Exp_13.04,29,Male,sg_1776172775255_phz2jb,clumpy,0,1,practice,practice-capybaras,What do Capybaras eat?,task_end,2026-04-14T13:24:17.684Z,,,,,,,,,"The capybara is a herbivore, meaning it is an animal that evolve to consume plant material. They graze mostly on grasses and aquatic plants, tree bark as well as fruit. Their jaw is not perpendicular, so they chew food by grinding their teeth side to side, as opposed to side to side. They are autocophagous, meaning the eat their own feces.",341,,,,,
8,Wikipedia_Exp_14.04,Wikipedia_Exp_13.04,29,Male,sg_1776172775255_phz2jb,clumpy,1,,psychology,high-psychology,What brain mechanisms help people make scientific discoveries?,familiarity_rating,2026-04-14T13:24:26.068Z,,,,,,,,,,,,,3,4,
8,Wikipedia_Exp_14.04,Wikipedia_Exp_13.04,29,Male,sg_1776172775255_phz2jb,clumpy,1,,psychology,high-psychology,What brain mechanisms help people make scientific discoveries?,task_start,2026-04-14T13:24:26.172Z,,,,,,,,,,,,,,,
8,Wikipedia_Exp_14.04,Wikipedia_Exp_13.04,29,Male,sg_1776172775255_phz2jb,clumpy,1,,psychology,high-psychology,What brain mechanisms help people make scientific discoveries?,search,2026-04-14T13:24:36.686Z,,,,,,brain mechani,,,,,,,,,
8,Wikipedia_Exp_14.04,Wikipedia_Exp_13.04,29,Male,sg_1776172775255_phz2jb,clumpy,1,,psychology,high-psychology,What brain mechanisms help people make scientific discoveries?,search,2026-04-14T13:24:38.311Z,,,,,,brain mechanisms,,,,,,,,,
8,Wikipedia_Exp_14.04,Wikipedia_Exp_13.04,29,Male,sg_1776172775255_phz2jb,clumpy,1,,psychology,high-psychology,What brain mechanisms help people make scientific discoveries?,article_open,2026-04-14T13:24:42.615Z,Neuroscience,Neuroscience,,11159,search,,,,,,,,,,
8,Wikipedia_Exp_14.04,Wikipedia_Exp_13.04,29,Male,sg_1776172775255_phz2jb,clumpy,1,,psychology,high-psychology,What brain mechanisms help people make scientific discoveries?,link_click,2026-04-14T13:25:11.683Z,List_of_biology_awards,,Neuroscience,,,,,,,,,,,,
8,Wikipedia_Exp_14.04,Wikipedia_Exp_13.04,29,Male,sg_1776172775255_phz2jb,clumpy,1,,psychology,high-psychology,What brain mechanisms help people make scientific discoveries?,article_open,2026-04-14T13:25:13.148Z,List_of_biology_awards,List of biology awards,,6973,link_click,,,,,,,,,,
8,Wikipedia_Exp_14.04,Wikipedia_Exp_13.04,29,Male,sg_1776172775255_phz2jb,clumpy,1,,psychology,high-psychology,What brain mechanisms help people make scientific discoveries?,search,2026-04-14T13:25:38.481Z,,,,,,brain ,,,,,,,,,
8,Wikipedia_Exp_14.04,Wikipedia_Exp_13.04,29,Male,sg_1776172775255_phz2jb,clumpy,1,,psychology,high-psychology,What brain mechanisms help people make scientific discoveries?,search,2026-04-14T13:25:41.242Z,,,,,,scien,,,,,,,,,
8,Wikipedia_Exp_14.04,Wikipedia_Exp_13.04,29,Male,sg_1776172775255_phz2jb,clumpy,1,,psychology,high-psychology,What brain mechanisms help people make scientific discoveries?,search,2026-04-14T13:25:42.706Z,,,,,,scientific d,,,,,,,,,
8,Wikipedia_Exp_14.04,Wikipedia_Exp_13.04,29,Male,sg_1776172775255_phz2jb,clumpy,1,,psychology,high-psychology,What brain mechanisms help people make scientific discoveries?,search,2026-04-14T13:25:44.416Z,,,,,,scientific discover,,,,,,,,,
8,Wikipedia_Exp_14.04,Wikipedia_Exp_13.04,29,Male,sg_1776172775255_phz2jb,clumpy,1,,psychology,high-psychology,What brain mechanisms help people make scientific discoveries?,search,2026-04-14T13:25:44.616Z,,,,,,scientific disv,,,,,,,,,
8,Wikipedia_Exp_14.04,Wikipedia_Exp_13.04,29,Male,sg_1776172775255_phz2jb,clumpy,1,,psychology,high-psychology,What brain mechanisms help people make scientific discoveries?,search,2026-04-14T13:25:46.156Z,,,,,,scientific discoveries,,,,,,,,,
8,Wikipedia_Exp_14.04,Wikipedia_Exp_13.04,29,Male,sg_1776172775255_phz2jb,clumpy,1,,psychology,high-psychology,What brain mechanisms help people make scientific discoveries?,article_open,2026-04-14T13:25:49.909Z,Discovery_(observation),Discovery (observation),,1723,search,,,,,,,,,,
8,Wikipedia_Exp_14.04,Wikipedia_Exp_13.04,29,Male,sg_1776172775255_phz2jb,clumpy,1,,psychology,high-psychology,What brain mechanisms help people make scientific discoveries?,answer_snapshot,2026-04-14T13:26:07.288Z,,,,,,,Discovery is the observation of new phenomena,45,,,,,,,debounce
8,Wikipedia_Exp_14.04,Wikipedia_Exp_13.04,29,Male,sg_1776172775255_phz2jb,clumpy,1,,psychology,high-psychology,What brain mechanisms help people make scientific discoveries?,answer_snapshot,2026-04-14T13:26:18.920Z,,,,,,,Discovery is the observation of new phenomena that help explain ,64,,,,,,,debounce
8,Wikipedia_Exp_14.04,Wikipedia_Exp_13.04,29,Male,sg_1776172775255_phz2jb,clumpy,1,,psychology,high-psychology,What brain mechanisms help people make scientific discoveries?,answer_snapshot,2026-04-14T13:26:34.987Z,,,,,,,Discovery is the observation of new phenomena.,46,,,,,,,debounce
8,Wikipedia_Exp_14.04,Wikipedia_Exp_13.04,29,Male,sg_1776172775255_phz2jb,clumpy,1,,psychology,high-psychology,What brain mechanisms help people make scientific discoveries?,answer_snapshot_cursor_leave,2026-04-14T13:27:04.003Z,,,,,,,Discovery is the observation of new phenomena.,46,,,,,,,cursor_leave
8,Wikipedia_Exp_14.04,Wikipedia_Exp_13.04,29,Male,sg_1776172775255_phz2jb,clumpy,1,,psychology,high-psychology,What brain mechanisms help people make scientific discoveries?,link_click,2026-04-14T13:27:04.080Z,Standard_deviation#Table,,Discovery_(observation),,,,,,,,,,,,
8,Wikipedia_Exp_14.04,Wikipedia_Exp_13.04,29,Male,sg_1776172775255_phz2jb,clumpy,1,,psychology,high-psychology,What brain mechanisms help people make scientific discoveries?,article_open,2026-04-14T13:27:05.798Z,Standard_deviation#Table,Standard deviation,,10216,link_click,,,,,,,,,,
8,Wikipedia_Exp_14.04,Wikipedia_Exp_13.04,29,Male,sg_1776172775255_phz2jb,clumpy,1,,psychology,high-psychology,What brain mechanisms help people make scientific discoveries?,answer_snapshot,2026-04-14T13:27:09.309Z,,,,,,,Discovery is the observation of new phenomena. ,47,,,,,,,debounce
8,Wikipedia_Exp_14.04,Wikipedia_Exp_13.04,29,Male,sg_1776172775255_phz2jb,clumpy,1,,psychology,high-psychology,What brain mechanisms help people make scientific discoveries?,answer_snapshot_cursor_leave,2026-04-14T13:27:11.548Z,,,,,,,Discovery is the observation of new phenomena. ,47,,,,,,,cursor_leave
8,Wikipedia_Exp_14.04,Wikipedia_Exp_13.04,29,Male,sg_1776172775255_phz2jb,clumpy,1,,psychology,high-psychology,What brain mechanisms help people make scientific discoveries?,back_navigation,2026-04-14T13:27:11.618Z,Discovery_(observation),,Standard_deviation#Table,,,,,,,,,,,,
8,Wikipedia_Exp_14.04,Wikipedia_Exp_13.04,29,Male,sg_1776172775255_phz2jb,clumpy,1,,psychology,high-psychology,What brain mechanisms help people make scientific discoveries?,article_open,2026-04-14T13:27:11.768Z,Discovery_(observation),Discovery (observation),,1723,back,,,,,,,,,,
8,Wikipedia_Exp_14.04,Wikipedia_Exp_13.04,29,Male,sg_1776172775255_phz2jb,clumpy,1,,psychology,high-psychology,What brain mechanisms help people make scientific discoveries?,back_navigation,2026-04-14T13:27:12.666Z,List_of_biology_awards,,Discovery_(observation),,,,,,,,,,,,
8,Wikipedia_Exp_14.04,Wikipedia_Exp_13.04,29,Male,sg_1776172775255_phz2jb,clumpy,1,,psychology,high-psychology,What brain mechanisms help people make scientific discoveries?,article_open,2026-04-14T13:27:12.848Z,List_of_biology_awards,List of biology awards,,6973,back,,,,,,,,,,
8,Wikipedia_Exp_14.04,Wikipedia_Exp_13.04,29,Male,sg_1776172775255_phz2jb,clumpy,1,,psychology,high-psychology,What brain mechanisms help people make scientific discoveries?,search,2026-04-14T13:27:19.309Z,,,,,,brain mechanisms,,,,,,,,,
8,Wikipedia_Exp_14.04,Wikipedia_Exp_13.04,29,Male,sg_1776172775255_phz2jb,clumpy,1,,psychology,high-psychology,What brain mechanisms help people make scientific discoveries?,search,2026-04-14T13:27:27.629Z,,,,,,brain mechanisms ,,,,,,,,,
8,Wikipedia_Exp_14.04,Wikipedia_Exp_13.04,29,Male,sg_1776172775255_phz2jb,clumpy,1,,psychology,high-psychology,What brain mechanisms help people make scientific discoveries?,search,2026-04-14T13:27:28.413Z,,,,,,brain mechanisms dis,,,,,,,,,
8,Wikipedia_Exp_14.04,Wikipedia_Exp_13.04,29,Male,sg_1776172775255_phz2jb,clumpy,1,,psychology,high-psychology,What brain mechanisms help people make scientific discoveries?,search,2026-04-14T13:27:29.717Z,,,,,,brain mechanisms discovery,,,,,,,,,
8,Wikipedia_Exp_14.04,Wikipedia_Exp_13.04,29,Male,sg_1776172775255_phz2jb,clumpy,1,,psychology,high-psychology,What brain mechanisms help people make scientific discoveries?,article_open,2026-04-14T13:27:34.296Z,Discovery_science,Discovery science,,2869,search,,,,,,,,,,
8,Wikipedia_Exp_14.04,Wikipedia_Exp_13.04,29,Male,sg_1776172775255_phz2jb,clumpy,1,,psychology,high-psychology,What brain mechanisms help people make scientific discoveries?,answer_snapshot_cursor_leave,2026-04-14T13:28:29.545Z,,,,,,,Discovery is the observation of new phenomena. ,47,,,,,,,cursor_leave
8,Wikipedia_Exp_14.04,Wikipedia_Exp_13.04,29,Male,sg_1776172775255_phz2jb,clumpy,1,,psychology,high-psychology,What brain mechanisms help people make scientific discoveries?,link_click,2026-04-14T13:28:29.627Z,Pathophysiology,,Discovery_science,,,,,,,,,,,,
8,Wikipedia_Exp_14.04,Wikipedia_Exp_13.04,29,Male,sg_1776172775255_phz2jb,clumpy,1,,psychology,high-psychology,What brain mechanisms help people make scientific discoveries?,article_open,2026-04-14T13:28:30.443Z,Pathophysiology,Pathophysiology,,3676,link_click,,,,,,,,,,
8,Wikipedia_Exp_14.04,Wikipedia_Exp_13.04,29,Male,sg_1776172775255_phz2jb,clumpy,1,,psychology,high-psychology,What brain mechanisms help people make scientific discoveries?,back_navigation,2026-04-14T13:28:36.233Z,Discovery_science,,Pathophysiology,,,,,,,,,,,,
8,Wikipedia_Exp_14.04,Wikipedia_Exp_13.04,29,Male,sg_1776172775255_phz2jb,clumpy,1,,psychology,high-psychology,What brain mechanisms help people make scientific discoveries?,article_open,2026-04-14T13:28:36.317Z,Discovery_science,Discovery science,,2869,back,,,,,,,,,,
8,Wikipedia_Exp_14.04,Wikipedia_Exp_13.04,29,Male,sg_1776172775255_phz2jb,clumpy,1,,psychology,high-psychology,What brain mechanisms help people make scientific discoveries?,answer_snapshot,2026-04-14T13:29:10.579Z,,,,,,,Discovery is the observation of new phenomena. Discovery science involes inductive reasoning or using observations to make generalisations. ,140,,,,,,,debounce
8,Wikipedia_Exp_14.04,Wikipedia_Exp_13.04,29,Male,sg_1776172775255_phz2jb,clumpy,1,,psychology,high-psychology,What brain mechanisms help people make scientific discoveries?,answer_snapshot_cursor_leave,2026-04-14T13:29:19.650Z,,,,,,,Discovery is the observation of new phenomena. Discovery science involes inductive reasoning or using observations to make generalisations. ,140,,,,,,,cursor_leave
8,Wikipedia_Exp_14.04,Wikipedia_Exp_13.04,29,Male,sg_1776172775255_phz2jb,clumpy,1,,psychology,high-psychology,What brain mechanisms help people make scientific discoveries?,link_click,2026-04-14T13:29:19.727Z,Pattern,,Discovery_science,,,,,,,,,,,,
8,Wikipedia_Exp_14.04,Wikipedia_Exp_13.04,29,Male,sg_1776172775255_phz2jb,clumpy,1,,psychology,high-psychology,What brain mechanisms help people make scientific discoveries?,article_open,2026-04-14T13:29:20.714Z,Pattern,Pattern,,3434,link_click,,,,,,,,,,
8,Wikipedia_Exp_14.04,Wikipedia_Exp_13.04,29,Male,sg_1776172775255_phz2jb,clumpy,1,,psychology,high-psychology,What brain mechanisms help people make scientific discoveries?,answer_snapshot,2026-04-14T13:30:12.642Z,,,,,,,Discovery is the observation of new phenomena. Discovery science involes inductive reasoning or using observations to make generalisations. Daniel Dennett's ,157,,,,,,,debounce
8,Wikipedia_Exp_14.04,Wikipedia_Exp_13.04,29,Male,sg_1776172775255_phz2jb,clumpy,1,,psychology,high-psychology,What brain mechanisms help people make scientific discoveries?,answer_snapshot,2026-04-14T13:30:28.204Z,,,,,,,Discovery is the observation of new phenomena. Discovery science involes inductive reasoning or using observations to make generalisations. Daniel Dennett's idea of real patters gives us an ontological framework,211,,,,,,,debounce
8,Wikipedia_Exp_14.04,Wikipedia_Exp_13.04,29,Male,sg_1776172775255_phz2jb,clumpy,1,,psychology,high-psychology,What brain mechanisms help people make scientific discoveries?,answer_snapshot,2026-04-14T13:30:48.411Z,,,,,,,Discovery is the observation of new phenomena. Discovery science involes inductive reasoning or using observations to make generalisations. Daniel Dennett's idea of real patters gives us an ontological framework that can discern the reality of patterns beyond mere human interpretation by exmaining their ,305,,,,,,,debounce
8,Wikipedia_Exp_14.04,Wikipedia_Exp_13.04,29,Male,sg_1776172775255_phz2jb,clumpy,1,,psychology,high-psychology,What brain mechanisms help people make scientific discoveries?,answer_snapshot,2026-04-14T13:30:56.367Z,,,,,,,Discovery is the observation of new phenomena. Discovery science involes inductive reasoning or using observations to make generalisations. Daniel Dennett's idea of real patters gives us an ontological framework that can discern the reality of patterns beyond mere human interpretation by prediciting ,301,,,,,,,debounce
8,Wikipedia_Exp_14.04,Wikipedia_Exp_13.04,29,Male,sg_1776172775255_phz2jb,clumpy,1,,psychology,high-psychology,What brain mechanisms help people make scientific discoveries?,answer_snapshot,2026-04-14T13:31:13.003Z,,,,,,,Discovery is the observation of new phenomena. Discovery science involes inductive reasoning or using observations to make generalisations. Daniel Dennett's idea of real patters gives us an ontological framework that can discern the reality of patterns beyond mere human interpretation by examining their predictive utility. ,325,,,,,,,debounce
8,Wikipedia_Exp_14.04,Wikipedia_Exp_13.04,29,Male,sg_1776172775255_phz2jb,clumpy,1,,psychology,high-psychology,What brain mechanisms help people make scientific discoveries?,answer_snapshot,2026-04-14T13:31:24.731Z,,,,,,,"Discovery is the observation of new phenomena. Discovery science involes inductive reasoning or using observations to make generalisations. Daniel Dennett's idea of real patters gives us an ontological framework that can discern the reality of patterns beyond mere human interpretation by examining their predictive utility. Simply, ",333,,,,,,,debounce
8,Wikipedia_Exp_14.04,Wikipedia_Exp_13.04,29,Male,sg_1776172775255_phz2jb,clumpy,1,,psychology,high-psychology,What brain mechanisms help people make scientific discoveries?,answer_snapshot,2026-04-14T13:31:39.904Z,,,,,,,"Discovery is the observation of new phenomena. Discovery science involes inductive reasoning or using observations to make generalisations. Daniel Dennett's idea of real patters gives us an ontological framework that can discern the reality of patterns beyond mere human interpretation by examining their predictive utility. Simply, a real pattern is something that allows for the prediction ",392,,,,,,,debounce
8,Wikipedia_Exp_14.04,Wikipedia_Exp_13.04,29,Male,sg_1776172775255_phz2jb,clumpy,1,,psychology,high-psychology,What brain mechanisms help people make scientific discoveries?,answer_snapshot,2026-04-14T13:31:44.439Z,,,,,,,"Discovery is the observation of new phenomena. Discovery science involes inductive reasoning or using observations to make generalisations. Daniel Dennett's idea of real patters gives us an ontological framework that can discern the reality of patterns beyond mere human interpretation by examining their predictive utility. Simply, a real pattern is something that allows for the prediction of ",395,,,,,,,debounce
8,Wikipedia_Exp_14.04,Wikipedia_Exp_13.04,29,Male,sg_1776172775255_phz2jb,clumpy,1,,psychology,high-psychology,What brain mechanisms help people make scientific discoveries?,answer_snapshot,2026-04-14T13:32:21.222Z,,,,,,,"Discovery is the observation of new phenomena. Discovery science involes inductive reasoning or using observations to make generalisations. Daniel Dennett's idea of real patters gives us an ontological framework that can discern the reality of patterns beyond mere human interpretation by examining their predictive utility. Simply, a real pattern is something that allows for prediction, like gravity, as it allows us to predict the movement of bodies such as the earth. ",472,,,,,,,debounce
8,Wikipedia_Exp_14.04,Wikipedia_Exp_13.04,29,Male,sg_1776172775255_phz2jb,clumpy,1,,psychology,high-psychology,What brain mechanisms help people make scientific discoveries?,answer_snapshot_cursor_leave,2026-04-14T13:32:30.186Z,,,,,,,"Discovery is the observation of new phenomena. Discovery science involes inductive reasoning or using observations to make generalisations. Daniel Dennett's idea of real patters gives us an ontological framework that can discern the reality of patterns beyond mere human interpretation by examining their predictive utility. Simply, a real pattern is something that allows for prediction, like gravity, as it allows us to predict the movement of bodies such as the earth. ",472,,,,,,,cursor_leave
8,Wikipedia_Exp_14.04,Wikipedia_Exp_13.04,29,Male,sg_1776172775255_phz2jb,clumpy,1,,psychology,high-psychology,What brain mechanisms help people make scientific discoveries?,link_click,2026-04-14T13:32:30.242Z,Pattern_theory,,Pattern,,,,,,,,,,,,
8,Wikipedia_Exp_14.04,Wikipedia_Exp_13.04,29,Male,sg_1776172775255_phz2jb,clumpy,1,,psychology,high-psychology,What brain mechanisms help people make scientific discoveries?,article_open,2026-04-14T13:32:30.739Z,Pattern_theory,Pattern theory,,467,link_click,,,,,,,,,,
8,Wikipedia_Exp_14.04,Wikipedia_Exp_13.04,29,Male,sg_1776172775255_phz2jb,clumpy,1,,psychology,high-psychology,What brain mechanisms help people make scientific discoveries?,article_open,2026-04-14T13:32:40.287Z,Brain_stimulation_reward,Brain stimulation reward,,6521,search,,,,,,,,,,
8,Wikipedia_Exp_14.04,Wikipedia_Exp_13.04,29,Male,sg_1776172775255_phz2jb,clumpy,1,,psychology,high-psychology,What brain mechanisms help people make scientific discoveries?,back_navigation,2026-04-14T13:32:53.665Z,Pattern_theory,,Brain_stimulation_reward,,,,,,,,,,,,
8,Wikipedia_Exp_14.04,Wikipedia_Exp_13.04,29,Male,sg_1776172775255_phz2jb,clumpy,1,,psychology,high-psychology,What brain mechanisms help people make scientific discoveries?,article_open,2026-04-14T13:32:53.738Z,Pattern_theory,Pattern theory,,467,back,,,,,,,,,,
8,Wikipedia_Exp_14.04,Wikipedia_Exp_13.04,29,Male,sg_1776172775255_phz2jb,clumpy,1,,psychology,high-psychology,What brain mechanisms help people make scientific discoveries?,back_navigation,2026-04-14T13:32:54.800Z,Pattern,,Pattern_theory,,,,,,,,,,,,
8,Wikipedia_Exp_14.04,Wikipedia_Exp_13.04,29,Male,sg_1776172775255_phz2jb,clumpy,1,,psychology,high-psychology,What brain mechanisms help people make scientific discoveries?,article_open,2026-04-14T13:32:54.911Z,Pattern,Pattern,,3434,back,,,,,,,,,,
8,Wikipedia_Exp_14.04,Wikipedia_Exp_13.04,29,Male,sg_1776172775255_phz2jb,clumpy,1,,psychology,high-psychology,What brain mechanisms help people make scientific discoveries?,back_navigation,2026-04-14T13:32:55.605Z,Discovery_science,,Pattern,,,,,,,,,,,,
8,Wikipedia_Exp_14.04,Wikipedia_Exp_13.04,29,Male,sg_1776172775255_phz2jb,clumpy,1,,psychology,high-psychology,What brain mechanisms help people make scientific discoveries?,article_open,2026-04-14T13:32:55.682Z,Discovery_science,Discovery science,,2869,back,,,,,,,,,,
8,Wikipedia_Exp_14.04,Wikipedia_Exp_13.04,29,Male,sg_1776172775255_phz2jb,clumpy,1,,psychology,high-psychology,What brain mechanisms help people make scientific discoveries?,back_navigation,2026-04-14T13:32:56.624Z,List_of_biology_awards,,Discovery_science,,,,,,,,,,,,
8,Wikipedia_Exp_14.04,Wikipedia_Exp_13.04,29,Male,sg_1776172775255_phz2jb,clumpy,1,,psychology,high-psychology,What brain mechanisms help people make scientific discoveries?,article_open,2026-04-14T13:32:56.743Z,List_of_biology_awards,List of biology awards,,6973,back,,,,,,,,,,
8,Wikipedia_Exp_14.04,Wikipedia_Exp_13.04,29,Male,sg_1776172775255_phz2jb,clumpy,1,,psychology,high-psychology,What brain mechanisms help people make scientific discoveries?,link_click,2026-04-14T13:33:06.709Z,History_of_biology,,List_of_biology_awards,,,,,,,,,,,,
8,Wikipedia_Exp_14.04,Wikipedia_Exp_13.04,29,Male,sg_1776172775255_phz2jb,clumpy,1,,psychology,high-psychology,What brain mechanisms help people make scientific discoveries?,article_open,2026-04-14T13:33:07.724Z,History_of_biology,History of biology,,12531,link_click,,,,,,,,,,
8,Wikipedia_Exp_14.04,Wikipedia_Exp_13.04,29,Male,sg_1776172775255_phz2jb,clumpy,1,,psychology,high-psychology,What brain mechanisms help people make scientific discoveries?,link_click,2026-04-14T13:33:15.332Z,Biology,,History_of_biology,,,,,,,,,,,,
8,Wikipedia_Exp_14.04,Wikipedia_Exp_13.04,29,Male,sg_1776172775255_phz2jb,clumpy,1,,psychology,high-psychology,What brain mechanisms help people make scientific discoveries?,article_open,2026-04-14T13:33:16.709Z,Biology,Biology,,5015,link_click,,,,,,,,,,
8,Wikipedia_Exp_14.04,Wikipedia_Exp_13.04,29,Male,sg_1776172775255_phz2jb,clumpy,1,,psychology,high-psychology,What brain mechanisms help people make scientific discoveries?,link_click,2026-04-14T13:33:22.285Z,Stimulus_(physiology),,Biology,,,,,,,,,,,,
8,Wikipedia_Exp_14.04,Wikipedia_Exp_13.04,29,Male,sg_1776172775255_phz2jb,clumpy,1,,psychology,high-psychology,What brain mechanisms help people make scientific discoveries?,article_open,2026-04-14T13:33:23.169Z,Stimulus_(physiology),Stimulus (physiology),,4596,link_click,,,,,,,,,,
8,Wikipedia_Exp_14.04,Wikipedia_Exp_13.04,29,Male,sg_1776172775255_phz2jb,clumpy,1,,psychology,high-psychology,What brain mechanisms help people make scientific discoveries?,link_click,2026-04-14T13:33:41.914Z,Neuroscience,,Stimulus_(physiology),,,,,,,,,,,,
8,Wikipedia_Exp_14.04,Wikipedia_Exp_13.04,29,Male,sg_1776172775255_phz2jb,clumpy,1,,psychology,high-psychology,What brain mechanisms help people make scientific discoveries?,article_open,2026-04-14T13:33:42.065Z,Neuroscience,Neuroscience,,11159,link_click,,,,,,,,,,
8,Wikipedia_Exp_14.04,Wikipedia_Exp_13.04,29,Male,sg_1776172775255_phz2jb,clumpy,1,,psychology,high-psychology,What brain mechanisms help people make scientific discoveries?,link_click,2026-04-14T13:33:46.895Z,Neuron,,Neuroscience,,,,,,,,,,,,
8,Wikipedia_Exp_14.04,Wikipedia_Exp_13.04,29,Male,sg_1776172775255_phz2jb,clumpy,1,,psychology,high-psychology,What brain mechanisms help people make scientific discoveries?,article_open,2026-04-14T13:33:48.178Z,Neuron,Neuron,,11030,link_click,,,,,,,,,,
8,Wikipedia_Exp_14.04,Wikipedia_Exp_13.04,29,Male,sg_1776172775255_phz2jb,clumpy,1,,psychology,high-psychology,What brain mechanisms help people make scientific discoveries?,answer_snapshot_cursor_leave,2026-04-14T13:34:35.762Z,,,,,,,"Discovery is the observation of new phenomena. Discovery science involes inductive reasoning or using observations to make generalisations. Daniel Dennett's idea of real patters gives us an ontological framework that can discern the reality of patterns beyond mere human interpretation by examining their predictive utility. Simply, a real pattern is something that allows for prediction, like gravity, as it allows us to predict the movement of bodies such as the earth. ",472,,,,,,,cursor_leave
8,Wikipedia_Exp_14.04,Wikipedia_Exp_13.04,29,Male,sg_1776172775255_phz2jb,clumpy,1,,psychology,high-psychology,What brain mechanisms help people make scientific discoveries?,answer_snapshot,2026-04-14T13:34:39.025Z,,,,,,,"Discovery is the observation of new phenomena. Discovery science involes inductive reasoning or using observations to make generalisations. Daniel Dennett's idea of real patters gives us an ontological framework that can discern the reality of patterns beyond mere human interpretation by examining their predictive utility. Simply, a real pattern is something that allows for prediction, like gravity, as it allows us to predict the movement of bodies such as the earth. ",472,,,,,,,submit
8,Wikipedia_Exp_14.04,Wikipedia_Exp_13.04,29,Male,sg_1776172775255_phz2jb,clumpy,1,,psychology,high-psychology,What brain mechanisms help people make scientific discoveries?,task_end,2026-04-14T13:34:39.025Z,,,,,,,,,"Discovery is the observation of new phenomena. Discovery science involes inductive reasoning or using observations to make generalisations. Daniel Dennett's idea of real patters gives us an ontological framework that can discern the reality of patterns beyond mere human interpretation by examining their predictive utility. Simply, a real pattern is something that allows for prediction, like gravity, as it allows us to predict the movement of bodies such as the earth. ",472,,,,,
8,Wikipedia_Exp_14.04,Wikipedia_Exp_13.04,29,Male,sg_1776172775255_phz2jb,clumpy,2,,art_history,high-art-history,How do ancient works of art play a role in contemporary society?,familiarity_rating,2026-04-14T13:34:49.510Z,,,,,,,,,,,,,1,1,
8,Wikipedia_Exp_14.04,Wikipedia_Exp_13.04,29,Male,sg_1776172775255_phz2jb,clumpy,2,,art_history,high-art-history,How do ancient works of art play a role in contemporary society?,task_start,2026-04-14T13:34:51.371Z,,,,,,,,,,,,,,,
8,Wikipedia_Exp_14.04,Wikipedia_Exp_13.04,29,Male,sg_1776172775255_phz2jb,clumpy,2,,art_history,high-art-history,How do ancient works of art play a role in contemporary society?,search,2026-04-14T13:35:00.282Z,,,,,,conte,,,,,,,,,
8,Wikipedia_Exp_14.04,Wikipedia_Exp_13.04,29,Male,sg_1776172775255_phz2jb,clumpy,2,,art_history,high-art-history,How do ancient works of art play a role in contemporary society?,search,2026-04-14T13:35:01.187Z,,,,,,contemp,,,,,,,,,
8,Wikipedia_Exp_14.04,Wikipedia_Exp_13.04,29,Male,sg_1776172775255_phz2jb,clumpy,2,,art_history,high-art-history,How do ancient works of art play a role in contemporary society?,search,2026-04-14T13:35:03.660Z,,,,,,contempor,,,,,,,,,
8,Wikipedia_Exp_14.04,Wikipedia_Exp_13.04,29,Male,sg_1776172775255_phz2jb,clumpy,2,,art_history,high-art-history,How do ancient works of art play a role in contemporary society?,search,2026-04-14T13:35:04.634Z,,,,,,contemporary so,,,,,,,,,
8,Wikipedia_Exp_14.04,Wikipedia_Exp_13.04,29,Male,sg_1776172775255_phz2jb,clumpy,2,,art_history,high-art-history,How do ancient works of art play a role in contemporary society?,search,2026-04-14T13:35:05.735Z,,,,,,contemporary society,,,,,,,,,
8,Wikipedia_Exp_14.04,Wikipedia_Exp_13.04,29,Male,sg_1776172775255_phz2jb,clumpy,2,,art_history,high-art-history,How do ancient works of art play a role in contemporary society?,article_open,2026-04-14T13:35:10.520Z,Contemporary_Art_Society,Contemporary Art Society,,2501,search,,,,,,,,,,
8,Wikipedia_Exp_14.04,Wikipedia_Exp_13.04,29,Male,sg_1776172775255_phz2jb,clumpy,2,,art_history,high-art-history,How do ancient works of art play a role in contemporary society?,search,2026-04-14T13:35:28.258Z,,,,,,con,,,,,,,,,
8,Wikipedia_Exp_14.04,Wikipedia_Exp_13.04,29,Male,sg_1776172775255_phz2jb,clumpy,2,,art_history,high-art-history,How do ancient works of art play a role in contemporary society?,search,2026-04-14T13:35:28.996Z,,,,,,contem,,,,,,,,,
8,Wikipedia_Exp_14.04,Wikipedia_Exp_13.04,29,Male,sg_1776172775255_phz2jb,clumpy,2,,art_history,high-art-history,How do ancient works of art play a role in contemporary society?,search,2026-04-14T13:35:29.527Z,,,,,,contemp,,,,,,,,,
8,Wikipedia_Exp_14.04,Wikipedia_Exp_13.04,29,Male,sg_1776172775255_phz2jb,clumpy,2,,art_history,high-art-history,How do ancient works of art play a role in contemporary society?,search,2026-04-14T13:35:30.831Z,,,,,,contemporary,,,,,,,,,
8,Wikipedia_Exp_14.04,Wikipedia_Exp_13.04,29,Male,sg_1776172775255_phz2jb,clumpy,2,,art_history,high-art-history,How do ancient works of art play a role in contemporary society?,article_open,2026-04-14T13:35:34.152Z,Contemporary_history,Contemporary history,,9713,search,,,,,,,,,,
8,Wikipedia_Exp_14.04,Wikipedia_Exp_13.04,29,Male,sg_1776172775255_phz2jb,clumpy,2,,art_history,high-art-history,How do ancient works of art play a role in contemporary society?,answer_snapshot,2026-04-14T13:36:05.507Z,,,,,,,Contemporary society refers ,28,,,,,,,debounce
8,Wikipedia_Exp_14.04,Wikipedia_Exp_13.04,29,Male,sg_1776172775255_phz2jb,clumpy,2,,art_history,high-art-history,How do ancient works of art play a role in contemporary society?,answer_snapshot,2026-04-14T13:36:12.904Z,,,,,,,Contemporary society refers to a subset of modern history that ,63,,,,,,,debounce
8,Wikipedia_Exp_14.04,Wikipedia_Exp_13.04,29,Male,sg_1776172775255_phz2jb,clumpy,2,,art_history,high-art-history,How do ancient works of art play a role in contemporary society?,answer_snapshot,2026-04-14T13:36:16.219Z,,,,,,,Contemporary society refers to a subset of modern history ,58,,,,,,,debounce
8,Wikipedia_Exp_14.04,Wikipedia_Exp_13.04,29,Male,sg_1776172775255_phz2jb,clumpy,2,,art_history,high-art-history,How do ancient works of art play a role in contemporary society?,answer_snapshot,2026-04-14T13:36:28.901Z,,,,,,,Contemporary society refers to a subset of modern history from about 1945 to the present. ,90,,,,,,,debounce
8,Wikipedia_Exp_14.04,Wikipedia_Exp_13.04,29,Male,sg_1776172775255_phz2jb,clumpy,2,,art_history,high-art-history,How do ancient works of art play a role in contemporary society?,answer_snapshot_cursor_leave,2026-04-14T13:36:40.920Z,,,,,,,Contemporary society refers to a subset of modern history from about 1945 to the present. ,90,,,,,,,cursor_leave
8,Wikipedia_Exp_14.04,Wikipedia_Exp_13.04,29,Male,sg_1776172775255_phz2jb,clumpy,2,,art_history,high-art-history,How do ancient works of art play a role in contemporary society?,link_click,2026-04-14T13:36:40.979Z,Sexual_revolution,,Contemporary_history,,,,,,,,,,,,
8,Wikipedia_Exp_14.04,Wikipedia_Exp_13.04,29,Male,sg_1776172775255_phz2jb,clumpy,2,,art_history,high-art-history,How do ancient works of art play a role in contemporary society?,article_open,2026-04-14T13:36:42.184Z,Sexual_revolution,Sexual revolution,,10195,link_click,,,,,,,,,,
8,Wikipedia_Exp_14.04,Wikipedia_Exp_13.04,29,Male,sg_1776172775255_phz2jb,clumpy,2,,art_history,high-art-history,How do ancient works of art play a role in contemporary society?,search,2026-04-14T13:37:22.650Z,,,,,,contemp,,,,,,,,,
8,Wikipedia_Exp_14.04,Wikipedia_Exp_13.04,29,Male,sg_1776172775255_phz2jb,clumpy,2,,art_history,high-art-history,How do ancient works of art play a role in contemporary society?,search,2026-04-14T13:37:25.004Z,,,,,,contemporary art,,,,,,,,,
8,Wikipedia_Exp_14.04,Wikipedia_Exp_13.04,29,Male,sg_1776172775255_phz2jb,clumpy,2,,art_history,high-art-history,How do ancient works of art play a role in contemporary society?,article_open,2026-04-14T13:37:31.553Z,Contemporary_art,Contemporary art,,4804,search,,,,,,,,,,
8,Wikipedia_Exp_14.04,Wikipedia_Exp_13.04,29,Male,sg_1776172775255_phz2jb,clumpy,2,,art_history,high-art-history,How do ancient works of art play a role in contemporary society?,answer_snapshot_cursor_leave,2026-04-14T13:37:46.758Z,,,,,,,Contemporary society refers to a subset of modern history from about 1945 to the present. ,90,,,,,,,cursor_leave
8,Wikipedia_Exp_14.04,Wikipedia_Exp_13.04,29,Male,sg_1776172775255_phz2jb,clumpy,2,,art_history,high-art-history,How do ancient works of art play a role in contemporary society?,search,2026-04-14T13:37:48.228Z,,,,,,anc,,,,,,,,,
8,Wikipedia_Exp_14.04,Wikipedia_Exp_13.04,29,Male,sg_1776172775255_phz2jb,clumpy,2,,art_history,high-art-history,How do ancient works of art play a role in contemporary society?,search,2026-04-14T13:37:48.988Z,,,,,,ancient,,,,,,,,,
8,Wikipedia_Exp_14.04,Wikipedia_Exp_13.04,29,Male,sg_1776172775255_phz2jb,clumpy,2,,art_history,high-art-history,How do ancient works of art play a role in contemporary society?,search,2026-04-14T13:37:52.679Z,,,,,,ancient art,,,,,,,,,
8,Wikipedia_Exp_14.04,Wikipedia_Exp_13.04,29,Male,sg_1776172775255_phz2jb,clumpy,2,,art_history,high-art-history,How do ancient works of art play a role in contemporary society?,article_open,2026-04-14T13:37:53.757Z,Ancient_art,Ancient art,,9179,search,,,,,,,,,,
8,Wikipedia_Exp_14.04,Wikipedia_Exp_13.04,29,Male,sg_1776172775255_phz2jb,clumpy,2,,art_history,high-art-history,How do ancient works of art play a role in contemporary society?,answer_snapshot,2026-04-14T13:39:17.907Z,,,,,,,Contemporary society refers to a subset of modern history from about 1945 to the present. Ancient,97,,,,,,,debounce
8,Wikipedia_Exp_14.04,Wikipedia_Exp_13.04,29,Male,sg_1776172775255_phz2jb,clumpy,2,,art_history,high-art-history,How do ancient works of art play a role in contemporary society?,answer_snapshot,2026-04-14T13:40:40.335Z,,,,,,,Contemporary society refers to a subset of modern history from about 1945 to the present. Ancient ,98,,,,,,,debounce
8,Wikipedia_Exp_14.04,Wikipedia_Exp_13.04,29,Male,sg_1776172775255_phz2jb,clumpy,2,,art_history,high-art-history,How do ancient works of art play a role in contemporary society?,answer_snapshot_cursor_leave,2026-04-14T13:40:45.281Z,,,,,,,Contemporary society refers to a subset of modern history from about 1945 to the present. Ancient ,98,,,,,,,cursor_leave
8,Wikipedia_Exp_14.04,Wikipedia_Exp_13.04,29,Male,sg_1776172775255_phz2jb,clumpy,2,,art_history,high-art-history,How do ancient works of art play a role in contemporary society?,search,2026-04-14T13:40:49.210Z,,,,,,modern impact of an,,,,,,,,,
8,Wikipedia_Exp_14.04,Wikipedia_Exp_13.04,29,Male,sg_1776172775255_phz2jb,clumpy,2,,art_history,high-art-history,How do ancient works of art play a role in contemporary society?,search,2026-04-14T13:40:50.789Z,,,,,,modern impact of ancei,,,,,,,,,
8,Wikipedia_Exp_14.04,Wikipedia_Exp_13.04,29,Male,sg_1776172775255_phz2jb,clumpy,2,,art_history,high-art-history,How do ancient works of art play a role in contemporary society?,search,2026-04-14T13:40:52.722Z,,,,,,modern impact of ancient art,,,,,,,,,
8,Wikipedia_Exp_14.04,Wikipedia_Exp_13.04,29,Male,sg_1776172775255_phz2jb,clumpy,2,,art_history,high-art-history,How do ancient works of art play a role in contemporary society?,answer_snapshot,2026-04-14T13:41:39.409Z,,,,,,,Contemporary society refers to a subset of modern history from about 1945 to the present. Ancient art ,102,,,,,,,debounce
8,Wikipedia_Exp_14.04,Wikipedia_Exp_13.04,29,Male,sg_1776172775255_phz2jb,clumpy,2,,art_history,high-art-history,How do ancient works of art play a role in contemporary society?,answer_snapshot,2026-04-14T13:41:51.210Z,,,,,,,Contemporary society refers to a subset of modern history from about 1945 to the present. Ancient art is ,105,,,,,,,debounce
8,Wikipedia_Exp_14.04,Wikipedia_Exp_13.04,29,Male,sg_1776172775255_phz2jb,clumpy,2,,art_history,high-art-history,How do ancient works of art play a role in contemporary society?,answer_snapshot,2026-04-14T13:41:59.127Z,,,,,,,Contemporary society refers to a subset of modern history from about 1945 to the present. Ancient art is the many types of art produced by ,139,,,,,,,debounce
8,Wikipedia_Exp_14.04,Wikipedia_Exp_13.04,29,Male,sg_1776172775255_phz2jb,clumpy,2,,art_history,high-art-history,How do ancient works of art play a role in contemporary society?,answer_snapshot,2026-04-14T13:42:04.986Z,,,,,,,Contemporary society refers to a subset of modern history from about 1945 to the present. Ancient art is the many types of art produced by ancient societies ,157,,,,,,,debounce
8,Wikipedia_Exp_14.04,Wikipedia_Exp_13.04,29,Male,sg_1776172775255_phz2jb,clumpy,2,,art_history,high-art-history,How do ancient works of art play a role in contemporary society?,answer_snapshot_cursor_leave,2026-04-14T13:42:09.366Z,,,,,,,Contemporary society refers to a subset of modern history from about 1945 to the present. Ancient art is the many types of art produced by ancient societies. ,158,,,,,,,cursor_leave
8,Wikipedia_Exp_14.04,Wikipedia_Exp_13.04,29,Male,sg_1776172775255_phz2jb,clumpy,2,,art_history,high-art-history,How do ancient works of art play a role in contemporary society?,search,2026-04-14T13:42:12.742Z,,,,,,ancient art,,,,,,,,,
8,Wikipedia_Exp_14.04,Wikipedia_Exp_13.04,29,Male,sg_1776172775255_phz2jb,clumpy,2,,art_history,high-art-history,How do ancient works of art play a role in contemporary society?,search,2026-04-14T13:42:21.916Z,,,,,,ancient ar,,,,,,,,,
8,Wikipedia_Exp_14.04,Wikipedia_Exp_13.04,29,Male,sg_1776172775255_phz2jb,clumpy,2,,art_history,high-art-history,How do ancient works of art play a role in contemporary society?,search,2026-04-14T13:42:29.300Z,,,,,,How do ancient works of art play a role in contemporary society,,,,,,,,,
8,Wikipedia_Exp_14.04,Wikipedia_Exp_13.04,29,Male,sg_1776172775255_phz2jb,clumpy,2,,art_history,high-art-history,How do ancient works of art play a role in contemporary society?,article_open,2026-04-14T13:42:31.319Z,Metropolitan_Museum_of_Art,Metropolitan Museum of Art,,25318,search,,,,,,,,,,
8,Wikipedia_Exp_14.04,Wikipedia_Exp_13.04,29,Male,sg_1776172775255_phz2jb,clumpy,2,,art_history,high-art-history,How do ancient works of art play a role in contemporary society?,answer_snapshot_cursor_leave,2026-04-14T13:43:24.038Z,,,,,,,Contemporary society refers to a subset of modern history from about 1945 to the present. Ancient art is the many types of art produced by ancient societies. ,158,,,,,,,cursor_leave
8,Wikipedia_Exp_14.04,Wikipedia_Exp_13.04,29,Male,sg_1776172775255_phz2jb,clumpy,2,,art_history,high-art-history,How do ancient works of art play a role in contemporary society?,search,2026-04-14T13:43:34.047Z,,,,,,an,,,,,,,,,
8,Wikipedia_Exp_14.04,Wikipedia_Exp_13.04,29,Male,sg_1776172775255_phz2jb,clumpy,2,,art_history,high-art-history,How do ancient works of art play a role in contemporary society?,search,2026-04-14T13:43:34.367Z,,,,,,ani,,,,,,,,,
8,Wikipedia_Exp_14.04,Wikipedia_Exp_13.04,29,Male,sg_1776172775255_phz2jb,clumpy,2,,art_history,high-art-history,How do ancient works of art play a role in contemporary society?,search,2026-04-14T13:43:35.377Z,,,,,,an,,,,,,,,,
8,Wikipedia_Exp_14.04,Wikipedia_Exp_13.04,29,Male,sg_1776172775255_phz2jb,clumpy,2,,art_history,high-art-history,How do ancient works of art play a role in contemporary society?,search,2026-04-14T13:43:37.401Z,,,,,,ancient art role,,,,,,,,,
8,Wikipedia_Exp_14.04,Wikipedia_Exp_13.04,29,Male,sg_1776172775255_phz2jb,clumpy,2,,art_history,high-art-history,How do ancient works of art play a role in contemporary society?,article_open,2026-04-14T13:43:55.133Z,Art_of_ancient_Egypt,Art of ancient Egypt,,21845,search,,,,,,,,,,
8,Wikipedia_Exp_14.04,Wikipedia_Exp_13.04,29,Male,sg_1776172775255_phz2jb,clumpy,2,,art_history,high-art-history,How do ancient works of art play a role in contemporary society?,answer_snapshot,2026-04-14T13:44:53.655Z,,,,,,,"Contemporary society refers to a subset of modern history from about 1945 to the present. Ancient art is the many types of art produced by ancient societies. To render a subject in art was to make it immortal, so the Egyptian art portrayed an idealised and unrealistic version of the world. ",291,,,,,,,debounce
8,Wikipedia_Exp_14.04,Wikipedia_Exp_13.04,29,Male,sg_1776172775255_phz2jb,clumpy,2,,art_history,high-art-history,How do ancient works of art play a role in contemporary society?,answer_snapshot_cursor_leave,2026-04-14T13:45:00.401Z,,,,,,,"Contemporary society refers to a subset of modern history from about 1945 to the present. Ancient art is the many types of art produced by ancient societies. To render a subject in art was to make it immortal, so the Egyptian art portrayed an idealised and unrealistic version of the world. I imagine this art inspires manyt",324,,,,,,,cursor_leave
8,Wikipedia_Exp_14.04,Wikipedia_Exp_13.04,29,Male,sg_1776172775255_phz2jb,clumpy,2,,art_history,high-art-history,How do ancient works of art play a role in contemporary society?,answer_snapshot,2026-04-14T13:45:02.074Z,,,,,,,"Contemporary society refers to a subset of modern history from about 1945 to the present. Ancient art is the many types of art produced by ancient societies. To render a subject in art was to make it immortal, so the Egyptian art portrayed an idealised and unrealistic version of the world. I imagine this art inspires manyt",324,,,,,,,submit
8,Wikipedia_Exp_14.04,Wikipedia_Exp_13.04,29,Male,sg_1776172775255_phz2jb,clumpy,2,,art_history,high-art-history,How do ancient works of art play a role in contemporary society?,task_end,2026-04-14T13:45:02.074Z,,,,,,,,,"Contemporary society refers to a subset of modern history from about 1945 to the present. Ancient art is the many types of art produced by ancient societies. To render a subject in art was to make it immortal, so the Egyptian art portrayed an idealised and unrealistic version of the world. I imagine this art inspires manyt",324,,,,,
10,Wikipedia_Exp_14.04,Wikipedia_Exp_13.04,27,Female,sg_1776173049411_uxap01,diffuse,0,1,practice,practice-capybaras,What do Capybaras eat?,attention_check_pass,2026-04-14T13:25:33.873Z,,,,,,,,,,,,,,,attempt_1
10,Wikipedia_Exp_14.04,Wikipedia_Exp_13.04,27,Female,sg_1776173049411_uxap01,diffuse,0,1,practice,practice-capybaras,What do Capybaras eat?,familiarity_rating,2026-04-14T13:25:40.844Z,,,,,,,,,,,,,1,2,
10,Wikipedia_Exp_14.04,Wikipedia_Exp_13.04,27,Female,sg_1776173049411_uxap01,diffuse,0,1,practice,practice-capybaras,What do Capybaras eat?,task_start,2026-04-14T13:25:40.946Z,,,,,,,,,,,,,,,
10,Wikipedia_Exp_14.04,Wikipedia_Exp_13.04,27,Female,sg_1776173049411_uxap01,diffuse,0,1,practice,practice-capybaras,What do Capybaras eat?,article_open,2026-04-14T13:25:41.335Z,Capybara,Capybara,,4650,,,,,,,,,,,
10,Wikipedia_Exp_14.04,Wikipedia_Exp_13.04,27,Female,sg_1776173049411_uxap01,diffuse,0,1,practice,practice-capybaras,What do Capybaras eat?,answer_snapshot,2026-04-14T13:26:55.966Z,,,,,,,Capybaras are berivores and graze mainly on grasses and acquatic plants as well as fruit and tree bark. They feed on the leaves of one species and disregard the other species surrounding it. ,191,,,,,,,debounce
10,Wikipedia_Exp_14.04,Wikipedia_Exp_13.04,27,Female,sg_1776173049411_uxap01,diffuse,0,1,practice,practice-capybaras,What do Capybaras eat?,answer_snapshot,2026-04-14T13:27:07.058Z,,,,,,,Capybaras are berivores and graze mainly on grasses and acquatic plants as well as fruit and tree bark. They feed on the leaves of one species and disregard the other species surrounding it. They eat grass during the wet season. ,229,,,,,,,debounce
10,Wikipedia_Exp_14.04,Wikipedia_Exp_13.04,27,Female,sg_1776173049411_uxap01,diffuse,0,1,practice,practice-capybaras,What do Capybaras eat?,answer_snapshot_cursor_leave,2026-04-14T13:27:19.111Z,,,,,,,Capybaras are herbivores and graze mainly on grasses and acquatic plants as well as fruit and tree bark. They feed on the leaves of one species and disregard the other species surrounding it. They eat grass during the wet season. ,230,,,,,,,cursor_leave
10,Wikipedia_Exp_14.04,Wikipedia_Exp_13.04,27,Female,sg_1776173049411_uxap01,diffuse,0,1,practice,practice-capybaras,What do Capybaras eat?,answer_snapshot,2026-04-14T13:27:19.190Z,,,,,,,Capybaras are herbivores and graze mainly on grasses and acquatic plants as well as fruit and tree bark. They feed on the leaves of one species and disregard the other species surrounding it. They eat grass during the wet season. ,230,,,,,,,submit
10,Wikipedia_Exp_14.04,Wikipedia_Exp_13.04,27,Female,sg_1776173049411_uxap01,diffuse,0,1,practice,practice-capybaras,What do Capybaras eat?,task_end,2026-04-14T13:27:19.190Z,,,,,,,,,Capybaras are herbivores and graze mainly on grasses and acquatic plants as well as fruit and tree bark. They feed on the leaves of one species and disregard the other species surrounding it. They eat grass during the wet season. ,230,,,,,
10,Wikipedia_Exp_14.04,Wikipedia_Exp_13.04,27,Female,sg_1776173049411_uxap01,diffuse,1,,psychology,high-psychology,What brain mechanisms help people make scientific discoveries?,familiarity_rating,2026-04-14T13:27:27.383Z,,,,,,,,,,,,,2,4,
10,Wikipedia_Exp_14.04,Wikipedia_Exp_13.04,27,Female,sg_1776173049411_uxap01,diffuse,1,,psychology,high-psychology,What brain mechanisms help people make scientific discoveries?,task_start,2026-04-14T13:27:27.461Z,,,,,,,,,,,,,,,
10,Wikipedia_Exp_14.04,Wikipedia_Exp_13.04,27,Female,sg_1776173049411_uxap01,diffuse,1,,psychology,high-psychology,What brain mechanisms help people make scientific discoveries?,search,2026-04-14T13:27:34.578Z,,,,,,w,,,,,,,,,
10,Wikipedia_Exp_14.04,Wikipedia_Exp_13.04,27,Female,sg_1776173049411_uxap01,diffuse,1,,psychology,high-psychology,What brain mechanisms help people make scientific discoveries?,search,2026-04-14T13:27:34.863Z,,,,,,wh,,,,,,,,,
10,Wikipedia_Exp_14.04,Wikipedia_Exp_13.04,27,Female,sg_1776173049411_uxap01,diffuse,1,,psychology,high-psychology,What brain mechanisms help people make scientific discoveries?,search,2026-04-14T13:27:36.342Z,,,,,,what ,,,,,,,,,
10,Wikipedia_Exp_14.04,Wikipedia_Exp_13.04,27,Female,sg_1776173049411_uxap01,diffuse,1,,psychology,high-psychology,What brain mechanisms help people make scientific discoveries?,search,2026-04-14T13:27:38.876Z,,,,,,what brain mech,,,,,,,,,
10,Wikipedia_Exp_14.04,Wikipedia_Exp_13.04,27,Female,sg_1776173049411_uxap01,diffuse,1,,psychology,high-psychology,What brain mechanisms help people make scientific discoveries?,search,2026-04-14T13:27:40.880Z,,,,,,what brain mecha,,,,,,,,,
10,Wikipedia_Exp_14.04,Wikipedia_Exp_13.04,27,Female,sg_1776173049411_uxap01,diffuse,1,,psychology,high-psychology,What brain mechanisms help people make scientific discoveries?,search,2026-04-14T13:27:41.390Z,,,,,,what brain mechan,,,,,,,,,
10,Wikipedia_Exp_14.04,Wikipedia_Exp_13.04,27,Female,sg_1776173049411_uxap01,diffuse,1,,psychology,high-psychology,What brain mechanisms help people make scientific discoveries?,search,2026-04-14T13:27:41.897Z,,,,,,what brain mechani,,,,,,,,,
10,Wikipedia_Exp_14.04,Wikipedia_Exp_13.04,27,Female,sg_1776173049411_uxap01,diffuse,1,,psychology,high-psychology,What brain mechanisms help people make scientific discoveries?,search,2026-04-14T13:27:46.568Z,,,,,,what brain mechanisms help people make scienti,,,,,,,,,
10,Wikipedia_Exp_14.04,Wikipedia_Exp_13.04,27,Female,sg_1776173049411_uxap01,diffuse,1,,psychology,high-psychology,What brain mechanisms help people make scientific discoveries?,search,2026-04-14T13:27:47.577Z,,,,,,what brain mechanisms help people make scientific ,,,,,,,,,
10,Wikipedia_Exp_14.04,Wikipedia_Exp_13.04,27,Female,sg_1776173049411_uxap01,diffuse,1,,psychology,high-psychology,What brain mechanisms help people make scientific discoveries?,search,2026-04-14T13:27:48.597Z,,,,,,what brain mechanisms help people make scientific discoe,,,,,,,,,
10,Wikipedia_Exp_14.04,Wikipedia_Exp_13.04,27,Female,sg_1776173049411_uxap01,diffuse,1,,psychology,high-psychology,What brain mechanisms help people make scientific discoveries?,search,2026-04-14T13:27:49.249Z,,,,,,what brain mechanisms help people make scientific discove,,,,,,,,,
10,Wikipedia_Exp_14.04,Wikipedia_Exp_13.04,27,Female,sg_1776173049411_uxap01,diffuse,1,,psychology,high-psychology,What brain mechanisms help people make scientific discoveries?,search,2026-04-14T13:27:50.478Z,,,,,,what brain mechanisms help people make scientific discoveries,,,,,,,,,
10,Wikipedia_Exp_14.04,Wikipedia_Exp_13.04,27,Female,sg_1776173049411_uxap01,diffuse,1,,psychology,high-psychology,What brain mechanisms help people make scientific discoveries?,search,2026-04-14T13:27:51.170Z,,,,,,what brain mechanisms help people make scientific discoveries,,,,,,,,,
10,Wikipedia_Exp_14.04,Wikipedia_Exp_13.04,27,Female,sg_1776173049411_uxap01,diffuse,1,,psychology,high-psychology,What brain mechanisms help people make scientific discoveries?,article_open,2026-04-14T13:27:52.403Z,Role_of_chance_in_scientific_discoveries,Role of chance in scientific discoveries,,2029,search,,,,,,,,,,
10,Wikipedia_Exp_14.04,Wikipedia_Exp_13.04,27,Female,sg_1776173049411_uxap01,diffuse,1,,psychology,high-psychology,What brain mechanisms help people make scientific discoveries?,article_open,2026-04-14T13:27:59.394Z,Quantum_mind,Quantum mind,,9567,search,,,,,,,,,,
10,Wikipedia_Exp_14.04,Wikipedia_Exp_13.04,27,Female,sg_1776173049411_uxap01,diffuse,1,,psychology,high-psychology,What brain mechanisms help people make scientific discoveries?,article_open,2026-04-14T13:28:14.682Z,Role_of_chance_in_scientific_discoveries,Role of chance in scientific discoveries,,2029,search,,,,,,,,,,
10,Wikipedia_Exp_14.04,Wikipedia_Exp_13.04,27,Female,sg_1776173049411_uxap01,diffuse,1,,psychology,high-psychology,What brain mechanisms help people make scientific discoveries?,answer_snapshot,2026-04-14T13:28:45.138Z,,,,,,,Unexpected findings ,20,,,,,,,debounce
10,Wikipedia_Exp_14.04,Wikipedia_Exp_13.04,27,Female,sg_1776173049411_uxap01,diffuse,1,,psychology,high-psychology,What brain mechanisms help people make scientific discoveries?,answer_snapshot,2026-04-14T13:29:50.920Z,,,,,,,"Unexpected findings during investigations were found to activate the prefrontal cortex as well as the left hemisphere in general. This suggests that unexpected findings provoke more attention, and the brain applies more linguistic, conscious systems to help explain those findings. ",282,,,,,,,debounce
10,Wikipedia_Exp_14.04,Wikipedia_Exp_13.04,27,Female,sg_1776173049411_uxap01,diffuse,1,,psychology,high-psychology,What brain mechanisms help people make scientific discoveries?,answer_snapshot_cursor_leave,2026-04-14T13:30:03.495Z,,,,,,,"Unexpected findings during investigations were found to activate the prefrontal cortex as well as the left hemisphere in general. This suggests that unexpected findings provoke more attention, and the brain applies more linguistic, conscious systems to help explain those findings. ",282,,,,,,,cursor_leave
10,Wikipedia_Exp_14.04,Wikipedia_Exp_13.04,27,Female,sg_1776173049411_uxap01,diffuse,1,,psychology,high-psychology,What brain mechanisms help people make scientific discoveries?,link_click,2026-04-14T13:30:03.556Z,Discovery_(observation),,Role_of_chance_in_scientific_discoveries,,,,,,,,,,,,
10,Wikipedia_Exp_14.04,Wikipedia_Exp_13.04,27,Female,sg_1776173049411_uxap01,diffuse,1,,psychology,high-psychology,What brain mechanisms help people make scientific discoveries?,article_open,2026-04-14T13:30:03.724Z,Discovery_(observation),Discovery (observation),,1723,link_click,,,,,,,,,,
10,Wikipedia_Exp_14.04,Wikipedia_Exp_13.04,27,Female,sg_1776173049411_uxap01,diffuse,1,,psychology,high-psychology,What brain mechanisms help people make scientific discoveries?,article_open,2026-04-14T13:30:33.544Z,Human_brain,Human brain,,25482,search,,,,,,,,,,
10,Wikipedia_Exp_14.04,Wikipedia_Exp_13.04,27,Female,sg_1776173049411_uxap01,diffuse,1,,psychology,high-psychology,What brain mechanisms help people make scientific discoveries?,search,2026-04-14T13:35:03.358Z,,,,,,sc,,,,,,,,,
10,Wikipedia_Exp_14.04,Wikipedia_Exp_13.04,27,Female,sg_1776173049411_uxap01,diffuse,1,,psychology,high-psychology,What brain mechanisms help people make scientific discoveries?,search,2026-04-14T13:35:04.210Z,,,,,,scientif ,,,,,,,,,
10,Wikipedia_Exp_14.04,Wikipedia_Exp_13.04,27,Female,sg_1776173049411_uxap01,diffuse,1,,psychology,high-psychology,What brain mechanisms help people make scientific discoveries?,search,2026-04-14T13:35:06.618Z,,,,,,scientific discoveries,,,,,,,,,
10,Wikipedia_Exp_14.04,Wikipedia_Exp_13.04,27,Female,sg_1776173049411_uxap01,diffuse,1,,psychology,high-psychology,What brain mechanisms help people make scientific discoveries?,article_open,2026-04-14T13:35:09.343Z,Discovery_(observation),Discovery (observation),,1723,search,,,,,,,,,,
10,Wikipedia_Exp_14.04,Wikipedia_Exp_13.04,27,Female,sg_1776173049411_uxap01,diffuse,1,,psychology,high-psychology,What brain mechanisms help people make scientific discoveries?,article_open,2026-04-14T13:35:48.482Z,Timeline_of_scientific_discoveries,Timeline of scientific discoveries,,11933,search,,,,,,,,,,
10,Wikipedia_Exp_14.04,Wikipedia_Exp_13.04,27,Female,sg_1776173049411_uxap01,diffuse,1,,psychology,high-psychology,What brain mechanisms help people make scientific discoveries?,article_open,2026-04-14T13:35:55.733Z,The_Logic_of_Scientific_Discovery,The Logic of Scientific Discovery,,1167,search,,,,,,,,,,
10,Wikipedia_Exp_14.04,Wikipedia_Exp_13.04,27,Female,sg_1776173049411_uxap01,diffuse,1,,psychology,high-psychology,What brain mechanisms help people make scientific discoveries?,answer_snapshot,2026-04-14T13:37:34.487Z,,,,,,,"Unexpected findings during investigations were found to activate the prefrontal cortex as well as the left hemisphere in general. This suggests that unexpected findings provoke more attention, and the brain applies more linguistic, conscious systems to help explain those findings. ",282,,,,,,,submit
10,Wikipedia_Exp_14.04,Wikipedia_Exp_13.04,27,Female,sg_1776173049411_uxap01,diffuse,1,,psychology,high-psychology,What brain mechanisms help people make scientific discoveries?,task_end,2026-04-14T13:37:34.488Z,,,,,,,,,"Unexpected findings during investigations were found to activate the prefrontal cortex as well as the left hemisphere in general. This suggests that unexpected findings provoke more attention, and the brain applies more linguistic, conscious systems to help explain those findings. ",282,,,,,
10,Wikipedia_Exp_14.04,Wikipedia_Exp_13.04,27,Female,sg_1776173049411_uxap01,diffuse,2,,art_history,high-art-history,How do ancient works of art play a role in contemporary society?,familiarity_rating,2026-04-14T13:37:42.577Z,,,,,,,,,,,,,1,1,
10,Wikipedia_Exp_14.04,Wikipedia_Exp_13.04,27,Female,sg_1776173049411_uxap01,diffuse,2,,art_history,high-art-history,How do ancient works of art play a role in contemporary society?,task_start,2026-04-14T13:37:42.723Z,,,,,,,,,,,,,,,
10,Wikipedia_Exp_14.04,Wikipedia_Exp_13.04,27,Female,sg_1776173049411_uxap01,diffuse,2,,art_history,high-art-history,How do ancient works of art play a role in contemporary society?,search,2026-04-14T13:37:46.145Z,,,,,,aci,,,,,,,,,
10,Wikipedia_Exp_14.04,Wikipedia_Exp_13.04,27,Female,sg_1776173049411_uxap01,diffuse,2,,art_history,high-art-history,How do ancient works of art play a role in contemporary society?,search,2026-04-14T13:37:46.875Z,,,,,,acient ,,,,,,,,,
10,Wikipedia_Exp_14.04,Wikipedia_Exp_13.04,27,Female,sg_1776173049411_uxap01,diffuse,2,,art_history,high-art-history,How do ancient works of art play a role in contemporary society?,search,2026-04-14T13:37:48.210Z,,,,,,acn,,,,,,,,,
10,Wikipedia_Exp_14.04,Wikipedia_Exp_13.04,27,Female,sg_1776173049411_uxap01,diffuse,2,,art_history,high-art-history,How do ancient works of art play a role in contemporary society?,search,2026-04-14T13:37:51.120Z,,,,,,ancient works of art ,,,,,,,,,
10,Wikipedia_Exp_14.04,Wikipedia_Exp_13.04,27,Female,sg_1776173049411_uxap01,diffuse,2,,art_history,high-art-history,How do ancient works of art play a role in contemporary society?,search,2026-04-14T13:37:52.977Z,,,,,,ancient works of art contemporar,,,,,,,,,
10,Wikipedia_Exp_14.04,Wikipedia_Exp_13.04,27,Female,sg_1776173049411_uxap01,diffuse,2,,art_history,high-art-history,How do ancient works of art play a role in contemporary society?,search,2026-04-14T13:37:53.703Z,,,,,,ancient works of art contemporary ,,,,,,,,,
10,Wikipedia_Exp_14.04,Wikipedia_Exp_13.04,27,Female,sg_1776173049411_uxap01,diffuse,2,,art_history,high-art-history,How do ancient works of art play a role in contemporary society?,search,2026-04-14T13:37:54.299Z,,,,,,ancient works of art contemporary sc,,,,,,,,,
10,Wikipedia_Exp_14.04,Wikipedia_Exp_13.04,27,Female,sg_1776173049411_uxap01,diffuse,2,,art_history,high-art-history,How do ancient works of art play a role in contemporary society?,search,2026-04-14T13:37:55.794Z,,,,,,ancient works of art contemporary society,,,,,,,,,
10,Wikipedia_Exp_14.04,Wikipedia_Exp_13.04,27,Female,sg_1776173049411_uxap01,diffuse,2,,art_history,high-art-history,How do ancient works of art play a role in contemporary society?,article_open,2026-04-14T13:37:57.679Z,Ancient_art,Ancient art,,9179,search,,,,,,,,,,
10,Wikipedia_Exp_14.04,Wikipedia_Exp_13.04,27,Female,sg_1776173049411_uxap01,diffuse,2,,art_history,high-art-history,How do ancient works of art play a role in contemporary society?,search,2026-04-14T13:38:41.588Z,,,,,,ancient works of ar,,,,,,,,,
10,Wikipedia_Exp_14.04,Wikipedia_Exp_13.04,27,Female,sg_1776173049411_uxap01,diffuse,2,,art_history,high-art-history,How do ancient works of art play a role in contemporary society?,search,2026-04-14T13:38:42.003Z,,,,,,ancient works of art,,,,,,,,,
10,Wikipedia_Exp_14.04,Wikipedia_Exp_13.04,27,Female,sg_1776173049411_uxap01,diffuse,2,,art_history,high-art-history,How do ancient works of art play a role in contemporary society?,answer_snapshot_cursor_leave,2026-04-14T13:40:29.673Z,,,,,,,Many of these ancient arts are still open to viewing by the public in contemporary society and many people often travel to view these pieces of art. ,149,,,,,,,cursor_leave
10,Wikipedia_Exp_14.04,Wikipedia_Exp_13.04,27,Female,sg_1776173049411_uxap01,diffuse,2,,art_history,high-art-history,How do ancient works of art play a role in contemporary society?,search,2026-04-14T13:40:32.248Z,,,,,,a,,,,,,,,,
10,Wikipedia_Exp_14.04,Wikipedia_Exp_13.04,27,Female,sg_1776173049411_uxap01,diffuse,2,,art_history,high-art-history,How do ancient works of art play a role in contemporary society?,search,2026-04-14T13:40:32.521Z,,,,,,art b,,,,,,,,,
10,Wikipedia_Exp_14.04,Wikipedia_Exp_13.04,27,Female,sg_1776173049411_uxap01,diffuse,2,,art_history,high-art-history,How do ancient works of art play a role in contemporary society?,search,2026-04-14T13:40:37.989Z,,,,,,art contempor,,,,,,,,,
10,Wikipedia_Exp_14.04,Wikipedia_Exp_13.04,27,Female,sg_1776173049411_uxap01,diffuse,2,,art_history,high-art-history,How do ancient works of art play a role in contemporary society?,search,2026-04-14T13:40:39.378Z,,,,,,art contemporary society,,,,,,,,,
10,Wikipedia_Exp_14.04,Wikipedia_Exp_13.04,27,Female,sg_1776173049411_uxap01,diffuse,2,,art_history,high-art-history,How do ancient works of art play a role in contemporary society?,article_open,2026-04-14T13:40:42.254Z,Contemporary_art,Contemporary art,,4804,search,,,,,,,,,,
10,Wikipedia_Exp_14.04,Wikipedia_Exp_13.04,27,Female,sg_1776173049411_uxap01,diffuse,2,,art_history,high-art-history,How do ancient works of art play a role in contemporary society?,answer_snapshot,2026-04-14T13:41:33.534Z,,,,,,,"Many of these ancient arts are still open to viewing by the public in contemporary society and many people often travel to view these pieces of art. Many contemporary art pieces are a dynamic combination of materials, methods, concepts and subjects from different eras - they challenged boundaries. ",299,,,,,,,debounce
10,Wikipedia_Exp_14.04,Wikipedia_Exp_13.04,27,Female,sg_1776173049411_uxap01,diffuse,2,,art_history,high-art-history,How do ancient works of art play a role in contemporary society?,answer_snapshot_cursor_leave,2026-04-14T13:41:46.781Z,,,,,,,"Many of these ancient arts are still open to viewing by the public in contemporary society and many people often travel to view these pieces of art. Many contemporary art pieces are a dynamic combination of materials, methods, concepts and subjects from different eras - they challenged boundaries. ",299,,,,,,,cursor_leave
10,Wikipedia_Exp_14.04,Wikipedia_Exp_13.04,27,Female,sg_1776173049411_uxap01,diffuse,2,,art_history,high-art-history,How do ancient works of art play a role in contemporary society?,search,2026-04-14T13:42:00.506Z,,,,,,c,,,,,,,,,
10,Wikipedia_Exp_14.04,Wikipedia_Exp_13.04,27,Female,sg_1776173049411_uxap01,diffuse,2,,art_history,high-art-history,How do ancient works of art play a role in contemporary society?,search,2026-04-14T13:42:00.925Z,,,,,,con,,,,,,,,,
10,Wikipedia_Exp_14.04,Wikipedia_Exp_13.04,27,Female,sg_1776173049411_uxap01,diffuse,2,,art_history,high-art-history,How do ancient works of art play a role in contemporary society?,search,2026-04-14T13:42:01.477Z,,,,,,conte,,,,,,,,,
10,Wikipedia_Exp_14.04,Wikipedia_Exp_13.04,27,Female,sg_1776173049411_uxap01,diffuse,2,,art_history,high-art-history,How do ancient works of art play a role in contemporary society?,search,2026-04-14T13:42:02.514Z,,,,,,contem,,,,,,,,,
10,Wikipedia_Exp_14.04,Wikipedia_Exp_13.04,27,Female,sg_1776173049411_uxap01,diffuse,2,,art_history,high-art-history,How do ancient works of art play a role in contemporary society?,search,2026-04-14T13:42:04.576Z,,,,,,contempo,,,,,,,,,
10,Wikipedia_Exp_14.04,Wikipedia_Exp_13.04,27,Female,sg_1776173049411_uxap01,diffuse,2,,art_history,high-art-history,How do ancient works of art play a role in contemporary society?,search,2026-04-14T13:42:05.220Z,,,,,,contempora,,,,,,,,,
10,Wikipedia_Exp_14.04,Wikipedia_Exp_13.04,27,Female,sg_1776173049411_uxap01,diffuse,2,,art_history,high-art-history,How do ancient works of art play a role in contemporary society?,search,2026-04-14T13:42:06.231Z,,,,,,contemporary ,,,,,,,,,
10,Wikipedia_Exp_14.04,Wikipedia_Exp_13.04,27,Female,sg_1776173049411_uxap01,diffuse,2,,art_history,high-art-history,How do ancient works of art play a role in contemporary society?,search,2026-04-14T13:42:07.694Z,,,,,,contemporary s,,,,,,,,,
10,Wikipedia_Exp_14.04,Wikipedia_Exp_13.04,27,Female,sg_1776173049411_uxap01,diffuse,2,,art_history,high-art-history,How do ancient works of art play a role in contemporary society?,search,2026-04-14T13:42:08.330Z,,,,,,contemporary so,,,,,,,,,
10,Wikipedia_Exp_14.04,Wikipedia_Exp_13.04,27,Female,sg_1776173049411_uxap01,diffuse,2,,art_history,high-art-history,How do ancient works of art play a role in contemporary society?,search,2026-04-14T13:42:08.580Z,,,,,,contemporary sov,,,,,,,,,
10,Wikipedia_Exp_14.04,Wikipedia_Exp_13.04,27,Female,sg_1776173049411_uxap01,diffuse,2,,art_history,high-art-history,How do ancient works of art play a role in contemporary society?,search,2026-04-14T13:42:09.351Z,,,,,,contemporary so,,,,,,,,,
10,Wikipedia_Exp_14.04,Wikipedia_Exp_13.04,27,Female,sg_1776173049411_uxap01,diffuse,2,,art_history,high-art-history,How do ancient works of art play a role in contemporary society?,search,2026-04-14T13:42:09.713Z,,,,,,contemporary soc,,,,,,,,,
10,Wikipedia_Exp_14.04,Wikipedia_Exp_13.04,27,Female,sg_1776173049411_uxap01,diffuse,2,,art_history,high-art-history,How do ancient works of art play a role in contemporary society?,search,2026-04-14T13:42:10.164Z,,,,,,contemporary soci,,,,,,,,,
10,Wikipedia_Exp_14.04,Wikipedia_Exp_13.04,27,Female,sg_1776173049411_uxap01,diffuse,2,,art_history,high-art-history,How do ancient works of art play a role in contemporary society?,search,2026-04-14T13:42:10.570Z,,,,,,contemporary socie,,,,,,,,,
10,Wikipedia_Exp_14.04,Wikipedia_Exp_13.04,27,Female,sg_1776173049411_uxap01,diffuse,2,,art_history,high-art-history,How do ancient works of art play a role in contemporary society?,search,2026-04-14T13:42:11.409Z,,,,,,contemporary society,,,,,,,,,
10,Wikipedia_Exp_14.04,Wikipedia_Exp_13.04,27,Female,sg_1776173049411_uxap01,diffuse,2,,art_history,high-art-history,How do ancient works of art play a role in contemporary society?,search,2026-04-14T13:42:12.680Z,,,,,,contemporary society,,,,,,,,,
10,Wikipedia_Exp_14.04,Wikipedia_Exp_13.04,27,Female,sg_1776173049411_uxap01,diffuse,2,,art_history,high-art-history,How do ancient works of art play a role in contemporary society?,search,2026-04-14T13:43:08.432Z,,,,,,ancient art,,,,,,,,,
10,Wikipedia_Exp_14.04,Wikipedia_Exp_13.04,27,Female,sg_1776173049411_uxap01,diffuse,2,,art_history,high-art-history,How do ancient works of art play a role in contemporary society?,search,2026-04-14T13:43:10.089Z,,,,,,ancient art,,,,,,,,,
10,Wikipedia_Exp_14.04,Wikipedia_Exp_13.04,27,Female,sg_1776173049411_uxap01,diffuse,2,,art_history,high-art-history,How do ancient works of art play a role in contemporary society?,article_open,2026-04-14T13:43:13.928Z,Ancient_art,Ancient art,,9179,search,,,,,,,,,,
10,Wikipedia_Exp_14.04,Wikipedia_Exp_13.04,27,Female,sg_1776173049411_uxap01,diffuse,2,,art_history,high-art-history,How do ancient works of art play a role in contemporary society?,link_click,2026-04-14T13:43:24.571Z,Modern_art,,Ancient_art,,,,,,,,,,,,
10,Wikipedia_Exp_14.04,Wikipedia_Exp_13.04,27,Female,sg_1776173049411_uxap01,diffuse,2,,art_history,high-art-history,How do ancient works of art play a role in contemporary society?,article_open,2026-04-14T13:43:26.564Z,Modern_art,Modern art,,7739,link_click,,,,,,,,,,
10,Wikipedia_Exp_14.04,Wikipedia_Exp_13.04,27,Female,sg_1776173049411_uxap01,diffuse,2,,art_history,high-art-history,How do ancient works of art play a role in contemporary society?,link_click,2026-04-14T13:43:30.739Z,Ancient_art,,Modern_art,,,,,,,,,,,,
10,Wikipedia_Exp_14.04,Wikipedia_Exp_13.04,27,Female,sg_1776173049411_uxap01,diffuse,2,,art_history,high-art-history,How do ancient works of art play a role in contemporary society?,article_open,2026-04-14T13:43:30.872Z,Ancient_art,Ancient art,,9179,link_click,,,,,,,,,,
10,Wikipedia_Exp_14.04,Wikipedia_Exp_13.04,27,Female,sg_1776173049411_uxap01,diffuse,2,,art_history,high-art-history,How do ancient works of art play a role in contemporary society?,answer_snapshot,2026-04-14T13:44:38.246Z,,,,,,,"Many of these ancient arts are still open to viewing by the public in contemporary society and many people often travel to view these pieces of art. Many contemporary art pieces are a dynamic combination of materials, methods, concepts and subjects from different eras - they challenged boundaries. A lot of the recurring images from ancient art is still seen in the modern world today. ",387,,,,,,,debounce
10,Wikipedia_Exp_14.04,Wikipedia_Exp_13.04,27,Female,sg_1776173049411_uxap01,diffuse,2,,art_history,high-art-history,How do ancient works of art play a role in contemporary society?,answer_snapshot_cursor_leave,2026-04-14T13:44:39.921Z,,,,,,,"Many of these ancient arts are still open to viewing by the public in contemporary society and many people often travel to view these pieces of art. Many contemporary art pieces are a dynamic combination of materials, methods, concepts and subjects from different eras - they challenged boundaries. A lot of the recurring images from ancient art is still seen in the modern world today. ",387,,,,,,,cursor_leave
10,Wikipedia_Exp_14.04,Wikipedia_Exp_13.04,27,Female,sg_1776173049411_uxap01,diffuse,2,,art_history,high-art-history,How do ancient works of art play a role in contemporary society?,search,2026-04-14T13:45:13.319Z,,,,,,art influence contemporary society,,,,,,,,,
10,Wikipedia_Exp_14.04,Wikipedia_Exp_13.04,27,Female,sg_1776173049411_uxap01,diffuse,2,,art_history,high-art-history,How do ancient works of art play a role in contemporary society?,article_open,2026-04-14T13:45:18.838Z,Contemporary_art,Contemporary art,,4804,search,,,,,,,,,,
10,Wikipedia_Exp_14.04,Wikipedia_Exp_13.04,27,Female,sg_1776173049411_uxap01,diffuse,2,,art_history,high-art-history,How do ancient works of art play a role in contemporary society?,search,2026-04-14T13:47:08.646Z,,,,,,How do ancient works of art play a role in contemporary society?,,,,,,,,,
10,Wikipedia_Exp_14.04,Wikipedia_Exp_13.04,27,Female,sg_1776173049411_uxap01,diffuse,2,,art_history,high-art-history,How do ancient works of art play a role in contemporary society?,search,2026-04-14T13:47:09.953Z,,,,,,How do ancient works of art play a role in contemporary society?,,,,,,,,,
10,Wikipedia_Exp_14.04,Wikipedia_Exp_13.04,27,Female,sg_1776173049411_uxap01,diffuse,2,,art_history,high-art-history,How do ancient works of art play a role in contemporary society?,article_open,2026-04-14T13:47:14.564Z,Metropolitan_Museum_of_Art,Metropolitan Museum of Art,,25318,search,,,,,,,,,,
10,Wikipedia_Exp_14.04,Wikipedia_Exp_13.04,27,Female,sg_1776173049411_uxap01,diffuse,2,,art_history,high-art-history,How do ancient works of art play a role in contemporary society?,paste,2026-04-14T13:47:27.766Z,,,,,,,,,,,"The Metropolitan Museum of Art, colloquially referred to as the Met, is an encyclopedic art museum in New York City. By floor area, it is the fourth-largest museum in the world and the largest art museum in the Americas. With 5,727,258 visitors in fiscal year 2025, it was the most-visited museum in the United States and the fourth-most visited art museum in the world.[7]",373,,,
10,Wikipedia_Exp_14.04,Wikipedia_Exp_13.04,27,Female,sg_1776173049411_uxap01,diffuse,2,,art_history,high-art-history,How do ancient works of art play a role in contemporary society?,answer_snapshot_cursor_leave,2026-04-14T13:47:29.681Z,,,,,,,"Many of these ancient arts are still open to viewing by the public in contemporary society and many people often travel to view these pieces of art. Many contemporary art pieces are a dynamic combination of materials, methods, concepts and subjects from different eras - they challenged boundaries. A lot of the recurring images from ancient art is still seen in the modern world today. 

The Metropolitan Museum of Art, colloquially referred to as the Met, is an encyclopedic art museum in New York City. By floor area, it is the fourth-largest museum in the world and the largest art museum in the Americas. With 5,727,258 visitors in fiscal year 2025, it was the most-visited museum in the United States and the fourth-most visited art museum in the world.[7]",762,,,,,,,cursor_leave
10,Wikipedia_Exp_14.04,Wikipedia_Exp_13.04,27,Female,sg_1776173049411_uxap01,diffuse,2,,art_history,high-art-history,How do ancient works of art play a role in contemporary society?,answer_snapshot_cursor_leave,2026-04-14T13:47:32.527Z,,,,,,,"Many of these ancient arts are still open to viewing by the public in contemporary society and many people often travel to view these pieces of art. Many contemporary art pieces are a dynamic combination of materials, methods, concepts and subjects from different eras - they challenged boundaries. A lot of the recurring images from ancient art is still seen in the modern world today. 

The Metropolitan Museum of Art, colloquially referred to as the Met, is an encyclopedic art museum in New York City. By floor area, it is the fourth-largest museum in the world and the largest art museum in the Americas. With 5,727,258 visitors in fiscal year 2025, it was the most-visited museum in the United States and the fourth-most visited art museum in the world.[7]",762,,,,,,,cursor_leave
10,Wikipedia_Exp_14.04,Wikipedia_Exp_13.04,27,Female,sg_1776173049411_uxap01,diffuse,2,,art_history,high-art-history,How do ancient works of art play a role in contemporary society?,article_open,2026-04-14T13:47:36.294Z,The_Work_of_Art_in_the_Age_of_Mechanical_Reproduction,The Work of Art in the Age of Mechanical Reproduction,,3684,search,,,,,,,,,,
10,Wikipedia_Exp_14.04,Wikipedia_Exp_13.04,27,Female,sg_1776173049411_uxap01,diffuse,2,,art_history,high-art-history,How do ancient works of art play a role in contemporary society?,answer_snapshot,2026-04-14T13:47:45.062Z,,,,,,,"Many of these ancient arts are still open to viewing by the public in contemporary society and many people often travel to view these pieces of art. Many contemporary art pieces are a dynamic combination of materials, methods, concepts and subjects from different eras - they challenged boundaries. A lot of the recurring images from ancient art is still seen in the modern world today. 

The Metropolitan Museum of Art, colloquially referred to as the Met, is an encyclopedic art museum in New York City. By floor area, it is the fourth-largest museum in the world and the largest art museum in the Americas. With 5,727,258 visitors in fiscal year 2025, it was the most-visited museum in the United States and the fourth-most visited art museum in the world.[7]",762,,,,,,,submit
10,Wikipedia_Exp_14.04,Wikipedia_Exp_13.04,27,Female,sg_1776173049411_uxap01,diffuse,2,,art_history,high-art-history,How do ancient works of art play a role in contemporary society?,task_end,2026-04-14T13:47:45.062Z,,,,,,,,,"Many of these ancient arts are still open to viewing by the public in contemporary society and many people often travel to view these pieces of art. Many contemporary art pieces are a dynamic combination of materials, methods, concepts and subjects from different eras - they challenged boundaries. A lot of the recurring images from ancient art is still seen in the modern world today. 

The Metropolitan Museum of Art, colloquially referred to as the Met, is an encyclopedic art museum in New York City. By floor area, it is the fourth-largest museum in the world and the largest art museum in the Americas. With 5,727,258 visitors in fiscal year 2025, it was the most-visited museum in the United States and the fourth-most visited art museum in the world.[7]",762,,,,,
11,Wikipedia_Exp_14.04,Wikipedia_Exp_13.04,34,Female,sg_1776173775880_mniv2f,diffuse,0,1,practice,practice-capybaras,What do Capybaras eat?,attention_check_pass,2026-04-14T13:37:36.118Z,,,,,,,,,,,,,,,attempt_1
11,Wikipedia_Exp_14.04,Wikipedia_Exp_13.04,34,Female,sg_1776173775880_mniv2f,diffuse,0,1,practice,practice-capybaras,What do Capybaras eat?,familiarity_rating,2026-04-14T13:37:50.103Z,,,,,,,,,,,,,2,6,
11,Wikipedia_Exp_14.04,Wikipedia_Exp_13.04,34,Female,sg_1776173775880_mniv2f,diffuse,0,1,practice,practice-capybaras,What do Capybaras eat?,task_start,2026-04-14T13:37:50.237Z,,,,,,,,,,,,,,,
11,Wikipedia_Exp_14.04,Wikipedia_Exp_13.04,34,Female,sg_1776173775880_mniv2f,diffuse,0,1,practice,practice-capybaras,What do Capybaras eat?,article_open,2026-04-14T13:37:50.464Z,Capybara,Capybara,,4650,,,,,,,,,,,
11,Wikipedia_Exp_14.04,Wikipedia_Exp_13.04,34,Female,sg_1776173775880_mniv2f,diffuse,0,1,practice,practice-capybaras,What do Capybaras eat?,answer_snapshot,2026-04-14T13:39:58.048Z,,,,,,,Capybaras ,10,,,,,,,debounce
11,Wikipedia_Exp_14.04,Wikipedia_Exp_13.04,34,Female,sg_1776173775880_mniv2f,diffuse,0,1,practice,practice-capybaras,What do Capybaras eat?,answer_snapshot,2026-04-14T13:40:01.446Z,,,,,,,Capybaras eat,13,,,,,,,debounce
11,Wikipedia_Exp_14.04,Wikipedia_Exp_13.04,34,Female,sg_1776173775880_mniv2f,diffuse,0,1,practice,practice-capybaras,What do Capybaras eat?,answer_snapshot,2026-04-14T13:40:12.313Z,,,,,,,Capybaras eat grasses and aquatic plants.,41,,,,,,,debounce
11,Wikipedia_Exp_14.04,Wikipedia_Exp_13.04,34,Female,sg_1776173775880_mniv2f,diffuse,0,1,practice,practice-capybaras,What do Capybaras eat?,answer_snapshot,2026-04-14T13:40:28.752Z,,,,,,,"Capybaras eat grasses, aquatic plants",37,,,,,,,debounce
11,Wikipedia_Exp_14.04,Wikipedia_Exp_13.04,34,Female,sg_1776173775880_mniv2f,diffuse,0,1,practice,practice-capybaras,What do Capybaras eat?,answer_snapshot,2026-04-14T13:40:34.354Z,,,,,,,"Capybaras eat grasses, aquatic plants ",38,,,,,,,debounce
11,Wikipedia_Exp_14.04,Wikipedia_Exp_13.04,34,Female,sg_1776173775880_mniv2f,diffuse,0,1,practice,practice-capybaras,What do Capybaras eat?,answer_snapshot,2026-04-14T13:40:37.501Z,,,,,,,"Capybaras eat grasses, aquatic plants and",41,,,,,,,debounce
11,Wikipedia_Exp_14.04,Wikipedia_Exp_13.04,34,Female,sg_1776173775880_mniv2f,diffuse,0,1,practice,practice-capybaras,What do Capybaras eat?,answer_snapshot,2026-04-14T13:40:42.209Z,,,,,,,"Capybaras eat grasses, aquatic plants",37,,,,,,,debounce
11,Wikipedia_Exp_14.04,Wikipedia_Exp_13.04,34,Female,sg_1776173775880_mniv2f,diffuse,0,1,practice,practice-capybaras,What do Capybaras eat?,answer_snapshot,2026-04-14T13:40:47.768Z,,,,,,,Capybaras eat grasses and aquatic plants,40,,,,,,,debounce
11,Wikipedia_Exp_14.04,Wikipedia_Exp_13.04,34,Female,sg_1776173775880_mniv2f,diffuse,0,1,practice,practice-capybaras,What do Capybaras eat?,answer_snapshot,2026-04-14T13:40:56.687Z,,,,,,,"Capybaras eat grasses and aquatic plants, along with fruit and tree bark. ",74,,,,,,,debounce
11,Wikipedia_Exp_14.04,Wikipedia_Exp_13.04,34,Female,sg_1776173775880_mniv2f,diffuse,0,1,practice,practice-capybaras,What do Capybaras eat?,answer_snapshot_cursor_leave,2026-04-14T13:41:00.232Z,,,,,,,"Capybaras eat grasses and aquatic plants, along with fruit and tree bark. ",74,,,,,,,cursor_leave
11,Wikipedia_Exp_14.04,Wikipedia_Exp_13.04,34,Female,sg_1776173775880_mniv2f,diffuse,0,1,practice,practice-capybaras,What do Capybaras eat?,link_click,2026-04-14T13:41:00.368Z,Aquatic_plants,,Capybara,,,,,,,,,,,,
11,Wikipedia_Exp_14.04,Wikipedia_Exp_13.04,34,Female,sg_1776173775880_mniv2f,diffuse,0,1,practice,practice-capybaras,What do Capybaras eat?,article_open,2026-04-14T13:41:00.816Z,Aquatic_plants,Aquatic plant,,6440,link_click,,,,,,,,,,
11,Wikipedia_Exp_14.04,Wikipedia_Exp_13.04,34,Female,sg_1776173775880_mniv2f,diffuse,0,1,practice,practice-capybaras,What do Capybaras eat?,search,2026-04-14T13:41:07.527Z,,,,,,what qua,,,,,,,,,
11,Wikipedia_Exp_14.04,Wikipedia_Exp_13.04,34,Female,sg_1776173775880_mniv2f,diffuse,0,1,practice,practice-capybaras,What do Capybaras eat?,search,2026-04-14T13:41:08.219Z,,,,,,what a,,,,,,,,,
11,Wikipedia_Exp_14.04,Wikipedia_Exp_13.04,34,Female,sg_1776173775880_mniv2f,diffuse,0,1,practice,practice-capybaras,What do Capybaras eat?,search,2026-04-14T13:41:10.993Z,,,,,,what aquatic plants do a,,,,,,,,,
11,Wikipedia_Exp_14.04,Wikipedia_Exp_13.04,34,Female,sg_1776173775880_mniv2f,diffuse,0,1,practice,practice-capybaras,What do Capybaras eat?,search,2026-04-14T13:41:11.694Z,,,,,,what aquatic plants do ca,,,,,,,,,
11,Wikipedia_Exp_14.04,Wikipedia_Exp_13.04,34,Female,sg_1776173775880_mniv2f,diffuse,0,1,practice,practice-capybaras,What do Capybaras eat?,search,2026-04-14T13:41:12.587Z,,,,,,what aquatic plants do caby,,,,,,,,,
11,Wikipedia_Exp_14.04,Wikipedia_Exp_13.04,34,Female,sg_1776173775880_mniv2f,diffuse,0,1,practice,practice-capybaras,What do Capybaras eat?,search,2026-04-14T13:41:15.597Z,,,,,,what aquatic plants do ca,,,,,,,,,
11,Wikipedia_Exp_14.04,Wikipedia_Exp_13.04,34,Female,sg_1776173775880_mniv2f,diffuse,0,1,practice,practice-capybaras,What do Capybaras eat?,search,2026-04-14T13:41:16.201Z,,,,,,what aquatic plants do cap,,,,,,,,,
11,Wikipedia_Exp_14.04,Wikipedia_Exp_13.04,34,Female,sg_1776173775880_mniv2f,diffuse,0,1,practice,practice-capybaras,What do Capybaras eat?,search,2026-04-14T13:41:17.217Z,,,,,,what aquatic plants do capybaras,,,,,,,,,
11,Wikipedia_Exp_14.04,Wikipedia_Exp_13.04,34,Female,sg_1776173775880_mniv2f,diffuse,0,1,practice,practice-capybaras,What do Capybaras eat?,search,2026-04-14T13:41:20.368Z,,,,,,what aquatic plants do capybaras eat,,,,,,,,,
11,Wikipedia_Exp_14.04,Wikipedia_Exp_13.04,34,Female,sg_1776173775880_mniv2f,diffuse,0,1,practice,practice-capybaras,What do Capybaras eat?,search,2026-04-14T13:41:25.127Z,,,,,,what aquatic plants do capybaras eat,,,,,,,,,
11,Wikipedia_Exp_14.04,Wikipedia_Exp_13.04,34,Female,sg_1776173775880_mniv2f,diffuse,0,1,practice,practice-capybaras,What do Capybaras eat?,article_open,2026-04-14T13:41:33.172Z,Capybara,Capybara,,4650,search,,,,,,,,,,
11,Wikipedia_Exp_14.04,Wikipedia_Exp_13.04,34,Female,sg_1776173775880_mniv2f,diffuse,0,1,practice,practice-capybaras,What do Capybaras eat?,answer_snapshot,2026-04-14T13:42:27.670Z,,,,,,,"Capybaras eat grasses and aquatic plants, along with fruit and tree bark. The switch from eating grass ",103,,,,,,,debounce
11,Wikipedia_Exp_14.04,Wikipedia_Exp_13.04,34,Female,sg_1776173775880_mniv2f,diffuse,0,1,practice,practice-capybaras,What do Capybaras eat?,answer_snapshot,2026-04-14T13:42:30.545Z,,,,,,,"Capybaras eat grasses and aquatic plants, along with fruit and tree bark. The switch from eating grass in",105,,,,,,,debounce
11,Wikipedia_Exp_14.04,Wikipedia_Exp_13.04,34,Female,sg_1776173775880_mniv2f,diffuse,0,1,practice,practice-capybaras,What do Capybaras eat?,answer_snapshot,2026-04-14T13:42:49.309Z,,,,,,,"Capybaras eat grasses and aquatic plants, along with fruit and tree bark. The switch from eating grass in the summer to reeds in the winter due to loss of nutritional value in the winter.",187,,,,,,,debounce
11,Wikipedia_Exp_14.04,Wikipedia_Exp_13.04,34,Female,sg_1776173775880_mniv2f,diffuse,0,1,practice,practice-capybaras,What do Capybaras eat?,answer_snapshot,2026-04-14T13:43:00.797Z,,,,,,,"Capybaras eat grasses and aquatic plants, along with fruit and tree bark. The switch from eating grass in the summer to reeds in the winter due to loss of nutritional value in the winter. They also eat their own feces",217,,,,,,,debounce
11,Wikipedia_Exp_14.04,Wikipedia_Exp_13.04,34,Female,sg_1776173775880_mniv2f,diffuse,0,1,practice,practice-capybaras,What do Capybaras eat?,answer_snapshot,2026-04-14T13:43:05.580Z,,,,,,,"Capybaras eat grasses and aquatic plants, along with fruit and tree bark. The switch from eating grass in the summer to reeds in the winter due to loss of nutritional value in the winter. They also eat their own feces as a ",223,,,,,,,debounce
11,Wikipedia_Exp_14.04,Wikipedia_Exp_13.04,34,Female,sg_1776173775880_mniv2f,diffuse,0,1,practice,practice-capybaras,What do Capybaras eat?,answer_snapshot,2026-04-14T13:43:15.514Z,,,,,,,"Capybaras eat grasses and aquatic plants, along with fruit and tree bark. The switch from eating grass in the summer to reeds in the winter due to loss of nutritional value in the winter. They also eat their own feces as a source of",232,,,,,,,debounce
11,Wikipedia_Exp_14.04,Wikipedia_Exp_13.04,34,Female,sg_1776173775880_mniv2f,diffuse,0,1,practice,practice-capybaras,What do Capybaras eat?,answer_snapshot,2026-04-14T13:43:22.789Z,,,,,,,"Capybaras eat grasses and aquatic plants, along with fruit and tree bark. The switch from eating grass in the summer to reeds in the winter due to loss of nutritional value in the winter. They also eat their own feces as a source of bacterial gut flora.",253,,,,,,,debounce
11,Wikipedia_Exp_14.04,Wikipedia_Exp_13.04,34,Female,sg_1776173775880_mniv2f,diffuse,0,1,practice,practice-capybaras,What do Capybaras eat?,answer_snapshot_cursor_leave,2026-04-14T13:43:22.987Z,,,,,,,"Capybaras eat grasses and aquatic plants, along with fruit and tree bark. The switch from eating grass in the summer to reeds in the winter due to loss of nutritional value in the winter. They also eat their own feces as a source of bacterial gut flora.",253,,,,,,,cursor_leave
11,Wikipedia_Exp_14.04,Wikipedia_Exp_13.04,34,Female,sg_1776173775880_mniv2f,diffuse,0,1,practice,practice-capybaras,What do Capybaras eat?,answer_snapshot,2026-04-14T13:43:23.126Z,,,,,,,"Capybaras eat grasses and aquatic plants, along with fruit and tree bark. The switch from eating grass in the summer to reeds in the winter due to loss of nutritional value in the winter. They also eat their own feces as a source of bacterial gut flora.",253,,,,,,,submit
11,Wikipedia_Exp_14.04,Wikipedia_Exp_13.04,34,Female,sg_1776173775880_mniv2f,diffuse,0,1,practice,practice-capybaras,What do Capybaras eat?,task_end,2026-04-14T13:43:23.126Z,,,,,,,,,"Capybaras eat grasses and aquatic plants, along with fruit and tree bark. The switch from eating grass in the summer to reeds in the winter due to loss of nutritional value in the winter. They also eat their own feces as a source of bacterial gut flora.",253,,,,,
11,Wikipedia_Exp_14.04,Wikipedia_Exp_13.04,34,Female,sg_1776173775880_mniv2f,diffuse,1,,psychology,high-psychology,What brain mechanisms help people make scientific discoveries?,familiarity_rating,2026-04-14T13:43:37.382Z,,,,,,,,,,,,,1,2,
11,Wikipedia_Exp_14.04,Wikipedia_Exp_13.04,34,Female,sg_1776173775880_mniv2f,diffuse,1,,psychology,high-psychology,What brain mechanisms help people make scientific discoveries?,task_start,2026-04-14T13:43:37.487Z,,,,,,,,,,,,,,,
11,Wikipedia_Exp_14.04,Wikipedia_Exp_13.04,34,Female,sg_1776173775880_mniv2f,diffuse,1,,psychology,high-psychology,What brain mechanisms help people make scientific discoveries?,search,2026-04-14T13:43:55.183Z,,,,,,the brain,,,,,,,,,
11,Wikipedia_Exp_14.04,Wikipedia_Exp_13.04,34,Female,sg_1776173775880_mniv2f,diffuse,1,,psychology,high-psychology,What brain mechanisms help people make scientific discoveries?,article_open,2026-04-14T13:44:08.581Z,Brain,Brain,,17706,search,,,,,,,,,,
11,Wikipedia_Exp_14.04,Wikipedia_Exp_13.04,34,Female,sg_1776173775880_mniv2f,diffuse,1,,psychology,high-psychology,What brain mechanisms help people make scientific discoveries?,paste,2026-04-14T13:45:33.995Z,,,,,,,,,,,"Synapses are the key functional elements of the brain.[11] The essential function of the brain is cell-to-cell communication, and synapses are the points at which communication occurs.",184,,,
11,Wikipedia_Exp_14.04,Wikipedia_Exp_13.04,34,Female,sg_1776173775880_mniv2f,diffuse,1,,psychology,high-psychology,What brain mechanisms help people make scientific discoveries?,answer_snapshot,2026-04-14T13:45:38.558Z,,,,,,,"Synapses are the key functional elements of the brain. The essential function of the brain is cell-to-cell communication, and synapses are the points at which communication occurs.",180,,,,,,,debounce
11,Wikipedia_Exp_14.04,Wikipedia_Exp_13.04,34,Female,sg_1776173775880_mniv2f,diffuse,1,,psychology,high-psychology,What brain mechanisms help people make scientific discoveries?,answer_snapshot,2026-04-14T13:45:46.769Z,,,,,,,"Synapses are the key functional elements of the brain. The essential function of the brain is cell-to-cell communication, and synapses are the points at which communication occurs. ",181,,,,,,,debounce
11,Wikipedia_Exp_14.04,Wikipedia_Exp_13.04,34,Female,sg_1776173775880_mniv2f,diffuse,1,,psychology,high-psychology,What brain mechanisms help people make scientific discoveries?,answer_snapshot_cursor_leave,2026-04-14T13:45:58.402Z,,,,,,,"Synapses are the key functional elements of the brain. The essential function of the brain is cell-to-cell communication, and synapses are the points at which communication occurs. ",181,,,,,,,cursor_leave
11,Wikipedia_Exp_14.04,Wikipedia_Exp_13.04,34,Female,sg_1776173775880_mniv2f,diffuse,1,,psychology,high-psychology,What brain mechanisms help people make scientific discoveries?,search,2026-04-14T13:46:26.226Z,,,,,,scien,,,,,,,,,
11,Wikipedia_Exp_14.04,Wikipedia_Exp_13.04,34,Female,sg_1776173775880_mniv2f,diffuse,1,,psychology,high-psychology,What brain mechanisms help people make scientific discoveries?,search,2026-04-14T13:46:26.950Z,,,,,,scientific,,,,,,,,,
11,Wikipedia_Exp_14.04,Wikipedia_Exp_13.04,34,Female,sg_1776173775880_mniv2f,diffuse,1,,psychology,high-psychology,What brain mechanisms help people make scientific discoveries?,search,2026-04-14T13:46:29.325Z,,,,,,scientific dis,,,,,,,,,
11,Wikipedia_Exp_14.04,Wikipedia_Exp_13.04,34,Female,sg_1776173775880_mniv2f,diffuse,1,,psychology,high-psychology,What brain mechanisms help people make scientific discoveries?,search,2026-04-14T13:46:32.272Z,,,,,,scientific discovery,,,,,,,,,
11,Wikipedia_Exp_14.04,Wikipedia_Exp_13.04,34,Female,sg_1776173775880_mniv2f,diffuse,1,,psychology,high-psychology,What brain mechanisms help people make scientific discoveries?,answer_snapshot,2026-04-14T13:48:52.602Z,,,,,,,"Synapses are the key functional elements of the brain. The essential function of the brain is cell-to-cell communication, and synapses are the points at which communication occurs. To make a scientific discovery these",217,,,,,,,debounce
11,Wikipedia_Exp_14.04,Wikipedia_Exp_13.04,34,Female,sg_1776173775880_mniv2f,diffuse,1,,psychology,high-psychology,What brain mechanisms help people make scientific discoveries?,answer_snapshot,2026-04-14T13:48:58.839Z,,,,,,,"Synapses are the key functional elements of the brain. The essential function of the brain is cell-to-cell communication, and synapses are the points at which communication occurs. To make a scientific discovery this me",219,,,,,,,debounce
11,Wikipedia_Exp_14.04,Wikipedia_Exp_13.04,34,Female,sg_1776173775880_mniv2f,diffuse,1,,psychology,high-psychology,What brain mechanisms help people make scientific discoveries?,answer_snapshot,2026-04-14T13:49:03.283Z,,,,,,,"Synapses are the key functional elements of the brain. The essential function of the brain is cell-to-cell communication, and synapses are the points at which communication occurs. To make a scientific discovery this mechanism",226,,,,,,,debounce
11,Wikipedia_Exp_14.04,Wikipedia_Exp_13.04,34,Female,sg_1776173775880_mniv2f,diffuse,1,,psychology,high-psychology,What brain mechanisms help people make scientific discoveries?,answer_snapshot,2026-04-14T13:49:17.198Z,,,,,,,"Synapses are the key functional elements of the brain. The essential function of the brain is cell-to-cell communication, and synapses are the points at which communication occurs. To make a scientific discovery the",215,,,,,,,debounce
11,Wikipedia_Exp_14.04,Wikipedia_Exp_13.04,34,Female,sg_1776173775880_mniv2f,diffuse,1,,psychology,high-psychology,What brain mechanisms help people make scientific discoveries?,answer_snapshot,2026-04-14T13:49:38.369Z,,,,,,,"Synapses are the key functional elements of the brain. The essential function of the brain is cell-to-cell communication, and synapses are the points at which communication occurs. To make a scientific discovery the use of Semantic memory will have to be used, which is the ability to learn facts and relationships",314,,,,,,,debounce
11,Wikipedia_Exp_14.04,Wikipedia_Exp_13.04,34,Female,sg_1776173775880_mniv2f,diffuse,1,,psychology,high-psychology,What brain mechanisms help people make scientific discoveries?,answer_snapshot,2026-04-14T13:49:50.292Z,,,,,,,"Synapses are the key functional elements of the brain. The essential function of the brain is cell-to-cell communication, and synapses are the points at which communication occurs. To make a scientific discovery the use of Semantic memory will have to be used, which is the ability to learn facts and relationships. These elements will be a ",341,,,,,,,debounce
11,Wikipedia_Exp_14.04,Wikipedia_Exp_13.04,34,Female,sg_1776173775880_mniv2f,diffuse,1,,psychology,high-psychology,What brain mechanisms help people make scientific discoveries?,answer_snapshot,2026-04-14T13:50:05.946Z,,,,,,,"Synapses are the key functional elements of the brain. The essential function of the brain is cell-to-cell communication, and synapses are the points at which communication occurs. To make a scientific discovery the use of Semantic memory will have to be used, which is the ability to learn facts and relationships. These elements will be a key",344,,,,,,,debounce
11,Wikipedia_Exp_14.04,Wikipedia_Exp_13.04,34,Female,sg_1776173775880_mniv2f,diffuse,1,,psychology,high-psychology,What brain mechanisms help people make scientific discoveries?,answer_snapshot,2026-04-14T13:50:19.547Z,,,,,,,"Synapses are the key functional elements of the brain. The essential function of the brain is cell-to-cell communication, and synapses are the points at which communication occurs. To make a scientific discovery the use of Semantic memory will have to be used, which is the ability to learn facts and relationships. These elements will play a key part in being able to ",369,,,,,,,debounce
11,Wikipedia_Exp_14.04,Wikipedia_Exp_13.04,34,Female,sg_1776173775880_mniv2f,diffuse,1,,psychology,high-psychology,What brain mechanisms help people make scientific discoveries?,answer_snapshot,2026-04-14T13:50:25.569Z,,,,,,,"Synapses are the key functional elements of the brain. The essential function of the brain is cell-to-cell communication, and synapses are the points at which communication occurs. To make a scientific discovery the use of Semantic memory will have to be used, which is the ability to learn facts and relationships. These elements will play a key part in being able to compare",376,,,,,,,debounce
11,Wikipedia_Exp_14.04,Wikipedia_Exp_13.04,34,Female,sg_1776173775880_mniv2f,diffuse,1,,psychology,high-psychology,What brain mechanisms help people make scientific discoveries?,answer_snapshot,2026-04-14T13:50:34.190Z,,,,,,,"Synapses are the key functional elements of the brain. The essential function of the brain is cell-to-cell communication, and synapses are the points at which communication occurs. To make a scientific discovery the use of Semantic memory will have to be used, which is the ability to learn facts and relationships. These elements will play a key part in being able to compare and discover new",393,,,,,,,debounce
11,Wikipedia_Exp_14.04,Wikipedia_Exp_13.04,34,Female,sg_1776173775880_mniv2f,diffuse,1,,psychology,high-psychology,What brain mechanisms help people make scientific discoveries?,answer_snapshot,2026-04-14T13:50:39.422Z,,,,,,,"Synapses are the key functional elements of the brain. The essential function of the brain is cell-to-cell communication, and synapses are the points at which communication occurs. To make a scientific discovery the use of Semantic memory will have to be used, which is the ability to learn facts and relationships. These elements will play a key part in being able to compare and discover new things in science.",412,,,,,,,debounce
11,Wikipedia_Exp_14.04,Wikipedia_Exp_13.04,34,Female,sg_1776173775880_mniv2f,diffuse,1,,psychology,high-psychology,What brain mechanisms help people make scientific discoveries?,answer_snapshot,2026-04-14T13:51:14.784Z,,,,,,,"To make a scientific discovery the use of Semantic memory will have to be used, which is the ability to learn facts and relationships. These elements will play a key part in being able to compare and discover new things in science.",231,,,,,,,debounce
11,Wikipedia_Exp_14.04,Wikipedia_Exp_13.04,34,Female,sg_1776173775880_mniv2f,diffuse,1,,psychology,high-psychology,What brain mechanisms help people make scientific discoveries?,paste,2026-04-14T13:51:24.161Z,,,,,,,,,,,"Synapses are the key functional elements of the brain. The essential function of the brain is cell-to-cell communication, and synapses are the points at which communication occurs.",180,,,
11,Wikipedia_Exp_14.04,Wikipedia_Exp_13.04,34,Female,sg_1776173775880_mniv2f,diffuse,1,,psychology,high-psychology,What brain mechanisms help people make scientific discoveries?,answer_snapshot,2026-04-14T13:51:26.175Z,,,,,,,"To make a scientific discovery the use of Semantic memory will have to be used, which is the ability to learn facts and relationships. These elements will play a key part in being able to compare and discover new things in science.

Going deeper into the brain the Synapses are the key functional elements of the brain. The essential function of the brain is cell-to-cell communication, and synapses are the points at which communication occurs.",445,,,,,,,debounce
11,Wikipedia_Exp_14.04,Wikipedia_Exp_13.04,34,Female,sg_1776173775880_mniv2f,diffuse,1,,psychology,high-psychology,What brain mechanisms help people make scientific discoveries?,answer_snapshot,2026-04-14T13:51:31.523Z,,,,,,,"To make a scientific discovery the use of Semantic memory will have to be used, which is the ability to learn facts and relationships. These elements will play a key part in being able to compare and discover new things in science.

Going deeper into the brain the synapses are the key functional elements of the brain. The essential function of the brain is cell-to-cell communication, and synapses are the points at which communication occurs.",445,,,,,,,debounce
11,Wikipedia_Exp_14.04,Wikipedia_Exp_13.04,34,Female,sg_1776173775880_mniv2f,diffuse,1,,psychology,high-psychology,What brain mechanisms help people make scientific discoveries?,answer_snapshot,2026-04-14T13:51:37.560Z,,,,,,,"To make a scientific discovery the use of Semantic memory will have to be used, which is the ability to learn facts and relationships. These elements will play a key part in being able to compare and discover new things in science.

Going deeper into the brain, the synapses are the key functional elements of the brain. The essential function of the brain is cell-to-cell communication, and synapses are the points at which communication occurs.",446,,,,,,,debounce
11,Wikipedia_Exp_14.04,Wikipedia_Exp_13.04,34,Female,sg_1776173775880_mniv2f,diffuse,1,,psychology,high-psychology,What brain mechanisms help people make scientific discoveries?,answer_snapshot,2026-04-14T13:51:45.179Z,,,,,,,"To make a scientific discovery the use of Semantic memory will have to be used, which is the ability to learn facts and relationships. These elements will play a key part in being able to compare and discover new things in science.

Going deeper into the brain, the synapses are the key functional elements of the brain. The essential function of the brain is cell-to-cell communication, and synapses are the points at which communication occurs. Without this",459,,,,,,,debounce
11,Wikipedia_Exp_14.04,Wikipedia_Exp_13.04,34,Female,sg_1776173775880_mniv2f,diffuse,1,,psychology,high-psychology,What brain mechanisms help people make scientific discoveries?,answer_snapshot,2026-04-14T13:52:01.653Z,,,,,,,"To make a scientific discovery the use of Semantic memory will have to be used, which is the ability to learn facts and relationships. These elements will play a key part in being able to compare and discover new things in science.

Going deeper into the brain, the synapses are the key functional elements of the brain. The essential function of the brain is cell-to-cell communication, and synapses are the points at which communication occurs. Without this the brain would not work at all and even beginning to think about science would not be possible.",556,,,,,,,debounce
11,Wikipedia_Exp_14.04,Wikipedia_Exp_13.04,34,Female,sg_1776173775880_mniv2f,diffuse,1,,psychology,high-psychology,What brain mechanisms help people make scientific discoveries?,answer_snapshot_cursor_leave,2026-04-14T13:52:07.998Z,,,,,,,"To make a scientific discovery the use of Semantic memory will have to be used, which is the ability to learn facts and relationships. These elements will play a key part in being able to compare and discover new things in science.

Going deeper into the brain, the synapses are the key functional elements of the brain. The essential function of the brain is cell-to-cell communication, and synapses are the points at which communication occurs. Without this the brain would not work at all and even beginning to think about science would not be possible.",556,,,,,,,cursor_leave
11,Wikipedia_Exp_14.04,Wikipedia_Exp_13.04,34,Female,sg_1776173775880_mniv2f,diffuse,1,,psychology,high-psychology,What brain mechanisms help people make scientific discoveries?,answer_snapshot,2026-04-14T13:52:27.562Z,,,,,,,"To make a scientific discovery the use of Semantic memory will have to be used, which is the ability to learn facts and relationships. These elements will play a key part in being able to compare and discover new findings in science.

Going deeper into the brain, the synapses are the key functional elements of the brain. The essential function of the brain is cell-to-cell communication, and synapses are the points at which communication occurs. Without this the brain would not work at all and even beginning to think about science would not be possible.",558,,,,,,,debounce
11,Wikipedia_Exp_14.04,Wikipedia_Exp_13.04,34,Female,sg_1776173775880_mniv2f,diffuse,1,,psychology,high-psychology,What brain mechanisms help people make scientific discoveries?,answer_snapshot,2026-04-14T13:52:44.609Z,,,,,,,"To make a scientific discovery the use of Semantic memory will have to be used, which is the ability to learn facts and relationships. These elements will play a key part in being able to compare and discover new findings in science.

Going deeper into the brain, the synapses are the key functional elements of the brain. The essential function of the brain is cell-to-cell communication, and synapses are the points at which communication occurs. Without this the brain would not work or even beginning to think about science would not be possible.",550,,,,,,,debounce
11,Wikipedia_Exp_14.04,Wikipedia_Exp_13.04,34,Female,sg_1776173775880_mniv2f,diffuse,1,,psychology,high-psychology,What brain mechanisms help people make scientific discoveries?,answer_snapshot,2026-04-14T13:52:48.738Z,,,,,,,"To make a scientific discovery the use of Semantic memory will have to be used, which is the ability to learn facts and relationships. These elements will play a key part in being able to compare and discover new findings in science.

Going deeper into the brain, the synapses are the key functional elements of the brain. The essential function of the brain is cell-to-cell communication, and synapses are the points at which communication occurs. Without this the brain would not work or even begin to think about science would not be possible.",546,,,,,,,debounce
11,Wikipedia_Exp_14.04,Wikipedia_Exp_13.04,34,Female,sg_1776173775880_mniv2f,diffuse,1,,psychology,high-psychology,What brain mechanisms help people make scientific discoveries?,answer_snapshot,2026-04-14T13:53:00.983Z,,,,,,,"To make a scientific discovery the use of Semantic memory will have to be used, which is the ability to learn facts and relationships. These elements will play a key part in being able to compare and discover new findings in science.

Going deeper into the brain, the synapses are the key functional elements of the brain. The essential function of the brain is cell-to-cell communication, and synapses are the points at which communication occurs. Without this the brain would not work or even begin to think about science.",524,,,,,,,debounce
11,Wikipedia_Exp_14.04,Wikipedia_Exp_13.04,34,Female,sg_1776173775880_mniv2f,diffuse,1,,psychology,high-psychology,What brain mechanisms help people make scientific discoveries?,answer_snapshot_cursor_leave,2026-04-14T13:53:09.212Z,,,,,,,"To make a scientific discovery the use of Semantic memory will have to be used, which is the ability to learn facts and relationships. These elements will play a key part in being able to compare and discover new findings in science.

Going deeper into the brain, the synapses are the key functional elements of the brain. The essential function of the brain is cell-to-cell communication, and synapses are the points at which communication occurs. Without this the brain would not work or even begin to think about science.",524,,,,,,,cursor_leave
11,Wikipedia_Exp_14.04,Wikipedia_Exp_13.04,34,Female,sg_1776173775880_mniv2f,diffuse,1,,psychology,high-psychology,What brain mechanisms help people make scientific discoveries?,article_open,2026-04-14T13:53:11.809Z,Timeline_of_scientific_discoveries,Timeline of scientific discoveries,,11933,search,,,,,,,,,,
11,Wikipedia_Exp_14.04,Wikipedia_Exp_13.04,34,Female,sg_1776173775880_mniv2f,diffuse,1,,psychology,high-psychology,What brain mechanisms help people make scientific discoveries?,article_open,2026-04-14T13:53:28.634Z,Discovery_(observation),Discovery (observation),,1723,search,,,,,,,,,,
11,Wikipedia_Exp_14.04,Wikipedia_Exp_13.04,34,Female,sg_1776173775880_mniv2f,diffuse,1,,psychology,high-psychology,What brain mechanisms help people make scientific discoveries?,answer_snapshot,2026-04-14T13:53:40.750Z,,,,,,,"To make a scientific discovery the use of Semantic memory will have to be used, which is the ability to learn facts and relationships. These elements will play a key part in being able to compare and discover new findings in science.

Going deeper into the brain, the synapses are the key functional elements of the brain. The essential function of the brain is cell-to-cell communication, and synapses are the points at which communication occurs. Without this the brain would not work or even begin to think about science.",524,,,,,,,submit
11,Wikipedia_Exp_14.04,Wikipedia_Exp_13.04,34,Female,sg_1776173775880_mniv2f,diffuse,1,,psychology,high-psychology,What brain mechanisms help people make scientific discoveries?,task_end,2026-04-14T13:53:40.750Z,,,,,,,,,"To make a scientific discovery the use of Semantic memory will have to be used, which is the ability to learn facts and relationships. These elements will play a key part in being able to compare and discover new findings in science.

Going deeper into the brain, the synapses are the key functional elements of the brain. The essential function of the brain is cell-to-cell communication, and synapses are the points at which communication occurs. Without this the brain would not work or even begin to think about science.",524,,,,,
11,Wikipedia_Exp_14.04,Wikipedia_Exp_13.04,34,Female,sg_1776173775880_mniv2f,diffuse,2,,art_history,high-art-history,How do ancient works of art play a role in contemporary society?,familiarity_rating,2026-04-14T13:53:57.585Z,,,,,,,,,,,,,2,3,
11,Wikipedia_Exp_14.04,Wikipedia_Exp_13.04,34,Female,sg_1776173775880_mniv2f,diffuse,2,,art_history,high-art-history,How do ancient works of art play a role in contemporary society?,task_start,2026-04-14T13:53:57.738Z,,,,,,,,,,,,,,,
11,Wikipedia_Exp_14.04,Wikipedia_Exp_13.04,34,Female,sg_1776173775880_mniv2f,diffuse,2,,art_history,high-art-history,How do ancient works of art play a role in contemporary society?,search,2026-04-14T13:54:02.915Z,,,,,,an,,,,,,,,,
11,Wikipedia_Exp_14.04,Wikipedia_Exp_13.04,34,Female,sg_1776173775880_mniv2f,diffuse,2,,art_history,high-art-history,How do ancient works of art play a role in contemporary society?,search,2026-04-14T13:54:03.504Z,,,,,,ancient ar,,,,,,,,,
11,Wikipedia_Exp_14.04,Wikipedia_Exp_13.04,34,Female,sg_1776173775880_mniv2f,diffuse,2,,art_history,high-art-history,How do ancient works of art play a role in contemporary society?,search,2026-04-14T13:54:04.160Z,,,,,,ancient art,,,,,,,,,
11,Wikipedia_Exp_14.04,Wikipedia_Exp_13.04,34,Female,sg_1776173775880_mniv2f,diffuse,2,,art_history,high-art-history,How do ancient works of art play a role in contemporary society?,search,2026-04-14T13:54:05.783Z,,,,,,ancient art in modern,,,,,,,,,
11,Wikipedia_Exp_14.04,Wikipedia_Exp_13.04,34,Female,sg_1776173775880_mniv2f,diffuse,2,,art_history,high-art-history,How do ancient works of art play a role in contemporary society?,article_open,2026-04-14T13:54:09.290Z,Ancient_art,Ancient art,,9179,search,,,,,,,,,,
11,Wikipedia_Exp_14.04,Wikipedia_Exp_13.04,34,Female,sg_1776173775880_mniv2f,diffuse,2,,art_history,high-art-history,How do ancient works of art play a role in contemporary society?,search,2026-04-14T13:54:27.019Z,,,,,,ancient,,,,,,,,,
11,Wikipedia_Exp_14.04,Wikipedia_Exp_13.04,34,Female,sg_1776173775880_mniv2f,diffuse,2,,art_history,high-art-history,How do ancient works of art play a role in contemporary society?,article_open,2026-04-14T13:54:36.370Z,Ancient_history,Ancient history,,15394,search,,,,,,,,,,
11,Wikipedia_Exp_14.04,Wikipedia_Exp_13.04,34,Female,sg_1776173775880_mniv2f,diffuse,2,,art_history,high-art-history,How do ancient works of art play a role in contemporary society?,search,2026-04-14T13:55:05.631Z,,,,,,ancient,,,,,,,,,
11,Wikipedia_Exp_14.04,Wikipedia_Exp_13.04,34,Female,sg_1776173775880_mniv2f,diffuse,2,,art_history,high-art-history,How do ancient works of art play a role in contemporary society?,search,2026-04-14T13:55:06.201Z,,,,,,ancient art,,,,,,,,,
11,Wikipedia_Exp_14.04,Wikipedia_Exp_13.04,34,Female,sg_1776173775880_mniv2f,diffuse,2,,art_history,high-art-history,How do ancient works of art play a role in contemporary society?,article_open,2026-04-14T13:55:13.984Z,Art_of_ancient_Egypt,Art of ancient Egypt,,21845,search,,,,,,,,,,
11,Wikipedia_Exp_14.04,Wikipedia_Exp_13.04,34,Female,sg_1776173775880_mniv2f,diffuse,2,,art_history,high-art-history,How do ancient works of art play a role in contemporary society?,search,2026-04-14T13:56:11.150Z,,,,,,museum,,,,,,,,,
11,Wikipedia_Exp_14.04,Wikipedia_Exp_13.04,34,Female,sg_1776173775880_mniv2f,diffuse,2,,art_history,high-art-history,How do ancient works of art play a role in contemporary society?,search,2026-04-14T13:56:12.323Z,,,,,,museums,,,,,,,,,
11,Wikipedia_Exp_14.04,Wikipedia_Exp_13.04,34,Female,sg_1776173775880_mniv2f,diffuse,2,,art_history,high-art-history,How do ancient works of art play a role in contemporary society?,article_open,2026-04-14T13:56:15.789Z,Museum,Museum,,13132,search,,,,,,,,,,
11,Wikipedia_Exp_14.04,Wikipedia_Exp_13.04,34,Female,sg_1776173775880_mniv2f,diffuse,2,,art_history,high-art-history,How do ancient works of art play a role in contemporary society?,answer_snapshot,2026-04-14T13:57:29.013Z,,,,,,,Ancient works of art play an important role in how we understand ,65,,,,,,,debounce
11,Wikipedia_Exp_14.04,Wikipedia_Exp_13.04,34,Female,sg_1776173775880_mniv2f,diffuse,2,,art_history,high-art-history,How do ancient works of art play a role in contemporary society?,answer_snapshot,2026-04-14T13:57:36.478Z,,,,,,,Ancient works of art play an important role in how we understand the past,73,,,,,,,debounce
11,Wikipedia_Exp_14.04,Wikipedia_Exp_13.04,34,Female,sg_1776173775880_mniv2f,diffuse,2,,art_history,high-art-history,How do ancient works of art play a role in contemporary society?,answer_snapshot,2026-04-14T13:57:41.326Z,,,,,,,Ancient works of art play an important role in how we understand the past. Many,79,,,,,,,debounce
11,Wikipedia_Exp_14.04,Wikipedia_Exp_13.04,34,Female,sg_1776173775880_mniv2f,diffuse,2,,art_history,high-art-history,How do ancient works of art play a role in contemporary society?,answer_snapshot,2026-04-14T13:57:52.470Z,,,,,,,Ancient works of art play an important role in how we understand the past. Many pieces of art from civilasations ,113,,,,,,,debounce
11,Wikipedia_Exp_14.04,Wikipedia_Exp_13.04,34,Female,sg_1776173775880_mniv2f,diffuse,2,,art_history,high-art-history,How do ancient works of art play a role in contemporary society?,answer_snapshot,2026-04-14T13:57:56.019Z,,,,,,,Ancient works of art play an important role in how we understand the past. Many pieces of art from civilizations ,113,,,,,,,debounce
11,Wikipedia_Exp_14.04,Wikipedia_Exp_13.04,34,Female,sg_1776173775880_mniv2f,diffuse,2,,art_history,high-art-history,How do ancient works of art play a role in contemporary society?,answer_snapshot,2026-04-14T13:58:02.017Z,,,,,,,Ancient works of art play an important role in how we understand the past. Many pieces of art from civilisations ,113,,,,,,,debounce
11,Wikipedia_Exp_14.04,Wikipedia_Exp_13.04,34,Female,sg_1776173775880_mniv2f,diffuse,2,,art_history,high-art-history,How do ancient works of art play a role in contemporary society?,answer_snapshot,2026-04-14T13:58:04.829Z,,,,,,,Ancient works of art play an important role in how we understand the past. Many pieces of art from civilisations such as ,121,,,,,,,debounce
11,Wikipedia_Exp_14.04,Wikipedia_Exp_13.04,34,Female,sg_1776173775880_mniv2f,diffuse,2,,art_history,high-art-history,How do ancient works of art play a role in contemporary society?,answer_snapshot,2026-04-14T13:58:34.306Z,,,,,,,"Ancient works of art play an important role in how we understand the past. Many pieces of art from civilisations such as the Eyptians,",134,,,,,,,debounce
11,Wikipedia_Exp_14.04,Wikipedia_Exp_13.04,34,Female,sg_1776173775880_mniv2f,diffuse,2,,art_history,high-art-history,How do ancient works of art play a role in contemporary society?,answer_snapshot,2026-04-14T13:58:40.616Z,,,,,,,"Ancient works of art play an important role in how we understand the past. Many pieces of art from civilisations such as the Eyptians, ancient greece",149,,,,,,,debounce
11,Wikipedia_Exp_14.04,Wikipedia_Exp_13.04,34,Female,sg_1776173775880_mniv2f,diffuse,2,,art_history,high-art-history,How do ancient works of art play a role in contemporary society?,answer_snapshot,2026-04-14T13:58:46.384Z,,,,,,,"Ancient works of art play an important role in how we understand the past. Many pieces of art from  such as the Eyptians, ancient greece",136,,,,,,,debounce
11,Wikipedia_Exp_14.04,Wikipedia_Exp_13.04,34,Female,sg_1776173775880_mniv2f,diffuse,2,,art_history,high-art-history,How do ancient works of art play a role in contemporary society?,answer_snapshot,2026-04-14T13:58:53.843Z,,,,,,,"Ancient works of art play an important role in how we understand the past. Many pieces of art from civilisations such as the Eyptians, ancient greece",149,,,,,,,debounce
11,Wikipedia_Exp_14.04,Wikipedia_Exp_13.04,34,Female,sg_1776173775880_mniv2f,diffuse,2,,art_history,high-art-history,How do ancient works of art play a role in contemporary society?,answer_snapshot,2026-04-14T13:58:59.657Z,,,,,,,"Ancient works of art play an important role in how we understand the past. Many pieces of art from civilisations such as the Egyptians, ancient greece",150,,,,,,,debounce
11,Wikipedia_Exp_14.04,Wikipedia_Exp_13.04,34,Female,sg_1776173775880_mniv2f,diffuse,2,,art_history,high-art-history,How do ancient works of art play a role in contemporary society?,answer_snapshot,2026-04-14T13:59:06.171Z,,,,,,,"Ancient works of art play an important role in how we understand the past. Many pieces of art from civilisations such as the Egyptians, ancient Greece",150,,,,,,,debounce
11,Wikipedia_Exp_14.04,Wikipedia_Exp_13.04,34,Female,sg_1776173775880_mniv2f,diffuse,2,,art_history,high-art-history,How do ancient works of art play a role in contemporary society?,answer_snapshot,2026-04-14T13:59:12.050Z,,,,,,,"Ancient works of art play an important role in how we understand the past. Many pieces of art from civilisations such as the Egyptians, ancient Greece ",151,,,,,,,debounce
11,Wikipedia_Exp_14.04,Wikipedia_Exp_13.04,34,Female,sg_1776173775880_mniv2f,diffuse,2,,art_history,high-art-history,How do ancient works of art play a role in contemporary society?,answer_snapshot_cursor_leave,2026-04-14T13:59:14.502Z,,,,,,,"Ancient works of art play an important role in how we understand the past. Many pieces of art from civilisations such as the Egyptians, ancient Greece ",151,,,,,,,cursor_leave
11,Wikipedia_Exp_14.04,Wikipedia_Exp_13.04,34,Female,sg_1776173775880_mniv2f,diffuse,2,,art_history,high-art-history,How do ancient works of art play a role in contemporary society?,search,2026-04-14T13:59:19.220Z,,,,,,ancient,,,,,,,,,
11,Wikipedia_Exp_14.04,Wikipedia_Exp_13.04,34,Female,sg_1776173775880_mniv2f,diffuse,2,,art_history,high-art-history,How do ancient works of art play a role in contemporary society?,search,2026-04-14T13:59:20.420Z,,,,,,ancient c,,,,,,,,,
11,Wikipedia_Exp_14.04,Wikipedia_Exp_13.04,34,Female,sg_1776173775880_mniv2f,diffuse,2,,art_history,high-art-history,How do ancient works of art play a role in contemporary society?,search,2026-04-14T13:59:21.219Z,,,,,,ancient civi,,,,,,,,,
11,Wikipedia_Exp_14.04,Wikipedia_Exp_13.04,34,Female,sg_1776173775880_mniv2f,diffuse,2,,art_history,high-art-history,How do ancient works of art play a role in contemporary society?,search,2026-04-14T13:59:21.781Z,,,,,,ancient civil,,,,,,,,,
11,Wikipedia_Exp_14.04,Wikipedia_Exp_13.04,34,Female,sg_1776173775880_mniv2f,diffuse,2,,art_history,high-art-history,How do ancient works of art play a role in contemporary society?,search,2026-04-14T13:59:23.233Z,,,,,,ancient civili,,,,,,,,,
11,Wikipedia_Exp_14.04,Wikipedia_Exp_13.04,34,Female,sg_1776173775880_mniv2f,diffuse,2,,art_history,high-art-history,How do ancient works of art play a role in contemporary society?,search,2026-04-14T13:59:26.914Z,,,,,,ancient civilisa,,,,,,,,,
11,Wikipedia_Exp_14.04,Wikipedia_Exp_13.04,34,Female,sg_1776173775880_mniv2f,diffuse,2,,art_history,high-art-history,How do ancient works of art play a role in contemporary society?,search,2026-04-14T13:59:27.760Z,,,,,,ancient civilisation,,,,,,,,,
11,Wikipedia_Exp_14.04,Wikipedia_Exp_13.04,34,Female,sg_1776173775880_mniv2f,diffuse,2,,art_history,high-art-history,How do ancient works of art play a role in contemporary society?,search,2026-04-14T13:59:28.533Z,,,,,,ancient civilisations,,,,,,,,,
11,Wikipedia_Exp_14.04,Wikipedia_Exp_13.04,34,Female,sg_1776173775880_mniv2f,diffuse,2,,art_history,high-art-history,How do ancient works of art play a role in contemporary society?,article_open,2026-04-14T13:59:30.940Z,Civilization,Civilization,,12270,search,,,,,,,,,,
11,Wikipedia_Exp_14.04,Wikipedia_Exp_13.04,34,Female,sg_1776173775880_mniv2f,diffuse,2,,art_history,high-art-history,How do ancient works of art play a role in contemporary society?,answer_snapshot,2026-04-14T13:59:44.626Z,,,,,,,"Ancient works of art play an important role in how we understand the past. Many pieces of art from civilisations such as ancient Egyptians, ancient Greece ",155,,,,,,,debounce
11,Wikipedia_Exp_14.04,Wikipedia_Exp_13.04,34,Female,sg_1776173775880_mniv2f,diffuse,2,,art_history,high-art-history,How do ancient works of art play a role in contemporary society?,answer_snapshot,2026-04-14T14:00:02.827Z,,,,,,,"Ancient works of art play an important role in how we understand the past. Many pieces of art from civilisations such as ancient Egyptians, ancient Greece and the Sumerians of Mesopotamia",187,,,,,,,debounce
11,Wikipedia_Exp_14.04,Wikipedia_Exp_13.04,34,Female,sg_1776173775880_mniv2f,diffuse,2,,art_history,high-art-history,How do ancient works of art play a role in contemporary society?,answer_snapshot,2026-04-14T14:00:13.780Z,,,,,,,"Ancient works of art play an important role in how we understand the past. Many pieces of art from civilisations such as ancient Egypt, ancient Greece and the Sumerians of Mesopotamia",183,,,,,,,debounce
11,Wikipedia_Exp_14.04,Wikipedia_Exp_13.04,34,Female,sg_1776173775880_mniv2f,diffuse,2,,art_history,high-art-history,How do ancient works of art play a role in contemporary society?,answer_snapshot,2026-04-14T14:00:19.560Z,,,,,,,"Ancient works of art play an important role in how we understand the past. Many pieces of art from civilisations such as ancient Egypt, ancient Greece and the Sumerians of Mesopotamia are",187,,,,,,,debounce
11,Wikipedia_Exp_14.04,Wikipedia_Exp_13.04,34,Female,sg_1776173775880_mniv2f,diffuse,2,,art_history,high-art-history,How do ancient works of art play a role in contemporary society?,answer_snapshot,2026-04-14T14:00:24.211Z,,,,,,,"Ancient works of art play an important role in how we understand the past. Many pieces of art from civilisations such as ancient Egypt, ancient Greece and the Sumerians of Mesopotamia are used to",195,,,,,,,debounce
11,Wikipedia_Exp_14.04,Wikipedia_Exp_13.04,34,Female,sg_1776173775880_mniv2f,diffuse,2,,art_history,high-art-history,How do ancient works of art play a role in contemporary society?,answer_snapshot,2026-04-14T14:00:46.550Z,,,,,,,"Ancient works of art play an important role in how we understand the past. Many pieces of art from civilisations such as ancient Egypt, ancient Greece and the Sumerians of Mesopotamia are used to piece together puzzles of how ",226,,,,,,,debounce
11,Wikipedia_Exp_14.04,Wikipedia_Exp_13.04,34,Female,sg_1776173775880_mniv2f,diffuse,2,,art_history,high-art-history,How do ancient works of art play a role in contemporary society?,answer_snapshot,2026-04-14T14:01:10.616Z,,,,,,,"Ancient works of art play an important role in how we understand the past. Many pieces of art from civilisations such as ancient Egypt, ancient Greece and the Sumerians of Mesopotamia are used to piece together puzzles of how life was in that time, and that ",258,,,,,,,debounce
11,Wikipedia_Exp_14.04,Wikipedia_Exp_13.04,34,Female,sg_1776173775880_mniv2f,diffuse,2,,art_history,high-art-history,How do ancient works of art play a role in contemporary society?,answer_snapshot,2026-04-14T14:01:18.624Z,,,,,,,"Ancient works of art play an important role in how we understand the past. Many pieces of art from civilisations such as ancient Egypt, ancient Greece and the Sumerians of Mesopotamia are used to piece together puzzles of how life was in that time, and that allows",264,,,,,,,debounce
11,Wikipedia_Exp_14.04,Wikipedia_Exp_13.04,34,Female,sg_1776173775880_mniv2f,diffuse,2,,art_history,high-art-history,How do ancient works of art play a role in contemporary society?,answer_snapshot,2026-04-14T14:01:24.395Z,,,,,,,"Ancient works of art play an important role in how we understand the past. Many pieces of art from civilisations such as ancient Egypt, ancient Greece and the Sumerians of Mesopotamia are used to piece together puzzles of how life was in that time, and that allows us to learn and grow",285,,,,,,,debounce
11,Wikipedia_Exp_14.04,Wikipedia_Exp_13.04,34,Female,sg_1776173775880_mniv2f,diffuse,2,,art_history,high-art-history,How do ancient works of art play a role in contemporary society?,answer_snapshot,2026-04-14T14:01:28.693Z,,,,,,,"Ancient works of art play an important role in how we understand the past. Many pieces of art from civilisations such as ancient Egypt, ancient Greece and the Sumerians of Mesopotamia are used to piece together puzzles of how life was in that time, and that allows us to learn and grow ",286,,,,,,,debounce
11,Wikipedia_Exp_14.04,Wikipedia_Exp_13.04,34,Female,sg_1776173775880_mniv2f,diffuse,2,,art_history,high-art-history,How do ancient works of art play a role in contemporary society?,answer_snapshot,2026-04-14T14:01:32.319Z,,,,,,,"Ancient works of art play an important role in how we understand the past. Many pieces of art from civilisations such as ancient Egypt, ancient Greece and the Sumerians of Mesopotamia are used to piece together puzzles of how life was in that time, and that allows us to learn and grow from",290,,,,,,,debounce
11,Wikipedia_Exp_14.04,Wikipedia_Exp_13.04,34,Female,sg_1776173775880_mniv2f,diffuse,2,,art_history,high-art-history,How do ancient works of art play a role in contemporary society?,answer_snapshot,2026-04-14T14:01:46.235Z,,,,,,,"Ancient works of art play an important role in how we understand the past. Many pieces of art from civilisations such as ancient Egypt, ancient Greece and the Sumerians of Mesopotamia are used to piece together puzzles of how life was in that time, and that allows us to grow from what they learnt ",298,,,,,,,debounce
11,Wikipedia_Exp_14.04,Wikipedia_Exp_13.04,34,Female,sg_1776173775880_mniv2f,diffuse,2,,art_history,high-art-history,How do ancient works of art play a role in contemporary society?,answer_snapshot,2026-04-14T14:02:05.824Z,,,,,,,"Ancient works of art play an important role in how we understand the past. Many pieces of art from civilisations such as ancient Egypt, ancient Greece and the Sumerians of Mesopotamia are used to piece together puzzles of how life was in that time, and that allows us to grow in contemporary society.",300,,,,,,,debounce
11,Wikipedia_Exp_14.04,Wikipedia_Exp_13.04,34,Female,sg_1776173775880_mniv2f,diffuse,2,,art_history,high-art-history,How do ancient works of art play a role in contemporary society?,answer_snapshot,2026-04-14T14:02:15.752Z,,,,,,,"Ancient works of art play an important role in how we understand the past. Many pieces of art from civilisations such as ancient Egypt, ancient Greece and the Sumerians of Mesopotamia are used to piece together puzzles of how life was in that time, and that allows us to grow in contemporary society. Learning from the past is important",336,,,,,,,debounce
11,Wikipedia_Exp_14.04,Wikipedia_Exp_13.04,34,Female,sg_1776173775880_mniv2f,diffuse,2,,art_history,high-art-history,How do ancient works of art play a role in contemporary society?,answer_snapshot,2026-04-14T14:02:30.103Z,,,,,,,"Ancient works of art play an important role in how we understand the past. Many pieces of art from civilisations such as ancient Egypt, ancient Greece and the Sumerians of Mesopotamia are used to piece together puzzles of how life was in that time, and that allows us to grow in contemporary society. Learning from the past is important for modern and future societies. ",370,,,,,,,debounce
11,Wikipedia_Exp_14.04,Wikipedia_Exp_13.04,34,Female,sg_1776173775880_mniv2f,diffuse,2,,art_history,high-art-history,How do ancient works of art play a role in contemporary society?,answer_snapshot,2026-04-14T14:02:59.132Z,,,,,,,"Ancient works of art play an important role in how we understand the past. Many pieces of art from civilisations such as ancient Egypt, ancient Greece and the Sumerians of Mesopotamia are used to piece together puzzles of how life was in that time, and that allows us to grow in contemporary society. Learning from the past is important for modern and future societies, allowing",378,,,,,,,debounce
11,Wikipedia_Exp_14.04,Wikipedia_Exp_13.04,34,Female,sg_1776173775880_mniv2f,diffuse,2,,art_history,high-art-history,How do ancient works of art play a role in contemporary society?,answer_snapshot,2026-04-14T14:03:02.593Z,,,,,,,"Ancient works of art play an important role in how we understand the past. Many pieces of art from civilisations such as ancient Egypt, ancient Greece and the Sumerians of Mesopotamia are used to piece together puzzles of how life was in that time, and that allows us to grow in contemporary society. Learning from the past is important for modern and future societies, allowing for",382,,,,,,,debounce
11,Wikipedia_Exp_14.04,Wikipedia_Exp_13.04,34,Female,sg_1776173775880_mniv2f,diffuse,2,,art_history,high-art-history,How do ancient works of art play a role in contemporary society?,answer_snapshot,2026-04-14T14:03:14.200Z,,,,,,,"Ancient works of art play an important role in how we understand the past. Many pieces of art from civilisations such as ancient Egypt, ancient Greece and the Sumerians of Mesopotamia are used to piece together puzzles of how life was in that time, and that allows us to grow in contemporary society. Learning from the past is important for modern and future societies, allowing for a broad understanding ",405,,,,,,,debounce
11,Wikipedia_Exp_14.04,Wikipedia_Exp_13.04,34,Female,sg_1776173775880_mniv2f,diffuse,2,,art_history,high-art-history,How do ancient works of art play a role in contemporary society?,answer_snapshot,2026-04-14T14:03:17.421Z,,,,,,,"Ancient works of art play an important role in how we understand the past. Many pieces of art from civilisations such as ancient Egypt, ancient Greece and the Sumerians of Mesopotamia are used to piece together puzzles of how life was in that time, and that allows us to grow in contemporary society. Learning from the past is important for modern and future societies, allowing for a broad understanding of humans",414,,,,,,,debounce
11,Wikipedia_Exp_14.04,Wikipedia_Exp_13.04,34,Female,sg_1776173775880_mniv2f,diffuse,2,,art_history,high-art-history,How do ancient works of art play a role in contemporary society?,answer_snapshot,2026-04-14T14:03:24.295Z,,,,,,,"Ancient works of art play an important role in how we understand the past. Many pieces of art from civilisations such as ancient Egypt, ancient Greece and the Sumerians of Mesopotamia are used to piece together puzzles of how life was in that time, and that allows us to grow in contemporary society. Learning from the past is important for modern and future societies, allowing for a broad understanding of humans and society as a whole.",438,,,,,,,debounce
11,Wikipedia_Exp_14.04,Wikipedia_Exp_13.04,34,Female,sg_1776173775880_mniv2f,diffuse,2,,art_history,high-art-history,How do ancient works of art play a role in contemporary society?,answer_snapshot,2026-04-14T14:04:00.410Z,,,,,,,"Ancient works of art play an important role in how we understand the past. Many pieces of art from civilisations such as ancient Egypt, ancient Greece and the Sumerians of Mesopotamia are used to piece together puzzles of how life was in that time, and that allows us to grow in contemporary society. Learning from the past is important for modern and future societies, allowing for a broad understanding of humans and society as a whole.",438,,,,,,,submit
11,Wikipedia_Exp_14.04,Wikipedia_Exp_13.04,34,Female,sg_1776173775880_mniv2f,diffuse,2,,art_history,high-art-history,How do ancient works of art play a role in contemporary society?,task_end,2026-04-14T14:04:00.410Z,,,,,,,,,"Ancient works of art play an important role in how we understand the past. Many pieces of art from civilisations such as ancient Egypt, ancient Greece and the Sumerians of Mesopotamia are used to piece together puzzles of how life was in that time, and that allows us to grow in contemporary society. Learning from the past is important for modern and future societies, allowing for a broad understanding of humans and society as a whole.",438,,,,,
13,Wikipedia_Exp_14.04,Wikipedia_Exp_13.04,38,Male,sg_1776175539831_hxn9r8,diffuse,0,1,practice,practice-capybaras,What do Capybaras eat?,attention_check_pass,2026-04-14T14:06:28.181Z,,,,,,,,,,,,,,,attempt_1
13,Wikipedia_Exp_14.04,Wikipedia_Exp_13.04,38,Male,sg_1776175539831_hxn9r8,diffuse,0,1,practice,practice-capybaras,What do Capybaras eat?,familiarity_rating,2026-04-14T14:06:32.840Z,,,,,,,,,,,,,1,2,
13,Wikipedia_Exp_14.04,Wikipedia_Exp_13.04,38,Male,sg_1776175539831_hxn9r8,diffuse,0,1,practice,practice-capybaras,What do Capybaras eat?,task_start,2026-04-14T14:06:32.998Z,,,,,,,,,,,,,,,
13,Wikipedia_Exp_14.04,Wikipedia_Exp_13.04,38,Male,sg_1776175539831_hxn9r8,diffuse,0,1,practice,practice-capybaras,What do Capybaras eat?,article_open,2026-04-14T14:06:33.549Z,Capybara,Capybara,,4650,,,,,,,,,,,
13,Wikipedia_Exp_14.04,Wikipedia_Exp_13.04,38,Male,sg_1776175539831_hxn9r8,diffuse,0,1,practice,practice-capybaras,What do Capybaras eat?,paste,2026-04-14T14:07:06.666Z,,,,,,,,,,,"Capybaras are herbivores, grazing mainly on grasses and aquatic plants,[14][24] as well as fruit and tree bark.[",112,,,
13,Wikipedia_Exp_14.04,Wikipedia_Exp_13.04,38,Male,sg_1776175539831_hxn9r8,diffuse,0,1,practice,practice-capybaras,What do Capybaras eat?,answer_snapshot,2026-04-14T14:07:08.671Z,,,,,,,"Capybaras are herbivores, grazing mainly on grasses and aquatic plants,[14][24] as well as fruit and tree bark.[",112,,,,,,,debounce
13,Wikipedia_Exp_14.04,Wikipedia_Exp_13.04,38,Male,sg_1776175539831_hxn9r8,diffuse,0,1,practice,practice-capybaras,What do Capybaras eat?,answer_snapshot_cursor_leave,2026-04-14T14:07:20.855Z,,,,,,,"Capybaras are herbivores, grazing mainly on grasses and aquatic plants,[14][24] as well as fruit and tree bark.[",112,,,,,,,cursor_leave
13,Wikipedia_Exp_14.04,Wikipedia_Exp_13.04,38,Male,sg_1776175539831_hxn9r8,diffuse,0,1,practice,practice-capybaras,What do Capybaras eat?,paste,2026-04-14T14:07:31.204Z,,,,,,,,,,,"They are very selective feeders[25] and feed on the leaves of one species and disregard other species surrounding it. They eat a greater variety of plants during the dry season, as fewer plants are available. While they eat grass during the wet season, they have to switch to more abundant reeds during the dry season.[26] Plants that capybaras eat during the summer lose their nutritional value in the winter, so they are not consumed at that time.[25] The capybara's jaw hinge is not perpendicular, so they chew food by grinding back-and-forth rather than side-to-side.[27] Capybaras are autocoprophagous,[28] meaning they eat their own feces as a source of bacterial gut flora, to help digest the cellulose in the grass that forms their normal diet, and to extract the maximum protein and vitamins from their food. They also regurgitate food to masticate again, similar to cud-chewing by cattle.[28][29] Like other rodents, a capybara's front teeth grow continually to compensate for the constant wear from eating grasses;[19] their cheek teeth also grow continuously.[27]",1075,,,
13,Wikipedia_Exp_14.04,Wikipedia_Exp_13.04,38,Male,sg_1776175539831_hxn9r8,diffuse,0,1,practice,practice-capybaras,What do Capybaras eat?,answer_snapshot,2026-04-14T14:07:33.206Z,,,,,,,"Capybaras are herbivores, grazing mainly on grasses and aquatic plants,[14][24] as well as fruit and tree bark.They are very selective feeders[25] and feed on the leaves of one species and disregard other species surrounding it. They eat a greater variety of plants during the dry season, as fewer plants are available. While they eat grass during the wet season, they have to switch to more abundant reeds during the dry season.[26] Plants that capybaras eat during the summer lose their nutritional value in the winter, so they are not consumed at that time.[25] The capybara's jaw hinge is not perpendicular, so they chew food by grinding back-and-forth rather than side-to-side.[27] Capybaras are autocoprophagous,[28] meaning they eat their own feces as a source of bacterial gut flora, to help digest the cellulose in the grass that forms their normal diet, and to extract the maximum protein and vitamins from their food. They also regurgitate food to masticate again, similar to cud-chewing by cattle.[28][29] Like other rodents, a capybara's front teeth grow continually to compensate for the constant wear from eating grasses;[19] their cheek teeth also grow continuously.[27]",1186,,,,,,,debounce
13,Wikipedia_Exp_14.04,Wikipedia_Exp_13.04,38,Male,sg_1776175539831_hxn9r8,diffuse,0,1,practice,practice-capybaras,What do Capybaras eat?,answer_snapshot,2026-04-14T14:07:37.978Z,,,,,,,"Capybaras are herbivores, grazing mainly on grasses and aquatic plants,] as well as fruit and tree bark.They are very selective feeders[25] and feed on the leaves of one species and disregard other species surrounding it. They eat a greater variety of plants during the dry season, as fewer plants are available. While they eat grass during the wet season, they have to switch to more abundant reeds during the dry season.[26] Plants that capybaras eat during the summer lose their nutritional value in the winter, so they are not consumed at that time.[25] The capybara's jaw hinge is not perpendicular, so they chew food by grinding back-and-forth rather than side-to-side.[27] Capybaras are autocoprophagous,[28] meaning they eat their own feces as a source of bacterial gut flora, to help digest the cellulose in the grass that forms their normal diet, and to extract the maximum protein and vitamins from their food. They also regurgitate food to masticate again, similar to cud-chewing by cattle.[28][29] Like other rodents, a capybara's front teeth grow continually to compensate for the constant wear from eating grasses;[19] their cheek teeth also grow continuously.[27]",1179,,,,,,,debounce
13,Wikipedia_Exp_14.04,Wikipedia_Exp_13.04,38,Male,sg_1776175539831_hxn9r8,diffuse,0,1,practice,practice-capybaras,What do Capybaras eat?,answer_snapshot,2026-04-14T14:07:40.203Z,,,,,,,"Capybaras are herbivores, grazing mainly on grasses and aquatic plants, as well as fruit and tree bark.They are very selective feeders[25] and feed on the leaves of one species and disregard other species surrounding it. They eat a greater variety of plants during the dry season, as fewer plants are available. While they eat grass during the wet season, they have to switch to more abundant reeds during the dry season.[26] Plants that capybaras eat during the summer lose their nutritional value in the winter, so they are not consumed at that time.[25] The capybara's jaw hinge is not perpendicular, so they chew food by grinding back-and-forth rather than side-to-side.[27] Capybaras are autocoprophagous,[28] meaning they eat their own feces as a source of bacterial gut flora, to help digest the cellulose in the grass that forms their normal diet, and to extract the maximum protein and vitamins from their food. They also regurgitate food to masticate again, similar to cud-chewing by cattle.[28][29] Like other rodents, a capybara's front teeth grow continually to compensate for the constant wear from eating grasses;[19] their cheek teeth also grow continuously.[27]",1178,,,,,,,debounce
13,Wikipedia_Exp_14.04,Wikipedia_Exp_13.04,38,Male,sg_1776175539831_hxn9r8,diffuse,0,1,practice,practice-capybaras,What do Capybaras eat?,answer_snapshot,2026-04-14T14:07:42.922Z,,,,,,,"Capybaras are herbivores, grazing mainly on grasses and aquatic plants, as well as fruit and tree bark.They are very selective feeders and feed on the leaves of one species and disregard other species surrounding it. They eat a greater variety of plants during the dry season, as fewer plants are available. While they eat grass during the wet season, they have to switch to more abundant reeds during the dry season.[26] Plants that capybaras eat during the summer lose their nutritional value in the winter, so they are not consumed at that time.[25] The capybara's jaw hinge is not perpendicular, so they chew food by grinding back-and-forth rather than side-to-side.[27] Capybaras are autocoprophagous,[28] meaning they eat their own feces as a source of bacterial gut flora, to help digest the cellulose in the grass that forms their normal diet, and to extract the maximum protein and vitamins from their food. They also regurgitate food to masticate again, similar to cud-chewing by cattle.[28][29] Like other rodents, a capybara's front teeth grow continually to compensate for the constant wear from eating grasses;[19] their cheek teeth also grow continuously.[27]",1174,,,,,,,debounce
13,Wikipedia_Exp_14.04,Wikipedia_Exp_13.04,38,Male,sg_1776175539831_hxn9r8,diffuse,0,1,practice,practice-capybaras,What do Capybaras eat?,answer_snapshot,2026-04-14T14:07:47.776Z,,,,,,,"Capybaras are herbivores, grazing mainly on grasses and aquatic plants, as well as fruit and tree bark.They are very selective feeders and feed on the leaves of one species and disregard other species surrounding it. They eat a greater variety of plants during the dry season, as fewer plants are available. While they eat grass during the wet season, they have to switch to more abundant reeds during the dry season.[26] Plants that capybaras eat during the summer lose their nutritional value in the winter, so they are not consumed at that time. The capybara's jaw hinge is not perpendicular, so they chew food by grinding back-and-forth rather than side-to-side.[27] Capybaras are autocoprophagous,[28] meaning they eat their own feces as a source of bacterial gut flora, to help digest the cellulose in the grass that forms their normal diet, and to extract the maximum protein and vitamins from their food. They also regurgitate food to masticate again, similar to cud-chewing by cattle.[28][29] Like other rodents, a capybara's front teeth grow continually to compensate for the constant wear from eating grasses;[19] their cheek teeth also grow continuously.[27]",1170,,,,,,,debounce
13,Wikipedia_Exp_14.04,Wikipedia_Exp_13.04,38,Male,sg_1776175539831_hxn9r8,diffuse,0,1,practice,practice-capybaras,What do Capybaras eat?,answer_snapshot,2026-04-14T14:07:54.757Z,,,,,,,"Capybaras are herbivores, grazing mainly on grasses and aquatic plants, as well as fruit and tree bark.They are very selective feeders and feed on the leaves of one species and disregard other species surrounding it. They eat a greater variety of plants during the dry season, as fewer plants are available. While they eat grass during the wet season, they have to switch to more abundant reeds during the dry season. Plants that capybaras eat during the summer lose their nutritional value in the winter, so they are not consumed at that time. The capybara's jaw hinge is not perpendicular, so they chew food by grinding back-and-forth rather than side-to-side.[27] Capybaras are autocoprophagous, meaning they eat their own feces as a source of bacterial gut flora, to help digest the cellulose in the grass that forms their normal diet, and to extract the maximum protein and vitamins from their food. They also regurgitate food to masticate again, similar to cud-chewing by cattle.[28][29] Like other rodents, a capybara's front teeth grow continually to compensate for the constant wear from eating grasses;[19] their cheek teeth also grow continuously.[27]",1162,,,,,,,debounce
13,Wikipedia_Exp_14.04,Wikipedia_Exp_13.04,38,Male,sg_1776175539831_hxn9r8,diffuse,0,1,practice,practice-capybaras,What do Capybaras eat?,answer_snapshot,2026-04-14T14:08:03.972Z,,,,,,,"Capybaras are herbivores, grazing mainly on grasses and aquatic plants, as well as fruit and tree bark.They are very selective feeders and feed on the leaves of one species and disregard other species surrounding it. They eat a greater variety of plants during the dry season, as fewer plants are available. While they eat grass during the wet season, they have to switch to more abundant reeds during the dry season. Plants that capybaras eat during the summer lose their nutritional value in the winter, so they are not consumed at that time. The capybara's jaw hinge is not perpendicular, so they chew food by grinding back-and-forth rather than side-to-side. Capybaras are autocoprophagous, meaning they eat their own feces as a source of bacterial gut flora, to help digest the cellulose in the grass that forms their normal diet, and to extract the maximum protein and vitamins from their food. They also regurgitate food to masticate again, similar to cud-chewing by cattle. Like other rodents, a capybara's front teeth grow continually to compensate for the constant wear from eating grasses; their cheek teeth also grow continuously.[27]",1146,,,,,,,debounce
13,Wikipedia_Exp_14.04,Wikipedia_Exp_13.04,38,Male,sg_1776175539831_hxn9r8,diffuse,0,1,practice,practice-capybaras,What do Capybaras eat?,answer_snapshot,2026-04-14T14:08:08.420Z,,,,,,,"Capybaras are herbivores, grazing mainly on grasses and aquatic plants, as well as fruit and tree bark.They are very selective feeders and feed on the leaves of one species and disregard other species surrounding it. They eat a greater variety of plants during the dry season, as fewer plants are available. While they eat grass during the wet season, they have to switch to more abundant reeds during the dry season. Plants that capybaras eat during the summer lose their nutritional value in the winter, so they are not consumed at that time. The capybara's jaw hinge is not perpendicular, so they chew food by grinding back-and-forth rather than side-to-side. Capybaras are autocoprophagous, meaning they eat their own feces as a source of bacterial gut flora, to help digest the cellulose in the grass that forms their normal diet, and to extract the maximum protein and vitamins from their food. They also regurgitate food to masticate again, similar to cud-chewing by cattle. ",982,,,,,,,debounce
13,Wikipedia_Exp_14.04,Wikipedia_Exp_13.04,38,Male,sg_1776175539831_hxn9r8,diffuse,0,1,practice,practice-capybaras,What do Capybaras eat?,answer_snapshot,2026-04-14T14:08:17.659Z,,,,,,,"Capybaras are herbivores, grazing mostly on grasses and aquatic plants, as well as fruit and tree bark.They are very selective feeders and feed on the leaves of one species and disregard other species surrounding it. They eat a greater variety of plants during the dry season, as fewer plants are available. While they eat grass during the wet season, they have to switch to more abundant reeds during the dry season. Plants that capybaras eat during the summer lose their nutritional value in the winter, so they are not consumed at that time. The capybara's jaw hinge is not perpendicular, so they chew food by grinding back-and-forth rather than side-to-side. Capybaras are autocoprophagous, meaning they eat their own feces as a source of bacterial gut flora, to help digest the cellulose in the grass that forms their normal diet, and to extract the maximum protein and vitamins from their food. They also regurgitate food to masticate again, similar to cud-chewing by cattle. ",982,,,,,,,debounce
13,Wikipedia_Exp_14.04,Wikipedia_Exp_13.04,38,Male,sg_1776175539831_hxn9r8,diffuse,0,1,practice,practice-capybaras,What do Capybaras eat?,answer_snapshot,2026-04-14T14:08:24.490Z,,,,,,,"Capybaras are herbivores, grazing mostly on grasses and aquatic plants, as well as fruit and tree bark.They are selective feeders and feed on the leaves of one species and disregard other species surrounding it. They eat a greater variety of plants during the dry season, as fewer plants are available. While they eat grass during the wet season, they have to switch to more abundant reeds during the dry season. Plants that capybaras eat during the summer lose their nutritional value in the winter, so they are not consumed at that time. The capybara's jaw hinge is not perpendicular, so they chew food by grinding back-and-forth rather than side-to-side. Capybaras are autocoprophagous, meaning they eat their own feces as a source of bacterial gut flora, to help digest the cellulose in the grass that forms their normal diet, and to extract the maximum protein and vitamins from their food. They also regurgitate food to masticate again, similar to cud-chewing by cattle. ",977,,,,,,,debounce
13,Wikipedia_Exp_14.04,Wikipedia_Exp_13.04,38,Male,sg_1776175539831_hxn9r8,diffuse,0,1,practice,practice-capybaras,What do Capybaras eat?,answer_snapshot,2026-04-14T14:08:43.903Z,,,,,,,"Capybaras are herbivores, grazing mostly on grasses and aquatic plants, as well as fruit and tree bark.They are selective feeders and feed on the leaves of one species and disregard other species surrounding it. They eat a greater variety of plants during the dry season, as fewer plants are available. While they eat grass during the wet season, they have to switch to more abundant reeds during the dry season. Plants that capybaras eat during the summer lose their nutritional value in the winter, so they are not consumed at that time. Capybaras are autocoprophagous, meaning they eat their own feces as a source of bacterial gut flora, to help digest the cellulose in the grass that forms their normal diet, and to extract the maximum protein and vitamins from their food. They also regurgitate food to masticate again, similar to cud-chewing by cattle. ",859,,,,,,,debounce
13,Wikipedia_Exp_14.04,Wikipedia_Exp_13.04,38,Male,sg_1776175539831_hxn9r8,diffuse,0,1,practice,practice-capybaras,What do Capybaras eat?,answer_snapshot_cursor_leave,2026-04-14T14:08:58.219Z,,,,,,,"Capybaras are herbivores, grazing mostly on grasses and aquatic plants, as well as fruit and tree bark.They are selective feeders and feed on the leaves of one species and disregard other species surrounding it. They eat a greater variety of plants during the dry season, as fewer plants are available. While they eat grass during the wet season, they have to switch to more abundant reeds during the dry season. Plants that capybaras eat during the summer lose their nutritional value in the winter, so they are not consumed at that time. Capybaras are autocoprophagous, meaning they eat their own feces as a source of bacterial gut flora, to help digest the cellulose in the grass that forms their normal diet, and to extract the maximum protein and vitamins from their food. They also regurgitate food to masticate again, similar to cud-chewing by cattle. ",859,,,,,,,cursor_leave
13,Wikipedia_Exp_14.04,Wikipedia_Exp_13.04,38,Male,sg_1776175539831_hxn9r8,diffuse,0,1,practice,practice-capybaras,What do Capybaras eat?,answer_snapshot,2026-04-14T14:08:58.269Z,,,,,,,"Capybaras are herbivores, grazing mostly on grasses and aquatic plants, as well as fruit and tree bark.They are selective feeders and feed on the leaves of one species and disregard other species surrounding it. They eat a greater variety of plants during the dry season, as fewer plants are available. While they eat grass during the wet season, they have to switch to more abundant reeds during the dry season. Plants that capybaras eat during the summer lose their nutritional value in the winter, so they are not consumed at that time. Capybaras are autocoprophagous, meaning they eat their own feces as a source of bacterial gut flora, to help digest the cellulose in the grass that forms their normal diet, and to extract the maximum protein and vitamins from their food. They also regurgitate food to masticate again, similar to cud-chewing by cattle. ",859,,,,,,,submit
13,Wikipedia_Exp_14.04,Wikipedia_Exp_13.04,38,Male,sg_1776175539831_hxn9r8,diffuse,0,1,practice,practice-capybaras,What do Capybaras eat?,task_end,2026-04-14T14:08:58.270Z,,,,,,,,,"Capybaras are herbivores, grazing mostly on grasses and aquatic plants, as well as fruit and tree bark.They are selective feeders and feed on the leaves of one species and disregard other species surrounding it. They eat a greater variety of plants during the dry season, as fewer plants are available. While they eat grass during the wet season, they have to switch to more abundant reeds during the dry season. Plants that capybaras eat during the summer lose their nutritional value in the winter, so they are not consumed at that time. Capybaras are autocoprophagous, meaning they eat their own feces as a source of bacterial gut flora, to help digest the cellulose in the grass that forms their normal diet, and to extract the maximum protein and vitamins from their food. They also regurgitate food to masticate again, similar to cud-chewing by cattle. ",859,,,,,
13,Wikipedia_Exp_14.04,Wikipedia_Exp_13.04,38,Male,sg_1776175539831_hxn9r8,diffuse,1,,art_history,high-art-history,How do ancient works of art play a role in contemporary society?,familiarity_rating,2026-04-14T14:09:08.033Z,,,,,,,,,,,,,2,3,
13,Wikipedia_Exp_14.04,Wikipedia_Exp_13.04,38,Male,sg_1776175539831_hxn9r8,diffuse,1,,art_history,high-art-history,How do ancient works of art play a role in contemporary society?,task_start,2026-04-14T14:09:08.564Z,,,,,,,,,,,,,,,
13,Wikipedia_Exp_14.04,Wikipedia_Exp_13.04,38,Male,sg_1776175539831_hxn9r8,diffuse,1,,art_history,high-art-history,How do ancient works of art play a role in contemporary society?,search,2026-04-14T14:09:19.192Z,,,,,,an,,,,,,,,,
13,Wikipedia_Exp_14.04,Wikipedia_Exp_13.04,38,Male,sg_1776175539831_hxn9r8,diffuse,1,,art_history,high-art-history,How do ancient works of art play a role in contemporary society?,search,2026-04-14T14:09:20.605Z,,,,,,ancient art ,,,,,,,,,
13,Wikipedia_Exp_14.04,Wikipedia_Exp_13.04,38,Male,sg_1776175539831_hxn9r8,diffuse,1,,art_history,high-art-history,How do ancient works of art play a role in contemporary society?,search,2026-04-14T14:09:23.911Z,,,,,,ancient art inn,,,,,,,,,
13,Wikipedia_Exp_14.04,Wikipedia_Exp_13.04,38,Male,sg_1776175539831_hxn9r8,diffuse,1,,art_history,high-art-history,How do ancient works of art play a role in contemporary society?,search,2026-04-14T14:09:24.510Z,,,,,,ancient art in,,,,,,,,,
13,Wikipedia_Exp_14.04,Wikipedia_Exp_13.04,38,Male,sg_1776175539831_hxn9r8,diffuse,1,,art_history,high-art-history,How do ancient works of art play a role in contemporary society?,search,2026-04-14T14:09:24.989Z,,,,,,ancient art inc ,,,,,,,,,
13,Wikipedia_Exp_14.04,Wikipedia_Exp_13.04,38,Male,sg_1776175539831_hxn9r8,diffuse,1,,art_history,high-art-history,How do ancient works of art play a role in contemporary society?,search,2026-04-14T14:09:25.853Z,,,,,,ancient art in c,,,,,,,,,
13,Wikipedia_Exp_14.04,Wikipedia_Exp_13.04,38,Male,sg_1776175539831_hxn9r8,diffuse,1,,art_history,high-art-history,How do ancient works of art play a role in contemporary society?,search,2026-04-14T14:09:26.547Z,,,,,,ancient art in con,,,,,,,,,
13,Wikipedia_Exp_14.04,Wikipedia_Exp_13.04,38,Male,sg_1776175539831_hxn9r8,diffuse,1,,art_history,high-art-history,How do ancient works of art play a role in contemporary society?,search,2026-04-14T14:09:26.916Z,,,,,,ancient art in cont,,,,,,,,,
13,Wikipedia_Exp_14.04,Wikipedia_Exp_13.04,38,Male,sg_1776175539831_hxn9r8,diffuse,1,,art_history,high-art-history,How do ancient works of art play a role in contemporary society?,search,2026-04-14T14:09:27.343Z,,,,,,ancient art in contem,,,,,,,,,
13,Wikipedia_Exp_14.04,Wikipedia_Exp_13.04,38,Male,sg_1776175539831_hxn9r8,diffuse,1,,art_history,high-art-history,How do ancient works of art play a role in contemporary society?,search,2026-04-14T14:09:27.832Z,,,,,,ancient art in contemp,,,,,,,,,
13,Wikipedia_Exp_14.04,Wikipedia_Exp_13.04,38,Male,sg_1776175539831_hxn9r8,diffuse,1,,art_history,high-art-history,How do ancient works of art play a role in contemporary society?,search,2026-04-14T14:09:28.166Z,,,,,,ancient art in contempo,,,,,,,,,
13,Wikipedia_Exp_14.04,Wikipedia_Exp_13.04,38,Male,sg_1776175539831_hxn9r8,diffuse,1,,art_history,high-art-history,How do ancient works of art play a role in contemporary society?,search,2026-04-14T14:09:28.631Z,,,,,,ancient art in contemporar,,,,,,,,,
13,Wikipedia_Exp_14.04,Wikipedia_Exp_13.04,38,Male,sg_1776175539831_hxn9r8,diffuse,1,,art_history,high-art-history,How do ancient works of art play a role in contemporary society?,search,2026-04-14T14:09:30.889Z,,,,,,ancient art in contemporary c,,,,,,,,,
13,Wikipedia_Exp_14.04,Wikipedia_Exp_13.04,38,Male,sg_1776175539831_hxn9r8,diffuse,1,,art_history,high-art-history,How do ancient works of art play a role in contemporary society?,search,2026-04-14T14:09:31.754Z,,,,,,ancient art in contemporary culut,,,,,,,,,
13,Wikipedia_Exp_14.04,Wikipedia_Exp_13.04,38,Male,sg_1776175539831_hxn9r8,diffuse,1,,art_history,high-art-history,How do ancient works of art play a role in contemporary society?,search,2026-04-14T14:09:33.070Z,,,,,,ancient art in contemporary cul,,,,,,,,,
13,Wikipedia_Exp_14.04,Wikipedia_Exp_13.04,38,Male,sg_1776175539831_hxn9r8,diffuse,1,,art_history,high-art-history,How do ancient works of art play a role in contemporary society?,search,2026-04-14T14:09:34.407Z,,,,,,ancient art in contemporary culture,,,,,,,,,
13,Wikipedia_Exp_14.04,Wikipedia_Exp_13.04,38,Male,sg_1776175539831_hxn9r8,diffuse,1,,art_history,high-art-history,How do ancient works of art play a role in contemporary society?,search,2026-04-14T14:09:35.005Z,,,,,,ancient art in contemporary culture,,,,,,,,,
13,Wikipedia_Exp_14.04,Wikipedia_Exp_13.04,38,Male,sg_1776175539831_hxn9r8,diffuse,1,,art_history,high-art-history,How do ancient works of art play a role in contemporary society?,search,2026-04-14T14:09:48.189Z,,,,,,ancient works ,,,,,,,,,
13,Wikipedia_Exp_14.04,Wikipedia_Exp_13.04,38,Male,sg_1776175539831_hxn9r8,diffuse,1,,art_history,high-art-history,How do ancient works of art play a role in contemporary society?,search,2026-04-14T14:09:48.863Z,,,,,,ancient works of,,,,,,,,,
13,Wikipedia_Exp_14.04,Wikipedia_Exp_13.04,38,Male,sg_1776175539831_hxn9r8,diffuse,1,,art_history,high-art-history,How do ancient works of art play a role in contemporary society?,search,2026-04-14T14:09:50.799Z,,,,,,ancient works o,,,,,,,,,
13,Wikipedia_Exp_14.04,Wikipedia_Exp_13.04,38,Male,sg_1776175539831_hxn9r8,diffuse,1,,art_history,high-art-history,How do ancient works of art play a role in contemporary society?,search,2026-04-14T14:09:51.208Z,,,,,,ancient works ,,,,,,,,,
13,Wikipedia_Exp_14.04,Wikipedia_Exp_13.04,38,Male,sg_1776175539831_hxn9r8,diffuse,1,,art_history,high-art-history,How do ancient works of art play a role in contemporary society?,search,2026-04-14T14:09:52.731Z,,,,,,ancient works,,,,,,,,,
13,Wikipedia_Exp_14.04,Wikipedia_Exp_13.04,38,Male,sg_1776175539831_hxn9r8,diffuse,1,,art_history,high-art-history,How do ancient works of art play a role in contemporary society?,search,2026-04-14T14:09:53.944Z,,,,,,ancient w,,,,,,,,,
13,Wikipedia_Exp_14.04,Wikipedia_Exp_13.04,38,Male,sg_1776175539831_hxn9r8,diffuse,1,,art_history,high-art-history,How do ancient works of art play a role in contemporary society?,search,2026-04-14T14:09:54.209Z,,,,,,ancient ,,,,,,,,,
13,Wikipedia_Exp_14.04,Wikipedia_Exp_13.04,38,Male,sg_1776175539831_hxn9r8,diffuse,1,,art_history,high-art-history,How do ancient works of art play a role in contemporary society?,search,2026-04-14T14:09:57.977Z,,,,,,ancient art,,,,,,,,,
13,Wikipedia_Exp_14.04,Wikipedia_Exp_13.04,38,Male,sg_1776175539831_hxn9r8,diffuse,1,,art_history,high-art-history,How do ancient works of art play a role in contemporary society?,article_open,2026-04-14T14:09:59.189Z,Ancient_art,Ancient art,,9179,search,,,,,,,,,,
13,Wikipedia_Exp_14.04,Wikipedia_Exp_13.04,38,Male,sg_1776175539831_hxn9r8,diffuse,1,,art_history,high-art-history,How do ancient works of art play a role in contemporary society?,link_click,2026-04-14T14:10:04.497Z,Contemporary_art,,Ancient_art,,,,,,,,,,,,
13,Wikipedia_Exp_14.04,Wikipedia_Exp_13.04,38,Male,sg_1776175539831_hxn9r8,diffuse,1,,art_history,high-art-history,How do ancient works of art play a role in contemporary society?,article_open,2026-04-14T14:10:05.026Z,Contemporary_art,Contemporary art,,4804,link_click,,,,,,,,,,
13,Wikipedia_Exp_14.04,Wikipedia_Exp_13.04,38,Male,sg_1776175539831_hxn9r8,diffuse,1,,art_history,high-art-history,How do ancient works of art play a role in contemporary society?,back_navigation,2026-04-14T14:10:10.063Z,Ancient_art,,Contemporary_art,,,,,,,,,,,,
13,Wikipedia_Exp_14.04,Wikipedia_Exp_13.04,38,Male,sg_1776175539831_hxn9r8,diffuse,1,,art_history,high-art-history,How do ancient works of art play a role in contemporary society?,article_open,2026-04-14T14:10:10.304Z,Ancient_art,Ancient art,,9179,back,,,,,,,,,,
13,Wikipedia_Exp_14.04,Wikipedia_Exp_13.04,38,Male,sg_1776175539831_hxn9r8,diffuse,1,,art_history,high-art-history,How do ancient works of art play a role in contemporary society?,link_click,2026-04-14T14:10:34.143Z,History_of_art,,Ancient_art,,,,,,,,,,,,
13,Wikipedia_Exp_14.04,Wikipedia_Exp_13.04,38,Male,sg_1776175539831_hxn9r8,diffuse,1,,art_history,high-art-history,How do ancient works of art play a role in contemporary society?,article_open,2026-04-14T14:10:35.494Z,History_of_art,History of art,,32283,link_click,,,,,,,,,,
13,Wikipedia_Exp_14.04,Wikipedia_Exp_13.04,38,Male,sg_1776175539831_hxn9r8,diffuse,1,,art_history,high-art-history,How do ancient works of art play a role in contemporary society?,link_click,2026-04-14T14:10:43.092Z,Ancient_art,,History_of_art,,,,,,,,,,,,
13,Wikipedia_Exp_14.04,Wikipedia_Exp_13.04,38,Male,sg_1776175539831_hxn9r8,diffuse,1,,art_history,high-art-history,How do ancient works of art play a role in contemporary society?,article_open,2026-04-14T14:10:43.356Z,Ancient_art,Ancient art,,9179,link_click,,,,,,,,,,
13,Wikipedia_Exp_14.04,Wikipedia_Exp_13.04,38,Male,sg_1776175539831_hxn9r8,diffuse,1,,art_history,high-art-history,How do ancient works of art play a role in contemporary society?,link_click,2026-04-14T14:11:40.979Z,History_of_art,,Ancient_art,,,,,,,,,,,,
13,Wikipedia_Exp_14.04,Wikipedia_Exp_13.04,38,Male,sg_1776175539831_hxn9r8,diffuse,1,,art_history,high-art-history,How do ancient works of art play a role in contemporary society?,article_open,2026-04-14T14:11:41.383Z,History_of_art,History of art,,32283,link_click,,,,,,,,,,
13,Wikipedia_Exp_14.04,Wikipedia_Exp_13.04,38,Male,sg_1776175539831_hxn9r8,diffuse,1,,art_history,high-art-history,How do ancient works of art play a role in contemporary society?,answer_snapshot,2026-04-14T14:13:03.092Z,,,,,,,Ancient works of art infomr and guide ,38,,,,,,,debounce
13,Wikipedia_Exp_14.04,Wikipedia_Exp_13.04,38,Male,sg_1776175539831_hxn9r8,diffuse,1,,art_history,high-art-history,How do ancient works of art play a role in contemporary society?,answer_snapshot,2026-04-14T14:13:09.761Z,,,,,,,Ancient works of art infomr and guide modern understanding of art.,66,,,,,,,debounce
13,Wikipedia_Exp_14.04,Wikipedia_Exp_13.04,38,Male,sg_1776175539831_hxn9r8,diffuse,1,,art_history,high-art-history,How do ancient works of art play a role in contemporary society?,answer_snapshot,2026-04-14T14:13:45.402Z,,,,,,,Ancient works of art inform and guide modern understanding of art. Everyperiod of art since the pre written era has been a building block unto the modern state of art. Evern post moder art is infomred by eras that,213,,,,,,,debounce
13,Wikipedia_Exp_14.04,Wikipedia_Exp_13.04,38,Male,sg_1776175539831_hxn9r8,diffuse,1,,art_history,high-art-history,How do ancient works of art play a role in contemporary society?,answer_snapshot,2026-04-14T14:13:49.563Z,,,,,,,Ancient works of art inform and guide modern understanding of art. Everyperiod of art since the pre written era has been a building block unto the modern state of art. Evern post moder art is infomred by eras that have come before.,231,,,,,,,debounce
13,Wikipedia_Exp_14.04,Wikipedia_Exp_13.04,38,Male,sg_1776175539831_hxn9r8,diffuse,1,,art_history,high-art-history,How do ancient works of art play a role in contemporary society?,answer_snapshot_cursor_leave,2026-04-14T14:13:52.884Z,,,,,,,Ancient works of art inform and guide modern understanding of art. Everyperiod of art since the pre written era has been a building block unto the modern state of art. Evern post moder art is infomred by eras that have come before.,231,,,,,,,cursor_leave
13,Wikipedia_Exp_14.04,Wikipedia_Exp_13.04,38,Male,sg_1776175539831_hxn9r8,diffuse,1,,art_history,high-art-history,How do ancient works of art play a role in contemporary society?,link_click,2026-04-14T14:13:52.955Z,Ancient_art,,History_of_art,,,,,,,,,,,,
13,Wikipedia_Exp_14.04,Wikipedia_Exp_13.04,38,Male,sg_1776175539831_hxn9r8,diffuse,1,,art_history,high-art-history,How do ancient works of art play a role in contemporary society?,article_open,2026-04-14T14:13:53.554Z,Ancient_art,Ancient art,,9179,link_click,,,,,,,,,,
13,Wikipedia_Exp_14.04,Wikipedia_Exp_13.04,38,Male,sg_1776175539831_hxn9r8,diffuse,1,,art_history,high-art-history,How do ancient works of art play a role in contemporary society?,answer_snapshot,2026-04-14T14:15:02.008Z,,,,,,,"Ancient works of art inform and guide modern understanding of art. Everyperiod of art since the pre written era has been a building block unto the modern state of art. Evern post moder art is infomred by eras that have come before. Many pieces of ancient art are still displayed and revered and although modern art may differ wildly in composition and style, they are still standing on the feet of giants as they",412,,,,,,,debounce
13,Wikipedia_Exp_14.04,Wikipedia_Exp_13.04,38,Male,sg_1776175539831_hxn9r8,diffuse,1,,art_history,high-art-history,How do ancient works of art play a role in contemporary society?,answer_snapshot,2026-04-14T14:15:09.172Z,,,,,,,"Ancient works of art inform and guide modern understanding of art. Everyperiod of art since the pre written era has been a building block unto the modern state of art. Evern post moder art is infomred by eras that have come before. Many pieces of ancient art are still displayed and revered and although modern art may differ wildly in composition and style, they are still standing on the feet of giants.",405,,,,,,,debounce
13,Wikipedia_Exp_14.04,Wikipedia_Exp_13.04,38,Male,sg_1776175539831_hxn9r8,diffuse,1,,art_history,high-art-history,How do ancient works of art play a role in contemporary society?,answer_snapshot,2026-04-14T14:15:31.236Z,,,,,,,"Ancient works of art inform and guide modern understanding of art. Everyperiod of art since the pre written era has been a building block unto the modern state of art. Even post moder art is infomred by eras that have come before. Many pieces of ancient art are still displayed and revered and although modern art may differ wildly in composition and style, they are still standing on the feet of giants.",404,,,,,,,debounce
13,Wikipedia_Exp_14.04,Wikipedia_Exp_13.04,38,Male,sg_1776175539831_hxn9r8,diffuse,1,,art_history,high-art-history,How do ancient works of art play a role in contemporary society?,answer_snapshot,2026-04-14T14:15:34.313Z,,,,,,,"Ancient works of art inform and guide modern understanding of art. Everyperiod of art since the pre written era has been a building block unto the modern state of art. Even post modern art is infomred by eras that have come before. Many pieces of ancient art are still displayed and revered and although modern art may differ wildly in composition and style, they are still standing on the feet of giants.",405,,,,,,,debounce
13,Wikipedia_Exp_14.04,Wikipedia_Exp_13.04,38,Male,sg_1776175539831_hxn9r8,diffuse,1,,art_history,high-art-history,How do ancient works of art play a role in contemporary society?,answer_snapshot,2026-04-14T14:15:38.754Z,,,,,,,"Ancient works of art inform and guide modern understanding of art. Everyperiod of art since the pre written era has been a building block unto the modern state of art. Even post modern art is informed by eras that have come before. Many pieces of ancient art are still displayed and revered and although modern art may differ wildly in composition and style, they are still standing on the feet of giants.",405,,,,,,,debounce
13,Wikipedia_Exp_14.04,Wikipedia_Exp_13.04,38,Male,sg_1776175539831_hxn9r8,diffuse,1,,art_history,high-art-history,How do ancient works of art play a role in contemporary society?,answer_snapshot,2026-04-14T14:16:17.251Z,,,,,,,"Ancient works of art inform and guide modern understanding of art. Everyperiod of art since the pre written era has been a building block unto the modern state of art. Even post modern art is informed by eras that have come before. Many pieces of ancient art are still displayed and revered and although modern art may differ wildly in composition and style, they are still standing on the feet of giants. Ancient art also has a historical compeont as they give brief insights into the life and culture of ancient civilizations that do not have fully recorded history.",568,,,,,,,debounce
13,Wikipedia_Exp_14.04,Wikipedia_Exp_13.04,38,Male,sg_1776175539831_hxn9r8,diffuse,1,,art_history,high-art-history,How do ancient works of art play a role in contemporary society?,answer_snapshot_cursor_leave,2026-04-14T14:16:49.591Z,,,,,,,"Ancient works of art inform and guide modern understanding of art. Everyperiod of art since the pre written era has been a building block unto the modern state of art. Even post modern art is informed by eras that have come before. Many pieces of ancient art are still displayed and revered and although modern art may differ wildly in composition and style, they are still standing on the feet of giants. Ancient art also has a historical compeont as they give brief insights into the life and culture of ancient civilizations that do not have fully recorded history.",568,,,,,,,cursor_leave
13,Wikipedia_Exp_14.04,Wikipedia_Exp_13.04,38,Male,sg_1776175539831_hxn9r8,diffuse,1,,art_history,high-art-history,How do ancient works of art play a role in contemporary society?,answer_snapshot,2026-04-14T14:16:56.654Z,,,,,,,"Ancient works of art inform and guide modern understanding of art. Everyperiod of art since the pre written era has been a building block unto the modern state of art. Even post modern art is informed by eras that have come before. Many pieces of ancient art are still displayed and revered and although modern art may differ wildly in composition and style, they are still standing on the feet of giants. Ancient art also has a historical compeont as they give brief insights into the life and culture of ancient civilizations that do not have fully recorded history.",568,,,,,,,debounce
13,Wikipedia_Exp_14.04,Wikipedia_Exp_13.04,38,Male,sg_1776175539831_hxn9r8,diffuse,1,,art_history,high-art-history,How do ancient works of art play a role in contemporary society?,answer_snapshot_cursor_leave,2026-04-14T14:17:24.325Z,,,,,,,"Ancient works of art inform and guide modern understanding of art. Everyperiod of art since the pre written era has been a building block unto the modern state of art. Even post modern art is informed by eras that have come before. Many pieces of ancient art are still displayed and revered and although modern art may differ wildly in composition and style, they are still standing on the feet of giants. Ancient art also has a historical compeont as they give brief insights into the life and culture of ancient civilizations that do not have fully recorded history.",568,,,,,,,cursor_leave
13,Wikipedia_Exp_14.04,Wikipedia_Exp_13.04,38,Male,sg_1776175539831_hxn9r8,diffuse,1,,art_history,high-art-history,How do ancient works of art play a role in contemporary society?,answer_snapshot,2026-04-14T14:18:11.238Z,,,,,,,"Ancient works of art inform and guide modern understanding of art. Everyperiod of art since the pre written era has been a building block unto the modern state of art. Even post modern art is informed by eras that have come before. Many pieces of ancient art are still displayed and revered and although modern art may differ wildly in composition and style, they are still standing on the feet of giants. Ancient art also has a historical compeont as they give brief insights into the life and culture of ancient civilizations that do not have fully recorded history. Even in ancient times, not all art was considered high art.",628,,,,,,,debounce
13,Wikipedia_Exp_14.04,Wikipedia_Exp_13.04,38,Male,sg_1776175539831_hxn9r8,diffuse,1,,art_history,high-art-history,How do ancient works of art play a role in contemporary society?,answer_snapshot_cursor_leave,2026-04-14T14:18:34.106Z,,,,,,,"Ancient works of art inform and guide modern understanding of art. Everyperiod of art since the pre written era has been a building block unto the modern state of art. Even post modern art is informed by eras that have come before. Many pieces of ancient art are still displayed and revered and although modern art may differ wildly in composition and style, they are still standing on the feet of giants. Ancient art also has a historical compeont as they give brief insights into the life and culture of ancient civilizations that do not have fully recorded history. Even in ancient times, not all art was considered high art.",628,,,,,,,cursor_leave
13,Wikipedia_Exp_14.04,Wikipedia_Exp_13.04,38,Male,sg_1776175539831_hxn9r8,diffuse,1,,art_history,high-art-history,How do ancient works of art play a role in contemporary society?,paste,2026-04-14T14:18:39.813Z,,,,,,,,,,," Pliny the Younger complained of the declining state of Roman portrait art, ""The painting of portraits which used to transmit through the ages the accurate likenesses of people, has entirely gone out [...] Indolence has destroyed the arts.""",240,,,
13,Wikipedia_Exp_14.04,Wikipedia_Exp_13.04,38,Male,sg_1776175539831_hxn9r8,diffuse,1,,art_history,high-art-history,How do ancient works of art play a role in contemporary society?,answer_snapshot,2026-04-14T14:18:41.820Z,,,,,,,"Ancient works of art inform and guide modern understanding of art. Everyperiod of art since the pre written era has been a building block unto the modern state of art. Even post modern art is informed by eras that have come before. Many pieces of ancient art are still displayed and revered and although modern art may differ wildly in composition and style, they are still standing on the feet of giants. Ancient art also has a historical compeont as they give brief insights into the life and culture of ancient civilizations that do not have fully recorded history. Even in ancient times, not all art was considered high art. Pliny the Younger complained of the declining state of Roman portrait art, ""The painting of portraits which used to transmit through the ages the accurate likenesses of people, has entirely gone out [...] Indolence has destroyed the arts.""",868,,,,,,,debounce
13,Wikipedia_Exp_14.04,Wikipedia_Exp_13.04,38,Male,sg_1776175539831_hxn9r8,diffuse,1,,art_history,high-art-history,How do ancient works of art play a role in contemporary society?,answer_snapshot,2026-04-14T14:18:57.605Z,,,,,,,"Ancient works of art inform and guide modern understanding of art. Everyperiod of art since the pre written era has been a building block unto the modern state of art. Even post modern art is informed by eras that have come before. Many pieces of ancient art are still displayed and revered and although modern art may differ wildly in composition and style, they are still standing on the feet of giants. Ancient art also has a historical compeont as they give brief insights into the life and culture of ancient civilizations that do not have fully recorded history. Even in ancient times, not all art was considered high art. Pliny the Younger complained of the declining state of Roman portrait art, ""The painting of portraits which used to transmit through the ages the accurate likenesses of people, has entirely gone out  Indolence has destroyed the arts. Another example that shows insight into an ancient culuture.",923,,,,,,,debounce
13,Wikipedia_Exp_14.04,Wikipedia_Exp_13.04,38,Male,sg_1776175539831_hxn9r8,diffuse,1,,art_history,high-art-history,How do ancient works of art play a role in contemporary society?,answer_snapshot,2026-04-14T14:19:02.702Z,,,,,,,"Ancient works of art inform and guide modern understanding of art. Everyperiod of art since the pre written era has been a building block unto the modern state of art. Even post modern art is informed by eras that have come before. Many pieces of ancient art are still displayed and revered and although modern art may differ wildly in composition and style, they are still standing on the feet of giants. Ancient art also has a historical compeont as they give brief insights into the life and culture of ancient civilizations that do not have fully recorded history. Even in ancient times, not all art was considered high art. Pliny the Younger complained of the declining state of Roman portrait art, ""The painting of portraits which used to transmit through the ages the accurate likenesses of people, has entirely gone out  Indolence has destroyed the arts. Another example that shows insight into an ancient culture.",922,,,,,,,debounce
13,Wikipedia_Exp_14.04,Wikipedia_Exp_13.04,38,Male,sg_1776175539831_hxn9r8,diffuse,1,,art_history,high-art-history,How do ancient works of art play a role in contemporary society?,answer_snapshot,2026-04-14T14:19:10.643Z,,,,,,,"Ancient works of art inform and guide modern understanding of art. Everyperiod of art since the pre written era has been a building block unto the modern state of art. Even post modern art is informed by eras that have come before. Many pieces of ancient art are still displayed and revered and although modern art may differ wildly in composition and style, they are still standing on the feet of giants. Ancient art also has a historical compeont as they give brief insights into the life and culture of ancient civilizations that do not have fully recorded history. Even in ancient times, not all art was considered high art. Pliny the Younger complained of the declining state of Roman portrait art, ""The painting of portraits which used to transmit through the ages the accurate likenesses of people, has entirely gone out  Indolence has destroyed the arts. Another example that shows insight into an ancient culture.",922,,,,,,,submit
13,Wikipedia_Exp_14.04,Wikipedia_Exp_13.04,38,Male,sg_1776175539831_hxn9r8,diffuse,1,,art_history,high-art-history,How do ancient works of art play a role in contemporary society?,task_end,2026-04-14T14:19:10.643Z,,,,,,,,,"Ancient works of art inform and guide modern understanding of art. Everyperiod of art since the pre written era has been a building block unto the modern state of art. Even post modern art is informed by eras that have come before. Many pieces of ancient art are still displayed and revered and although modern art may differ wildly in composition and style, they are still standing on the feet of giants. Ancient art also has a historical compeont as they give brief insights into the life and culture of ancient civilizations that do not have fully recorded history. Even in ancient times, not all art was considered high art. Pliny the Younger complained of the declining state of Roman portrait art, ""The painting of portraits which used to transmit through the ages the accurate likenesses of people, has entirely gone out  Indolence has destroyed the arts. Another example that shows insight into an ancient culture.",922,,,,,
13,Wikipedia_Exp_14.04,Wikipedia_Exp_13.04,38,Male,sg_1776175539831_hxn9r8,diffuse,2,,psychology,high-psychology,What brain mechanisms help people make scientific discoveries?,familiarity_rating,2026-04-14T14:19:18.083Z,,,,,,,,,,,,,1,3,
13,Wikipedia_Exp_14.04,Wikipedia_Exp_13.04,38,Male,sg_1776175539831_hxn9r8,diffuse,2,,psychology,high-psychology,What brain mechanisms help people make scientific discoveries?,task_start,2026-04-14T14:19:18.600Z,,,,,,,,,,,,,,,
13,Wikipedia_Exp_14.04,Wikipedia_Exp_13.04,38,Male,sg_1776175539831_hxn9r8,diffuse,2,,psychology,high-psychology,What brain mechanisms help people make scientific discoveries?,search,2026-04-14T14:19:25.305Z,,,,,,b,,,,,,,,,
13,Wikipedia_Exp_14.04,Wikipedia_Exp_13.04,38,Male,sg_1776175539831_hxn9r8,diffuse,2,,psychology,high-psychology,What brain mechanisms help people make scientific discoveries?,search,2026-04-14T14:19:25.682Z,,,,,,bra,,,,,,,,,
13,Wikipedia_Exp_14.04,Wikipedia_Exp_13.04,38,Male,sg_1776175539831_hxn9r8,diffuse,2,,psychology,high-psychology,What brain mechanisms help people make scientific discoveries?,search,2026-04-14T14:19:26.201Z,,,,,,brain ,,,,,,,,,
13,Wikipedia_Exp_14.04,Wikipedia_Exp_13.04,38,Male,sg_1776175539831_hxn9r8,diffuse,2,,psychology,high-psychology,What brain mechanisms help people make scientific discoveries?,search,2026-04-14T14:19:27.179Z,,,,,,brain functu,,,,,,,,,
13,Wikipedia_Exp_14.04,Wikipedia_Exp_13.04,38,Male,sg_1776175539831_hxn9r8,diffuse,2,,psychology,high-psychology,What brain mechanisms help people make scientific discoveries?,search,2026-04-14T14:19:27.958Z,,,,,,brain funct,,,,,,,,,
13,Wikipedia_Exp_14.04,Wikipedia_Exp_13.04,38,Male,sg_1776175539831_hxn9r8,diffuse,2,,psychology,high-psychology,What brain mechanisms help people make scientific discoveries?,search,2026-04-14T14:19:28.742Z,,,,,,brain function,,,,,,,,,
13,Wikipedia_Exp_14.04,Wikipedia_Exp_13.04,38,Male,sg_1776175539831_hxn9r8,diffuse,2,,psychology,high-psychology,What brain mechanisms help people make scientific discoveries?,search,2026-04-14T14:19:31.939Z,,,,,,brain functions,,,,,,,,,
13,Wikipedia_Exp_14.04,Wikipedia_Exp_13.04,38,Male,sg_1776175539831_hxn9r8,diffuse,2,,psychology,high-psychology,What brain mechanisms help people make scientific discoveries?,search,2026-04-14T14:19:34.897Z,,,,,,brain functio,,,,,,,,,
13,Wikipedia_Exp_14.04,Wikipedia_Exp_13.04,38,Male,sg_1776175539831_hxn9r8,diffuse,2,,psychology,high-psychology,What brain mechanisms help people make scientific discoveries?,search,2026-04-14T14:19:35.613Z,,,,,,brain functi,,,,,,,,,
13,Wikipedia_Exp_14.04,Wikipedia_Exp_13.04,38,Male,sg_1776175539831_hxn9r8,diffuse,2,,psychology,high-psychology,What brain mechanisms help people make scientific discoveries?,search,2026-04-14T14:19:37.086Z,,,,,,brain funct,,,,,,,,,
13,Wikipedia_Exp_14.04,Wikipedia_Exp_13.04,38,Male,sg_1776175539831_hxn9r8,diffuse,2,,psychology,high-psychology,What brain mechanisms help people make scientific discoveries?,article_open,2026-04-14T14:19:38.408Z,Brain_Structure_and_Function,Brain Structure and Function,,289,search,,,,,,,,,,
13,Wikipedia_Exp_14.04,Wikipedia_Exp_13.04,38,Male,sg_1776175539831_hxn9r8,diffuse,2,,psychology,high-psychology,What brain mechanisms help people make scientific discoveries?,search,2026-04-14T14:19:46.739Z,,,,,,brain,,,,,,,,,
13,Wikipedia_Exp_14.04,Wikipedia_Exp_13.04,38,Male,sg_1776175539831_hxn9r8,diffuse,2,,psychology,high-psychology,What brain mechanisms help people make scientific discoveries?,search,2026-04-14T14:19:47.005Z,,,,,,brain ,,,,,,,,,
13,Wikipedia_Exp_14.04,Wikipedia_Exp_13.04,38,Male,sg_1776175539831_hxn9r8,diffuse,2,,psychology,high-psychology,What brain mechanisms help people make scientific discoveries?,search,2026-04-14T14:20:18.633Z,,,,,,brain use,,,,,,,,,
13,Wikipedia_Exp_14.04,Wikipedia_Exp_13.04,38,Male,sg_1776175539831_hxn9r8,diffuse,2,,psychology,high-psychology,What brain mechanisms help people make scientific discoveries?,article_open,2026-04-14T14:20:21.498Z,Use_Your_Brain,Use Your Brain,,831,search,,,,,,,,,,
13,Wikipedia_Exp_14.04,Wikipedia_Exp_13.04,38,Male,sg_1776175539831_hxn9r8,diffuse,2,,psychology,high-psychology,What brain mechanisms help people make scientific discoveries?,back_navigation,2026-04-14T14:20:58.771Z,Brain_Structure_and_Function,,Use_Your_Brain,,,,,,,,,,,,
13,Wikipedia_Exp_14.04,Wikipedia_Exp_13.04,38,Male,sg_1776175539831_hxn9r8,diffuse,2,,psychology,high-psychology,What brain mechanisms help people make scientific discoveries?,article_open,2026-04-14T14:20:58.925Z,Brain_Structure_and_Function,Brain Structure and Function,,289,back,,,,,,,,,,
13,Wikipedia_Exp_14.04,Wikipedia_Exp_13.04,38,Male,sg_1776175539831_hxn9r8,diffuse,2,,psychology,high-psychology,What brain mechanisms help people make scientific discoveries?,search,2026-04-14T14:21:02.276Z,,,,,,brain mec,,,,,,,,,
13,Wikipedia_Exp_14.04,Wikipedia_Exp_13.04,38,Male,sg_1776175539831_hxn9r8,diffuse,2,,psychology,high-psychology,What brain mechanisms help people make scientific discoveries?,search,2026-04-14T14:21:03.029Z,,,,,,brain mech,,,,,,,,,
13,Wikipedia_Exp_14.04,Wikipedia_Exp_13.04,38,Male,sg_1776175539831_hxn9r8,diffuse,2,,psychology,high-psychology,What brain mechanisms help people make scientific discoveries?,search,2026-04-14T14:21:03.949Z,,,,,,brain mecha,,,,,,,,,
13,Wikipedia_Exp_14.04,Wikipedia_Exp_13.04,38,Male,sg_1776175539831_hxn9r8,diffuse,2,,psychology,high-psychology,What brain mechanisms help people make scientific discoveries?,search,2026-04-14T14:21:04.317Z,,,,,,brain mechan,,,,,,,,,
13,Wikipedia_Exp_14.04,Wikipedia_Exp_13.04,38,Male,sg_1776175539831_hxn9r8,diffuse,2,,psychology,high-psychology,What brain mechanisms help people make scientific discoveries?,search,2026-04-14T14:21:04.690Z,,,,,,brain mechani,,,,,,,,,
13,Wikipedia_Exp_14.04,Wikipedia_Exp_13.04,38,Male,sg_1776175539831_hxn9r8,diffuse,2,,psychology,high-psychology,What brain mechanisms help people make scientific discoveries?,search,2026-04-14T14:21:05.998Z,,,,,,brain mechanis,,,,,,,,,
13,Wikipedia_Exp_14.04,Wikipedia_Exp_13.04,38,Male,sg_1776175539831_hxn9r8,diffuse,2,,psychology,high-psychology,What brain mechanisms help people make scientific discoveries?,search,2026-04-14T14:21:06.766Z,,,,,,brain mechanism,,,,,,,,,
13,Wikipedia_Exp_14.04,Wikipedia_Exp_13.04,38,Male,sg_1776175539831_hxn9r8,diffuse,2,,psychology,high-psychology,What brain mechanisms help people make scientific discoveries?,search,2026-04-14T14:21:08.826Z,,,,,,brain mechanis,,,,,,,,,
13,Wikipedia_Exp_14.04,Wikipedia_Exp_13.04,38,Male,sg_1776175539831_hxn9r8,diffuse,2,,psychology,high-psychology,What brain mechanisms help people make scientific discoveries?,search,2026-04-14T14:21:11.279Z,,,,,,human ,,,,,,,,,
13,Wikipedia_Exp_14.04,Wikipedia_Exp_13.04,38,Male,sg_1776175539831_hxn9r8,diffuse,2,,psychology,high-psychology,What brain mechanisms help people make scientific discoveries?,search,2026-04-14T14:21:12.335Z,,,,,,human brain,,,,,,,,,
13,Wikipedia_Exp_14.04,Wikipedia_Exp_13.04,38,Male,sg_1776175539831_hxn9r8,diffuse,2,,psychology,high-psychology,What brain mechanisms help people make scientific discoveries?,article_open,2026-04-14T14:21:15.618Z,Human_brain,Human brain,,25482,search,,,,,,,,,,
13,Wikipedia_Exp_14.04,Wikipedia_Exp_13.04,38,Male,sg_1776175539831_hxn9r8,diffuse,2,,psychology,high-psychology,What brain mechanisms help people make scientific discoveries?,link_click,2026-04-14T14:22:00.674Z,Prefrontal_cortex#Executive_function,,Human_brain,,,,,,,,,,,,
13,Wikipedia_Exp_14.04,Wikipedia_Exp_13.04,38,Male,sg_1776175539831_hxn9r8,diffuse,2,,psychology,high-psychology,What brain mechanisms help people make scientific discoveries?,article_open,2026-04-14T14:22:02.319Z,Prefrontal_cortex#Executive_function,Prefrontal cortex,,6959,link_click,,,,,,,,,,
13,Wikipedia_Exp_14.04,Wikipedia_Exp_13.04,38,Male,sg_1776175539831_hxn9r8,diffuse,2,,psychology,high-psychology,What brain mechanisms help people make scientific discoveries?,paste,2026-04-14T14:22:16.343Z,,,,,,,,,,,"In mammalian brain anatomy, the prefrontal cortex (PFC) covers the front part of the frontal lobe of the human brain. It is the association cortex in the frontal lobe.[2][3] This region is responsible for processing and adapting one's thinking in order to meet certain goals in different situations.[4] These processes of thinking can include the brain allowing one to focus, control how they behave, and make different decisions.[5]",433,,,
13,Wikipedia_Exp_14.04,Wikipedia_Exp_13.04,38,Male,sg_1776175539831_hxn9r8,diffuse,2,,psychology,high-psychology,What brain mechanisms help people make scientific discoveries?,answer_snapshot,2026-04-14T14:22:18.351Z,,,,,,,"In mammalian brain anatomy, the prefrontal cortex (PFC) covers the front part of the frontal lobe of the human brain. It is the association cortex in the frontal lobe.[2][3] This region is responsible for processing and adapting one's thinking in order to meet certain goals in different situations.[4] These processes of thinking can include the brain allowing one to focus, control how they behave, and make different decisions.[5]",433,,,,,,,debounce
13,Wikipedia_Exp_14.04,Wikipedia_Exp_13.04,38,Male,sg_1776175539831_hxn9r8,diffuse,2,,psychology,high-psychology,What brain mechanisms help people make scientific discoveries?,answer_snapshot,2026-04-14T14:22:26.969Z,,,,,,,"In mammalian brain anatomy, the prefrontal cortex (PFC) covers the front part of the frontal lobe of the human brain. It is the association cortex in the frontal lobe.This region is responsible for processing and adapting one's thinking in order to meet certain goals in different situations. These processes of thinking can include the brain allowing one to focus, control how they behave, and make different decisions.",420,,,,,,,debounce
13,Wikipedia_Exp_14.04,Wikipedia_Exp_13.04,38,Male,sg_1776175539831_hxn9r8,diffuse,2,,psychology,high-psychology,What brain mechanisms help people make scientific discoveries?,answer_snapshot_cursor_leave,2026-04-14T14:22:54.953Z,,,,,,,"In mammalian brain anatomy, the prefrontal cortex (PFC) covers the front part of the frontal lobe of the human brain. It is the association cortex in the frontal lobe.This region is responsible for processing and adapting one's thinking in order to meet certain goals in different situations. These processes of thinking can include the brain allowing one to focus, control how they behave, and make different decisions.",420,,,,,,,cursor_leave
13,Wikipedia_Exp_14.04,Wikipedia_Exp_13.04,38,Male,sg_1776175539831_hxn9r8,diffuse,2,,psychology,high-psychology,What brain mechanisms help people make scientific discoveries?,back_navigation,2026-04-14T14:22:55.041Z,Human_brain,,Prefrontal_cortex#Executive_function,,,,,,,,,,,,
13,Wikipedia_Exp_14.04,Wikipedia_Exp_13.04,38,Male,sg_1776175539831_hxn9r8,diffuse,2,,psychology,high-psychology,What brain mechanisms help people make scientific discoveries?,article_open,2026-04-14T14:22:55.439Z,Human_brain,Human brain,,25482,back,,,,,,,,,,
13,Wikipedia_Exp_14.04,Wikipedia_Exp_13.04,38,Male,sg_1776175539831_hxn9r8,diffuse,2,,psychology,high-psychology,What brain mechanisms help people make scientific discoveries?,answer_snapshot,2026-04-14T14:23:34.103Z,,,,,,,"In mammalian brain anatomy, the prefrontal cortex (PFC) covers the front part of the frontal lobe of the human brain. It is the association cortex in the frontal lobe.This region is responsible for processing and adapting one's thinking in order to meet certain goals in different situations. These processes of thinking can include the brain allowing one to focus, control how they behave, and make different decisions. Put basi",429,,,,,,,debounce
13,Wikipedia_Exp_14.04,Wikipedia_Exp_13.04,38,Male,sg_1776175539831_hxn9r8,diffuse,2,,psychology,high-psychology,What brain mechanisms help people make scientific discoveries?,answer_snapshot,2026-04-14T14:24:00.895Z,,,,,,,"In mammalian brain anatomy, the prefrontal cortex (PFC) covers the front part of the frontal lobe of the human brain. It is the association cortex in the frontal lobe.This region is responsible for processing and adapting one's thinking in order to meet certain goals in different situations. These processes of thinking can include the brain allowing one to focus, control how they behave, and make different decisions. Put basically, the prefrotnal cortex is resonsible for all the of the tool necessary to enable scientic discovery.",535,,,,,,,debounce
13,Wikipedia_Exp_14.04,Wikipedia_Exp_13.04,38,Male,sg_1776175539831_hxn9r8,diffuse,2,,psychology,high-psychology,What brain mechanisms help people make scientific discoveries?,answer_snapshot,2026-04-14T14:24:11.378Z,,,,,,,"In mammalian brain anatomy, the prefrontal cortex (PFC) covers the front part of the frontal lobe of the human brain. It is the association cortex in the frontal lobe.This region is responsible for processing and adapting one's thinking in order to meet certain goals in different situations. These processes of thinking can include the brain allowing one to focus, control how they behave, and make different decisions. Put basically, the prefrotnal cortex is resonsible for all the of the tool necessary to enable scientic discovery. It controls cognition",557,,,,,,,debounce
13,Wikipedia_Exp_14.04,Wikipedia_Exp_13.04,38,Male,sg_1776175539831_hxn9r8,diffuse,2,,psychology,high-psychology,What brain mechanisms help people make scientific discoveries?,answer_snapshot,2026-04-14T14:24:14.407Z,,,,,,,"In mammalian brain anatomy, the prefrontal cortex (PFC) covers the front part of the frontal lobe of the human brain. It is the association cortex in the frontal lobe.This region is responsible for processing and adapting one's thinking in order to meet certain goals in different situations. These processes of thinking can include the brain allowing one to focus, control how they behave, and make different decisions. Put basically, the prefrotnal cortex is resonsible for all the of the tool necessary to enable scientic discovery. It controls cognition, ",559,,,,,,,debounce
13,Wikipedia_Exp_14.04,Wikipedia_Exp_13.04,38,Male,sg_1776175539831_hxn9r8,diffuse,2,,psychology,high-psychology,What brain mechanisms help people make scientific discoveries?,answer_snapshot,2026-04-14T14:24:34.260Z,,,,,,,"In mammalian brain anatomy, the prefrontal cortex (PFC) covers the front part of the frontal lobe of the human brain. It is the association cortex in the frontal lobe.This region is responsible for processing and adapting one's thinking in order to meet certain goals in different situations. These processes of thinking can include the brain allowing one to focus, control how they behave, and make different decisions. Put basically, the prefrotnal cortex is resonsible for all the of the tool necessary to enable scientic discovery. It controls cognition, and the ability to filter infomration and tune out irrelevant ",621,,,,,,,debounce
13,Wikipedia_Exp_14.04,Wikipedia_Exp_13.04,38,Male,sg_1776175539831_hxn9r8,diffuse,2,,psychology,high-psychology,What brain mechanisms help people make scientific discoveries?,answer_snapshot,2026-04-14T14:24:38.406Z,,,,,,,"In mammalian brain anatomy, the prefrontal cortex (PFC) covers the front part of the frontal lobe of the human brain. It is the association cortex in the frontal lobe.This region is responsible for processing and adapting one's thinking in order to meet certain goals in different situations. These processes of thinking can include the brain allowing one to focus, control how they behave, and make different decisions. Put basically, the prefrotnal cortex is resonsible for all the of the tool necessary to enable scientic discovery. It controls cognition, and the ability to filter infomration and tune out irrelevant stimuli",628,,,,,,,debounce
13,Wikipedia_Exp_14.04,Wikipedia_Exp_13.04,38,Male,sg_1776175539831_hxn9r8,diffuse,2,,psychology,high-psychology,What brain mechanisms help people make scientific discoveries?,answer_snapshot,2026-04-14T14:25:29.151Z,,,,,,,"In mammalian brain anatomy, the prefrontal cortex (PFC) covers the front part of the frontal lobe of the human brain. It is the association cortex in the frontal lobe.This region is responsible for processing and adapting one's thinking in order to meet certain goals in different situations. These processes of thinking can include the brain allowing one to focus, control how they behave, and make different decisions. Put basically, the prefrotnal cortex is resonsible for all the of the tool necessary to enable scientic discovery. It controls cognition, and the ability to filter infomration and tune out irrelevant stimuli. Most importantly it controls memory and the ability to think about multiple concepts at the same time. Two concepts that are essential to make scientic disocveries.",794,,,,,,,debounce
13,Wikipedia_Exp_14.04,Wikipedia_Exp_13.04,38,Male,sg_1776175539831_hxn9r8,diffuse,2,,psychology,high-psychology,What brain mechanisms help people make scientific discoveries?,answer_snapshot,2026-04-14T14:25:32.819Z,,,,,,,"In mammalian brain anatomy, the prefrontal cortex (PFC) covers the front part of the frontal lobe of the human brain. It is the association cortex in the frontal lobe.This region is responsible for processing and adapting one's thinking in order to meet certain goals in different situations. These processes of thinking can include the brain allowing one to focus, control how they behave, and make different decisions. Put basically, the prefrotnal cortex is resonsible for all the of the tool necessary to enable scientic discovery. It controls cognition, and the ability to filter infomration and tune out irrelevant stimuli. Most importantly it controls memory and the ability to think about multiple concepts at the same time. Two concepts that are essential to make scientic disocveries.;",795,,,,,,,debounce
13,Wikipedia_Exp_14.04,Wikipedia_Exp_13.04,38,Male,sg_1776175539831_hxn9r8,diffuse,2,,psychology,high-psychology,What brain mechanisms help people make scientific discoveries?,answer_snapshot,2026-04-14T14:27:47.717Z,,,,,,,"In mammalian brain anatomy, the prefrontal cortex (PFC) covers the front part of the frontal lobe of the human brain. It is the association cortex in the frontal lobe.This region is responsible for processing and adapting one's thinking in order to meet certain goals in different situations. These processes of thinking can include the brain allowing one to focus, control how they behave, and make different decisions. Put basically, the prefrotnal cortex is resonsible for all the of the tool necessary to enable scientic discovery. It controls cognition, and the ability to filter infomration and tune out irrelevant stimuli. Most importantly it controls memory and the ability to think about multiple concepts at the same time. Two concepts that are essential to make scientic disocveries.",794,,,,,,,debounce
13,Wikipedia_Exp_14.04,Wikipedia_Exp_13.04,38,Male,sg_1776175539831_hxn9r8,diffuse,2,,psychology,high-psychology,What brain mechanisms help people make scientific discoveries?,answer_snapshot,2026-04-14T14:27:58.734Z,,,,,,,"In mammalian brain anatomy, the prefrontal cortex (PFC) covers the front part of the frontal lobe of the human brain. It is the association cortex in the frontal lobe.This region is responsible for processing and adapting one's thinking in order to meet certain goals in different situations. These processes of thinking can include the brain allowing one to focus, control how they behave, and make different decisions. Put basically, the prefrontal cortex is resonsible for all the of the tool necessary to enable scientic discovery. It controls cognition, and the ability to filter infomration and tune out irrelevant stimuli. Most importantly it controls memory and the ability to think about multiple concepts at the same time. Two concepts that are essential to make scientic disocveries.",794,,,,,,,debounce
13,Wikipedia_Exp_14.04,Wikipedia_Exp_13.04,38,Male,sg_1776175539831_hxn9r8,diffuse,2,,psychology,high-psychology,What brain mechanisms help people make scientific discoveries?,answer_snapshot_cursor_leave,2026-04-14T14:28:44.679Z,,,,,,,"In mammalian brain anatomy, the prefrontal cortex (PFC) covers the front part of the frontal lobe of the human brain. It is the association cortex in the frontal lobe.This region is responsible for processing and adapting one's thinking in order to meet certain goals in different situations. These processes of thinking can include the brain allowing one to focus, control how they behave, and make different decisions. Put basically, the prefrontal cortex is resonsible for all the of the tool necessary to enable scientic discovery. It controls cognition, and the ability to filter infomration and tune out irrelevant stimuli. Most importantly it controls memory and the ability to think about multiple concepts at the same time. Two concepts that are essential to make scientic disocveries.",794,,,,,,,cursor_leave
13,Wikipedia_Exp_14.04,Wikipedia_Exp_13.04,38,Male,sg_1776175539831_hxn9r8,diffuse,2,,psychology,high-psychology,What brain mechanisms help people make scientific discoveries?,link_click,2026-04-14T14:28:44.761Z,Magnetic_resonance_imaging_of_the_brain,,Human_brain,,,,,,,,,,,,
13,Wikipedia_Exp_14.04,Wikipedia_Exp_13.04,38,Male,sg_1776175539831_hxn9r8,diffuse,2,,psychology,high-psychology,What brain mechanisms help people make scientific discoveries?,article_open,2026-04-14T14:28:46.289Z,Magnetic_resonance_imaging_of_the_brain,Magnetic resonance imaging of the brain,,2584,link_click,,,,,,,,,,
13,Wikipedia_Exp_14.04,Wikipedia_Exp_13.04,38,Male,sg_1776175539831_hxn9r8,diffuse,2,,psychology,high-psychology,What brain mechanisms help people make scientific discoveries?,answer_snapshot,2026-04-14T14:29:19.835Z,,,,,,,"In mammalian brain anatomy, the prefrontal cortex (PFC) covers the front part of the frontal lobe of the human brain. It is the association cortex in the frontal lobe.This region is responsible for processing and adapting one's thinking in order to meet certain goals in different situations. These processes of thinking can include the brain allowing one to focus, control how they behave, and make different decisions. Put basically, the prefrontal cortex is resonsible for all the of the tool necessary to enable scientic discovery. It controls cognition, and the ability to filter infomration and tune out irrelevant stimuli. Most importantly it controls memory and the ability to think about multiple concepts at the same time. Two concepts that are essential to make scientic disocveries.",794,,,,,,,submit
13,Wikipedia_Exp_14.04,Wikipedia_Exp_13.04,38,Male,sg_1776175539831_hxn9r8,diffuse,2,,psychology,high-psychology,What brain mechanisms help people make scientific discoveries?,task_end,2026-04-14T14:29:19.835Z,,,,,,,,,"In mammalian brain anatomy, the prefrontal cortex (PFC) covers the front part of the frontal lobe of the human brain. It is the association cortex in the frontal lobe.This region is responsible for processing and adapting one's thinking in order to meet certain goals in different situations. These processes of thinking can include the brain allowing one to focus, control how they behave, and make different decisions. Put basically, the prefrontal cortex is resonsible for all the of the tool necessary to enable scientic discovery. It controls cognition, and the ability to filter infomration and tune out irrelevant stimuli. Most importantly it controls memory and the ability to think about multiple concepts at the same time. Two concepts that are essential to make scientic disocveries.",794,,,,,
14,Wikipedia_Exp_14.04,Wikipedia_Exp_13.04,30,Male,sg_1776177548786_ryltzr,clumpy,0,1,practice,practice-capybaras,What do Capybaras eat?,attention_check_pass,2026-04-14T14:40:00.995Z,,,,,,,,,,,,,,,attempt_1
14,Wikipedia_Exp_14.04,Wikipedia_Exp_13.04,30,Male,sg_1776177548786_ryltzr,clumpy,0,1,practice,practice-capybaras,What do Capybaras eat?,familiarity_rating,2026-04-14T14:40:08.812Z,,,,,,,,,,,,,3,7,
14,Wikipedia_Exp_14.04,Wikipedia_Exp_13.04,30,Male,sg_1776177548786_ryltzr,clumpy,0,1,practice,practice-capybaras,What do Capybaras eat?,task_start,2026-04-14T14:40:08.990Z,,,,,,,,,,,,,,,
14,Wikipedia_Exp_14.04,Wikipedia_Exp_13.04,30,Male,sg_1776177548786_ryltzr,clumpy,0,1,practice,practice-capybaras,What do Capybaras eat?,article_open,2026-04-14T14:40:09.215Z,Capybara,Capybara,,4650,,,,,,,,,,,
14,Wikipedia_Exp_14.04,Wikipedia_Exp_13.04,30,Male,sg_1776177548786_ryltzr,clumpy,0,1,practice,practice-capybaras,What do Capybaras eat?,answer_snapshot_cursor_leave,2026-04-14T14:40:35.922Z,,,,,,,They feed mainly on grasses such as ,36,,,,,,,cursor_leave
14,Wikipedia_Exp_14.04,Wikipedia_Exp_13.04,30,Male,sg_1776177548786_ryltzr,clumpy,0,1,practice,practice-capybaras,What do Capybaras eat?,link_click,2026-04-14T14:40:36.019Z,Grass,,Capybara,,,,,,,,,,,,
14,Wikipedia_Exp_14.04,Wikipedia_Exp_13.04,30,Male,sg_1776177548786_ryltzr,clumpy,0,1,practice,practice-capybaras,What do Capybaras eat?,article_open,2026-04-14T14:40:36.647Z,Grass,Grass,,283,link_click,,,,,,,,,,
14,Wikipedia_Exp_14.04,Wikipedia_Exp_13.04,30,Male,sg_1776177548786_ryltzr,clumpy,0,1,practice,practice-capybaras,What do Capybaras eat?,answer_snapshot,2026-04-14T14:40:45.288Z,,,,,,,They feed mainly on grasses such as poa annua which is ,55,,,,,,,debounce
14,Wikipedia_Exp_14.04,Wikipedia_Exp_13.04,30,Male,sg_1776177548786_ryltzr,clumpy,0,1,practice,practice-capybaras,What do Capybaras eat?,answer_snapshot,2026-04-14T14:41:06.718Z,,,,,,,They feed mainly on grasses such as Poa annua which is ,55,,,,,,,debounce
14,Wikipedia_Exp_14.04,Wikipedia_Exp_13.04,30,Male,sg_1776177548786_ryltzr,clumpy,0,1,practice,practice-capybaras,What do Capybaras eat?,answer_snapshot,2026-04-14T14:41:15.314Z,,,,,,,They feed mainly on grasses such as Poa annua which is an annual grass ,71,,,,,,,debounce
14,Wikipedia_Exp_14.04,Wikipedia_Exp_13.04,30,Male,sg_1776177548786_ryltzr,clumpy,0,1,practice,practice-capybaras,What do Capybaras eat?,answer_snapshot_cursor_leave,2026-04-14T14:41:29.220Z,,,,,,,They feed mainly on grasses such as Poa annua which is an annual grass ,71,,,,,,,cursor_leave
14,Wikipedia_Exp_14.04,Wikipedia_Exp_13.04,30,Male,sg_1776177548786_ryltzr,clumpy,0,1,practice,practice-capybaras,What do Capybaras eat?,back_navigation,2026-04-14T14:41:29.313Z,Capybara,,Grass,,,,,,,,,,,,
14,Wikipedia_Exp_14.04,Wikipedia_Exp_13.04,30,Male,sg_1776177548786_ryltzr,clumpy,0,1,practice,practice-capybaras,What do Capybaras eat?,article_open,2026-04-14T14:41:29.430Z,Capybara,Capybara,,4650,back,,,,,,,,,,
14,Wikipedia_Exp_14.04,Wikipedia_Exp_13.04,30,Male,sg_1776177548786_ryltzr,clumpy,0,1,practice,practice-capybaras,What do Capybaras eat?,answer_snapshot,2026-04-14T14:41:42.306Z,,,,,,,They feed mainly on grasses such as Poa annua which is an annual grass and they also eat aquatuc ,97,,,,,,,debounce
14,Wikipedia_Exp_14.04,Wikipedia_Exp_13.04,30,Male,sg_1776177548786_ryltzr,clumpy,0,1,practice,practice-capybaras,What do Capybaras eat?,answer_snapshot,2026-04-14T14:41:51.864Z,,,,,,,They feed mainly on grasses such as Poa annua which is an annual grass and they also eat aquatic plants such as ,112,,,,,,,debounce
14,Wikipedia_Exp_14.04,Wikipedia_Exp_13.04,30,Male,sg_1776177548786_ryltzr,clumpy,0,1,practice,practice-capybaras,What do Capybaras eat?,answer_snapshot_cursor_leave,2026-04-14T14:41:54.274Z,,,,,,,They feed mainly on grasses such as Poa annua which is an annual grass and they also eat aquatic plants such as ,112,,,,,,,cursor_leave
14,Wikipedia_Exp_14.04,Wikipedia_Exp_13.04,30,Male,sg_1776177548786_ryltzr,clumpy,0,1,practice,practice-capybaras,What do Capybaras eat?,link_click,2026-04-14T14:41:54.364Z,Aquatic_plant,,Capybara,,,,,,,,,,,,
14,Wikipedia_Exp_14.04,Wikipedia_Exp_13.04,30,Male,sg_1776177548786_ryltzr,clumpy,0,1,practice,practice-capybaras,What do Capybaras eat?,article_open,2026-04-14T14:41:55.710Z,Aquatic_plant,Aquatic plant,,6440,link_click,,,,,,,,,,
14,Wikipedia_Exp_14.04,Wikipedia_Exp_13.04,30,Male,sg_1776177548786_ryltzr,clumpy,0,1,practice,practice-capybaras,What do Capybaras eat?,answer_snapshot,2026-04-14T14:42:36.578Z,,,,,,,They feed mainly on grasses such as Poa annua which is an annual grass and they also eat aquatic plants such as Nymphaea alba which is a form of water lily and the bud of Nelumbo nucifera ,188,,,,,,,debounce
14,Wikipedia_Exp_14.04,Wikipedia_Exp_13.04,30,Male,sg_1776177548786_ryltzr,clumpy,0,1,practice,practice-capybaras,What do Capybaras eat?,answer_snapshot,2026-04-14T14:42:40.144Z,,,,,,,They feed mainly on grasses such as Poa annua which is an annual grass and they also eat aquatic plants such as Nymphaea alba which is a form of water lily and the bud of Nelumbo nucifera/,188,,,,,,,debounce
14,Wikipedia_Exp_14.04,Wikipedia_Exp_13.04,30,Male,sg_1776177548786_ryltzr,clumpy,0,1,practice,practice-capybaras,What do Capybaras eat?,answer_snapshot_cursor_leave,2026-04-14T14:42:49.901Z,,,,,,,They feed mainly on grasses such as Poa annua which is an annual grass and they also eat aquatic plants such as Nymphaea alba which is a form of water lily and the bud of Nelumbo nucifera/,188,,,,,,,cursor_leave
14,Wikipedia_Exp_14.04,Wikipedia_Exp_13.04,30,Male,sg_1776177548786_ryltzr,clumpy,0,1,practice,practice-capybaras,What do Capybaras eat?,back_navigation,2026-04-14T14:42:49.979Z,Capybara,,Aquatic_plant,,,,,,,,,,,,
14,Wikipedia_Exp_14.04,Wikipedia_Exp_13.04,30,Male,sg_1776177548786_ryltzr,clumpy,0,1,practice,practice-capybaras,What do Capybaras eat?,article_open,2026-04-14T14:42:50.109Z,Capybara,Capybara,,4650,back,,,,,,,,,,
14,Wikipedia_Exp_14.04,Wikipedia_Exp_13.04,30,Male,sg_1776177548786_ryltzr,clumpy,0,1,practice,practice-capybaras,What do Capybaras eat?,answer_snapshot,2026-04-14T14:43:31.190Z,,,,,,,"They feed mainly on grasses such as Poa annua which is an annual grass and they also eat aquatic plants such as Nymphaea alba which is a form of water lily and the bud of Nelumbo nucifera, they also feed on fruit and tree bark hence their big teeth ",249,,,,,,,debounce
14,Wikipedia_Exp_14.04,Wikipedia_Exp_13.04,30,Male,sg_1776177548786_ryltzr,clumpy,0,1,practice,practice-capybaras,What do Capybaras eat?,answer_snapshot,2026-04-14T14:43:46.102Z,,,,,,,"They feed mainly on grasses such as Poa annua which is an annual grass and they also eat aquatic plants such as Nymphaea alba which is a form of water lily and the bud of Nelumbo nucifera, they also feed on fruit and tree bark hence their big teeth. Bu they can be very selective feeders ",288,,,,,,,debounce
14,Wikipedia_Exp_14.04,Wikipedia_Exp_13.04,30,Male,sg_1776177548786_ryltzr,clumpy,0,1,practice,practice-capybaras,What do Capybaras eat?,answer_snapshot,2026-04-14T14:43:56.416Z,,,,,,,"They feed mainly on grasses such as Poa annua which is an annual grass and they also eat aquatic plants such as Nymphaea alba which is a form of water lily and the bud of Nelumbo nucifera, they also feed on fruit and tree bark hence their big teeth. Bu they can be very selective feeders. ",289,,,,,,,debounce
14,Wikipedia_Exp_14.04,Wikipedia_Exp_13.04,30,Male,sg_1776177548786_ryltzr,clumpy,0,1,practice,practice-capybaras,What do Capybaras eat?,answer_snapshot_cursor_leave,2026-04-14T14:43:58.222Z,,,,,,,"They feed mainly on grasses such as Poa annua which is an annual grass and they also eat aquatic plants such as Nymphaea alba which is a form of water lily and the bud of Nelumbo nucifera, they also feed on fruit and tree bark hence their big teeth. Bu they can be very selective feeders. ",289,,,,,,,cursor_leave
14,Wikipedia_Exp_14.04,Wikipedia_Exp_13.04,30,Male,sg_1776177548786_ryltzr,clumpy,0,1,practice,practice-capybaras,What do Capybaras eat?,paste,2026-04-14T14:44:12.381Z,,,,,,,,,,,"They eat a greater variety of plants during the dry season, as fewer plants are available. While they eat grass during the wet season, they have to switch to more abundant reeds during the dry season.[",201,,,
14,Wikipedia_Exp_14.04,Wikipedia_Exp_13.04,30,Male,sg_1776177548786_ryltzr,clumpy,0,1,practice,practice-capybaras,What do Capybaras eat?,answer_snapshot,2026-04-14T14:44:14.390Z,,,,,,,"They feed mainly on grasses such as Poa annua which is an annual grass and they also eat aquatic plants such as Nymphaea alba which is a form of water lily and the bud of Nelumbo nucifera, they also feed on fruit and tree bark hence their big teeth. Bu they can be very selective feeders. They eat a greater variety of plants during the dry season, as fewer plants are available. While they eat grass during the wet season, they have to switch to more abundant reeds during the dry season.[",490,,,,,,,debounce
14,Wikipedia_Exp_14.04,Wikipedia_Exp_13.04,30,Male,sg_1776177548786_ryltzr,clumpy,0,1,practice,practice-capybaras,What do Capybaras eat?,answer_snapshot,2026-04-14T14:44:16.765Z,,,,,,,"They feed mainly on grasses such as Poa annua which is an annual grass and they also eat aquatic plants such as Nymphaea alba which is a form of water lily and the bud of Nelumbo nucifera, they also feed on fruit and tree bark hence their big teeth. Bu they can be very selective feeders. They eat a greater variety of plants during the dry season, as fewer plants are available. While they eat grass during the wet season, they have to switch to more abundant reeds during the dry season.",489,,,,,,,debounce
14,Wikipedia_Exp_14.04,Wikipedia_Exp_13.04,30,Male,sg_1776177548786_ryltzr,clumpy,0,1,practice,practice-capybaras,What do Capybaras eat?,answer_snapshot_cursor_leave,2026-04-14T14:44:25.517Z,,,,,,,"They feed mainly on grasses such as Poa annua which is an annual grass and they also eat aquatic plants such as Nymphaea alba which is a form of water lily and the bud of Nelumbo nucifera, they also feed on fruit and tree bark hence their big teeth. Bu they can be very selective feeders. They eat a greater variety of plants during the dry season, as fewer plants are available. While they eat grass during the wet season, they have to switch to more abundant reeds during the dry season.",489,,,,,,,cursor_leave
14,Wikipedia_Exp_14.04,Wikipedia_Exp_13.04,30,Male,sg_1776177548786_ryltzr,clumpy,0,1,practice,practice-capybaras,What do Capybaras eat?,answer_snapshot,2026-04-14T14:44:25.589Z,,,,,,,"They feed mainly on grasses such as Poa annua which is an annual grass and they also eat aquatic plants such as Nymphaea alba which is a form of water lily and the bud of Nelumbo nucifera, they also feed on fruit and tree bark hence their big teeth. Bu they can be very selective feeders. They eat a greater variety of plants during the dry season, as fewer plants are available. While they eat grass during the wet season, they have to switch to more abundant reeds during the dry season.",489,,,,,,,submit
14,Wikipedia_Exp_14.04,Wikipedia_Exp_13.04,30,Male,sg_1776177548786_ryltzr,clumpy,0,1,practice,practice-capybaras,What do Capybaras eat?,task_end,2026-04-14T14:44:25.589Z,,,,,,,,,"They feed mainly on grasses such as Poa annua which is an annual grass and they also eat aquatic plants such as Nymphaea alba which is a form of water lily and the bud of Nelumbo nucifera, they also feed on fruit and tree bark hence their big teeth. Bu they can be very selective feeders. They eat a greater variety of plants during the dry season, as fewer plants are available. While they eat grass during the wet season, they have to switch to more abundant reeds during the dry season.",489,,,,,
14,Wikipedia_Exp_14.04,Wikipedia_Exp_13.04,30,Male,sg_1776177548786_ryltzr,clumpy,1,,art_history,high-art-history,How do ancient works of art play a role in contemporary society?,familiarity_rating,2026-04-14T14:44:41.956Z,,,,,,,,,,,,,1,6,
14,Wikipedia_Exp_14.04,Wikipedia_Exp_13.04,30,Male,sg_1776177548786_ryltzr,clumpy,1,,art_history,high-art-history,How do ancient works of art play a role in contemporary society?,task_start,2026-04-14T14:44:42.017Z,,,,,,,,,,,,,,,
14,Wikipedia_Exp_14.04,Wikipedia_Exp_13.04,30,Male,sg_1776177548786_ryltzr,clumpy,1,,art_history,high-art-history,How do ancient works of art play a role in contemporary society?,search,2026-04-14T14:44:52.430Z,,,,,,How do ancient works of art play a role in contemporary society?,,,,,,,,,
14,Wikipedia_Exp_14.04,Wikipedia_Exp_13.04,30,Male,sg_1776177548786_ryltzr,clumpy,1,,art_history,high-art-history,How do ancient works of art play a role in contemporary society?,search,2026-04-14T14:44:53.009Z,,,,,,How do ancient works of art play a role in contemporary society?,,,,,,,,,
14,Wikipedia_Exp_14.04,Wikipedia_Exp_13.04,30,Male,sg_1776177548786_ryltzr,clumpy,1,,art_history,high-art-history,How do ancient works of art play a role in contemporary society?,search,2026-04-14T14:44:59.146Z,,,,,,anci,,,,,,,,,
14,Wikipedia_Exp_14.04,Wikipedia_Exp_13.04,30,Male,sg_1776177548786_ryltzr,clumpy,1,,art_history,high-art-history,How do ancient works of art play a role in contemporary society?,search,2026-04-14T14:44:59.749Z,,,,,,ancient ,,,,,,,,,
14,Wikipedia_Exp_14.04,Wikipedia_Exp_13.04,30,Male,sg_1776177548786_ryltzr,clumpy,1,,art_history,high-art-history,How do ancient works of art play a role in contemporary society?,search,2026-04-14T14:45:01.324Z,,,,,,ancient works of ,,,,,,,,,
14,Wikipedia_Exp_14.04,Wikipedia_Exp_13.04,30,Male,sg_1776177548786_ryltzr,clumpy,1,,art_history,high-art-history,How do ancient works of art play a role in contemporary society?,search,2026-04-14T14:45:03.467Z,,,,,,ancient works of art,,,,,,,,,
14,Wikipedia_Exp_14.04,Wikipedia_Exp_13.04,30,Male,sg_1776177548786_ryltzr,clumpy,1,,art_history,high-art-history,How do ancient works of art play a role in contemporary society?,article_open,2026-04-14T14:45:05.377Z,Ancient_art,Ancient art,,9179,search,,,,,,,,,,
14,Wikipedia_Exp_14.04,Wikipedia_Exp_13.04,30,Male,sg_1776177548786_ryltzr,clumpy,1,,art_history,high-art-history,How do ancient works of art play a role in contemporary society?,article_open,2026-04-14T14:46:01.982Z,Art_of_ancient_Egypt,Art of ancient Egypt,,21845,search,,,,,,,,,,
14,Wikipedia_Exp_14.04,Wikipedia_Exp_13.04,30,Male,sg_1776177548786_ryltzr,clumpy,1,,art_history,high-art-history,How do ancient works of art play a role in contemporary society?,search,2026-04-14T14:46:22.619Z,,,,,,an,,,,,,,,,
14,Wikipedia_Exp_14.04,Wikipedia_Exp_13.04,30,Male,sg_1776177548786_ryltzr,clumpy,1,,art_history,high-art-history,How do ancient works of art play a role in contemporary society?,search,2026-04-14T14:46:23.389Z,,,,,,ancient ,,,,,,,,,
14,Wikipedia_Exp_14.04,Wikipedia_Exp_13.04,30,Male,sg_1776177548786_ryltzr,clumpy,1,,art_history,high-art-history,How do ancient works of art play a role in contemporary society?,search,2026-04-14T14:46:23.861Z,,,,,,ancient a,,,,,,,,,
14,Wikipedia_Exp_14.04,Wikipedia_Exp_13.04,30,Male,sg_1776177548786_ryltzr,clumpy,1,,art_history,high-art-history,How do ancient works of art play a role in contemporary society?,search,2026-04-14T14:46:24.862Z,,,,,,ancient art a,,,,,,,,,
14,Wikipedia_Exp_14.04,Wikipedia_Exp_13.04,30,Male,sg_1776177548786_ryltzr,clumpy,1,,art_history,high-art-history,How do ancient works of art play a role in contemporary society?,search,2026-04-14T14:46:25.911Z,,,,,,ancient art impa,,,,,,,,,
14,Wikipedia_Exp_14.04,Wikipedia_Exp_13.04,30,Male,sg_1776177548786_ryltzr,clumpy,1,,art_history,high-art-history,How do ancient works of art play a role in contemporary society?,search,2026-04-14T14:46:27.133Z,,,,,,ancient art impact,,,,,,,,,
14,Wikipedia_Exp_14.04,Wikipedia_Exp_13.04,30,Male,sg_1776177548786_ryltzr,clumpy,1,,art_history,high-art-history,How do ancient works of art play a role in contemporary society?,search,2026-04-14T14:46:39.672Z,,,,,,ancient art imp,,,,,,,,,
14,Wikipedia_Exp_14.04,Wikipedia_Exp_13.04,30,Male,sg_1776177548786_ryltzr,clumpy,1,,art_history,high-art-history,How do ancient works of art play a role in contemporary society?,search,2026-04-14T14:46:40.217Z,,,,,,ancient art im,,,,,,,,,
14,Wikipedia_Exp_14.04,Wikipedia_Exp_13.04,30,Male,sg_1776177548786_ryltzr,clumpy,1,,art_history,high-art-history,How do ancient works of art play a role in contemporary society?,search,2026-04-14T14:46:40.644Z,,,,,,ancient art i,,,,,,,,,
14,Wikipedia_Exp_14.04,Wikipedia_Exp_13.04,30,Male,sg_1776177548786_ryltzr,clumpy,1,,art_history,high-art-history,How do ancient works of art play a role in contemporary society?,search,2026-04-14T14:46:46.957Z,,,,,,ancient art ,,,,,,,,,
14,Wikipedia_Exp_14.04,Wikipedia_Exp_13.04,30,Male,sg_1776177548786_ryltzr,clumpy,1,,art_history,high-art-history,How do ancient works of art play a role in contemporary society?,article_open,2026-04-14T14:46:47.456Z,Ancient_art,Ancient art,,9179,search,,,,,,,,,,
14,Wikipedia_Exp_14.04,Wikipedia_Exp_13.04,30,Male,sg_1776177548786_ryltzr,clumpy,1,,art_history,high-art-history,How do ancient works of art play a role in contemporary society?,link_click,2026-04-14T14:46:49.730Z,Prehistoric_art,,Ancient_art,,,,,,,,,,,,
14,Wikipedia_Exp_14.04,Wikipedia_Exp_13.04,30,Male,sg_1776177548786_ryltzr,clumpy,1,,art_history,high-art-history,How do ancient works of art play a role in contemporary society?,article_open,2026-04-14T14:46:51.575Z,Prehistoric_art,Prehistoric art,,13106,link_click,,,,,,,,,,
14,Wikipedia_Exp_14.04,Wikipedia_Exp_13.04,30,Male,sg_1776177548786_ryltzr,clumpy,1,,art_history,high-art-history,How do ancient works of art play a role in contemporary society?,link_click,2026-04-14T14:46:52.967Z,Ancient_art,,Prehistoric_art,,,,,,,,,,,,
14,Wikipedia_Exp_14.04,Wikipedia_Exp_13.04,30,Male,sg_1776177548786_ryltzr,clumpy,1,,art_history,high-art-history,How do ancient works of art play a role in contemporary society?,article_open,2026-04-14T14:46:53.101Z,Ancient_art,Ancient art,,9179,link_click,,,,,,,,,,
14,Wikipedia_Exp_14.04,Wikipedia_Exp_13.04,30,Male,sg_1776177548786_ryltzr,clumpy,1,,art_history,high-art-history,How do ancient works of art play a role in contemporary society?,link_click,2026-04-14T14:46:59.198Z,Renaissance_art,,Ancient_art,,,,,,,,,,,,
14,Wikipedia_Exp_14.04,Wikipedia_Exp_13.04,30,Male,sg_1776177548786_ryltzr,clumpy,1,,art_history,high-art-history,How do ancient works of art play a role in contemporary society?,article_open,2026-04-14T14:47:00.546Z,Renaissance_art,Renaissance art,,6483,link_click,,,,,,,,,,
14,Wikipedia_Exp_14.04,Wikipedia_Exp_13.04,30,Male,sg_1776177548786_ryltzr,clumpy,1,,art_history,high-art-history,How do ancient works of art play a role in contemporary society?,answer_snapshot,2026-04-14T14:47:33.378Z,,,,,,,their are various types iof ancient art but arguablty the most impactufl on the role of contemourary ,101,,,,,,,debounce
14,Wikipedia_Exp_14.04,Wikipedia_Exp_13.04,30,Male,sg_1776177548786_ryltzr,clumpy,1,,art_history,high-art-history,How do ancient works of art play a role in contemporary society?,answer_snapshot,2026-04-14T14:47:44.020Z,,,,,,,their are various types of ancient art but arguablty the most impactufl on the role of contemourary ,100,,,,,,,debounce
14,Wikipedia_Exp_14.04,Wikipedia_Exp_13.04,30,Male,sg_1776177548786_ryltzr,clumpy,1,,art_history,high-art-history,How do ancient works of art play a role in contemporary society?,answer_snapshot,2026-04-14T14:47:48.776Z,,,,,,,their are various types of ancient art but arguably the most impactful on the role of contemourary ,99,,,,,,,debounce
14,Wikipedia_Exp_14.04,Wikipedia_Exp_13.04,30,Male,sg_1776177548786_ryltzr,clumpy,1,,art_history,high-art-history,How do ancient works of art play a role in contemporary society?,answer_snapshot,2026-04-14T14:47:54.138Z,,,,,,,their are various types of ancient art but arguably the most impactful on the role of contemporary art as  ,107,,,,,,,debounce
14,Wikipedia_Exp_14.04,Wikipedia_Exp_13.04,30,Male,sg_1776177548786_ryltzr,clumpy,1,,art_history,high-art-history,How do ancient works of art play a role in contemporary society?,answer_snapshot,2026-04-14T14:48:14.038Z,,,,,,,their are various types of ancient art but arguably the most impactful on the role of contemporary art is Renaissance art from 1350-1620 ,137,,,,,,,debounce
14,Wikipedia_Exp_14.04,Wikipedia_Exp_13.04,30,Male,sg_1776177548786_ryltzr,clumpy,1,,art_history,high-art-history,How do ancient works of art play a role in contemporary society?,answer_snapshot,2026-04-14T14:48:44.027Z,,,,,,,their are various types of ancient art but arguably the most impactful on the role of contemporary art is Renaissance art from 1350-1620 as in involves and mastered the techniques that are still ised today such as painting scul ,228,,,,,,,debounce
14,Wikipedia_Exp_14.04,Wikipedia_Exp_13.04,30,Male,sg_1776177548786_ryltzr,clumpy,1,,art_history,high-art-history,How do ancient works of art play a role in contemporary society?,answer_snapshot,2026-04-14T14:49:00.850Z,,,,,,,their are various types of ancient art but arguably the most impactful on the role of contemporary art is Renaissance art from 1350-1620 as in involves and mastered the techniques that are still used today such as painting sculpting and decorative arts.,253,,,,,,,debounce
14,Wikipedia_Exp_14.04,Wikipedia_Exp_13.04,30,Male,sg_1776177548786_ryltzr,clumpy,1,,art_history,high-art-history,How do ancient works of art play a role in contemporary society?,answer_snapshot_cursor_leave,2026-04-14T14:49:10.297Z,,,,,,,their are various types of ancient art but arguably the most impactful on the role of contemporary art is Renaissance art from 1350-1620 as in involves and mastered the techniques that are still used today such as painting sculpting and decorative arts.,253,,,,,,,cursor_leave
14,Wikipedia_Exp_14.04,Wikipedia_Exp_13.04,30,Male,sg_1776177548786_ryltzr,clumpy,1,,art_history,high-art-history,How do ancient works of art play a role in contemporary society?,paste,2026-04-14T14:49:23.647Z,,,,,,,,,,,"Renaissance art took as its foundation the art of Classical antiquity, perceived as the noblest of ancient traditions, but transformed that tradition by absorbing recent developments in the art of Northern Europe and by applying contemporary scientific knowledge. Along with Renaissance humanist philosophy, it spread throughout Europe, affecting both artists and their patrons with the development of new techniques and new artistic sensibilities. For art historians, Renaissance art marks the transition of Europe from the medieval period to the Early Modern age.",565,,,
14,Wikipedia_Exp_14.04,Wikipedia_Exp_13.04,30,Male,sg_1776177548786_ryltzr,clumpy,1,,art_history,high-art-history,How do ancient works of art play a role in contemporary society?,answer_snapshot,2026-04-14T14:49:25.651Z,,,,,,,"their are various types of ancient art but arguably the most impactful on the role of contemporary art is Renaissance art from 1350-1620 as in involves and mastered the techniques that are still used today such as painting sculpting and decorative arts. Renaissance art took as its foundation the art of Classical antiquity, perceived as the noblest of ancient traditions, but transformed that tradition by absorbing recent developments in the art of Northern Europe and by applying contemporary scientific knowledge. Along with Renaissance humanist philosophy, it spread throughout Europe, affecting both artists and their patrons with the development of new techniques and new artistic sensibilities. For art historians, Renaissance art marks the transition of Europe from the medieval period to the Early Modern age.",819,,,,,,,debounce
14,Wikipedia_Exp_14.04,Wikipedia_Exp_13.04,30,Male,sg_1776177548786_ryltzr,clumpy,1,,art_history,high-art-history,How do ancient works of art play a role in contemporary society?,answer_snapshot,2026-04-14T14:49:30.542Z,,,,,,,"their are various types of ancient art but arguably the most impactful on the role of contemporary art is Renaissance art from 1350-1620 as in involves and mastered the techniques that are still used today such as painting sculpting and decorative arts. 

Renaissance art took as its foundation the art of Classical antiquity, perceived as the noblest of ancient traditions, but transformed that tradition by absorbing recent developments in the art of Northern Europe and by applying contemporary scientific knowledge. Along with Renaissance humanist philosophy, it spread throughout Europe, affecting both artists and their patrons with the development of new techniques and new artistic sensibilities. For art historians, Renaissance art marks the transition of Europe from the medieval period to the Early Modern age.",821,,,,,,,debounce
14,Wikipedia_Exp_14.04,Wikipedia_Exp_13.04,30,Male,sg_1776177548786_ryltzr,clumpy,1,,art_history,high-art-history,How do ancient works of art play a role in contemporary society?,answer_snapshot,2026-04-14T14:50:19.342Z,,,,,,,"their are various types of ancient art but arguably the most impactful on the role of contemporary art is Renaissance art from 1350-1620 as in involves and mastered the techniques that are still used today such as painting sculpting and decorative arts. 

Renaissance art took as its foundation the art of Classical antiquity, perceived as the noblest of ancient traditions, but transformed that tradition by absorbing recent developments in the art of Northern Europe and by applying contemporary scientific knowledge. Along with Renaissance humanist philosophy, it spread throughout Europe, affecting both artists and their patrons with the development of new techniques and new artistic sensibilities. For art historians, Renaissance art marks the transition of Europe from the medieval period to the Early Modern age.

It plays a role in contemporary society as it laid the foundation for the aet ",901,,,,,,,debounce
14,Wikipedia_Exp_14.04,Wikipedia_Exp_13.04,30,Male,sg_1776177548786_ryltzr,clumpy,1,,art_history,high-art-history,How do ancient works of art play a role in contemporary society?,answer_snapshot,2026-04-14T14:50:40.406Z,,,,,,,"their are various types of ancient art but arguably the most impactful on the role of contemporary art is Renaissance art from 1350-1620 as in involves and mastered the techniques that are still used today such as painting sculpting and decorative arts. 

Renaissance art took as its foundation the art of Classical antiquity, perceived as the noblest of ancient traditions, but transformed that tradition by absorbing recent developments in the art of Northern Europe and by applying contemporary scientific knowledge. Along with Renaissance humanist philosophy, it spread throughout Europe, affecting both artists and their patrons with the development of new techniques and new artistic sensibilities. For art historians, Renaissance art marks the transition of Europe from the medieval period to the Early Modern age.

It plays a role in contemporary society as it laid the foundation for the art that is used today and is the bridge between old art and modern art.",969,,,,,,,debounce
14,Wikipedia_Exp_14.04,Wikipedia_Exp_13.04,30,Male,sg_1776177548786_ryltzr,clumpy,1,,art_history,high-art-history,How do ancient works of art play a role in contemporary society?,answer_snapshot_cursor_leave,2026-04-14T14:50:44.228Z,,,,,,,"their are various types of ancient art but arguably the most impactful on the role of contemporary art is Renaissance art from 1350-1620 as in involves and mastered the techniques that are still used today such as painting sculpting and decorative arts. 

Renaissance art took as its foundation the art of Classical antiquity, perceived as the noblest of ancient traditions, but transformed that tradition by absorbing recent developments in the art of Northern Europe and by applying contemporary scientific knowledge. Along with Renaissance humanist philosophy, it spread throughout Europe, affecting both artists and their patrons with the development of new techniques and new artistic sensibilities. For art historians, Renaissance art marks the transition of Europe from the medieval period to the Early Modern age.

It plays a role in contemporary society as it laid the foundation for the art that is used today and is the bridge between old art and modern art.",969,,,,,,,cursor_leave
14,Wikipedia_Exp_14.04,Wikipedia_Exp_13.04,30,Male,sg_1776177548786_ryltzr,clumpy,1,,art_history,high-art-history,How do ancient works of art play a role in contemporary society?,answer_snapshot_cursor_leave,2026-04-14T14:50:50.737Z,,,,,,,"their are various types of ancient art but arguably the most impactful on the role of contemporary art is Renaissance art from 1350-1620 as in involves and mastered the techniques that are still used today such as painting sculpting and decorative arts. 

Renaissance art took as its foundation the art of Classical antiquity, perceived as the noblest of ancient traditions, but transformed that tradition by absorbing recent developments in the art of Northern Europe and by applying contemporary scientific knowledge. Along with Renaissance humanist philosophy, it spread throughout Europe, affecting both artists and their patrons with the development of new techniques and new artistic sensibilities. For art historians, Renaissance art marks the transition of Europe from the medieval period to the Early Modern age.

It plays a role in contemporary society as it laid the foundation for the art that is used today and is the bridge between old art and modern art.",969,,,,,,,cursor_leave
14,Wikipedia_Exp_14.04,Wikipedia_Exp_13.04,30,Male,sg_1776177548786_ryltzr,clumpy,1,,art_history,high-art-history,How do ancient works of art play a role in contemporary society?,back_navigation,2026-04-14T14:50:50.837Z,Ancient_art,,Renaissance_art,,,,,,,,,,,,
14,Wikipedia_Exp_14.04,Wikipedia_Exp_13.04,30,Male,sg_1776177548786_ryltzr,clumpy,1,,art_history,high-art-history,How do ancient works of art play a role in contemporary society?,article_open,2026-04-14T14:50:51.208Z,Ancient_art,Ancient art,,9179,back,,,,,,,,,,
14,Wikipedia_Exp_14.04,Wikipedia_Exp_13.04,30,Male,sg_1776177548786_ryltzr,clumpy,1,,art_history,high-art-history,How do ancient works of art play a role in contemporary society?,link_click,2026-04-14T14:50:53.087Z,Gothic_art,,Ancient_art,,,,,,,,,,,,
14,Wikipedia_Exp_14.04,Wikipedia_Exp_13.04,30,Male,sg_1776177548786_ryltzr,clumpy,1,,art_history,high-art-history,How do ancient works of art play a role in contemporary society?,article_open,2026-04-14T14:50:55.052Z,Gothic_art,Gothic art,,5859,link_click,,,,,,,,,,
14,Wikipedia_Exp_14.04,Wikipedia_Exp_13.04,30,Male,sg_1776177548786_ryltzr,clumpy,1,,art_history,high-art-history,How do ancient works of art play a role in contemporary society?,back_navigation,2026-04-14T14:50:58.104Z,Ancient_art,,Gothic_art,,,,,,,,,,,,
14,Wikipedia_Exp_14.04,Wikipedia_Exp_13.04,30,Male,sg_1776177548786_ryltzr,clumpy,1,,art_history,high-art-history,How do ancient works of art play a role in contemporary society?,article_open,2026-04-14T14:50:58.367Z,Ancient_art,Ancient art,,9179,back,,,,,,,,,,
14,Wikipedia_Exp_14.04,Wikipedia_Exp_13.04,30,Male,sg_1776177548786_ryltzr,clumpy,1,,art_history,high-art-history,How do ancient works of art play a role in contemporary society?,link_click,2026-04-14T14:51:14.049Z,Contemporary_art,,Ancient_art,,,,,,,,,,,,
14,Wikipedia_Exp_14.04,Wikipedia_Exp_13.04,30,Male,sg_1776177548786_ryltzr,clumpy,1,,art_history,high-art-history,How do ancient works of art play a role in contemporary society?,article_open,2026-04-14T14:51:14.335Z,Contemporary_art,Contemporary art,,4804,link_click,,,,,,,,,,
14,Wikipedia_Exp_14.04,Wikipedia_Exp_13.04,30,Male,sg_1776177548786_ryltzr,clumpy,1,,art_history,high-art-history,How do ancient works of art play a role in contemporary society?,link_click,2026-04-14T14:51:24.418Z,Ancient_art,,Contemporary_art,,,,,,,,,,,,
14,Wikipedia_Exp_14.04,Wikipedia_Exp_13.04,30,Male,sg_1776177548786_ryltzr,clumpy,1,,art_history,high-art-history,How do ancient works of art play a role in contemporary society?,article_open,2026-04-14T14:51:24.592Z,Ancient_art,Ancient art,,9179,link_click,,,,,,,,,,
14,Wikipedia_Exp_14.04,Wikipedia_Exp_13.04,30,Male,sg_1776177548786_ryltzr,clumpy,1,,art_history,high-art-history,How do ancient works of art play a role in contemporary society?,answer_snapshot,2026-04-14T14:52:56.412Z,,,,,,,,0,,,,,,,debounce
14,Wikipedia_Exp_14.04,Wikipedia_Exp_13.04,30,Male,sg_1776177548786_ryltzr,clumpy,1,,art_history,high-art-history,How do ancient works of art play a role in contemporary society?,paste,2026-04-14T14:53:04.667Z,,,,,,,,,,,"Ancient art refers to the many types of art produced by the advanced cultures of ancient societies with different forms of writing, such as those of China, India, Mesopotamia, Persia, Egypt, Greece, and Rome. The art of pre-literate societies is normally referred to as prehistoric art and is not covered by the scope of the ancient era. Furthermore, although some pre-Columbian cultures developed writing in the centuries preceding the European discovery of the Americas, these advancements are, on grounds of dating, largely covered with the dedicated topic of pre-Columbian art and associated sub-topics, such as Maya art, Aztec art, and Olmec art",650,,,
14,Wikipedia_Exp_14.04,Wikipedia_Exp_13.04,30,Male,sg_1776177548786_ryltzr,clumpy,1,,art_history,high-art-history,How do ancient works of art play a role in contemporary society?,answer_snapshot,2026-04-14T14:53:06.669Z,,,,,,,"Ancient art refers to the many types of art produced by the advanced cultures of ancient societies with different forms of writing, such as those of China, India, Mesopotamia, Persia, Egypt, Greece, and Rome. The art of pre-literate societies is normally referred to as prehistoric art and is not covered by the scope of the ancient era. Furthermore, although some pre-Columbian cultures developed writing in the centuries preceding the European discovery of the Americas, these advancements are, on grounds of dating, largely covered with the dedicated topic of pre-Columbian art and associated sub-topics, such as Maya art, Aztec art, and Olmec art",650,,,,,,,debounce
14,Wikipedia_Exp_14.04,Wikipedia_Exp_13.04,30,Male,sg_1776177548786_ryltzr,clumpy,1,,art_history,high-art-history,How do ancient works of art play a role in contemporary society?,answer_snapshot,2026-04-14T14:53:29.000Z,,,,,,,"Ancient art refers to the many types of art produced by the advanced cultures of ancient societies with different forms of writing, such as those of China, India, Mesopotamia, Persia, Egypt, Greece, and Rome. The art of pre-literate societies is normally referred to as prehistoric art and is not covered by the scope of the ancient era. Furthermore, although some pre-Columbian cultures developed writing in the centuries preceding the European discovery of the Americas, these advancements are, on grounds of dating, largely covered with the dedicated topic of pre-Columbian art and associated sub-topics, such as Maya art, Aztec art, and Olmec art

it ",655,,,,,,,debounce
14,Wikipedia_Exp_14.04,Wikipedia_Exp_13.04,30,Male,sg_1776177548786_ryltzr,clumpy,1,,art_history,high-art-history,How do ancient works of art play a role in contemporary society?,answer_snapshot,2026-04-14T14:53:37.682Z,,,,,,,"Ancient art refers to the many types of art produced by the advanced cultures of ancient societies with different forms of writing, such as those of China, India, Mesopotamia, Persia, Egypt, Greece, and Rome. The art of pre-literate societies is normally referred to as prehistoric art and is not covered by the scope of the ancient era. Furthermore, although some pre-Columbian cultures developed writing in the centuries preceding the European discovery of the Americas, these advancements are, on grounds of dating, largely covered with the dedicated topic of pre-Columbian art and associated sub-topics, such as Maya art, Aztec art, and Olmec art

it plays a role oin contemperary ",685,,,,,,,debounce
14,Wikipedia_Exp_14.04,Wikipedia_Exp_13.04,30,Male,sg_1776177548786_ryltzr,clumpy,1,,art_history,high-art-history,How do ancient works of art play a role in contemporary society?,answer_snapshot,2026-04-14T14:53:42.168Z,,,,,,,"Ancient art refers to the many types of art produced by the advanced cultures of ancient societies with different forms of writing, such as those of China, India, Mesopotamia, Persia, Egypt, Greece, and Rome. The art of pre-literate societies is normally referred to as prehistoric art and is not covered by the scope of the ancient era. Furthermore, although some pre-Columbian cultures developed writing in the centuries preceding the European discovery of the Americas, these advancements are, on grounds of dating, largely covered with the dedicated topic of pre-Columbian art and associated sub-topics, such as Maya art, Aztec art, and Olmec art

it plays a role oin contemporary ",685,,,,,,,debounce
14,Wikipedia_Exp_14.04,Wikipedia_Exp_13.04,30,Male,sg_1776177548786_ryltzr,clumpy,1,,art_history,high-art-history,How do ancient works of art play a role in contemporary society?,answer_snapshot,2026-04-14T14:54:08.589Z,,,,,,,"Ancient art refers to the many types of art produced by the advanced cultures of ancient societies with different forms of writing, such as those of China, India, Mesopotamia, Persia, Egypt, Greece, and Rome. The art of pre-literate societies is normally referred to as prehistoric art and is not covered by the scope of the ancient era. Furthermore, although some pre-Columbian cultures developed writing in the centuries preceding the European discovery of the Americas, these advancements are, on grounds of dating, largely covered with the dedicated topic of pre-Columbian art and associated sub-topics, such as Maya art, Aztec art, and Olmec art

it plays a role in contemporary as it feattures techniques that are still used today such as pottery and scultpures ",768,,,,,,,debounce
14,Wikipedia_Exp_14.04,Wikipedia_Exp_13.04,30,Male,sg_1776177548786_ryltzr,clumpy,1,,art_history,high-art-history,How do ancient works of art play a role in contemporary society?,answer_snapshot,2026-04-14T14:54:12.945Z,,,,,,,"Ancient art refers to the many types of art produced by the advanced cultures of ancient societies with different forms of writing, such as those of China, India, Mesopotamia, Persia, Egypt, Greece, and Rome. The art of pre-literate societies is normally referred to as prehistoric art and is not covered by the scope of the ancient era. Furthermore, although some pre-Columbian cultures developed writing in the centuries preceding the European discovery of the Americas, these advancements are, on grounds of dating, largely covered with the dedicated topic of pre-Columbian art and associated sub-topics, such as Maya art, Aztec art, and Olmec art

it plays a role in contemporary as it features techniques that are still used today such as pottery and scultpures ",767,,,,,,,debounce
14,Wikipedia_Exp_14.04,Wikipedia_Exp_13.04,30,Male,sg_1776177548786_ryltzr,clumpy,1,,art_history,high-art-history,How do ancient works of art play a role in contemporary society?,answer_snapshot,2026-04-14T14:54:16.917Z,,,,,,,"Ancient art refers to the many types of art produced by the advanced cultures of ancient societies with different forms of writing, such as those of China, India, Mesopotamia, Persia, Egypt, Greece, and Rome. The art of pre-literate societies is normally referred to as prehistoric art and is not covered by the scope of the ancient era. Furthermore, although some pre-Columbian cultures developed writing in the centuries preceding the European discovery of the Americas, these advancements are, on grounds of dating, largely covered with the dedicated topic of pre-Columbian art and associated sub-topics, such as Maya art, Aztec art, and Olmec art

it plays a role in contemporary as it features techniques that are still used today such as pottery and sculptures ",767,,,,,,,debounce
14,Wikipedia_Exp_14.04,Wikipedia_Exp_13.04,30,Male,sg_1776177548786_ryltzr,clumpy,1,,art_history,high-art-history,How do ancient works of art play a role in contemporary society?,answer_snapshot,2026-04-14T14:54:28.218Z,,,,,,,"Ancient art refers to the many types of art produced by the advanced cultures of ancient societies with different forms of writing, such as those of China, India, Mesopotamia, Persia, Egypt, Greece, and Rome. The art of pre-literate societies is normally referred to as prehistoric art and is not covered by the scope of the ancient era. Furthermore, although some pre-Columbian cultures developed writing in the centuries preceding the European discovery of the Americas, these advancements are, on grounds of dating, largely covered with the dedicated topic of pre-Columbian art and associated sub-topics, such as Maya art, Aztec art, and Olmec art

it plays a role in contemporary as it features techniques that are still used today such as pottery and sculptures and archetechture  ",786,,,,,,,debounce
14,Wikipedia_Exp_14.04,Wikipedia_Exp_13.04,30,Male,sg_1776177548786_ryltzr,clumpy,1,,art_history,high-art-history,How do ancient works of art play a role in contemporary society?,answer_snapshot,2026-04-14T14:54:32.364Z,,,,,,,"Ancient art refers to the many types of art produced by the advanced cultures of ancient societies with different forms of writing, such as those of China, India, Mesopotamia, Persia, Egypt, Greece, and Rome. The art of pre-literate societies is normally referred to as prehistoric art and is not covered by the scope of the ancient era. Furthermore, although some pre-Columbian cultures developed writing in the centuries preceding the European discovery of the Americas, these advancements are, on grounds of dating, largely covered with the dedicated topic of pre-Columbian art and associated sub-topics, such as Maya art, Aztec art, and Olmec art

it plays a role in contemporary as it features techniques that are still used today such as pottery and sculptures and architecture.  ",786,,,,,,,debounce
14,Wikipedia_Exp_14.04,Wikipedia_Exp_13.04,30,Male,sg_1776177548786_ryltzr,clumpy,1,,art_history,high-art-history,How do ancient works of art play a role in contemporary society?,answer_snapshot_cursor_leave,2026-04-14T14:54:36.016Z,,,,,,,"Ancient art refers to the many types of art produced by the advanced cultures of ancient societies with different forms of writing, such as those of China, India, Mesopotamia, Persia, Egypt, Greece, and Rome. The art of pre-literate societies is normally referred to as prehistoric art and is not covered by the scope of the ancient era. Furthermore, although some pre-Columbian cultures developed writing in the centuries preceding the European discovery of the Americas, these advancements are, on grounds of dating, largely covered with the dedicated topic of pre-Columbian art and associated sub-topics, such as Maya art, Aztec art, and Olmec art

it plays a role in contemporary as it features techniques that are still used today such as pottery and sculptures and architecture.  ",786,,,,,,,cursor_leave
14,Wikipedia_Exp_14.04,Wikipedia_Exp_13.04,30,Male,sg_1776177548786_ryltzr,clumpy,1,,art_history,high-art-history,How do ancient works of art play a role in contemporary society?,answer_snapshot,2026-04-14T14:54:45.034Z,,,,,,,"Ancient art refers to the many types of art produced by the advanced cultures of ancient societies with different forms of writing, such as those of China, India, Mesopotamia, Persia, Egypt, Greece, and Rome. The art of pre-literate societies is normally referred to as prehistoric art and is not covered by the scope of the ancient era. Furthermore, although some pre-Columbian cultures developed writing in the centuries preceding the European discovery of the Americas, these advancements are, on grounds of dating, largely covered with the dedicated topic of pre-Columbian art and associated sub-topics, such as Maya art, Aztec art, and Olmec art

it plays a role in contemporary as it features techniques that are still used today such as pottery and sculptures and architecture.  ",786,,,,,,,submit
14,Wikipedia_Exp_14.04,Wikipedia_Exp_13.04,30,Male,sg_1776177548786_ryltzr,clumpy,1,,art_history,high-art-history,How do ancient works of art play a role in contemporary society?,task_end,2026-04-14T14:54:45.034Z,,,,,,,,,"Ancient art refers to the many types of art produced by the advanced cultures of ancient societies with different forms of writing, such as those of China, India, Mesopotamia, Persia, Egypt, Greece, and Rome. The art of pre-literate societies is normally referred to as prehistoric art and is not covered by the scope of the ancient era. Furthermore, although some pre-Columbian cultures developed writing in the centuries preceding the European discovery of the Americas, these advancements are, on grounds of dating, largely covered with the dedicated topic of pre-Columbian art and associated sub-topics, such as Maya art, Aztec art, and Olmec art

it plays a role in contemporary as it features techniques that are still used today such as pottery and sculptures and architecture.  ",786,,,,,
14,Wikipedia_Exp_14.04,Wikipedia_Exp_13.04,30,Male,sg_1776177548786_ryltzr,clumpy,2,,psychology,high-psychology,What brain mechanisms help people make scientific discoveries?,familiarity_rating,2026-04-14T14:54:52.511Z,,,,,,,,,,,,,1,1,
14,Wikipedia_Exp_14.04,Wikipedia_Exp_13.04,30,Male,sg_1776177548786_ryltzr,clumpy,2,,psychology,high-psychology,What brain mechanisms help people make scientific discoveries?,task_start,2026-04-14T14:54:52.739Z,,,,,,,,,,,,,,,
14,Wikipedia_Exp_14.04,Wikipedia_Exp_13.04,30,Male,sg_1776177548786_ryltzr,clumpy,2,,psychology,high-psychology,What brain mechanisms help people make scientific discoveries?,search,2026-04-14T14:54:57.244Z,,,,,,brain ,,,,,,,,,
14,Wikipedia_Exp_14.04,Wikipedia_Exp_13.04,30,Male,sg_1776177548786_ryltzr,clumpy,2,,psychology,high-psychology,What brain mechanisms help people make scientific discoveries?,search,2026-04-14T14:54:57.680Z,,,,,,brain me,,,,,,,,,
14,Wikipedia_Exp_14.04,Wikipedia_Exp_13.04,30,Male,sg_1776177548786_ryltzr,clumpy,2,,psychology,high-psychology,What brain mechanisms help people make scientific discoveries?,search,2026-04-14T14:54:58.472Z,,,,,,brain mecha,,,,,,,,,
14,Wikipedia_Exp_14.04,Wikipedia_Exp_13.04,30,Male,sg_1776177548786_ryltzr,clumpy,2,,psychology,high-psychology,What brain mechanisms help people make scientific discoveries?,search,2026-04-14T14:54:59.556Z,,,,,,brain mechan,,,,,,,,,
14,Wikipedia_Exp_14.04,Wikipedia_Exp_13.04,30,Male,sg_1776177548786_ryltzr,clumpy,2,,psychology,high-psychology,What brain mechanisms help people make scientific discoveries?,search,2026-04-14T14:55:00.467Z,,,,,,brain mechansims,,,,,,,,,
14,Wikipedia_Exp_14.04,Wikipedia_Exp_13.04,30,Male,sg_1776177548786_ryltzr,clumpy,2,,psychology,high-psychology,What brain mechanisms help people make scientific discoveries?,search,2026-04-14T14:55:03.266Z,,,,,,brain mechans,,,,,,,,,
14,Wikipedia_Exp_14.04,Wikipedia_Exp_13.04,30,Male,sg_1776177548786_ryltzr,clumpy,2,,psychology,high-psychology,What brain mechanisms help people make scientific discoveries?,search,2026-04-14T14:55:04.919Z,,,,,,brain mechan,,,,,,,,,
14,Wikipedia_Exp_14.04,Wikipedia_Exp_13.04,30,Male,sg_1776177548786_ryltzr,clumpy,2,,psychology,high-psychology,What brain mechanisms help people make scientific discoveries?,search,2026-04-14T14:55:05.997Z,,,,,,brain mechanisms,,,,,,,,,
14,Wikipedia_Exp_14.04,Wikipedia_Exp_13.04,30,Male,sg_1776177548786_ryltzr,clumpy,2,,psychology,high-psychology,What brain mechanisms help people make scientific discoveries?,search,2026-04-14T14:55:12.531Z,,,,,,brain mechanisms and scien,,,,,,,,,
14,Wikipedia_Exp_14.04,Wikipedia_Exp_13.04,30,Male,sg_1776177548786_ryltzr,clumpy,2,,psychology,high-psychology,What brain mechanisms help people make scientific discoveries?,search,2026-04-14T14:55:13.375Z,,,,,,brain mechanisms and scienti,,,,,,,,,
14,Wikipedia_Exp_14.04,Wikipedia_Exp_13.04,30,Male,sg_1776177548786_ryltzr,clumpy,2,,psychology,high-psychology,What brain mechanisms help people make scientific discoveries?,search,2026-04-14T14:55:15.009Z,,,,,,brain mechanisms and scientific d,,,,,,,,,
14,Wikipedia_Exp_14.04,Wikipedia_Exp_13.04,30,Male,sg_1776177548786_ryltzr,clumpy,2,,psychology,high-psychology,What brain mechanisms help people make scientific discoveries?,search,2026-04-14T14:55:17.207Z,,,,,,d,,,,,,,,,
14,Wikipedia_Exp_14.04,Wikipedia_Exp_13.04,30,Male,sg_1776177548786_ryltzr,clumpy,2,,psychology,high-psychology,What brain mechanisms help people make scientific discoveries?,search,2026-04-14T14:55:18.299Z,,,,,,scir,,,,,,,,,
14,Wikipedia_Exp_14.04,Wikipedia_Exp_13.04,30,Male,sg_1776177548786_ryltzr,clumpy,2,,psychology,high-psychology,What brain mechanisms help people make scientific discoveries?,search,2026-04-14T14:55:18.993Z,,,,,,sci,,,,,,,,,
14,Wikipedia_Exp_14.04,Wikipedia_Exp_13.04,30,Male,sg_1776177548786_ryltzr,clumpy,2,,psychology,high-psychology,What brain mechanisms help people make scientific discoveries?,search,2026-04-14T14:55:19.623Z,,,,,,scien,,,,,,,,,
14,Wikipedia_Exp_14.04,Wikipedia_Exp_13.04,30,Male,sg_1776177548786_ryltzr,clumpy,2,,psychology,high-psychology,What brain mechanisms help people make scientific discoveries?,search,2026-04-14T14:55:21.586Z,,,,,,scientific disco,,,,,,,,,
14,Wikipedia_Exp_14.04,Wikipedia_Exp_13.04,30,Male,sg_1776177548786_ryltzr,clumpy,2,,psychology,high-psychology,What brain mechanisms help people make scientific discoveries?,search,2026-04-14T14:55:22.888Z,,,,,,scientific discoveries ,,,,,,,,,
14,Wikipedia_Exp_14.04,Wikipedia_Exp_13.04,30,Male,sg_1776177548786_ryltzr,clumpy,2,,psychology,high-psychology,What brain mechanisms help people make scientific discoveries?,article_open,2026-04-14T14:55:25.740Z,Timeline_of_scientific_discoveries,Timeline of scientific discoveries,,11933,search,,,,,,,,,,
14,Wikipedia_Exp_14.04,Wikipedia_Exp_13.04,30,Male,sg_1776177548786_ryltzr,clumpy,2,,psychology,high-psychology,What brain mechanisms help people make scientific discoveries?,search,2026-04-14T14:55:37.399Z,,,,,,brain m,,,,,,,,,
14,Wikipedia_Exp_14.04,Wikipedia_Exp_13.04,30,Male,sg_1776177548786_ryltzr,clumpy,2,,psychology,high-psychology,What brain mechanisms help people make scientific discoveries?,search,2026-04-14T14:55:37.650Z,,,,,,brain me,,,,,,,,,
14,Wikipedia_Exp_14.04,Wikipedia_Exp_13.04,30,Male,sg_1776177548786_ryltzr,clumpy,2,,psychology,high-psychology,What brain mechanisms help people make scientific discoveries?,search,2026-04-14T14:55:38.227Z,,,,,,brain mecha,,,,,,,,,
14,Wikipedia_Exp_14.04,Wikipedia_Exp_13.04,30,Male,sg_1776177548786_ryltzr,clumpy,2,,psychology,high-psychology,What brain mechanisms help people make scientific discoveries?,search,2026-04-14T14:55:38.895Z,,,,,,brain mechan,,,,,,,,,
14,Wikipedia_Exp_14.04,Wikipedia_Exp_13.04,30,Male,sg_1776177548786_ryltzr,clumpy,2,,psychology,high-psychology,What brain mechanisms help people make scientific discoveries?,search,2026-04-14T14:55:40.079Z,,,,,,brain mechanisisms,,,,,,,,,
14,Wikipedia_Exp_14.04,Wikipedia_Exp_13.04,30,Male,sg_1776177548786_ryltzr,clumpy,2,,psychology,high-psychology,What brain mechanisms help people make scientific discoveries?,search,2026-04-14T14:55:41.816Z,,,,,,brain mechanisi,,,,,,,,,
14,Wikipedia_Exp_14.04,Wikipedia_Exp_13.04,30,Male,sg_1776177548786_ryltzr,clumpy,2,,psychology,high-psychology,What brain mechanisms help people make scientific discoveries?,search,2026-04-14T14:55:42.283Z,,,,,,brain mechanis,,,,,,,,,
14,Wikipedia_Exp_14.04,Wikipedia_Exp_13.04,30,Male,sg_1776177548786_ryltzr,clumpy,2,,psychology,high-psychology,What brain mechanisms help people make scientific discoveries?,search,2026-04-14T14:55:44.983Z,,,,,,brain mechanisi,,,,,,,,,
14,Wikipedia_Exp_14.04,Wikipedia_Exp_13.04,30,Male,sg_1776177548786_ryltzr,clumpy,2,,psychology,high-psychology,What brain mechanisms help people make scientific discoveries?,search,2026-04-14T14:55:45.970Z,,,,,,brain mechanisims,,,,,,,,,
14,Wikipedia_Exp_14.04,Wikipedia_Exp_13.04,30,Male,sg_1776177548786_ryltzr,clumpy,2,,psychology,high-psychology,What brain mechanisms help people make scientific discoveries?,search,2026-04-14T14:55:46.995Z,,,,,,brain mechanisim,,,,,,,,,
14,Wikipedia_Exp_14.04,Wikipedia_Exp_13.04,30,Male,sg_1776177548786_ryltzr,clumpy,2,,psychology,high-psychology,What brain mechanisms help people make scientific discoveries?,search,2026-04-14T14:55:47.421Z,,,,,,brain mechanisi,,,,,,,,,
14,Wikipedia_Exp_14.04,Wikipedia_Exp_13.04,30,Male,sg_1776177548786_ryltzr,clumpy,2,,psychology,high-psychology,What brain mechanisms help people make scientific discoveries?,search,2026-04-14T14:55:48.031Z,,,,,,brain mechani,,,,,,,,,
14,Wikipedia_Exp_14.04,Wikipedia_Exp_13.04,30,Male,sg_1776177548786_ryltzr,clumpy,2,,psychology,high-psychology,What brain mechanisms help people make scientific discoveries?,search,2026-04-14T14:55:50.806Z,,,,,,brain mechanimsm,,,,,,,,,
14,Wikipedia_Exp_14.04,Wikipedia_Exp_13.04,30,Male,sg_1776177548786_ryltzr,clumpy,2,,psychology,high-psychology,What brain mechanisms help people make scientific discoveries?,search,2026-04-14T14:55:51.874Z,,,,,,brain mechani,,,,,,,,,
14,Wikipedia_Exp_14.04,Wikipedia_Exp_13.04,30,Male,sg_1776177548786_ryltzr,clumpy,2,,psychology,high-psychology,What brain mechanisms help people make scientific discoveries?,search,2026-04-14T14:55:52.494Z,,,,,,brain mechanim,,,,,,,,,
14,Wikipedia_Exp_14.04,Wikipedia_Exp_13.04,30,Male,sg_1776177548786_ryltzr,clumpy,2,,psychology,high-psychology,What brain mechanisms help people make scientific discoveries?,search,2026-04-14T14:55:53.447Z,,,,,,brain mechanisms,,,,,,,,,
14,Wikipedia_Exp_14.04,Wikipedia_Exp_13.04,30,Male,sg_1776177548786_ryltzr,clumpy,2,,psychology,high-psychology,What brain mechanisms help people make scientific discoveries?,search,2026-04-14T14:55:54.258Z,,,,,,brain mechanis,,,,,,,,,
14,Wikipedia_Exp_14.04,Wikipedia_Exp_13.04,30,Male,sg_1776177548786_ryltzr,clumpy,2,,psychology,high-psychology,What brain mechanisms help people make scientific discoveries?,search,2026-04-14T14:55:56.385Z,,,,,,brain mechani,,,,,,,,,
14,Wikipedia_Exp_14.04,Wikipedia_Exp_13.04,30,Male,sg_1776177548786_ryltzr,clumpy,2,,psychology,high-psychology,What brain mechanisms help people make scientific discoveries?,search,2026-04-14T14:56:00.620Z,,,,,,brain mechanis,,,,,,,,,
14,Wikipedia_Exp_14.04,Wikipedia_Exp_13.04,30,Male,sg_1776177548786_ryltzr,clumpy,2,,psychology,high-psychology,What brain mechanisms help people make scientific discoveries?,search,2026-04-14T14:56:01.205Z,,,,,,brain mechanisms,,,,,,,,,
14,Wikipedia_Exp_14.04,Wikipedia_Exp_13.04,30,Male,sg_1776177548786_ryltzr,clumpy,2,,psychology,high-psychology,What brain mechanisms help people make scientific discoveries?,search,2026-04-14T14:56:10.686Z,,,,,,brain mechanisms scienc,,,,,,,,,
14,Wikipedia_Exp_14.04,Wikipedia_Exp_13.04,30,Male,sg_1776177548786_ryltzr,clumpy,2,,psychology,high-psychology,What brain mechanisms help people make scientific discoveries?,search,2026-04-14T14:56:11.176Z,,,,,,brain mechanisms science,,,,,,,,,
14,Wikipedia_Exp_14.04,Wikipedia_Exp_13.04,30,Male,sg_1776177548786_ryltzr,clumpy,2,,psychology,high-psychology,What brain mechanisms help people make scientific discoveries?,article_open,2026-04-14T14:56:25.101Z,Neuroscience,Neuroscience,,11159,search,,,,,,,,,,
14,Wikipedia_Exp_14.04,Wikipedia_Exp_13.04,30,Male,sg_1776177548786_ryltzr,clumpy,2,,psychology,high-psychology,What brain mechanisms help people make scientific discoveries?,search,2026-04-14T14:57:09.181Z,,,,,,imagina,,,,,,,,,
14,Wikipedia_Exp_14.04,Wikipedia_Exp_13.04,30,Male,sg_1776177548786_ryltzr,clumpy,2,,psychology,high-psychology,What brain mechanisms help people make scientific discoveries?,search,2026-04-14T14:57:10.167Z,,,,,,imagination,,,,,,,,,
14,Wikipedia_Exp_14.04,Wikipedia_Exp_13.04,30,Male,sg_1776177548786_ryltzr,clumpy,2,,psychology,high-psychology,What brain mechanisms help people make scientific discoveries?,article_open,2026-04-14T14:57:13.830Z,Imagination,Imagination,,8921,search,,,,,,,,,,
14,Wikipedia_Exp_14.04,Wikipedia_Exp_13.04,30,Male,sg_1776177548786_ryltzr,clumpy,2,,psychology,high-psychology,What brain mechanisms help people make scientific discoveries?,search,2026-04-14T14:57:38.724Z,,,,,,idea ,,,,,,,,,
14,Wikipedia_Exp_14.04,Wikipedia_Exp_13.04,30,Male,sg_1776177548786_ryltzr,clumpy,2,,psychology,high-psychology,What brain mechanisms help people make scientific discoveries?,search,2026-04-14T14:57:39.875Z,,,,,,idea,,,,,,,,,
14,Wikipedia_Exp_14.04,Wikipedia_Exp_13.04,30,Male,sg_1776177548786_ryltzr,clumpy,2,,psychology,high-psychology,What brain mechanisms help people make scientific discoveries?,search,2026-04-14T14:57:44.049Z,,,,,,brain idea creation,,,,,,,,,
14,Wikipedia_Exp_14.04,Wikipedia_Exp_13.04,30,Male,sg_1776177548786_ryltzr,clumpy,2,,psychology,high-psychology,What brain mechanisms help people make scientific discoveries?,article_open,2026-04-14T14:57:47.133Z,Creativity,Creativity,,21991,search,,,,,,,,,,
14,Wikipedia_Exp_14.04,Wikipedia_Exp_13.04,30,Male,sg_1776177548786_ryltzr,clumpy,2,,psychology,high-psychology,What brain mechanisms help people make scientific discoveries?,paste,2026-04-14T14:58:24.757Z,,,,,,,,,,,"Creativity is the ability to generate novel and valuable ideas or works through the exercise of imagination. The products of creativity may be classified as either intangible or physical. Intangible products of creativity include ideas, scientific theories, literary works, musical compositions, and jokes. Physical products of creativity include inventions, dishes or meals, pieces of jewelry, costumes, and paintings.

Creativity may also describe the ability to find new solutions to problems or new methods to accomplish a goal. Therefore, creativity enables people to solve problems in new ways.",602,,,
14,Wikipedia_Exp_14.04,Wikipedia_Exp_13.04,30,Male,sg_1776177548786_ryltzr,clumpy,2,,psychology,high-psychology,What brain mechanisms help people make scientific discoveries?,answer_snapshot,2026-04-14T14:58:26.771Z,,,,,,,"Creativity is the ability to generate novel and valuable ideas or works through the exercise of imagination. The products of creativity may be classified as either intangible or physical. Intangible products of creativity include ideas, scientific theories, literary works, musical compositions, and jokes. Physical products of creativity include inventions, dishes or meals, pieces of jewelry, costumes, and paintings.

Creativity may also describe the ability to find new solutions to problems or new methods to accomplish a goal. Therefore, creativity enables people to solve problems in new ways.",600,,,,,,,debounce
14,Wikipedia_Exp_14.04,Wikipedia_Exp_13.04,30,Male,sg_1776177548786_ryltzr,clumpy,2,,psychology,high-psychology,What brain mechanisms help people make scientific discoveries?,answer_snapshot_cursor_leave,2026-04-14T14:58:46.559Z,,,,,,,"Creativity is the ability to generate novel and valuable ideas or works through the exercise of imagination. The products of creativity may be classified as either intangible or physical. Intangible products of creativity include ideas, scientific theories, literary works, musical compositions, and jokes. Physical products of creativity include inventions, dishes or meals, pieces of jewelry, costumes, and paintings.

Creativity may also describe the ability to find new solutions to problems or new methods to accomplish a goal. Therefore, creativity enables people to solve problems in new ways.",600,,,,,,,cursor_leave
14,Wikipedia_Exp_14.04,Wikipedia_Exp_13.04,30,Male,sg_1776177548786_ryltzr,clumpy,2,,psychology,high-psychology,What brain mechanisms help people make scientific discoveries?,paste,2026-04-14T14:59:00.052Z,,,,,,,,,,,"It was during the Renaissance that creativity was first conceived not as a conduit from the divine, but as arising from the abilities of ""great men.""[16]: 18–19  This could be attributed to the leading intellectual movement of the time, aptly named humanism, which developed an intensely anthropocentric outlook on the world, valuing the intellect and achievement of the individual.[20] From this philosophy arose the Renaissance man (or polymath), an individual who embodies the principles of humanism in their ceaseless courtship with knowledge and creation.",560,,,
14,Wikipedia_Exp_14.04,Wikipedia_Exp_13.04,30,Male,sg_1776177548786_ryltzr,clumpy,2,,psychology,high-psychology,What brain mechanisms help people make scientific discoveries?,answer_snapshot,2026-04-14T14:59:02.053Z,,,,,,,"Creativity is the ability to generate novel and valuable ideas or works through the exercise of imagination. The products of creativity may be classified as either intangible or physical. Intangible products of creativity include ideas, scientific theories, literary works, musical compositions, and jokes. Physical products of creativity include inventions, dishes or meals, pieces of jewelry, costumes, and paintings.

Creativity may also describe the ability to find new solutions to problems or new methods to accomplish a goal. Therefore, creativity enables people to solve problems in new ways.
It was during the Renaissance that creativity was first conceived not as a conduit from the divine, but as arising from the abilities of ""great men.""[16]: 18–19  This could be attributed to the leading intellectual movement of the time, aptly named humanism, which developed an intensely anthropocentric outlook on the world, valuing the intellect and achievement of the individual.[20] From this philosophy arose the Renaissance man (or polymath), an individual who embodies the principles of humanism in their ceaseless courtship with knowledge and creation.",1161,,,,,,,debounce
14,Wikipedia_Exp_14.04,Wikipedia_Exp_13.04,30,Male,sg_1776177548786_ryltzr,clumpy,2,,psychology,high-psychology,What brain mechanisms help people make scientific discoveries?,answer_snapshot,2026-04-14T14:59:06.572Z,,,,,,,"Creativity is the ability to generate novel and valuable ideas or works through the exercise of imagination. The products of creativity may be classified as either intangible or physical. Intangible products of creativity include ideas, scientific theories, literary works, musical compositions, and jokes. Physical products of creativity include inventions, dishes or meals, pieces of jewelry, costumes, and paintings.

Creativity may also describe the ability to find new solutions to problems or new methods to accomplish a goal. Therefore, creativity enables people to solve problems in new ways.

It was during the Renaissance that creativity was first conceived not as a conduit from the divine, but as arising from the abilities of ""great men.""[16]: 18–19  This could be attributed to the leading intellectual movement of the time, aptly named humanism, which developed an intensely anthropocentric outlook on the world, valuing the intellect and achievement of the individual.[20] From this philosophy arose the Renaissance man (or polymath), an individual who embodies the principles of humanism in their ceaseless courtship with knowledge and creation.",1162,,,,,,,debounce
14,Wikipedia_Exp_14.04,Wikipedia_Exp_13.04,30,Male,sg_1776177548786_ryltzr,clumpy,2,,psychology,high-psychology,What brain mechanisms help people make scientific discoveries?,answer_snapshot_cursor_leave,2026-04-14T14:59:32.623Z,,,,,,,"Creativity is the ability to generate novel and valuable ideas or works through the exercise of imagination. The products of creativity may be classified as either intangible or physical. Intangible products of creativity include ideas, scientific theories, literary works, musical compositions, and jokes. Physical products of creativity include inventions, dishes or meals, pieces of jewelry, costumes, and paintings.

Creativity may also describe the ability to find new solutions to problems or new methods to accomplish a goal. Therefore, creativity enables people to solve problems in new ways.

It was during the Renaissance that creativity was first conceived not as a conduit from the divine, but as arising from the abilities of ""great men.""[16]: 18–19  This could be attributed to the leading intellectual movement of the time, aptly named humanism, which developed an intensely anthropocentric outlook on the world, valuing the intellect and achievement of the individual.[20] From this philosophy arose the Renaissance man (or polymath), an individual who embodies the principles of humanism in their ceaseless courtship with knowledge and creation.",1162,,,,,,,cursor_leave
14,Wikipedia_Exp_14.04,Wikipedia_Exp_13.04,30,Male,sg_1776177548786_ryltzr,clumpy,2,,psychology,high-psychology,What brain mechanisms help people make scientific discoveries?,paste,2026-04-14T14:59:45.035Z,,,,,,,,,,,"Psychologists James Kaufman and Ronald Beghetto introduced a ""four C"" model of creativity. The four ""C's"" are:

mini-c (""transformative learning"" involving ""personally meaningful interpretations of experiences, actions, and insights"").
little-c (everyday problem-solving and creative expression).
Pro-C (exhibited by people who are professionally or vocationally creative, though not necessarily eminent).
Big-C (creativity considered great in a given field).
This model was intended to help accommodate models and theories of creativity that stressed competence as an essential component and a historic transformation of a creative domain as the highest mark of creativity. It also, the authors argued, made a useful framework for analyzing creative processes in individuals.",782,,,
14,Wikipedia_Exp_14.04,Wikipedia_Exp_13.04,30,Male,sg_1776177548786_ryltzr,clumpy,2,,psychology,high-psychology,What brain mechanisms help people make scientific discoveries?,answer_snapshot,2026-04-14T14:59:47.047Z,,,,,,,"Creativity is the ability to generate novel and valuable ideas or works through the exercise of imagination. The products of creativity may be classified as either intangible or physical. Intangible products of creativity include ideas, scientific theories, literary works, musical compositions, and jokes. Physical products of creativity include inventions, dishes or meals, pieces of jewelry, costumes, and paintings.

Creativity may also describe the ability to find new solutions to problems or new methods to accomplish a goal. Therefore, creativity enables people to solve problems in new ways.

It was during the Renaissance that creativity was first conceived not as a conduit from the divine, but as arising from the abilities of ""great men.""[16]: 18–19  This could be attributed to the leading intellectual movement of the time, aptly named humanism, which developed an intensely anthropocentric outlook on the world, valuing the intellect and achievement of the individual.[20] From this philosophy arose the Renaissance man (or polymath), an individual who embodies the principles of humanism in their ceaseless courtship with knowledge and creation.
Psychologists James Kaufman and Ronald Beghetto introduced a ""four C"" model of creativity. The four ""C's"" are:

mini-c (""transformative learning"" involving ""personally meaningful interpretations of experiences, actions, and insights"").
little-c (everyday problem-solving and creative expression).
Pro-C (exhibited by people who are professionally or vocationally creative, though not necessarily eminent).
Big-C (creativity considered great in a given field).
This model was intended to help accommodate models and theories of creativity that stressed competence as an essential component and a historic transformation of a creative domain as the highest mark of creativity. It also, the authors argued, made a useful framework for analyzing creative processes in individuals.",1939,,,,,,,debounce
14,Wikipedia_Exp_14.04,Wikipedia_Exp_13.04,30,Male,sg_1776177548786_ryltzr,clumpy,2,,psychology,high-psychology,What brain mechanisms help people make scientific discoveries?,answer_snapshot,2026-04-14T15:03:38.050Z,,,,,,,"Creativity is the ability to generate novel and valuable ideas or works through the exercise of imagination. The products of creativity may be classified as either intangible or physical. Intangible products of creativity include ideas, scientific theories, literary works, musical compositions, and jokes. Physical products of creativity include inventions, dishes or meals, pieces of jewellery, costumes, and paintings.

Creativity may also describe the ability to find new solutions to problems or new methods to accomplish a goal. Therefore, creativity enables people to solve problems in new ways.

It was during the Renaissance that creativity was first conceived not as a conduit from the divine, but as arising from the abilities of ""great men.""[16]: 18–19  This could be attributed to the leading intellectual movement of the time, aptly named humanism, which developed an intensely anthropocentric outlook on the world, valuing the intellect and achievement of the individual.[20] From this philosophy arose the Renaissance man (or polymath), an individual who embodies the principles of humanism in their ceaseless courtship with knowledge and creation.
Psychologists James Kaufman and Ronald Beghetto introduced a ""four C"" model of creativity. The four ""C's"" are:

mini-c (""transformative learning"" involving ""personally meaningful interpretations of experiences, actions, and insights"").
little-c (everyday problem-solving and creative expression).
Pro-C (exhibited by people who are professionally or vocationally creative, though not necessarily eminent).
Big-C (creativity considered great in a given field).
This model was intended to help accommodate models and theories of creativity that stressed competence as an essential component and a historic transformation of a creative domain as the highest mark of creativity. It also, the authors argued, made a useful framework for analyzing creative processes in individuals.",1941,,,,,,,debounce
14,Wikipedia_Exp_14.04,Wikipedia_Exp_13.04,30,Male,sg_1776177548786_ryltzr,clumpy,2,,psychology,high-psychology,What brain mechanisms help people make scientific discoveries?,answer_snapshot,2026-04-14T15:04:55.431Z,,,,,,,"Creativity is the ability to generate novel and valuable ideas or works through the exercise of imagination. The products of creativity may be classified as either intangible or physical. Intangible products of creativity include ideas, scientific theories, literary works, musical compositions, and jokes. Physical products of creativity include inventions, dishes or meals, pieces of jewellery, costumes, and paintings.

Creativity may also describe the ability to find new solutions to problems or new methods to accomplish a goal. Therefore, creativity enables people to solve problems in new ways.

It was during the Renaissance that creativity was first conceived not as a conduit from the divine, but as arising from the abilities of ""great men.""[16]: 18–19  This could be attributed to the leading intellectual movement of the time, aptly named humanism, which developed an intensely anthropocentric outlook on the world, valuing the intellect and achievement of the individual.[20] From this philosophy arose the Renaissance man (or polymath), an individual who embodies the principles of humanism in their ceaseless courtship with knowledge and creation.
Psychologists James Kaufman and Ronald Beghetto introduced a ""four C"" model of creativity. The four ""C's"" are:

mini-c (""transformative learning"" involving ""personally meaningful interpretations of experiences, actions, and insights"").
little-c (everyday problem-solving and creative expression).
Pro-C (exhibited by people who are professionally or vocationally creative, though not necessarily eminent).
Big-C (creativity considered great in a given field).
This model was intended to help accommodate models and theories of creativity that stressed competence as an essential component and a historic transformation of a creative domain as the highest mark of creativity. It also, the authors argued, made a useful framework for analyzing creative processes in individuals.",1941,,,,,,,submit
14,Wikipedia_Exp_14.04,Wikipedia_Exp_13.04,30,Male,sg_1776177548786_ryltzr,clumpy,2,,psychology,high-psychology,What brain mechanisms help people make scientific discoveries?,task_end,2026-04-14T15:04:55.431Z,,,,,,,,,"Creativity is the ability to generate novel and valuable ideas or works through the exercise of imagination. The products of creativity may be classified as either intangible or physical. Intangible products of creativity include ideas, scientific theories, literary works, musical compositions, and jokes. Physical products of creativity include inventions, dishes or meals, pieces of jewellery, costumes, and paintings.

Creativity may also describe the ability to find new solutions to problems or new methods to accomplish a goal. Therefore, creativity enables people to solve problems in new ways.

It was during the Renaissance that creativity was first conceived not as a conduit from the divine, but as arising from the abilities of ""great men.""[16]: 18–19  This could be attributed to the leading intellectual movement of the time, aptly named humanism, which developed an intensely anthropocentric outlook on the world, valuing the intellect and achievement of the individual.[20] From this philosophy arose the Renaissance man (or polymath), an individual who embodies the principles of humanism in their ceaseless courtship with knowledge and creation.
Psychologists James Kaufman and Ronald Beghetto introduced a ""four C"" model of creativity. The four ""C's"" are:

mini-c (""transformative learning"" involving ""personally meaningful interpretations of experiences, actions, and insights"").
little-c (everyday problem-solving and creative expression).
Pro-C (exhibited by people who are professionally or vocationally creative, though not necessarily eminent).
Big-C (creativity considered great in a given field).
This model was intended to help accommodate models and theories of creativity that stressed competence as an essential component and a historic transformation of a creative domain as the highest mark of creativity. It also, the authors argued, made a useful framework for analyzing creative processes in individuals.",1941,,,,,
15,Wikipedia_Exp_14.04,Wikipedia_Exp_13.04,34,Female,sg_1776177591849_ac6hd9,clumpy,0,1,practice,practice-capybaras,What do Capybaras eat?,attention_check_pass,2026-04-14T14:45:42.317Z,,,,,,,,,,,,,,,attempt_1
15,Wikipedia_Exp_14.04,Wikipedia_Exp_13.04,34,Female,sg_1776177591849_ac6hd9,clumpy,0,1,practice,practice-capybaras,What do Capybaras eat?,familiarity_rating,2026-04-14T14:45:51.950Z,,,,,,,,,,,,,1,4,
15,Wikipedia_Exp_14.04,Wikipedia_Exp_13.04,34,Female,sg_1776177591849_ac6hd9,clumpy,0,1,practice,practice-capybaras,What do Capybaras eat?,task_start,2026-04-14T14:45:52.251Z,,,,,,,,,,,,,,,
15,Wikipedia_Exp_14.04,Wikipedia_Exp_13.04,34,Female,sg_1776177591849_ac6hd9,clumpy,0,1,practice,practice-capybaras,What do Capybaras eat?,article_open,2026-04-14T14:45:52.578Z,Capybara,Capybara,,4650,,,,,,,,,,,
15,Wikipedia_Exp_14.04,Wikipedia_Exp_13.04,34,Female,sg_1776177591849_ac6hd9,clumpy,0,1,practice,practice-capybaras,What do Capybaras eat?,answer_snapshot,2026-04-14T14:46:14.382Z,,,,,,,The capybara us ,16,,,,,,,debounce
15,Wikipedia_Exp_14.04,Wikipedia_Exp_13.04,34,Female,sg_1776177591849_ac6hd9,clumpy,0,1,practice,practice-capybaras,What do Capybaras eat?,answer_snapshot,2026-04-14T14:46:33.695Z,,,,,,,"The capybara is a herbivore, and mainly feeds on grasses and aquatic plants. ",77,,,,,,,debounce
15,Wikipedia_Exp_14.04,Wikipedia_Exp_13.04,34,Female,sg_1776177591849_ac6hd9,clumpy,0,1,practice,practice-capybaras,What do Capybaras eat?,answer_snapshot,2026-04-14T14:47:16.453Z,,,,,,,"The capybara is a herbivore, and mainly feeds on grasses and aquatic plants. the capybara's name is derived ",108,,,,,,,debounce
15,Wikipedia_Exp_14.04,Wikipedia_Exp_13.04,34,Female,sg_1776177591849_ac6hd9,clumpy,0,1,practice,practice-capybaras,What do Capybaras eat?,answer_snapshot,2026-04-14T14:47:27.063Z,,,,,,,"The capybara is a herbivore, and mainly feeds on grasses and aquatic plants. the capybara's namevmeans ",103,,,,,,,debounce
15,Wikipedia_Exp_14.04,Wikipedia_Exp_13.04,34,Female,sg_1776177591849_ac6hd9,clumpy,0,1,practice,practice-capybaras,What do Capybaras eat?,answer_snapshot,2026-04-14T14:47:49.150Z,,,,,,,"The capybara is a herbivore, and mainly feeds on grasses and aquatic plants. the capybara's name means 'one who eats slender leaves', or 'grass eater'. ",152,,,,,,,debounce
15,Wikipedia_Exp_14.04,Wikipedia_Exp_13.04,34,Female,sg_1776177591849_ac6hd9,clumpy,0,1,practice,practice-capybaras,What do Capybaras eat?,answer_snapshot,2026-04-14T14:48:38.438Z,,,,,,,"The capybara is a herbivore, and mainly feeds on grasses and aquatic plants, but also on he capybara's name means 'one who eats slender leaves', or 'grass eater'. ",163,,,,,,,debounce
15,Wikipedia_Exp_14.04,Wikipedia_Exp_13.04,34,Female,sg_1776177591849_ac6hd9,clumpy,0,1,practice,practice-capybaras,What do Capybaras eat?,answer_snapshot,2026-04-14T14:48:48.020Z,,,,,,,"The capybara is a herbivore, and mainly feeds on grasses and aquatic plants, but also on fruit and tree bark. The capybara's name means 'one who eats slender leaves', or 'grass eater'. ",185,,,,,,,debounce
15,Wikipedia_Exp_14.04,Wikipedia_Exp_13.04,34,Female,sg_1776177591849_ac6hd9,clumpy,0,1,practice,practice-capybaras,What do Capybaras eat?,answer_snapshot_cursor_leave,2026-04-14T14:49:01.000Z,,,,,,,"The capybara is a herbivore, and mainly feeds on grasses and aquatic plants, but also on fruit and tree bark. The capybara's name means 'one who eats slender leaves', or 'grass eater'. ",185,,,,,,,cursor_leave
15,Wikipedia_Exp_14.04,Wikipedia_Exp_13.04,34,Female,sg_1776177591849_ac6hd9,clumpy,0,1,practice,practice-capybaras,What do Capybaras eat?,paste,2026-04-14T14:49:07.187Z,,,,,,,,,,,"Capybaras are herbivores, grazing mainly on grasses and aquatic plants,[14][24] as well as fruit and tree bark.[15] They are very selective feeders[25] and feed on the leaves of one species and disregard other species surrounding it. They eat a greater variety of plants during the dry season, as fewer plants are available. While they eat grass during the wet season, they have to switch to more abundant reeds during the dry season.[26] Plants that capybaras eat during the summer lose their nutritional value in the winter, so they are not consumed at that time.[25] The capybara's jaw hinge is not perpendicular, so they chew food by grinding back-and-forth rather than side-to-side.[27] Capybaras are autocoprophagous,[28] meaning they eat their own feces as a source of bacterial gut flora, to help digest the cellulose in the grass that forms their normal diet, and to extract the maximum protein and vitamins from their food. They also regurgitate food to masticate again, similar to cud-chewing by cattle.[28][29] Like other rodents, a capybara's front teeth grow continually to compensate for the constant wear from eating grasses;[19] their cheek teeth also grow continuously.[27]",1191,,,
15,Wikipedia_Exp_14.04,Wikipedia_Exp_13.04,34,Female,sg_1776177591849_ac6hd9,clumpy,0,1,practice,practice-capybaras,What do Capybaras eat?,answer_snapshot,2026-04-14T14:49:09.194Z,,,,,,,"The capybara is a herbivore, and mainly feeds on grasses and aquatic plants, but also on fruit and tree bark. The capybara's name means 'one who eats slender leaves', or 'grass eater'. Capybaras are herbivores, grazing mainly on grasses and aquatic plants,[14][24] as well as fruit and tree bark.[15] They are very selective feeders[25] and feed on the leaves of one species and disregard other species surrounding it. They eat a greater variety of plants during the dry season, as fewer plants are available. While they eat grass during the wet season, they have to switch to more abundant reeds during the dry season.[26] Plants that capybaras eat during the summer lose their nutritional value in the winter, so they are not consumed at that time.[25] The capybara's jaw hinge is not perpendicular, so they chew food by grinding back-and-forth rather than side-to-side.[27] Capybaras are autocoprophagous,[28] meaning they eat their own feces as a source of bacterial gut flora, to help digest the cellulose in the grass that forms their normal diet, and to extract the maximum protein and vitamins from their food. They also regurgitate food to masticate again, similar to cud-chewing by cattle.[28][29] Like other rodents, a capybara's front teeth grow continually to compensate for the constant wear from eating grasses;[19] their cheek teeth also grow continuously.[27]",1376,,,,,,,debounce
15,Wikipedia_Exp_14.04,Wikipedia_Exp_13.04,34,Female,sg_1776177591849_ac6hd9,clumpy,0,1,practice,practice-capybaras,What do Capybaras eat?,answer_snapshot,2026-04-14T14:49:23.199Z,,,,,,,"The capybara is a herbivore, and mainly feeds on grasses and aquatic plants, but also on fruit and tree bark. The capybara's name means 'one who eats slender leaves', or 'grass eater'. They are very selective feeders[25] and feed on the leaves of one species and disregard other species surrounding it. They eat a greater variety of plants during the dry season, as fewer plants are available. While they eat grass during the wet season, they have to switch to more abundant reeds during the dry season.[26] Plants that capybaras eat during the summer lose their nutritional value in the winter, so they are not consumed at that time.[25] The capybara's jaw hinge is not perpendicular, so they chew food by grinding back-and-forth rather than side-to-side.[27] Capybaras are autocoprophagous,[28] meaning they eat their own feces as a source of bacterial gut flora, to help digest the cellulose in the grass that forms their normal diet, and to extract the maximum protein and vitamins from their food. They also regurgitate food to masticate again, similar to cud-chewing by cattle.[28][29] Like other rodents, a capybara's front teeth grow continually to compensate for the constant wear from eating grasses;[19] their cheek teeth also grow continuously.[27]",1260,,,,,,,debounce
15,Wikipedia_Exp_14.04,Wikipedia_Exp_13.04,34,Female,sg_1776177591849_ac6hd9,clumpy,0,1,practice,practice-capybaras,What do Capybaras eat?,answer_snapshot,2026-04-14T14:49:28.810Z,,,,,,,"The capybara is a herbivore, and mainly feeds on grasses and aquatic plants, but also on fruit and tree bark. The capybara's name means 'one who eats slender leaves', or 'grass eater'. They are very selective feedersand feed on the leaves of one species and disregard other species surrounding it. They eat a greater variety of plants during the dry season, as fewer plants are available. While they eat grass during the wet season, they have to switch to more abundant reeds during the dry season.[26] Plants that capybaras eat during the summer lose their nutritional value in the winter, so they are not consumed at that time.[25] The capybara's jaw hinge is not perpendicular, so they chew food by grinding back-and-forth rather than side-to-side.[27] Capybaras are autocoprophagous,[28] meaning they eat their own feces as a source of bacterial gut flora, to help digest the cellulose in the grass that forms their normal diet, and to extract the maximum protein and vitamins from their food. They also regurgitate food to masticate again, similar to cud-chewing by cattle.[28][29] Like other rodents, a capybara's front teeth grow continually to compensate for the constant wear from eating grasses;[19] their cheek teeth also grow continuously.[27]",1255,,,,,,,debounce
15,Wikipedia_Exp_14.04,Wikipedia_Exp_13.04,34,Female,sg_1776177591849_ac6hd9,clumpy,0,1,practice,practice-capybaras,What do Capybaras eat?,answer_snapshot,2026-04-14T14:49:40.936Z,,,,,,,"The capybara is a herbivore, and mainly feeds on grasses and aquatic plants, but also on fruit and tree bark. The capybara's name means 'one who eats slender leaves', or 'grass eater'. They often feed on the leaves of one particular species and disregard other species surrounding it. They eat a greater variety of plants during the dry season, as fewer plants are available. While they eat grass during the wet season, they have to switch to more abundant reeds during the dry season.[26] Plants that capybaras eat during the summer lose their nutritional value in the winter, so they are not consumed at that time.[25] The capybara's jaw hinge is not perpendicular, so they chew food by grinding back-and-forth rather than side-to-side.[27] Capybaras are autocoprophagous,[28] meaning they eat their own feces as a source of bacterial gut flora, to help digest the cellulose in the grass that forms their normal diet, and to extract the maximum protein and vitamins from their food. They also regurgitate food to masticate again, similar to cud-chewing by cattle.[28][29] Like other rodents, a capybara's front teeth grow continually to compensate for the constant wear from eating grasses;[19] their cheek teeth also grow continuously.[27]",1242,,,,,,,debounce
15,Wikipedia_Exp_14.04,Wikipedia_Exp_13.04,34,Female,sg_1776177591849_ac6hd9,clumpy,0,1,practice,practice-capybaras,What do Capybaras eat?,answer_snapshot,2026-04-14T14:49:49.437Z,,,,,,,"The capybara is a herbivore, and mainly feeds on grasses and aquatic plants, but also on fruit and tree bark. The capybara's name means 'one who eats slender leaves', or 'grass eater'. They often feed on the leaves of one particular species and disregard other species surrounding it, making them fussy eaters. They eat a greater variety of plants during the dry season, as fewer plants are available. While they eat grass during the wet season, they have to switch to more abundant reeds during the dry season.[26] Plants that capybaras eat during the summer lose their nutritional value in the winter, so they are not consumed at that time.[25] The capybara's jaw hinge is not perpendicular, so they chew food by grinding back-and-forth rather than side-to-side.[27] Capybaras are autocoprophagous,[28] meaning they eat their own feces as a source of bacterial gut flora, to help digest the cellulose in the grass that forms their normal diet, and to extract the maximum protein and vitamins from their food. They also regurgitate food to masticate again, similar to cud-chewing by cattle.[28][29] Like other rodents, a capybara's front teeth grow continually to compensate for the constant wear from eating grasses;[19] their cheek teeth also grow continuously.[27]",1268,,,,,,,debounce
15,Wikipedia_Exp_14.04,Wikipedia_Exp_13.04,34,Female,sg_1776177591849_ac6hd9,clumpy,0,1,practice,practice-capybaras,What do Capybaras eat?,answer_snapshot,2026-04-14T14:50:16.844Z,,,,,,,"The capybara is a herbivore, and mainly feeds on grasses and aquatic plants, but also on fruit and tree bark. The capybara's name means 'one who eats slender leaves', or 'grass eater'. They often feed on the leaves of one particular species and disregard other species surrounding it, making them fussy eaters. During the dry season, capybaras eat While they eat grass during the wet season, they have to switch to more abundant reeds during the dry season.[26] Plants that capybaras eat during the summer lose their nutritional value in the winter, so they are not consumed at that time.[25] The capybara's jaw hinge is not perpendicular, so they chew food by grinding back-and-forth rather than side-to-side.[27] Capybaras are autocoprophagous,[28] meaning they eat their own feces as a source of bacterial gut flora, to help digest the cellulose in the grass that forms their normal diet, and to extract the maximum protein and vitamins from their food. They also regurgitate food to masticate again, similar to cud-chewing by cattle.[28][29] Like other rodents, a capybara's front teeth grow continually to compensate for the constant wear from eating grasses;[19] their cheek teeth also grow continuously.[27]",1214,,,,,,,debounce
15,Wikipedia_Exp_14.04,Wikipedia_Exp_13.04,34,Female,sg_1776177591849_ac6hd9,clumpy,0,1,practice,practice-capybaras,What do Capybaras eat?,answer_snapshot,2026-04-14T14:50:32.038Z,,,,,,,"The capybara is a herbivore, and mainly feeds on grasses and aquatic plants, but also on fruit and tree bark. The capybara's name means 'one who eats slender leaves', or 'grass eater'. They often feed on the leaves of one particular species and disregard other species surrounding it, making them fussy eaters. However, during the dry season, capybaras eat a greater variety of plantsWhile they eat grass during the wet season, they have to switch to more abundant reeds during the dry season.[26] Plants that capybaras eat during the summer lose their nutritional value in the winter, so they are not consumed at that time.[25] The capybara's jaw hinge is not perpendicular, so they chew food by grinding back-and-forth rather than side-to-side.[27] Capybaras are autocoprophagous,[28] meaning they eat their own feces as a source of bacterial gut flora, to help digest the cellulose in the grass that forms their normal diet, and to extract the maximum protein and vitamins from their food. They also regurgitate food to masticate again, similar to cud-chewing by cattle.[28][29] Like other rodents, a capybara's front teeth grow continually to compensate for the constant wear from eating grasses;[19] their cheek teeth also grow continuously.[27]",1250,,,,,,,debounce
15,Wikipedia_Exp_14.04,Wikipedia_Exp_13.04,34,Female,sg_1776177591849_ac6hd9,clumpy,0,1,practice,practice-capybaras,What do Capybaras eat?,answer_snapshot,2026-04-14T14:50:48.745Z,,,,,,,"The capybara is a herbivore, and mainly feeds on grasses and aquatic plants, but also on fruit and tree bark. The capybara's name means 'one who eats slender leaves', or 'grass eater'. They often feed on the leaves of one particular species and disregard other species surrounding it, making them fussy eaters. However, during the dry season, capybaras eat a greater variety of plants, as fewer plants are present. While they eat grass during the wet season, they have to switch to more abundant reeds during the dry season.[26] Plants that capybaras eat during the summer lose their nutritional value in the winter, so they are not consumed at that time.[25] The capybara's jaw hinge is not perpendicular, so they chew food by grinding back-and-forth rather than side-to-side.[27] Capybaras are autocoprophagous,[28] meaning they eat their own feces as a source of bacterial gut flora, to help digest the cellulose in the grass that forms their normal diet, and to extract the maximum protein and vitamins from their food. They also regurgitate food to masticate again, similar to cud-chewing by cattle.[28][29] Like other rodents, a capybara's front teeth grow continually to compensate for the constant wear from eating grasses;[19] their cheek teeth also grow continuously.[27]",1281,,,,,,,debounce
15,Wikipedia_Exp_14.04,Wikipedia_Exp_13.04,34,Female,sg_1776177591849_ac6hd9,clumpy,0,1,practice,practice-capybaras,What do Capybaras eat?,answer_snapshot,2026-04-14T14:50:58.750Z,,,,,,,"The capybara is a herbivore, and mainly feeds on grasses and aquatic plants, but also on fruit and tree bark. The capybara's name means 'one who eats slender leaves', or 'grass eater'. They often feed on the leaves of one particular species and disregard other species surrounding it, making them fussy eaters. However, during the dry season, capybaras eat a greater variety of plants, as fewer plants are present. While they eat grass during the wet season, they have to switch to more abundant reeds during the dry season.[26] The switch tPlants that capybaras eat during the summer lose their nutritional value in the winter, so they are not consumed at that time.[25] The capybara's jaw hinge is not perpendicular, so they chew food by grinding back-and-forth rather than side-to-side.[27] Capybaras are autocoprophagous,[28] meaning they eat their own feces as a source of bacterial gut flora, to help digest the cellulose in the grass that forms their normal diet, and to extract the maximum protein and vitamins from their food. They also regurgitate food to masticate again, similar to cud-chewing by cattle.[28][29] Like other rodents, a capybara's front teeth grow continually to compensate for the constant wear from eating grasses;[19] their cheek teeth also grow continuously.[27]",1293,,,,,,,debounce
15,Wikipedia_Exp_14.04,Wikipedia_Exp_13.04,34,Female,sg_1776177591849_ac6hd9,clumpy,0,1,practice,practice-capybaras,What do Capybaras eat?,answer_snapshot,2026-04-14T14:51:06.516Z,,,,,,,"The capybara is a herbivore, and mainly feeds on grasses and aquatic plants, but also on fruit and tree bark. The capybara's name means 'one who eats slender leaves', or 'grass eater'. They often feed on the leaves of one particular species and disregard other species surrounding it, making them fussy eaters. However, during the dry season, capybaras eat a greater variety of plants, as fewer plants are present. While they eat grass during the wet season, they have to switch to more abundant reeds during the dry season.[26] The swap to more Plants that capybaras eat during the summer lose their nutritional value in the winter, so they are not consumed at that time.[25] The capybara's jaw hinge is not perpendicular, so they chew food by grinding back-and-forth rather than side-to-side.[27] Capybaras are autocoprophagous,[28] meaning they eat their own feces as a source of bacterial gut flora, to help digest the cellulose in the grass that forms their normal diet, and to extract the maximum protein and vitamins from their food. They also regurgitate food to masticate again, similar to cud-chewing by cattle.[28][29] Like other rodents, a capybara's front teeth grow continually to compensate for the constant wear from eating grasses;[19] their cheek teeth also grow continuously.[27]",1298,,,,,,,debounce
15,Wikipedia_Exp_14.04,Wikipedia_Exp_13.04,34,Female,sg_1776177591849_ac6hd9,clumpy,0,1,practice,practice-capybaras,What do Capybaras eat?,answer_snapshot,2026-04-14T14:51:45.089Z,,,,,,,"The capybara is a herbivore, and mainly feeds on grasses and aquatic plants, but also on fruit and tree bark. The capybara's name means 'one who eats slender leaves', or 'grass eater'. They often feed on the leaves of one particular species and disregard other species surrounding it, making them fussy eaters. However, during the dry season, capybaras eat a greater variety of plants, as fewer plants are present. While they eat grass during the wet season, they have to switch to more abundant reeds during the dry season.[26] The swap to reeds during this season, as more are available. Plants that capybaras eat during the summer lose their nutritional value in the winter, so they are not consumed at that time.[25] The capybara's jaw hinge is not perpendicular, so they chew food by grinding back-and-forth rather than side-to-side.[27] Capybaras are autocoprophagous,[28] meaning they eat their own feces as a source of bacterial gut flora, to help digest the cellulose in the grass that forms their normal diet, and to extract the maximum protein and vitamins from their food. They also regurgitate food to masticate again, similar to cud-chewing by cattle.[28][29] Like other rodents, a capybara's front teeth grow continually to compensate for the constant wear from eating grasses;[19] their cheek teeth also grow continuously.[27]",1342,,,,,,,debounce
15,Wikipedia_Exp_14.04,Wikipedia_Exp_13.04,34,Female,sg_1776177591849_ac6hd9,clumpy,0,1,practice,practice-capybaras,What do Capybaras eat?,answer_snapshot,2026-04-14T14:52:01.159Z,,,,,,,"The capybara is a herbivore, and mainly feeds on grasses and aquatic plants, but also on fruit and tree bark. The capybara's name means 'one who eats slender leaves', or 'grass eater'. They often feed on the leaves of one particular species and disregard other species surrounding it, making them fussy eaters. However, during the dry season, capybaras eat a greater variety of plants, as fewer plants are present. While they eat grass during the wet season, they have to switch to more abundant reeds during the dry season.[26] The swap to reeds during this season, as more are available, whereas they tend to eat Plants that capybaras eat during the summer lose their nutritional value in the winter, so they are not consumed at that time.[25] The capybara's jaw hinge is not perpendicular, so they chew food by grinding back-and-forth rather than side-to-side.[27] Capybaras are autocoprophagous,[28] meaning they eat their own feces as a source of bacterial gut flora, to help digest the cellulose in the grass that forms their normal diet, and to extract the maximum protein and vitamins from their food. They also regurgitate food to masticate again, similar to cud-chewing by cattle.[28][29] Like other rodents, a capybara's front teeth grow continually to compensate for the constant wear from eating grasses;[19] their cheek teeth also grow continuously.[27]",1367,,,,,,,debounce
15,Wikipedia_Exp_14.04,Wikipedia_Exp_13.04,34,Female,sg_1776177591849_ac6hd9,clumpy,0,1,practice,practice-capybaras,What do Capybaras eat?,answer_snapshot,2026-04-14T14:52:11.497Z,,,,,,,"The capybara is a herbivore, and mainly feeds on grasses and aquatic plants, but also on fruit and tree bark. The capybara's name means 'one who eats slender leaves', or 'grass eater'. They often feed on the leaves of one particular species and disregard other species surrounding it, making them fussy eaters. However, during the dry season, capybaras eat a greater variety of plants, as fewer plants are present. While they eat grass during the wet season, they have to switch to more abundant reeds during the dry season.[26] The swap to reeds during this season, as more are available, whereas they tend to eat grass during the wet season. Plants that capybaras eat during the summer lose their nutritional value in the winter, so they are not consumed at that time.[25] The capybara's jaw hinge is not perpendicular, so they chew food by grinding back-and-forth rather than side-to-side.[27] Capybaras are autocoprophagous,[28] meaning they eat their own feces as a source of bacterial gut flora, to help digest the cellulose in the grass that forms their normal diet, and to extract the maximum protein and vitamins from their food. They also regurgitate food to masticate again, similar to cud-chewing by cattle.[28][29] Like other rodents, a capybara's front teeth grow continually to compensate for the constant wear from eating grasses;[19] their cheek teeth also grow continuously.[27]",1396,,,,,,,debounce
15,Wikipedia_Exp_14.04,Wikipedia_Exp_13.04,34,Female,sg_1776177591849_ac6hd9,clumpy,0,1,practice,practice-capybaras,What do Capybaras eat?,answer_snapshot,2026-04-14T14:52:50.798Z,,,,,,,"The capybara is a herbivore, and mainly feeds on grasses and aquatic plants, but also on fruit and tree bark. The capybara's name means 'one who eats slender leaves', or 'grass eater'. They often feed on the leaves of one particular species and disregard other species surrounding it, making them fussy eaters. However, during the dry season, capybaras eat a greater variety of plants, as fewer plants are present. While they eat grass during the wet season, they have to switch to more abundant reeds during the dry season.[26] The swap to reeds during this season, as more are available, whereas they tend to eat grass during the wet season. The plants that capybaras would usually consume in summer lose their nutritional value by winter, and so capybaras no longer eat these in this season. The capybara's jaw hinge is not perpendicular, so they chew food by grinding back-and-forth rather than side-to-side.[27] Capybaras are autocoprophagous,[28] meaning they eat their own feces as a source of bacterial gut flora, to help digest the cellulose in the grass that forms their normal diet, and to extract the maximum protein and vitamins from their food. They also regurgitate food to masticate again, similar to cud-chewing by cattle.[28][29] Like other rodents, a capybara's front teeth grow continually to compensate for the constant wear from eating grasses;[19] their cheek teeth also grow continuously.[27]",1416,,,,,,,debounce
15,Wikipedia_Exp_14.04,Wikipedia_Exp_13.04,34,Female,sg_1776177591849_ac6hd9,clumpy,0,1,practice,practice-capybaras,What do Capybaras eat?,answer_snapshot,2026-04-14T14:53:11.854Z,,,,,,,"The capybara is a herbivore, and mainly feeds on grasses and aquatic plants, but also on fruit and tree bark. The capybara's name means 'one who eats slender leaves', or 'grass eater'. They often feed on the leaves of one particular species and disregard other species surrounding it, making them fussy eaters. However, during the dry season, capybaras eat a greater variety of plants, as fewer plants are present. While they eat grass during the wet season, they have to switch to more abundant reeds during the dry season.[26] The swap to reeds during this season, as more are available, whereas they tend to eat grass during the wet season. The plants that capybaras would usually consume in summer lose their nutritional value by winter, and so capybaras no longer eat these in this season.[27] Capybaras are autocoprophagous,[28] meaning they eat their own feces as a source of bacterial gut flora, to help digest the cellulose in the grass that forms their normal diet, and to extract the maximum protein and vitamins from their food. They also regurgitate food to masticate again, similar to cud-chewing by cattle.[28][29] Like other rodents, a capybara's front teeth grow continually to compensate for the constant wear from eating grasses;[19] their cheek teeth also grow continuously.[27]",1298,,,,,,,debounce
15,Wikipedia_Exp_14.04,Wikipedia_Exp_13.04,34,Female,sg_1776177591849_ac6hd9,clumpy,0,1,practice,practice-capybaras,What do Capybaras eat?,answer_snapshot,2026-04-14T14:53:35.961Z,,,,,,,"The capybara is a herbivore, and mainly feeds on grasses and aquatic plants, but also on fruit and tree bark. The capybara's name means 'one who eats slender leaves', or 'grass eater'. They often feed on the leaves of one particular species and disregard other species surrounding it, making them fussy eaters. However, during the dry season, capybaras eat a greater variety of plants, as fewer plants are present. While they eat grass during the wet season, they have to switch to more abundant reeds during the dry season.[26] The swap to reeds during this season, as more are available, whereas they tend to eat grass during the wet season. The plants that capybaras would usually consume in summer lose their nutritional value by winter, and so capybaras no longer eat these in this season.[27] Capybaras are autocoprophagous,[28] meaning they eat their own feces as a source of bacterial gut flora, to help digest the cellulose in the grass that forms their normal diet, and to extract the maximum protein and vitamins from their food. ",1041,,,,,,,debounce
15,Wikipedia_Exp_14.04,Wikipedia_Exp_13.04,34,Female,sg_1776177591849_ac6hd9,clumpy,0,1,practice,practice-capybaras,What do Capybaras eat?,answer_snapshot,2026-04-14T14:53:46.903Z,,,,,,,"The capybara is a herbivore, and mainly feeds on grasses and aquatic plants, but also on fruit and tree bark. The capybara's name means 'one who eats slender leaves', or 'grass eater'. They often feed on the leaves of one particular species and disregard other species surrounding it, making them fussy eaters. However, during the dry season, capybaras eat a greater variety of plants, as fewer plants are present. While they eat grass during the wet season, they have to switch to more abundant reeds during the dry season.[26] The swap to reeds during this season, as more are available, whereas they tend to eat grass during the wet season. The plants that capybaras would usually consume in summer lose their nutritional value by winter, and so capybaras no longer eat these in this season.[27] Capybaras are autocoprophagous,[28] meaning they eat their own feces as a source of bacterial gut flora, to help digest the cellulose in the grass that forms their normal diet, and to extract the maximum protein and vitamins from their food. Capybaras also regurgitate food to chew again",1086,,,,,,,debounce
15,Wikipedia_Exp_14.04,Wikipedia_Exp_13.04,34,Female,sg_1776177591849_ac6hd9,clumpy,0,1,practice,practice-capybaras,What do Capybaras eat?,answer_snapshot,2026-04-14T14:53:49.019Z,,,,,,,"The capybara is a herbivore, and mainly feeds on grasses and aquatic plants, but also on fruit and tree bark. The capybara's name means 'one who eats slender leaves', or 'grass eater'. They often feed on the leaves of one particular species and disregard other species surrounding it, making them fussy eaters. However, during the dry season, capybaras eat a greater variety of plants, as fewer plants are present. While they eat grass during the wet season, they have to switch to more abundant reeds during the dry season.[26] The swap to reeds during this season, as more are available, whereas they tend to eat grass during the wet season. The plants that capybaras would usually consume in summer lose their nutritional value by winter, and so capybaras no longer eat these in this season.[27] Capybaras are autocoprophagous,[28] meaning they eat their own feces as a source of bacterial gut flora, to help digest the cellulose in the grass that forms their normal diet, and to extract the maximum protein and vitamins from their food. Capybaras also regurgitate food to chew agai",1085,,,,,,,debounce
15,Wikipedia_Exp_14.04,Wikipedia_Exp_13.04,34,Female,sg_1776177591849_ac6hd9,clumpy,0,1,practice,practice-capybaras,What do Capybaras eat?,answer_snapshot,2026-04-14T14:53:54.363Z,,,,,,,"The capybara is a herbivore, and mainly feeds on grasses and aquatic plants, but also on fruit and tree bark. The capybara's name means 'one who eats slender leaves', or 'grass eater'. They often feed on the leaves of one particular species and disregard other species surrounding it, making them fussy eaters. However, during the dry season, capybaras eat a greater variety of plants, as fewer plants are present. While they eat grass during the wet season, they have to switch to more abundant reeds during the dry season.[26] The swap to reeds during this season, as more are available, whereas they tend to eat grass during the wet season. The plants that capybaras would usually consume in summer lose their nutritional value by winter, and so capybaras no longer eat these in this season.[27] Capybaras are autocoprophagous,[28] meaning they eat their own feces as a source of bacterial gut flora, to help digest the cellulose in the grass that forms their normal diet, and to extract the maximum protein and vitamins from their food. Capybaras regurgitate food to chew again, and also ",1092,,,,,,,debounce
15,Wikipedia_Exp_14.04,Wikipedia_Exp_13.04,34,Female,sg_1776177591849_ac6hd9,clumpy,0,1,practice,practice-capybaras,What do Capybaras eat?,answer_snapshot,2026-04-14T14:53:57.668Z,,,,,,,"The capybara is a herbivore, and mainly feeds on grasses and aquatic plants, but also on fruit and tree bark. The capybara's name means 'one who eats slender leaves', or 'grass eater'. They often feed on the leaves of one particular species and disregard other species surrounding it, making them fussy eaters. However, during the dry season, capybaras eat a greater variety of plants, as fewer plants are present. While they eat grass during the wet season, they have to switch to more abundant reeds during the dry season.[26] The swap to reeds during this season, as more are available, whereas they tend to eat grass during the wet season. The plants that capybaras would usually consume in summer lose their nutritional value by winter, and so capybaras no longer eat these in this season.[27] Capybaras are autocoprophagous,[28] meaning they eat their own feces as a source of bacterial gut flora, to help digest the cellulose in the grass that forms their normal diet, and to extract the maximum protein and vitamins from their food. Capybaras regurgitate food to chew again, and also ",1092,,,,,,,debounce
15,Wikipedia_Exp_14.04,Wikipedia_Exp_13.04,34,Female,sg_1776177591849_ac6hd9,clumpy,0,1,practice,practice-capybaras,What do Capybaras eat?,answer_snapshot,2026-04-14T14:54:03.011Z,,,,,,,"The capybara is a herbivore, and mainly feeds on grasses and aquatic plants, but also on fruit and tree bark. The capybara's name means 'one who eats slender leaves', or 'grass eater'. They often feed on the leaves of one particular species and disregard other species surrounding it, making them fussy eaters. However, during the dry season, capybaras eat a greater variety of plants, as fewer plants are present. While they eat grass during the wet season, they have to switch to more abundant reeds during the dry season.[26] The swap to reeds during this season, as more are available, whereas they tend to eat grass during the wet season. The plants that capybaras would usually consume in summer lose their nutritional value by winter, and so capybaras no longer eat these in this season.[27] Capybaras are autocoprophagous,[28] meaning they eat their own feces as a source of bacterial gut flora, to help digest the cellulose in the grass that forms their normal diet, and to extract the maximum protein and vitamins from their food. Capybaras regurgitate food to chew again, and also eat their own feces as ",1115,,,,,,,debounce
15,Wikipedia_Exp_14.04,Wikipedia_Exp_13.04,34,Female,sg_1776177591849_ac6hd9,clumpy,0,1,practice,practice-capybaras,What do Capybaras eat?,answer_snapshot,2026-04-14T14:54:10.347Z,,,,,,,"The capybara is a herbivore, and mainly feeds on grasses and aquatic plants, but also on fruit and tree bark. The capybara's name means 'one who eats slender leaves', or 'grass eater'. They often feed on the leaves of one particular species and disregard other species surrounding it, making them fussy eaters. However, during the dry season, capybaras eat a greater variety of plants, as fewer plants are present. While they eat grass during the wet season, they have to switch to more abundant reeds during the dry season.[26] The swap to reeds during this season, as more are available, whereas they tend to eat grass during the wet season. The plants that capybaras would usually consume in summer lose their nutritional value by winter, and so capybaras no longer eat these in this season.[27] Capybaras are autocoprophagous,[28] meaning they eat their own feces as a source of bacterial gut flora, to help digest the cellulose in the grass that forms their normal diet, and to extract the maximum protein and vitamins from their food. Capybaras regurgitate food to chew again, and also eat their own feces to help digest ",1127,,,,,,,debounce
15,Wikipedia_Exp_14.04,Wikipedia_Exp_13.04,34,Female,sg_1776177591849_ac6hd9,clumpy,0,1,practice,practice-capybaras,What do Capybaras eat?,answer_snapshot,2026-04-14T14:54:14.737Z,,,,,,,"The capybara is a herbivore, and mainly feeds on grasses and aquatic plants, but also on fruit and tree bark. The capybara's name means 'one who eats slender leaves', or 'grass eater'. They often feed on the leaves of one particular species and disregard other species surrounding it, making them fussy eaters. However, during the dry season, capybaras eat a greater variety of plants, as fewer plants are present. While they eat grass during the wet season, they have to switch to more abundant reeds during the dry season.[26] The swap to reeds during this season, as more are available, whereas they tend to eat grass during the wet season. The plants that capybaras would usually consume in summer lose their nutritional value by winter, and so capybaras no longer eat these in this season.[27] Capybaras are autocoprophagous,[28] meaning they eat their own feces as a source of bacterial gut flora, to help digest the cellulose in the grass that forms their normal diet, and to extract the maximum protein and vitamins from their food. Capybaras regurgitate food to chew again, and also eat their own feces to help digest the grass and ",1141,,,,,,,debounce
15,Wikipedia_Exp_14.04,Wikipedia_Exp_13.04,34,Female,sg_1776177591849_ac6hd9,clumpy,0,1,practice,practice-capybaras,What do Capybaras eat?,answer_snapshot,2026-04-14T14:54:30.121Z,,,,,,,"The capybara is a herbivore, and mainly feeds on grasses and aquatic plants, but also on fruit and tree bark. The capybara's name means 'one who eats slender leaves', or 'grass eater'. They often feed on the leaves of one particular species and disregard other species surrounding it, making them fussy eaters. However, during the dry season, capybaras eat a greater variety of plants, as fewer plants are present. While they eat grass during the wet season, they have to switch to more abundant reeds during the dry season.[26] The swap to reeds during this season, as more are available, whereas they tend to eat grass during the wet season. The plants that capybaras would usually consume in summer lose their nutritional value by winter, and so capybaras no longer eat these in this season.[27] Capybaras are autocoprophagous,[28] meaning they eat their own feces as a source of bacterial gut flora, to help digest the cellulose in the grass that forms their normal diet, and to extract the maximum protein and vitamins from their food. Capybaras regurgitate food to chew again, and also eat their own feces to help digest the grass and to help extract the most protein and vitamins from their food possible.",1212,,,,,,,debounce
15,Wikipedia_Exp_14.04,Wikipedia_Exp_13.04,34,Female,sg_1776177591849_ac6hd9,clumpy,0,1,practice,practice-capybaras,What do Capybaras eat?,answer_snapshot,2026-04-14T14:54:48.633Z,,,,,,,"The capybara is a herbivore, and mainly feeds on grasses and aquatic plants, but also on fruit and tree bark. The capybara's name means 'one who eats slender leaves', or 'grass eater'. They often feed on the leaves of one particular species and disregard other species surrounding it, making them fussy eaters. However, during the dry season, capybaras eat a greater variety of plants, as fewer plants are present. While they eat grass during the wet season, they have to switch to more abundant reeds during the dry season.[26] The swap to reeds during this season, as more are available, whereas they tend to eat grass during the wet season. The plants that capybaras would usually consume in summer lose their nutritional value by winter, and so capybaras no longer eat these in this season. Capybaras regurgitate food to chew again, and also eat their own feces to help digest the grass and to help extract the most protein and vitamins from their food possible.",966,,,,,,,debounce
15,Wikipedia_Exp_14.04,Wikipedia_Exp_13.04,34,Female,sg_1776177591849_ac6hd9,clumpy,0,1,practice,practice-capybaras,What do Capybaras eat?,answer_snapshot,2026-04-14T14:54:55.333Z,,,,,,,"The capybara is a herbivore, and mainly feeds on grasses and aquatic plants, but also on fruit and tree bark. The capybara's name means 'one who eats slender leaves', or 'grass eater'. They often feed on the leaves of one particular species and disregard other species surrounding it, making them fussy eaters. However, during the dry season, capybaras eat a greater variety of plants, as fewer plants are present. While they eat grass during the wet season, they have to switch to more abundant reeds during the dry season.[The swap to reeds during this season, as more are available, whereas they tend to eat grass during the wet season. The plants that capybaras would usually consume in summer lose their nutritional value by winter, and so capybaras no longer eat these in this season. Capybaras regurgitate food to chew again, and also eat their own feces to help digest the grass and to help extract the most protein and vitamins from their food possible.",962,,,,,,,debounce
15,Wikipedia_Exp_14.04,Wikipedia_Exp_13.04,34,Female,sg_1776177591849_ac6hd9,clumpy,0,1,practice,practice-capybaras,What do Capybaras eat?,answer_snapshot,2026-04-14T14:54:59.357Z,,,,,,,"The capybara is a herbivore, and mainly feeds on grasses and aquatic plants, but also on fruit and tree bark. The capybara's name means 'one who eats slender leaves', or 'grass eater'. They often feed on the leaves of one particular species and disregard other species surrounding it, making them fussy eaters. However, during the dry season, capybaras eat a greater variety of plants, as fewer plants are present. While they eat grass during the wet season, they have to switch to more abundant reeds during the dry season.The swap to reeds during this season, as more are available, whereas they tend to eat grass during the wet season. The plants that capybaras would usually consume in summer lose their nutritional value by winter, and so capybaras no longer eat these in this season. Capybaras regurgitate food to chew again, and also eat their own feces to help digest the grass and to help extract the most protein and vitamins from their food possible.",961,,,,,,,debounce
15,Wikipedia_Exp_14.04,Wikipedia_Exp_13.04,34,Female,sg_1776177591849_ac6hd9,clumpy,0,1,practice,practice-capybaras,What do Capybaras eat?,answer_snapshot,2026-04-14T14:55:09.249Z,,,,,,,"The capybara is a herbivore, and mainly feeds on grasses and aquatic plants, but also on fruit and tree bark. The capybara's name means 'one who eats slender leaves', or 'grass eater'. They often feed on the leaves of one particular species and disregard other species surrounding it, making them fussy eaters. However, during the dry season, capybaras eat a greater variety of plants, as fewer plants are present. While they eat grass during the wet season, they have to switch to more abundant reeds during the dry season.They swap to reeds during this season, as more are available, whereas they tend to eat grass during the wet season. The plants that capybaras would usually consume in summer lose their nutritional value by winter, and so capybaras no longer eat these in this season. Capybaras regurgitate food to chew again, and also eat their own feces to help digest the grass and to help extract the most protein and vitamins from their food possible.",962,,,,,,,debounce
15,Wikipedia_Exp_14.04,Wikipedia_Exp_13.04,34,Female,sg_1776177591849_ac6hd9,clumpy,0,1,practice,practice-capybaras,What do Capybaras eat?,answer_snapshot,2026-04-14T14:55:53.501Z,,,,,,,"The capybara is a herbivore, and mainly feeds on grasses and aquatic plants, but also on fruit and tree bark. The capybara's name means 'one who eats slender leaves', or 'grass eater'. They often feed on the leaves of one particular species and disregard other species surrounding it, making them fussy eaters. However, during the dry season, capybaras eat a greater variety of plants, as fewer plants are present. They swap to reeds during this season, as more are available, whereas they tend to eat grass during the wet season. The plants that capybaras would usually consume in summer lose their nutritional value by winter, and so capybaras no longer eat these in this season. Capybaras regurgitate food to chew again, and also eat their own feces to help digest the grass and to help extract the most protein and vitamins from their food possible.",853,,,,,,,debounce
15,Wikipedia_Exp_14.04,Wikipedia_Exp_13.04,34,Female,sg_1776177591849_ac6hd9,clumpy,0,1,practice,practice-capybaras,What do Capybaras eat?,answer_snapshot_cursor_leave,2026-04-14T14:56:06.548Z,,,,,,,"The capybara is a herbivore, and mainly feeds on grasses and aquatic plants, but also on fruit and tree bark. The capybara's name means 'one who eats slender leaves', or 'grass eater'. They often feed on the leaves of one particular species and disregard other species surrounding it, making them fussy eaters. However, during the dry season, capybaras eat a greater variety of plants, as fewer plants are present. They swap to reeds during this season, as more are available, whereas they tend to eat grass during the wet season. The plants that capybaras would usually consume in summer lose their nutritional value by winter, and so capybaras no longer eat these in this season. Capybaras regurgitate food to chew again, and also eat their own feces to help digest the grass and to help extract the most protein and vitamins from their food possible.",853,,,,,,,cursor_leave
15,Wikipedia_Exp_14.04,Wikipedia_Exp_13.04,34,Female,sg_1776177591849_ac6hd9,clumpy,0,1,practice,practice-capybaras,What do Capybaras eat?,answer_snapshot,2026-04-14T14:56:06.559Z,,,,,,,"The capybara is a herbivore, and mainly feeds on grasses and aquatic plants, but also on fruit and tree bark. The capybara's name means 'one who eats slender leaves', or 'grass eater'. They often feed on the leaves of one particular species and disregard other species surrounding it, making them fussy eaters. However, during the dry season, capybaras eat a greater variety of plants, as fewer plants are present. They swap to reeds during this season, as more are available, whereas they tend to eat grass during the wet season. The plants that capybaras would usually consume in summer lose their nutritional value by winter, and so capybaras no longer eat these in this season. Capybaras regurgitate food to chew again, and also eat their own feces to help digest the grass and to help extract the most protein and vitamins from their food possible.",853,,,,,,,submit
15,Wikipedia_Exp_14.04,Wikipedia_Exp_13.04,34,Female,sg_1776177591849_ac6hd9,clumpy,0,1,practice,practice-capybaras,What do Capybaras eat?,task_end,2026-04-14T14:56:06.560Z,,,,,,,,,"The capybara is a herbivore, and mainly feeds on grasses and aquatic plants, but also on fruit and tree bark. The capybara's name means 'one who eats slender leaves', or 'grass eater'. They often feed on the leaves of one particular species and disregard other species surrounding it, making them fussy eaters. However, during the dry season, capybaras eat a greater variety of plants, as fewer plants are present. They swap to reeds during this season, as more are available, whereas they tend to eat grass during the wet season. The plants that capybaras would usually consume in summer lose their nutritional value by winter, and so capybaras no longer eat these in this season. Capybaras regurgitate food to chew again, and also eat their own feces to help digest the grass and to help extract the most protein and vitamins from their food possible.",853,,,,,
15,Wikipedia_Exp_14.04,Wikipedia_Exp_13.04,34,Female,sg_1776177591849_ac6hd9,clumpy,1,,psychology,high-psychology,What brain mechanisms help people make scientific discoveries?,familiarity_rating,2026-04-14T14:56:16.883Z,,,,,,,,,,,,,1,1,
15,Wikipedia_Exp_14.04,Wikipedia_Exp_13.04,34,Female,sg_1776177591849_ac6hd9,clumpy,1,,psychology,high-psychology,What brain mechanisms help people make scientific discoveries?,task_start,2026-04-14T14:56:17.085Z,,,,,,,,,,,,,,,
15,Wikipedia_Exp_14.04,Wikipedia_Exp_13.04,34,Female,sg_1776177591849_ac6hd9,clumpy,1,,psychology,high-psychology,What brain mechanisms help people make scientific discoveries?,search,2026-04-14T14:56:28.383Z,,,,,,brain mechanis,,,,,,,,,
15,Wikipedia_Exp_14.04,Wikipedia_Exp_13.04,34,Female,sg_1776177591849_ac6hd9,clumpy,1,,psychology,high-psychology,What brain mechanisms help people make scientific discoveries?,search,2026-04-14T14:56:29.406Z,,,,,,brain mechanisms,,,,,,,,,
15,Wikipedia_Exp_14.04,Wikipedia_Exp_13.04,34,Female,sg_1776177591849_ac6hd9,clumpy,1,,psychology,high-psychology,What brain mechanisms help people make scientific discoveries?,search,2026-04-14T14:56:30.841Z,,,,,,brain mechanisms,,,,,,,,,
15,Wikipedia_Exp_14.04,Wikipedia_Exp_13.04,34,Female,sg_1776177591849_ac6hd9,clumpy,1,,psychology,high-psychology,What brain mechanisms help people make scientific discoveries?,search,2026-04-14T14:56:33.295Z,,,,,,brain mechanisms ,,,,,,,,,
15,Wikipedia_Exp_14.04,Wikipedia_Exp_13.04,34,Female,sg_1776177591849_ac6hd9,clumpy,1,,psychology,high-psychology,What brain mechanisms help people make scientific discoveries?,search,2026-04-14T14:56:34.848Z,,,,,,brain mechanisms scientific ,,,,,,,,,
15,Wikipedia_Exp_14.04,Wikipedia_Exp_13.04,34,Female,sg_1776177591849_ac6hd9,clumpy,1,,psychology,high-psychology,What brain mechanisms help people make scientific discoveries?,search,2026-04-14T14:56:36.368Z,,,,,,brain mechanisms scientific discoveries,,,,,,,,,
15,Wikipedia_Exp_14.04,Wikipedia_Exp_13.04,34,Female,sg_1776177591849_ac6hd9,clumpy,1,,psychology,high-psychology,What brain mechanisms help people make scientific discoveries?,article_open,2026-04-14T14:56:38.862Z,Role_of_chance_in_scientific_discoveries,Role of chance in scientific discoveries,,2029,search,,,,,,,,,,
15,Wikipedia_Exp_14.04,Wikipedia_Exp_13.04,34,Female,sg_1776177591849_ac6hd9,clumpy,1,,psychology,high-psychology,What brain mechanisms help people make scientific discoveries?,search,2026-04-14T14:56:52.033Z,,,,,,brain mechaniss,,,,,,,,,
15,Wikipedia_Exp_14.04,Wikipedia_Exp_13.04,34,Female,sg_1776177591849_ac6hd9,clumpy,1,,psychology,high-psychology,What brain mechanisms help people make scientific discoveries?,search,2026-04-14T14:56:52.657Z,,,,,,brain mechanis,,,,,,,,,
15,Wikipedia_Exp_14.04,Wikipedia_Exp_13.04,34,Female,sg_1776177591849_ac6hd9,clumpy,1,,psychology,high-psychology,What brain mechanisms help people make scientific discoveries?,search,2026-04-14T14:56:53.062Z,,,,,,brain mechanisms,,,,,,,,,
15,Wikipedia_Exp_14.04,Wikipedia_Exp_13.04,34,Female,sg_1776177591849_ac6hd9,clumpy,1,,psychology,high-psychology,What brain mechanisms help people make scientific discoveries?,article_open,2026-04-14T14:56:55.968Z,Neuroscience,Neuroscience,,11159,search,,,,,,,,,,
15,Wikipedia_Exp_14.04,Wikipedia_Exp_13.04,34,Female,sg_1776177591849_ac6hd9,clumpy,1,,psychology,high-psychology,What brain mechanisms help people make scientific discoveries?,link_click,2026-04-14T14:57:23.881Z,Brain,,Neuroscience,,,,,,,,,,,,
15,Wikipedia_Exp_14.04,Wikipedia_Exp_13.04,34,Female,sg_1776177591849_ac6hd9,clumpy,1,,psychology,high-psychology,What brain mechanisms help people make scientific discoveries?,article_open,2026-04-14T14:57:24.544Z,Brain,Brain,,17706,link_click,,,,,,,,,,
15,Wikipedia_Exp_14.04,Wikipedia_Exp_13.04,34,Female,sg_1776177591849_ac6hd9,clumpy,1,,psychology,high-psychology,What brain mechanisms help people make scientific discoveries?,link_click,2026-04-14T14:58:25.770Z,Biological_computer,,Brain,,,,,,,,,,,,
15,Wikipedia_Exp_14.04,Wikipedia_Exp_13.04,34,Female,sg_1776177591849_ac6hd9,clumpy,1,,psychology,high-psychology,What brain mechanisms help people make scientific discoveries?,article_open,2026-04-14T14:58:26.786Z,Biological_computer,Biological computing,,2670,link_click,,,,,,,,,,
15,Wikipedia_Exp_14.04,Wikipedia_Exp_13.04,34,Female,sg_1776177591849_ac6hd9,clumpy,1,,psychology,high-psychology,What brain mechanisms help people make scientific discoveries?,back_navigation,2026-04-14T14:58:32.666Z,Brain,,Biological_computer,,,,,,,,,,,,
15,Wikipedia_Exp_14.04,Wikipedia_Exp_13.04,34,Female,sg_1776177591849_ac6hd9,clumpy,1,,psychology,high-psychology,What brain mechanisms help people make scientific discoveries?,article_open,2026-04-14T14:58:32.855Z,Brain,Brain,,17706,back,,,,,,,,,,
15,Wikipedia_Exp_14.04,Wikipedia_Exp_13.04,34,Female,sg_1776177591849_ac6hd9,clumpy,1,,psychology,high-psychology,What brain mechanisms help people make scientific discoveries?,link_click,2026-04-14T14:58:36.298Z,Human_brain,,Brain,,,,,,,,,,,,
15,Wikipedia_Exp_14.04,Wikipedia_Exp_13.04,34,Female,sg_1776177591849_ac6hd9,clumpy,1,,psychology,high-psychology,What brain mechanisms help people make scientific discoveries?,article_open,2026-04-14T14:58:36.846Z,Human_brain,Human brain,,25482,link_click,,,,,,,,,,
15,Wikipedia_Exp_14.04,Wikipedia_Exp_13.04,34,Female,sg_1776177591849_ac6hd9,clumpy,1,,psychology,high-psychology,What brain mechanisms help people make scientific discoveries?,answer_snapshot,2026-04-14T14:59:00.321Z,,,,,,,The ,4,,,,,,,debounce
15,Wikipedia_Exp_14.04,Wikipedia_Exp_13.04,34,Female,sg_1776177591849_ac6hd9,clumpy,1,,psychology,high-psychology,What brain mechanisms help people make scientific discoveries?,answer_snapshot,2026-04-14T14:59:28.389Z,,,,,,,The frontal lobe in the brain is responsible for ,49,,,,,,,debounce
15,Wikipedia_Exp_14.04,Wikipedia_Exp_13.04,34,Female,sg_1776177591849_ac6hd9,clumpy,1,,psychology,high-psychology,What brain mechanisms help people make scientific discoveries?,answer_snapshot,2026-04-14T14:59:32.228Z,,,,,,,The frontal lobe in the brain is responsible for actions such as ,65,,,,,,,debounce
15,Wikipedia_Exp_14.04,Wikipedia_Exp_13.04,34,Female,sg_1776177591849_ac6hd9,clumpy,1,,psychology,high-psychology,What brain mechanisms help people make scientific discoveries?,answer_snapshot,2026-04-14T14:59:49.794Z,,,,,,,"The frontal lobe in the brain is responsible for actions such as planning, reasoning and abstract thought. ",107,,,,,,,debounce
15,Wikipedia_Exp_14.04,Wikipedia_Exp_13.04,34,Female,sg_1776177591849_ac6hd9,clumpy,1,,psychology,high-psychology,What brain mechanisms help people make scientific discoveries?,answer_snapshot,2026-04-14T15:01:17.368Z,,,,,,,"The frontal lobe in the brain is responsible for actions such as planning, reasoning and abstract thought. These executive functions also ",138,,,,,,,debounce
15,Wikipedia_Exp_14.04,Wikipedia_Exp_13.04,34,Female,sg_1776177591849_ac6hd9,clumpy,1,,psychology,high-psychology,What brain mechanisms help people make scientific discoveries?,answer_snapshot,2026-04-14T15:01:33.058Z,,,,,,,"The frontal lobe in the brain is responsible for actions such as planning, reasoning and abstract thought. These executive functions also include the ability to ",161,,,,,,,debounce
15,Wikipedia_Exp_14.04,Wikipedia_Exp_13.04,34,Female,sg_1776177591849_ac6hd9,clumpy,1,,psychology,high-psychology,What brain mechanisms help people make scientific discoveries?,answer_snapshot,2026-04-14T15:01:55.587Z,,,,,,,"The frontal lobe in the brain is responsible for actions such as planning, reasoning and abstract thought. These executive functions also include the ability to reason and problem solve, due to its propensity to ",212,,,,,,,debounce
15,Wikipedia_Exp_14.04,Wikipedia_Exp_13.04,34,Female,sg_1776177591849_ac6hd9,clumpy,1,,psychology,high-psychology,What brain mechanisms help people make scientific discoveries?,answer_snapshot,2026-04-14T15:02:10.383Z,,,,,,,"The frontal lobe in the brain is responsible for actions such as planning, reasoning and abstract thought. These executive functions also include the ability to reason and problem solve, due to its propensity to plan, prospect and ",231,,,,,,,debounce
15,Wikipedia_Exp_14.04,Wikipedia_Exp_13.04,34,Female,sg_1776177591849_ac6hd9,clumpy,1,,psychology,high-psychology,What brain mechanisms help people make scientific discoveries?,answer_snapshot,2026-04-14T15:02:18.596Z,,,,,,,"The frontal lobe in the brain is responsible for actions such as planning, reasoning and abstract thought. These executive functions also include the ability to reason and problem solve, due to its propensity to plan, prospect and use intelligence. ",249,,,,,,,debounce
15,Wikipedia_Exp_14.04,Wikipedia_Exp_13.04,34,Female,sg_1776177591849_ac6hd9,clumpy,1,,psychology,high-psychology,What brain mechanisms help people make scientific discoveries?,answer_snapshot,2026-04-14T15:02:40.483Z,,,,,,,"The frontal lobe in the brain is responsible for actions such as planning, reasoning and abstract thought. These executive functions also include the ability to reason and problem solve, due to its propensity to plan, prospect and use intelligence. ",249,,,,,,,debounce
15,Wikipedia_Exp_14.04,Wikipedia_Exp_13.04,34,Female,sg_1776177591849_ac6hd9,clumpy,1,,psychology,high-psychology,What brain mechanisms help people make scientific discoveries?,answer_snapshot,2026-04-14T15:02:57.989Z,,,,,,,"The frontal lobe in the brain is responsible for actions such as planning, reasoning and abstract thought. These executive functions also include the ability to reason and problem solve, due to its propensity to plan, prospect and use intelligence. Therefore I would assume that the frontal ",291,,,,,,,debounce
15,Wikipedia_Exp_14.04,Wikipedia_Exp_13.04,34,Female,sg_1776177591849_ac6hd9,clumpy,1,,psychology,high-psychology,What brain mechanisms help people make scientific discoveries?,answer_snapshot_cursor_leave,2026-04-14T15:03:28.872Z,,,,,,,"The frontal lobe in the brain is responsible for actions such as planning, reasoning and abstract thought. These executive functions also include the ability to reason and problem solve, due to its propensity to plan, prospect and use intelligence. Therefore I would assume that the frontal and prefrontal cortex help people to make scientific discoveries, as all of these areas of the brain and decision making would be activated.",431,,,,,,,cursor_leave
15,Wikipedia_Exp_14.04,Wikipedia_Exp_13.04,34,Female,sg_1776177591849_ac6hd9,clumpy,1,,psychology,high-psychology,What brain mechanisms help people make scientific discoveries?,search,2026-04-14T15:03:30.658Z,,,,,,scienti,,,,,,,,,
15,Wikipedia_Exp_14.04,Wikipedia_Exp_13.04,34,Female,sg_1776177591849_ac6hd9,clumpy,1,,psychology,high-psychology,What brain mechanisms help people make scientific discoveries?,search,2026-04-14T15:03:30.989Z,,,,,,scientif,,,,,,,,,
15,Wikipedia_Exp_14.04,Wikipedia_Exp_13.04,34,Female,sg_1776177591849_ac6hd9,clumpy,1,,psychology,high-psychology,What brain mechanisms help people make scientific discoveries?,search,2026-04-14T15:03:31.543Z,,,,,,scientific,,,,,,,,,
15,Wikipedia_Exp_14.04,Wikipedia_Exp_13.04,34,Female,sg_1776177591849_ac6hd9,clumpy,1,,psychology,high-psychology,What brain mechanisms help people make scientific discoveries?,search,2026-04-14T15:03:31.892Z,,,,,,scientific ,,,,,,,,,
15,Wikipedia_Exp_14.04,Wikipedia_Exp_13.04,34,Female,sg_1776177591849_ac6hd9,clumpy,1,,psychology,high-psychology,What brain mechanisms help people make scientific discoveries?,search,2026-04-14T15:03:34.161Z,,,,,,scientific discover,,,,,,,,,
15,Wikipedia_Exp_14.04,Wikipedia_Exp_13.04,34,Female,sg_1776177591849_ac6hd9,clumpy,1,,psychology,high-psychology,What brain mechanisms help people make scientific discoveries?,search,2026-04-14T15:03:34.784Z,,,,,,scientific discovery,,,,,,,,,
15,Wikipedia_Exp_14.04,Wikipedia_Exp_13.04,34,Female,sg_1776177591849_ac6hd9,clumpy,1,,psychology,high-psychology,What brain mechanisms help people make scientific discoveries?,article_open,2026-04-14T15:03:36.699Z,Timeline_of_scientific_discoveries,Timeline of scientific discoveries,,11933,search,,,,,,,,,,
15,Wikipedia_Exp_14.04,Wikipedia_Exp_13.04,34,Female,sg_1776177591849_ac6hd9,clumpy,1,,psychology,high-psychology,What brain mechanisms help people make scientific discoveries?,answer_snapshot,2026-04-14T15:04:09.905Z,,,,,,,"The frontal lobe in the brain is responsible for actions such as planning, reasoning and abstract thought. These executive functions also include the ability to reason and problem solve, due to its propensity to plan, prospect and use intelligence. Therefore I would assume that the frontal and prefrontal cortex help people to make scientific discoveries, as all of these areas of the brain and decision making would be activated. This would also involve explaining and justifying a scientific ",495,,,,,,,debounce
15,Wikipedia_Exp_14.04,Wikipedia_Exp_13.04,34,Female,sg_1776177591849_ac6hd9,clumpy,1,,psychology,high-psychology,What brain mechanisms help people make scientific discoveries?,answer_snapshot,2026-04-14T15:04:14.817Z,,,,,,,"The frontal lobe in the brain is responsible for actions such as planning, reasoning and abstract thought. These executive functions also include the ability to reason and problem solve, due to its propensity to plan, prospect and use intelligence. Therefore I would assume that the frontal and prefrontal cortex help people to make scientific discoveries, as all of these areas of the brain and decision making would be activated. This would also involve explaining and justifying a scientific discovery",504,,,,,,,debounce
15,Wikipedia_Exp_14.04,Wikipedia_Exp_13.04,34,Female,sg_1776177591849_ac6hd9,clumpy,1,,psychology,high-psychology,What brain mechanisms help people make scientific discoveries?,answer_snapshot,2026-04-14T15:04:22.866Z,,,,,,,"The frontal lobe in the brain is responsible for actions such as planning, reasoning and abstract thought. These executive functions also include the ability to reason and problem solve, due to its propensity to plan, prospect and use intelligence. Therefore I would assume that the frontal and prefrontal cortex help people to make scientific discoveries, as all of these areas of the brain and decision making would be activated. This would also involve explaining and justifying a scientific discovery.",505,,,,,,,debounce
15,Wikipedia_Exp_14.04,Wikipedia_Exp_13.04,34,Female,sg_1776177591849_ac6hd9,clumpy,1,,psychology,high-psychology,What brain mechanisms help people make scientific discoveries?,answer_snapshot,2026-04-14T15:04:33.386Z,,,,,,,"The frontal lobe in the brain is responsible for actions such as planning, reasoning and abstract thought. These executive functions also include the ability to reason and problem solve, due to its propensity to plan, prospect and use intelligence. Therefore I would assume that the frontal and prefrontal cortex help people to make scientific discoveries, as all of these areas of the brain and decision making would be activated. ",432,,,,,,,debounce
15,Wikipedia_Exp_14.04,Wikipedia_Exp_13.04,34,Female,sg_1776177591849_ac6hd9,clumpy,1,,psychology,high-psychology,What brain mechanisms help people make scientific discoveries?,paste,2026-04-14T15:04:34.551Z,,,,,,,,,,,This would also involve explaining and justifying a scientific discovery.,73,,,
15,Wikipedia_Exp_14.04,Wikipedia_Exp_13.04,34,Female,sg_1776177591849_ac6hd9,clumpy,1,,psychology,high-psychology,What brain mechanisms help people make scientific discoveries?,answer_snapshot,2026-04-14T15:04:40.690Z,,,,,,,"The frontal lobe in the brain is responsible for actions such as planning, reasoning and abstract thought. These executive functions also include the ability to reason and problem solve, due to its propensity to plan, prospect and use intelligence. This would also involve explaining and justifying a scientific discovery. Therefore I would assume that the frontal and prefrontal cortex help people to make scientific discoveries, as all of these areas of the brain and decision making would be activated. ",506,,,,,,,debounce
15,Wikipedia_Exp_14.04,Wikipedia_Exp_13.04,34,Female,sg_1776177591849_ac6hd9,clumpy,1,,psychology,high-psychology,What brain mechanisms help people make scientific discoveries?,answer_snapshot_cursor_leave,2026-04-14T15:04:42.660Z,,,,,,,"The frontal lobe in the brain is responsible for actions such as planning, reasoning and abstract thought. These executive functions also include the ability to reason and problem solve, due to its propensity to plan, prospect and use intelligence. This would also involve explaining and justifying a scientific discovery. Therefore I would assume that the frontal and prefrontal cortex help people to make scientific discoveries, as all of these areas of the brain and decision making would be activated. ",506,,,,,,,cursor_leave
15,Wikipedia_Exp_14.04,Wikipedia_Exp_13.04,34,Female,sg_1776177591849_ac6hd9,clumpy,1,,psychology,high-psychology,What brain mechanisms help people make scientific discoveries?,back_navigation,2026-04-14T15:04:42.674Z,Human_brain,,Timeline_of_scientific_discoveries,,,,,,,,,,,,
15,Wikipedia_Exp_14.04,Wikipedia_Exp_13.04,34,Female,sg_1776177591849_ac6hd9,clumpy,1,,psychology,high-psychology,What brain mechanisms help people make scientific discoveries?,article_open,2026-04-14T15:04:43.370Z,Human_brain,Human brain,,25482,back,,,,,,,,,,
15,Wikipedia_Exp_14.04,Wikipedia_Exp_13.04,34,Female,sg_1776177591849_ac6hd9,clumpy,1,,psychology,high-psychology,What brain mechanisms help people make scientific discoveries?,article_open,2026-04-14T15:04:45.907Z,The_Logic_of_Scientific_Discovery,The Logic of Scientific Discovery,,1167,search,,,,,,,,,,
15,Wikipedia_Exp_14.04,Wikipedia_Exp_13.04,34,Female,sg_1776177591849_ac6hd9,clumpy,1,,psychology,high-psychology,What brain mechanisms help people make scientific discoveries?,article_open,2026-04-14T15:05:05.800Z,Scientific_method,Scientific method,,25994,search,,,,,,,,,,
15,Wikipedia_Exp_14.04,Wikipedia_Exp_13.04,34,Female,sg_1776177591849_ac6hd9,clumpy,1,,psychology,high-psychology,What brain mechanisms help people make scientific discoveries?,answer_snapshot,2026-04-14T15:05:17.165Z,,,,,,,"The frontal lobe in the brain is responsible for actions such as planning, reasoning and abstract thought. These executive functions also include the ability to reason and problem solve, due to its propensity to plan, prospect and use intelligence. This would also involve explaining and justifying a scientific discovery. Therefore I would assume that the frontal and prefrontal cortex help people to make scientific discoveries, as all of these areas of the brain and decision making would be activated. Scientific methods ",525,,,,,,,debounce
15,Wikipedia_Exp_14.04,Wikipedia_Exp_13.04,34,Female,sg_1776177591849_ac6hd9,clumpy,1,,psychology,high-psychology,What brain mechanisms help people make scientific discoveries?,answer_snapshot,2026-04-14T15:05:32.745Z,,,,,,,"The frontal lobe in the brain is responsible for actions such as planning, reasoning and abstract thought. These executive functions also include the ability to reason and problem solve, due to its propensity to plan, prospect and use intelligence. This would also involve explaining and justifying a scientific discovery. Therefore I would assume that the frontal and prefrontal cortex help people to make scientific discoveries, as all of these areas of the brain and decision making would be activated. Scientific methods involve careful observation, rigorous skepticism an",576,,,,,,,debounce
15,Wikipedia_Exp_14.04,Wikipedia_Exp_13.04,34,Female,sg_1776177591849_ac6hd9,clumpy,1,,psychology,high-psychology,What brain mechanisms help people make scientific discoveries?,answer_snapshot,2026-04-14T15:05:35.538Z,,,,,,,"The frontal lobe in the brain is responsible for actions such as planning, reasoning and abstract thought. These executive functions also include the ability to reason and problem solve, due to its propensity to plan, prospect and use intelligence. This would also involve explaining and justifying a scientific discovery. Therefore I would assume that the frontal and prefrontal cortex help people to make scientific discoveries, as all of these areas of the brain and decision making would be activated. Scientific methods involve careful observation, rigorous skepticism ",574,,,,,,,debounce
15,Wikipedia_Exp_14.04,Wikipedia_Exp_13.04,34,Female,sg_1776177591849_ac6hd9,clumpy,1,,psychology,high-psychology,What brain mechanisms help people make scientific discoveries?,answer_snapshot,2026-04-14T15:06:05.106Z,,,,,,,"The frontal lobe in the brain is responsible for actions such as planning, reasoning and abstract thought. These executive functions also include the ability to reason and problem solve, due to its propensity to plan, prospect and use intelligence. This would also involve explaining and justifying a scientific discovery. Therefore I would assume that the frontal and prefrontal cortex help people to make scientific discoveries, as all of these areas of the brain and decision making would be activated. Scientific methods involve careful observation, rigorous scepticism and hypothesis testing, all of which are made possible by the workings of the frontal lobe and prefrontal cortex.",687,,,,,,,debounce
15,Wikipedia_Exp_14.04,Wikipedia_Exp_13.04,34,Female,sg_1776177591849_ac6hd9,clumpy,1,,psychology,high-psychology,What brain mechanisms help people make scientific discoveries?,answer_snapshot,2026-04-14T15:06:18.793Z,,,,,,,"The frontal lobe in the brain is responsible for actions such as planning, reasoning and abstract thought. These executive functions also include the ability to reason and problem solve, due to its propensity to plan, prospect and use intelligence. This would also involve explaining and justifying a scientific discovery. Therefore I would assume that the frontal and prefrontal cortex help people to make scientific discoveries, as all of these areas of the brain and decision making would be activated. Scientific methods involve careful observation, rigorous scepticism and hypothesis testing, all of which are made possible by the workings of the frontal lobe and prefrontal cortex.",687,,,,,,,submit
15,Wikipedia_Exp_14.04,Wikipedia_Exp_13.04,34,Female,sg_1776177591849_ac6hd9,clumpy,1,,psychology,high-psychology,What brain mechanisms help people make scientific discoveries?,task_end,2026-04-14T15:06:18.793Z,,,,,,,,,"The frontal lobe in the brain is responsible for actions such as planning, reasoning and abstract thought. These executive functions also include the ability to reason and problem solve, due to its propensity to plan, prospect and use intelligence. This would also involve explaining and justifying a scientific discovery. Therefore I would assume that the frontal and prefrontal cortex help people to make scientific discoveries, as all of these areas of the brain and decision making would be activated. Scientific methods involve careful observation, rigorous scepticism and hypothesis testing, all of which are made possible by the workings of the frontal lobe and prefrontal cortex.",687,,,,,
15,Wikipedia_Exp_14.04,Wikipedia_Exp_13.04,34,Female,sg_1776177591849_ac6hd9,clumpy,2,,art_history,high-art-history,How do ancient works of art play a role in contemporary society?,familiarity_rating,2026-04-14T15:06:35.696Z,,,,,,,,,,,,,3,5,
15,Wikipedia_Exp_14.04,Wikipedia_Exp_13.04,34,Female,sg_1776177591849_ac6hd9,clumpy,2,,art_history,high-art-history,How do ancient works of art play a role in contemporary society?,task_start,2026-04-14T15:06:35.912Z,,,,,,,,,,,,,,,
15,Wikipedia_Exp_14.04,Wikipedia_Exp_13.04,34,Female,sg_1776177591849_ac6hd9,clumpy,2,,art_history,high-art-history,How do ancient works of art play a role in contemporary society?,search,2026-04-14T15:06:40.222Z,,,,,,infu,,,,,,,,,
15,Wikipedia_Exp_14.04,Wikipedia_Exp_13.04,34,Female,sg_1776177591849_ac6hd9,clumpy,2,,art_history,high-art-history,How do ancient works of art play a role in contemporary society?,search,2026-04-14T15:06:41.043Z,,,,,,in,,,,,,,,,
15,Wikipedia_Exp_14.04,Wikipedia_Exp_13.04,34,Female,sg_1776177591849_ac6hd9,clumpy,2,,art_history,high-art-history,How do ancient works of art play a role in contemporary society?,search,2026-04-14T15:06:45.139Z,,,,,,ancient works of art,,,,,,,,,
15,Wikipedia_Exp_14.04,Wikipedia_Exp_13.04,34,Female,sg_1776177591849_ac6hd9,clumpy,2,,art_history,high-art-history,How do ancient works of art play a role in contemporary society?,article_open,2026-04-14T15:06:47.144Z,Ancient_art,Ancient art,,9179,search,,,,,,,,,,
15,Wikipedia_Exp_14.04,Wikipedia_Exp_13.04,34,Female,sg_1776177591849_ac6hd9,clumpy,2,,art_history,high-art-history,How do ancient works of art play a role in contemporary society?,answer_snapshot,2026-04-14T15:07:21.242Z,,,,,,,Ancient art is able to tell us ,31,,,,,,,debounce
15,Wikipedia_Exp_14.04,Wikipedia_Exp_13.04,34,Female,sg_1776177591849_ac6hd9,clumpy,2,,art_history,high-art-history,How do ancient works of art play a role in contemporary society?,answer_snapshot,2026-04-14T15:08:06.045Z,,,,,,,Ancient art is able to tell us convey to a modern society the,61,,,,,,,debounce
15,Wikipedia_Exp_14.04,Wikipedia_Exp_13.04,34,Female,sg_1776177591849_ac6hd9,clumpy,2,,art_history,high-art-history,How do ancient works of art play a role in contemporary society?,answer_snapshot,2026-04-14T15:08:10.236Z,,,,,,,Ancient art is able to convey to a modern society the,53,,,,,,,debounce
15,Wikipedia_Exp_14.04,Wikipedia_Exp_13.04,34,Female,sg_1776177591849_ac6hd9,clumpy,2,,art_history,high-art-history,How do ancient works of art play a role in contemporary society?,answer_snapshot,2026-04-14T15:08:43.421Z,,,,,,,"Ancient art is able to convey to a modern society ideas of the past. Ancient art can tell us about history, art practices, craftsmanship and ",141,,,,,,,debounce
15,Wikipedia_Exp_14.04,Wikipedia_Exp_13.04,34,Female,sg_1776177591849_ac6hd9,clumpy,2,,art_history,high-art-history,How do ancient works of art play a role in contemporary society?,answer_snapshot,2026-04-14T15:08:56.274Z,,,,,,,"Ancient art is able to convey to a modern society ideas of the past. Ancient art can tell us about history, art practices, ideals, craftsmanship and society in previous ",169,,,,,,,debounce
15,Wikipedia_Exp_14.04,Wikipedia_Exp_13.04,34,Female,sg_1776177591849_ac6hd9,clumpy,2,,art_history,high-art-history,How do ancient works of art play a role in contemporary society?,answer_snapshot,2026-04-14T15:09:15.410Z,,,,,,,"Ancient art is able to convey to a modern society ideas of the past. Ancient art can tell us about history, art practices, ideals, craftsmanship and society in previous eras in different areas of the world. ",207,,,,,,,debounce
15,Wikipedia_Exp_14.04,Wikipedia_Exp_13.04,34,Female,sg_1776177591849_ac6hd9,clumpy,2,,art_history,high-art-history,How do ancient works of art play a role in contemporary society?,answer_snapshot,2026-04-14T15:09:53.104Z,,,,,,,"Ancient art is able to convey to a modern society ideas of the past. Ancient art can tell us about history, art practices, ideals, craftsmanship and society in previous eras in different areas of the world. Modern society also allows us as the observer to view and appreciate such art forms in museums and galleries",315,,,,,,,debounce
15,Wikipedia_Exp_14.04,Wikipedia_Exp_13.04,34,Female,sg_1776177591849_ac6hd9,clumpy,2,,art_history,high-art-history,How do ancient works of art play a role in contemporary society?,answer_snapshot,2026-04-14T15:10:09.215Z,,,,,,,"Ancient art is able to convey to a modern society ideas of the past. Ancient art can tell us about history, art practices, ideals, craftsmanship and society in previous eras in different areas of the world. Modern society also allows us as the observer to view and appreciate such art forms in museums and galleries. Through this we can wonder how such ",353,,,,,,,debounce
15,Wikipedia_Exp_14.04,Wikipedia_Exp_13.04,34,Female,sg_1776177591849_ac6hd9,clumpy,2,,art_history,high-art-history,How do ancient works of art play a role in contemporary society?,answer_snapshot,2026-04-14T15:10:14.670Z,,,,,,,"Ancient art is able to convey to a modern society ideas of the past. Ancient art can tell us about history, art practices, ideals, craftsmanship and society in previous eras in different areas of the world. Modern society also allows us as the observer to view and appreciate such art forms in museums and galleries. Through this we can wonder how such skills and",363,,,,,,,debounce
15,Wikipedia_Exp_14.04,Wikipedia_Exp_13.04,34,Female,sg_1776177591849_ac6hd9,clumpy,2,,art_history,high-art-history,How do ancient works of art play a role in contemporary society?,answer_snapshot,2026-04-14T15:10:32.496Z,,,,,,,"Ancient art is able to convey to a modern society ideas of the past. Ancient art can tell us about history, art practices, ideals, craftsmanship and society in previous eras in different areas of the world. Modern society also allows us as the observer to view and appreciate such art forms in museums and galleries. Through this we can wonder how such skills and ",364,,,,,,,debounce
15,Wikipedia_Exp_14.04,Wikipedia_Exp_13.04,34,Female,sg_1776177591849_ac6hd9,clumpy,2,,art_history,high-art-history,How do ancient works of art play a role in contemporary society?,answer_snapshot,2026-04-14T15:10:56.691Z,,,,,,,"Ancient art is able to convey to a modern society ideas of the past. Ancient art can tell us about history, art practices, ideals, craftsmanship and society in previous eras in different areas of the world. Modern society also allows us as the observer to view and appreciate such art forms in museums and galleries. Through this we can wonder how such skills and crafts were possible ",385,,,,,,,debounce
15,Wikipedia_Exp_14.04,Wikipedia_Exp_13.04,34,Female,sg_1776177591849_ac6hd9,clumpy,2,,art_history,high-art-history,How do ancient works of art play a role in contemporary society?,answer_snapshot,2026-04-14T15:10:59.199Z,,,,,,,"Ancient art is able to convey to a modern society ideas of the past. Ancient art can tell us about history, art practices, ideals, craftsmanship and society in previous eras in different areas of the world. Modern society also allows us as the observer to view and appreciate such art forms in museums and galleries. Through this we can wonder how such skills and crafts were possible so ",388,,,,,,,debounce
15,Wikipedia_Exp_14.04,Wikipedia_Exp_13.04,34,Female,sg_1776177591849_ac6hd9,clumpy,2,,art_history,high-art-history,How do ancient works of art play a role in contemporary society?,answer_snapshot,2026-04-14T15:12:00.537Z,,,,,,,"Ancient art is able to convey to a modern society ideas of the past. Ancient art can tell us about history, art practices, ideals, craftsmanship and society in previous eras in different areas of the world. Modern society also allows us as the observer to view and appreciate such art forms in museums and galleries. Through this we can wonder how such skills and crafts were possible so far back in history with the tools that they had available at the time. Ancient art can inform research and hypotheses about our timeline and history, providing education for children and adults alike. Ancient art is used in schools and universities to educate humans on our roots and",672,,,,,,,debounce
15,Wikipedia_Exp_14.04,Wikipedia_Exp_13.04,34,Female,sg_1776177591849_ac6hd9,clumpy,2,,art_history,high-art-history,How do ancient works of art play a role in contemporary society?,answer_snapshot,2026-04-14T15:12:13.281Z,,,,,,,"Ancient art is able to convey to a modern society ideas of the past. Ancient art can tell us about history, art practices, ideals, craftsmanship and society in previous eras in different areas of the world. Modern society also allows us as the observer to view and appreciate such art forms in museums and galleries. Through this we can wonder how such skills and crafts were possible so far back in history with the tools that they had available at the time. Ancient art can inform research and hypotheses about our timeline and history, providing education for children and adults alike. Ancient art is used in schools and universities to educate humans on our roots and differences between the past and today's society. It can teach ",736,,,,,,,debounce
15,Wikipedia_Exp_14.04,Wikipedia_Exp_13.04,34,Female,sg_1776177591849_ac6hd9,clumpy,2,,art_history,high-art-history,How do ancient works of art play a role in contemporary society?,answer_snapshot,2026-04-14T15:12:21.150Z,,,,,,,"Ancient art is able to convey to a modern society ideas of the past. Ancient art can tell us about history, art practices, ideals, craftsmanship and society in previous eras in different areas of the world. Modern society also allows us as the observer to view and appreciate such art forms in museums and galleries. Through this we can wonder how such skills and crafts were possible so far back in history with the tools that they had available at the time. Ancient art can inform research and hypotheses about our timeline and history, providing education for children and adults alike. Ancient art is used in schools and universities to educate humans on our roots and differences between the past and today's society. It can teach children the value of comparison and",772,,,,,,,debounce
15,Wikipedia_Exp_14.04,Wikipedia_Exp_13.04,34,Female,sg_1776177591849_ac6hd9,clumpy,2,,art_history,high-art-history,How do ancient works of art play a role in contemporary society?,answer_snapshot,2026-04-14T15:12:27.386Z,,,,,,,"Ancient art is able to convey to a modern society ideas of the past. Ancient art can tell us about history, art practices, ideals, craftsmanship and society in previous eras in different areas of the world. Modern society also allows us as the observer to view and appreciate such art forms in museums and galleries. Through this we can wonder how such skills and crafts were possible so far back in history with the tools that they had available at the time. Ancient art can inform research and hypotheses about our timeline and history, providing education for children and adults alike. Ancient art is used in schools and universities to educate humans on our roots and differences between the past and today's society. It can teach children the value of comparison and evaluation. ",785,,,,,,,debounce
15,Wikipedia_Exp_14.04,Wikipedia_Exp_13.04,34,Female,sg_1776177591849_ac6hd9,clumpy,2,,art_history,high-art-history,How do ancient works of art play a role in contemporary society?,answer_snapshot,2026-04-14T15:12:35.777Z,,,,,,,"Ancient art is able to convey to a modern society ideas of the past. Ancient art can tell us about history, art practices, ideals, craftsmanship and society in previous eras in different areas of the world. Modern society also allows us as the observer to view and appreciate such art forms in museums and galleries. Through this we can wonder how such skills and crafts were possible so far back in history with the tools that they had available at the time. Ancient art can inform research and hypotheses about our timeline and history, providing education for children and adults alike. Ancient art is used in schools and universities to educate humans on our roots and differences between the past and today's society. It can help teach children the value of comparison and evaluation. ",790,,,,,,,debounce
15,Wikipedia_Exp_14.04,Wikipedia_Exp_13.04,34,Female,sg_1776177591849_ac6hd9,clumpy,2,,art_history,high-art-history,How do ancient works of art play a role in contemporary society?,answer_snapshot,2026-04-14T15:12:56.938Z,,,,,,,"Ancient art is able to convey to a modern society ideas of the past. Ancient art can tell us about history, art practices, ideals, craftsmanship and society in previous eras in different areas of the world. Modern society also allows us as the observer to view and appreciate such art forms in museums and galleries. Through this we can wonder how such skills and crafts were possible so far back in history with the tools that they had available at the time. Ancient art can inform research and hypotheses about our timeline and history, providing education for children and adults alike. Ancient art is used in schools and universities to educate humans on our roots and differences between the past and today's society. It can help teach children the value of comparison and evaluation. Ancient art also influences modern artwork , and viewers are able to ",859,,,,,,,debounce
15,Wikipedia_Exp_14.04,Wikipedia_Exp_13.04,34,Female,sg_1776177591849_ac6hd9,clumpy,2,,art_history,high-art-history,How do ancient works of art play a role in contemporary society?,answer_snapshot,2026-04-14T15:13:10.831Z,,,,,,,"Ancient art is able to convey to a modern society ideas of the past. Ancient art can tell us about history, art practices, ideals, craftsmanship and society in previous eras in different areas of the world. Modern society also allows us as the observer to view and appreciate such art forms in museums and galleries. Through this we can wonder how such skills and crafts were possible so far back in history with the tools that they had available at the time. Ancient art can inform research and hypotheses about our timeline and history, providing education for children and adults alike. Ancient art is used in schools and universities to educate humans on our roots and differences between the past and today's society. It can help teach children the value of comparison and evaluation. Ancient art also influences modern artwork , and viewers are able to pinpoint inspiration of ",883,,,,,,,debounce
15,Wikipedia_Exp_14.04,Wikipedia_Exp_13.04,34,Female,sg_1776177591849_ac6hd9,clumpy,2,,art_history,high-art-history,How do ancient works of art play a role in contemporary society?,answer_snapshot,2026-04-14T15:13:35.922Z,,,,,,,"Ancient art is able to convey to a modern society ideas of the past. Ancient art can tell us about history, art practices, ideals, craftsmanship and society in previous eras in different areas of the world. Modern society also allows us as the observer to view and appreciate such art forms in museums and galleries. Through this we can wonder how such skills and crafts were possible so far back in history with the tools that they had available at the time. Ancient art can inform research and hypotheses about our timeline and history, providing education for children and adults alike. Ancient art is used in schools and universities to educate humans on our roots and differences between the past and today's society. It can help teach children the value of comparison and evaluation. Ancient art also influences modern artwork, with many artists citing ancient artwork as inspirato",887,,,,,,,debounce
15,Wikipedia_Exp_14.04,Wikipedia_Exp_13.04,34,Female,sg_1776177591849_ac6hd9,clumpy,2,,art_history,high-art-history,How do ancient works of art play a role in contemporary society?,answer_snapshot,2026-04-14T15:13:42.033Z,,,,,,,"Ancient art is able to convey to a modern society ideas of the past. Ancient art can tell us about history, art practices, ideals, craftsmanship and society in previous eras in different areas of the world. Modern society also allows us as the observer to view and appreciate such art forms in museums and galleries. Through this we can wonder how such skills and crafts were possible so far back in history with the tools that they had available at the time. Ancient art can inform research and hypotheses about our timeline and history, providing education for children and adults alike. Ancient art is used in schools and universities to educate humans on our roots and differences between the past and today's society. It can help teach children the value of comparison and evaluation. Ancient art also influences modern artwork, with many artists citing ancient artwork as inspiration. ",891,,,,,,,debounce
15,Wikipedia_Exp_14.04,Wikipedia_Exp_13.04,34,Female,sg_1776177591849_ac6hd9,clumpy,2,,art_history,high-art-history,How do ancient works of art play a role in contemporary society?,answer_snapshot_cursor_leave,2026-04-14T15:13:44.702Z,,,,,,,"Ancient art is able to convey to a modern society ideas of the past. Ancient art can tell us about history, art practices, ideals, craftsmanship and society in previous eras in different areas of the world. Modern society also allows us as the observer to view and appreciate such art forms in museums and galleries. Through this we can wonder how such skills and crafts were possible so far back in history with the tools that they had available at the time. Ancient art can inform research and hypotheses about our timeline and history, providing education for children and adults alike. Ancient art is used in schools and universities to educate humans on our roots and differences between the past and today's society. It can help teach children the value of comparison and evaluation. Ancient art also influences modern artwork, with many artists citing ancient artwork as inspiration. ",891,,,,,,,cursor_leave
15,Wikipedia_Exp_14.04,Wikipedia_Exp_13.04,34,Female,sg_1776177591849_ac6hd9,clumpy,2,,art_history,high-art-history,How do ancient works of art play a role in contemporary society?,search,2026-04-14T15:13:46.929Z,,,,,,an,,,,,,,,,
15,Wikipedia_Exp_14.04,Wikipedia_Exp_13.04,34,Female,sg_1776177591849_ac6hd9,clumpy,2,,art_history,high-art-history,How do ancient works of art play a role in contemporary society?,search,2026-04-14T15:13:47.947Z,,,,,,ancient art ,,,,,,,,,
15,Wikipedia_Exp_14.04,Wikipedia_Exp_13.04,34,Female,sg_1776177591849_ac6hd9,clumpy,2,,art_history,high-art-history,How do ancient works of art play a role in contemporary society?,search,2026-04-14T15:13:49.281Z,,,,,,ancient art modern,,,,,,,,,
15,Wikipedia_Exp_14.04,Wikipedia_Exp_13.04,34,Female,sg_1776177591849_ac6hd9,clumpy,2,,art_history,high-art-history,How do ancient works of art play a role in contemporary society?,search,2026-04-14T15:13:50.717Z,,,,,,ancient art modern society,,,,,,,,,
15,Wikipedia_Exp_14.04,Wikipedia_Exp_13.04,34,Female,sg_1776177591849_ac6hd9,clumpy,2,,art_history,high-art-history,How do ancient works of art play a role in contemporary society?,search,2026-04-14T15:13:51.126Z,,,,,,ancient art modern societ,,,,,,,,,
15,Wikipedia_Exp_14.04,Wikipedia_Exp_13.04,34,Female,sg_1776177591849_ac6hd9,clumpy,2,,art_history,high-art-history,How do ancient works of art play a role in contemporary society?,search,2026-04-14T15:13:52.150Z,,,,,,ancient art modern,,,,,,,,,
15,Wikipedia_Exp_14.04,Wikipedia_Exp_13.04,34,Female,sg_1776177591849_ac6hd9,clumpy,2,,art_history,high-art-history,How do ancient works of art play a role in contemporary society?,search,2026-04-14T15:13:53.666Z,,,,,,ancient art,,,,,,,,,
15,Wikipedia_Exp_14.04,Wikipedia_Exp_13.04,34,Female,sg_1776177591849_ac6hd9,clumpy,2,,art_history,high-art-history,How do ancient works of art play a role in contemporary society?,search,2026-04-14T15:13:55.431Z,,,,,,ancient art contemporary,,,,,,,,,
15,Wikipedia_Exp_14.04,Wikipedia_Exp_13.04,34,Female,sg_1776177591849_ac6hd9,clumpy,2,,art_history,high-art-history,How do ancient works of art play a role in contemporary society?,search,2026-04-14T15:13:55.836Z,,,,,,ancient art contemporary,,,,,,,,,
15,Wikipedia_Exp_14.04,Wikipedia_Exp_13.04,34,Female,sg_1776177591849_ac6hd9,clumpy,2,,art_history,high-art-history,How do ancient works of art play a role in contemporary society?,article_open,2026-04-14T15:14:00.857Z,Contemporary_art,Contemporary art,,4804,search,,,,,,,,,,
15,Wikipedia_Exp_14.04,Wikipedia_Exp_13.04,34,Female,sg_1776177591849_ac6hd9,clumpy,2,,art_history,high-art-history,How do ancient works of art play a role in contemporary society?,article_open,2026-04-14T15:14:40.542Z,Ancient_art,Ancient art,,9179,search,,,,,,,,,,
15,Wikipedia_Exp_14.04,Wikipedia_Exp_13.04,34,Female,sg_1776177591849_ac6hd9,clumpy,2,,art_history,high-art-history,How do ancient works of art play a role in contemporary society?,link_click,2026-04-14T15:14:58.633Z,History_of_art,,Ancient_art,,,,,,,,,,,,
15,Wikipedia_Exp_14.04,Wikipedia_Exp_13.04,34,Female,sg_1776177591849_ac6hd9,clumpy,2,,art_history,high-art-history,How do ancient works of art play a role in contemporary society?,article_open,2026-04-14T15:14:59.443Z,History_of_art,History of art,,32283,link_click,,,,,,,,,,
15,Wikipedia_Exp_14.04,Wikipedia_Exp_13.04,34,Female,sg_1776177591849_ac6hd9,clumpy,2,,art_history,high-art-history,How do ancient works of art play a role in contemporary society?,link_click,2026-04-14T15:15:03.031Z,Ancient_art,,History_of_art,,,,,,,,,,,,
15,Wikipedia_Exp_14.04,Wikipedia_Exp_13.04,34,Female,sg_1776177591849_ac6hd9,clumpy,2,,art_history,high-art-history,How do ancient works of art play a role in contemporary society?,article_open,2026-04-14T15:15:03.435Z,Ancient_art,Ancient art,,9179,link_click,,,,,,,,,,
15,Wikipedia_Exp_14.04,Wikipedia_Exp_13.04,34,Female,sg_1776177591849_ac6hd9,clumpy,2,,art_history,high-art-history,How do ancient works of art play a role in contemporary society?,link_click,2026-04-14T15:15:16.418Z,Digital_art,,Ancient_art,,,,,,,,,,,,
15,Wikipedia_Exp_14.04,Wikipedia_Exp_13.04,34,Female,sg_1776177591849_ac6hd9,clumpy,2,,art_history,high-art-history,How do ancient works of art play a role in contemporary society?,article_open,2026-04-14T15:15:17.866Z,Digital_art,Digital art,,5171,link_click,,,,,,,,,,
15,Wikipedia_Exp_14.04,Wikipedia_Exp_13.04,34,Female,sg_1776177591849_ac6hd9,clumpy,2,,art_history,high-art-history,How do ancient works of art play a role in contemporary society?,back_navigation,2026-04-14T15:15:23.782Z,Ancient_art,,Digital_art,,,,,,,,,,,,
15,Wikipedia_Exp_14.04,Wikipedia_Exp_13.04,34,Female,sg_1776177591849_ac6hd9,clumpy,2,,art_history,high-art-history,How do ancient works of art play a role in contemporary society?,article_open,2026-04-14T15:15:24.073Z,Ancient_art,Ancient art,,9179,back,,,,,,,,,,
15,Wikipedia_Exp_14.04,Wikipedia_Exp_13.04,34,Female,sg_1776177591849_ac6hd9,clumpy,2,,art_history,high-art-history,How do ancient works of art play a role in contemporary society?,link_click,2026-04-14T15:15:28.899Z,Medieval_art,,Ancient_art,,,,,,,,,,,,
15,Wikipedia_Exp_14.04,Wikipedia_Exp_13.04,34,Female,sg_1776177591849_ac6hd9,clumpy,2,,art_history,high-art-history,How do ancient works of art play a role in contemporary society?,article_open,2026-04-14T15:15:30.381Z,Medieval_art,Medieval art,,12851,link_click,,,,,,,,,,
15,Wikipedia_Exp_14.04,Wikipedia_Exp_13.04,34,Female,sg_1776177591849_ac6hd9,clumpy,2,,art_history,high-art-history,How do ancient works of art play a role in contemporary society?,link_click,2026-04-14T15:15:34.743Z,Ancient_art,,Medieval_art,,,,,,,,,,,,
15,Wikipedia_Exp_14.04,Wikipedia_Exp_13.04,34,Female,sg_1776177591849_ac6hd9,clumpy,2,,art_history,high-art-history,How do ancient works of art play a role in contemporary society?,article_open,2026-04-14T15:15:35.016Z,Ancient_art,Ancient art,,9179,link_click,,,,,,,,,,
15,Wikipedia_Exp_14.04,Wikipedia_Exp_13.04,34,Female,sg_1776177591849_ac6hd9,clumpy,2,,art_history,high-art-history,How do ancient works of art play a role in contemporary society?,link_click,2026-04-14T15:15:43.511Z,Periods_in_Western_art_history,,Ancient_art,,,,,,,,,,,,
15,Wikipedia_Exp_14.04,Wikipedia_Exp_13.04,34,Female,sg_1776177591849_ac6hd9,clumpy,2,,art_history,high-art-history,How do ancient works of art play a role in contemporary society?,article_open,2026-04-14T15:15:43.818Z,Periods_in_Western_art_history,Periods in Western art history,,2983,link_click,,,,,,,,,,
15,Wikipedia_Exp_14.04,Wikipedia_Exp_13.04,34,Female,sg_1776177591849_ac6hd9,clumpy,2,,art_history,high-art-history,How do ancient works of art play a role in contemporary society?,link_click,2026-04-14T15:15:45.953Z,Ancient_art,,Periods_in_Western_art_history,,,,,,,,,,,,
15,Wikipedia_Exp_14.04,Wikipedia_Exp_13.04,34,Female,sg_1776177591849_ac6hd9,clumpy,2,,art_history,high-art-history,How do ancient works of art play a role in contemporary society?,article_open,2026-04-14T15:15:46.116Z,Ancient_art,Ancient art,,9179,link_click,,,,,,,,,,
15,Wikipedia_Exp_14.04,Wikipedia_Exp_13.04,34,Female,sg_1776177591849_ac6hd9,clumpy,2,,art_history,high-art-history,How do ancient works of art play a role in contemporary society?,answer_snapshot,2026-04-14T15:16:28.643Z,,,,,,,"Ancient art is able to convey to a modern society ideas of the past. Ancient art can tell us about history, art practices, ideals, religion and craftsmanship and society in previous eras in different areas of the world. Modern society also allows us as the observer to view and appreciate such art forms in museums and galleries. Through this we can wonder how such skills and crafts were possible so far back in history with the tools that they had available at the time. Ancient art can inform research and hypotheses about our timeline and history, providing education for children and adults alike. Ancient art is used in schools and universities to educate humans on our roots and differences between the past and today's society. It can help teach children the value of comparison and evaluation. Ancient art also influences modern artwork, with many artists citing ancient artwork as inspiration. ",904,,,,,,,debounce
15,Wikipedia_Exp_14.04,Wikipedia_Exp_13.04,34,Female,sg_1776177591849_ac6hd9,clumpy,2,,art_history,high-art-history,How do ancient works of art play a role in contemporary society?,answer_snapshot,2026-04-14T15:16:37.672Z,,,,,,,"Ancient art is able to convey to a modern society ideas of the past. Ancient art can tell us about history, art practices, ideals, religion and craftsmanship and society in previous eras in different areas of the world. Modern society also allows us as the observer to view and appreciate such art forms in museums and galleries. Through this we can wonder how such skills and crafts were possible so far back in history with the tools that they had available at the time. Ancient art can inform research and hypotheses about our timeline and history, providing education for children and adults alike. Ancient art is used in schools and universities to educate humans on our roots and differences between the past and today's society. It can help teach children the value of comparison and evaluation. Ancient art also influences modern artwork, with many artists citing ancient artwork as inspiration. ",904,,,,,,,submit
15,Wikipedia_Exp_14.04,Wikipedia_Exp_13.04,34,Female,sg_1776177591849_ac6hd9,clumpy,2,,art_history,high-art-history,How do ancient works of art play a role in contemporary society?,task_end,2026-04-14T15:16:37.672Z,,,,,,,,,"Ancient art is able to convey to a modern society ideas of the past. Ancient art can tell us about history, art practices, ideals, religion and craftsmanship and society in previous eras in different areas of the world. Modern society also allows us as the observer to view and appreciate such art forms in museums and galleries. Through this we can wonder how such skills and crafts were possible so far back in history with the tools that they had available at the time. Ancient art can inform research and hypotheses about our timeline and history, providing education for children and adults alike. Ancient art is used in schools and universities to educate humans on our roots and differences between the past and today's society. It can help teach children the value of comparison and evaluation. Ancient art also influences modern artwork, with many artists citing ancient artwork as inspiration. ",904,,,,,
16,Wikipedia_Exp_14.04,Wikipedia_Exp_13.04,39,Male,sg_1776177739396_smrji8,clumpy,0,1,practice,practice-capybaras,What do Capybaras eat?,attention_check_pass,2026-04-14T14:42:59.996Z,,,,,,,,,,,,,,,attempt_1
16,Wikipedia_Exp_14.04,Wikipedia_Exp_13.04,39,Male,sg_1776177739396_smrji8,clumpy,0,1,practice,practice-capybaras,What do Capybaras eat?,familiarity_rating,2026-04-14T14:43:06.249Z,,,,,,,,,,,,,2,5,
16,Wikipedia_Exp_14.04,Wikipedia_Exp_13.04,39,Male,sg_1776177739396_smrji8,clumpy,0,1,practice,practice-capybaras,What do Capybaras eat?,task_start,2026-04-14T14:43:06.416Z,,,,,,,,,,,,,,,
16,Wikipedia_Exp_14.04,Wikipedia_Exp_13.04,39,Male,sg_1776177739396_smrji8,clumpy,0,1,practice,practice-capybaras,What do Capybaras eat?,article_open,2026-04-14T14:43:06.974Z,Capybara,Capybara,,4650,,,,,,,,,,,
16,Wikipedia_Exp_14.04,Wikipedia_Exp_13.04,39,Male,sg_1776177739396_smrji8,clumpy,0,1,practice,practice-capybaras,What do Capybaras eat?,link_click,2026-04-14T14:43:21.004Z,Herbivore,,Capybara,,,,,,,,,,,,
16,Wikipedia_Exp_14.04,Wikipedia_Exp_13.04,39,Male,sg_1776177739396_smrji8,clumpy,0,1,practice,practice-capybaras,What do Capybaras eat?,article_open,2026-04-14T14:43:21.693Z,Herbivore,Herbivore,,8051,link_click,,,,,,,,,,
16,Wikipedia_Exp_14.04,Wikipedia_Exp_13.04,39,Male,sg_1776177739396_smrji8,clumpy,0,1,practice,practice-capybaras,What do Capybaras eat?,back_navigation,2026-04-14T14:43:27.453Z,Capybara,,Herbivore,,,,,,,,,,,,
16,Wikipedia_Exp_14.04,Wikipedia_Exp_13.04,39,Male,sg_1776177739396_smrji8,clumpy,0,1,practice,practice-capybaras,What do Capybaras eat?,article_open,2026-04-14T14:43:28.010Z,Capybara,Capybara,,4650,back,,,,,,,,,,
16,Wikipedia_Exp_14.04,Wikipedia_Exp_13.04,39,Male,sg_1776177739396_smrji8,clumpy,0,1,practice,practice-capybaras,What do Capybaras eat?,answer_snapshot,2026-04-14T14:43:46.329Z,,,,,,,"Capybaras are herbivores, which means they only eat plant matter. ",66,,,,,,,debounce
16,Wikipedia_Exp_14.04,Wikipedia_Exp_13.04,39,Male,sg_1776177739396_smrji8,clumpy,0,1,practice,practice-capybaras,What do Capybaras eat?,answer_snapshot,2026-04-14T14:44:52.657Z,,,,,,,"Capybaras are herbivores, which means they only eat plant matter. One of the main compe",87,,,,,,,debounce
16,Wikipedia_Exp_14.04,Wikipedia_Exp_13.04,39,Male,sg_1776177739396_smrji8,clumpy,0,1,practice,practice-capybaras,What do Capybaras eat?,answer_snapshot,2026-04-14T14:44:59.601Z,,,,,,,"Capybaras are herbivores, which means they only eat plant matter. One of the main components of their diet is grass",115,,,,,,,debounce
16,Wikipedia_Exp_14.04,Wikipedia_Exp_13.04,39,Male,sg_1776177739396_smrji8,clumpy,0,1,practice,practice-capybaras,What do Capybaras eat?,answer_snapshot,2026-04-14T14:45:02.563Z,,,,,,,"Capybaras are herbivores, which means they only eat plant matter. One of the main components of their diet is grass. ",117,,,,,,,debounce
16,Wikipedia_Exp_14.04,Wikipedia_Exp_13.04,39,Male,sg_1776177739396_smrji8,clumpy,0,1,practice,practice-capybaras,What do Capybaras eat?,answer_snapshot,2026-04-14T14:45:36.763Z,,,,,,,"Capybaras are herbivores, which means they only eat plant matter. One of the main components of their diet is grass. They also eat fruit, tree bark, and aquatic plants. ",169,,,,,,,debounce
16,Wikipedia_Exp_14.04,Wikipedia_Exp_13.04,39,Male,sg_1776177739396_smrji8,clumpy,0,1,practice,practice-capybaras,What do Capybaras eat?,answer_snapshot_cursor_leave,2026-04-14T14:45:37.381Z,,,,,,,"Capybaras are herbivores, which means they only eat plant matter. One of the main components of their diet is grass. They also eat fruit, tree bark, and aquatic plants. ",169,,,,,,,cursor_leave
16,Wikipedia_Exp_14.04,Wikipedia_Exp_13.04,39,Male,sg_1776177739396_smrji8,clumpy,0,1,practice,practice-capybaras,What do Capybaras eat?,answer_snapshot,2026-04-14T14:45:37.454Z,,,,,,,"Capybaras are herbivores, which means they only eat plant matter. One of the main components of their diet is grass. They also eat fruit, tree bark, and aquatic plants. ",169,,,,,,,submit
16,Wikipedia_Exp_14.04,Wikipedia_Exp_13.04,39,Male,sg_1776177739396_smrji8,clumpy,0,1,practice,practice-capybaras,What do Capybaras eat?,task_end,2026-04-14T14:45:37.455Z,,,,,,,,,"Capybaras are herbivores, which means they only eat plant matter. One of the main components of their diet is grass. They also eat fruit, tree bark, and aquatic plants. ",169,,,,,
16,Wikipedia_Exp_14.04,Wikipedia_Exp_13.04,39,Male,sg_1776177739396_smrji8,clumpy,1,,art_history,high-art-history,How do ancient works of art play a role in contemporary society?,familiarity_rating,2026-04-14T14:45:47.192Z,,,,,,,,,,,,,2,1,
16,Wikipedia_Exp_14.04,Wikipedia_Exp_13.04,39,Male,sg_1776177739396_smrji8,clumpy,1,,art_history,high-art-history,How do ancient works of art play a role in contemporary society?,task_start,2026-04-14T14:45:47.834Z,,,,,,,,,,,,,,,
16,Wikipedia_Exp_14.04,Wikipedia_Exp_13.04,39,Male,sg_1776177739396_smrji8,clumpy,1,,art_history,high-art-history,How do ancient works of art play a role in contemporary society?,search,2026-04-14T14:45:59.298Z,,,,,,art,,,,,,,,,
16,Wikipedia_Exp_14.04,Wikipedia_Exp_13.04,39,Male,sg_1776177739396_smrji8,clumpy,1,,art_history,high-art-history,How do ancient works of art play a role in contemporary society?,search,2026-04-14T14:45:59.747Z,,,,,,arts ,,,,,,,,,
16,Wikipedia_Exp_14.04,Wikipedia_Exp_13.04,39,Male,sg_1776177739396_smrji8,clumpy,1,,art_history,high-art-history,How do ancient works of art play a role in contemporary society?,search,2026-04-14T14:46:01.983Z,,,,,,arts role in soci,,,,,,,,,
16,Wikipedia_Exp_14.04,Wikipedia_Exp_13.04,39,Male,sg_1776177739396_smrji8,clumpy,1,,art_history,high-art-history,How do ancient works of art play a role in contemporary society?,search,2026-04-14T14:46:03.211Z,,,,,,arts role in socie,,,,,,,,,
16,Wikipedia_Exp_14.04,Wikipedia_Exp_13.04,39,Male,sg_1776177739396_smrji8,clumpy,1,,art_history,high-art-history,How do ancient works of art play a role in contemporary society?,search,2026-04-14T14:46:03.400Z,,,,,,arts role in societ,,,,,,,,,
16,Wikipedia_Exp_14.04,Wikipedia_Exp_13.04,39,Male,sg_1776177739396_smrji8,clumpy,1,,art_history,high-art-history,How do ancient works of art play a role in contemporary society?,search,2026-04-14T14:46:05.024Z,,,,,,arts role in society,,,,,,,,,
16,Wikipedia_Exp_14.04,Wikipedia_Exp_13.04,39,Male,sg_1776177739396_smrji8,clumpy,1,,art_history,high-art-history,How do ancient works of art play a role in contemporary society?,search,2026-04-14T14:46:13.341Z,,,,,,role of art is ,,,,,,,,,
16,Wikipedia_Exp_14.04,Wikipedia_Exp_13.04,39,Male,sg_1776177739396_smrji8,clumpy,1,,art_history,high-art-history,How do ancient works of art play a role in contemporary society?,search,2026-04-14T14:46:13.997Z,,,,,,role of art i,,,,,,,,,
16,Wikipedia_Exp_14.04,Wikipedia_Exp_13.04,39,Male,sg_1776177739396_smrji8,clumpy,1,,art_history,high-art-history,How do ancient works of art play a role in contemporary society?,search,2026-04-14T14:46:14.802Z,,,,,,role of art in societ,,,,,,,,,
16,Wikipedia_Exp_14.04,Wikipedia_Exp_13.04,39,Male,sg_1776177739396_smrji8,clumpy,1,,art_history,high-art-history,How do ancient works of art play a role in contemporary society?,search,2026-04-14T14:46:15.497Z,,,,,,role of art in society,,,,,,,,,
16,Wikipedia_Exp_14.04,Wikipedia_Exp_13.04,39,Male,sg_1776177739396_smrji8,clumpy,1,,art_history,high-art-history,How do ancient works of art play a role in contemporary society?,article_open,2026-04-14T14:46:22.164Z,Art_and_Revolution,Art and Revolution,,2291,search,,,,,,,,,,
16,Wikipedia_Exp_14.04,Wikipedia_Exp_13.04,39,Male,sg_1776177739396_smrji8,clumpy,1,,art_history,high-art-history,How do ancient works of art play a role in contemporary society?,search,2026-04-14T14:46:33.736Z,,,,,,an,,,,,,,,,
16,Wikipedia_Exp_14.04,Wikipedia_Exp_13.04,39,Male,sg_1776177739396_smrji8,clumpy,1,,art_history,high-art-history,How do ancient works of art play a role in contemporary society?,search,2026-04-14T14:46:35.376Z,,,,,,ancient art,,,,,,,,,
16,Wikipedia_Exp_14.04,Wikipedia_Exp_13.04,39,Male,sg_1776177739396_smrji8,clumpy,1,,art_history,high-art-history,How do ancient works of art play a role in contemporary society?,search,2026-04-14T14:46:38.520Z,,,,,,ancient art,,,,,,,,,
16,Wikipedia_Exp_14.04,Wikipedia_Exp_13.04,39,Male,sg_1776177739396_smrji8,clumpy,1,,art_history,high-art-history,How do ancient works of art play a role in contemporary society?,article_open,2026-04-14T14:46:41.012Z,Ancient_art,Ancient art,,9179,search,,,,,,,,,,
16,Wikipedia_Exp_14.04,Wikipedia_Exp_13.04,39,Male,sg_1776177739396_smrji8,clumpy,1,,art_history,high-art-history,How do ancient works of art play a role in contemporary society?,link_click,2026-04-14T14:47:02.919Z,Renaissance_art,,Ancient_art,,,,,,,,,,,,
16,Wikipedia_Exp_14.04,Wikipedia_Exp_13.04,39,Male,sg_1776177739396_smrji8,clumpy,1,,art_history,high-art-history,How do ancient works of art play a role in contemporary society?,article_open,2026-04-14T14:47:03.995Z,Renaissance_art,Renaissance art,,6483,link_click,,,,,,,,,,
16,Wikipedia_Exp_14.04,Wikipedia_Exp_13.04,39,Male,sg_1776177739396_smrji8,clumpy,1,,art_history,high-art-history,How do ancient works of art play a role in contemporary society?,back_navigation,2026-04-14T14:47:05.069Z,Ancient_art,,Renaissance_art,,,,,,,,,,,,
16,Wikipedia_Exp_14.04,Wikipedia_Exp_13.04,39,Male,sg_1776177739396_smrji8,clumpy,1,,art_history,high-art-history,How do ancient works of art play a role in contemporary society?,article_open,2026-04-14T14:47:05.463Z,Ancient_art,Ancient art,,9179,back,,,,,,,,,,
16,Wikipedia_Exp_14.04,Wikipedia_Exp_13.04,39,Male,sg_1776177739396_smrji8,clumpy,1,,art_history,high-art-history,How do ancient works of art play a role in contemporary society?,answer_snapshot,2026-04-14T14:47:46.200Z,,,,,,,Anciet,6,,,,,,,debounce
16,Wikipedia_Exp_14.04,Wikipedia_Exp_13.04,39,Male,sg_1776177739396_smrji8,clumpy,1,,art_history,high-art-history,How do ancient works of art play a role in contemporary society?,answer_snapshot,2026-04-14T14:47:53.632Z,,,,,,,Ancient art,11,,,,,,,debounce
16,Wikipedia_Exp_14.04,Wikipedia_Exp_13.04,39,Male,sg_1776177739396_smrji8,clumpy,1,,art_history,high-art-history,How do ancient works of art play a role in contemporary society?,answer_snapshot,2026-04-14T14:48:06.764Z,,,,,,,Ancient art works are commonly found in museums,47,,,,,,,debounce
16,Wikipedia_Exp_14.04,Wikipedia_Exp_13.04,39,Male,sg_1776177739396_smrji8,clumpy,1,,art_history,high-art-history,How do ancient works of art play a role in contemporary society?,answer_snapshot,2026-04-14T14:48:18.357Z,,,,,,,Ancient artworks are commonly found in museums,46,,,,,,,debounce
16,Wikipedia_Exp_14.04,Wikipedia_Exp_13.04,39,Male,sg_1776177739396_smrji8,clumpy,1,,art_history,high-art-history,How do ancient works of art play a role in contemporary society?,answer_snapshot,2026-04-14T14:48:25.130Z,,,,,,,Ancient artworks are commonly found in museums and help educate the ,68,,,,,,,debounce
16,Wikipedia_Exp_14.04,Wikipedia_Exp_13.04,39,Male,sg_1776177739396_smrji8,clumpy,1,,art_history,high-art-history,How do ancient works of art play a role in contemporary society?,answer_snapshot,2026-04-14T14:48:54.897Z,,,,,,,"Ancient artworks are commonly found in museums and help educate people on ancient socieities and ways of life. Our understanding of how cultural practices, relgions, and ",170,,,,,,,debounce
16,Wikipedia_Exp_14.04,Wikipedia_Exp_13.04,39,Male,sg_1776177739396_smrji8,clumpy,1,,art_history,high-art-history,How do ancient works of art play a role in contemporary society?,answer_snapshot,2026-04-14T14:49:01.857Z,,,,,,,"Ancient artworks are commonly found in museums and help educate people on ancient societies and ways of life. Our understanding of how cultural practices, relgions, and ",169,,,,,,,debounce
16,Wikipedia_Exp_14.04,Wikipedia_Exp_13.04,39,Male,sg_1776177739396_smrji8,clumpy,1,,art_history,high-art-history,How do ancient works of art play a role in contemporary society?,answer_snapshot,2026-04-14T14:49:04.511Z,,,,,,,"Ancient artworks are commonly found in museums and help educate people on ancient societies and ways of life. Our understanding of how cultural practices, religions, and ",170,,,,,,,debounce
16,Wikipedia_Exp_14.04,Wikipedia_Exp_13.04,39,Male,sg_1776177739396_smrji8,clumpy,1,,art_history,high-art-history,How do ancient works of art play a role in contemporary society?,answer_snapshot,2026-04-14T14:49:16.830Z,,,,,,,"Ancient artworks are commonly found in museums and help educate people on ancient societies and ways of life. Our understanding of how cultural practices, religions, and governments emerged stem from ancient art. ",213,,,,,,,debounce
16,Wikipedia_Exp_14.04,Wikipedia_Exp_13.04,39,Male,sg_1776177739396_smrji8,clumpy,1,,art_history,high-art-history,How do ancient works of art play a role in contemporary society?,answer_snapshot,2026-04-14T14:49:21.909Z,,,,,,,"Ancient artworks are commonly found in museums and help educate people on ancient societies and ways of life. Our understanding of how cultural practices, religions, and governments emerged stems from ancient art. ",214,,,,,,,debounce
16,Wikipedia_Exp_14.04,Wikipedia_Exp_13.04,39,Male,sg_1776177739396_smrji8,clumpy,1,,art_history,high-art-history,How do ancient works of art play a role in contemporary society?,answer_snapshot,2026-04-14T14:49:49.134Z,,,,,,,"Ancient artworks are commonly found in museums and help educate people on ancient societies and ways of life. Our understanding of how cultural practices, religions, and governments emerged stems from ancient art. In many ways, art plays the same role in contemporary society as it did in ",289,,,,,,,debounce
16,Wikipedia_Exp_14.04,Wikipedia_Exp_13.04,39,Male,sg_1776177739396_smrji8,clumpy,1,,art_history,high-art-history,How do ancient works of art play a role in contemporary society?,answer_snapshot,2026-04-14T14:50:20.379Z,,,,,,,"Ancient artworks are commonly found in museums and help educate people on ancient societies and ways of life. Our understanding of how cultural practices, religions, and governments emerged stems from ancient art. In many ways, art plays the same role in contemporary society as it did in ancient society. It provides a representation of the way people live, but also the ways people think and the values that are important. ",425,,,,,,,debounce
16,Wikipedia_Exp_14.04,Wikipedia_Exp_13.04,39,Male,sg_1776177739396_smrji8,clumpy,1,,art_history,high-art-history,How do ancient works of art play a role in contemporary society?,paste,2026-04-14T14:50:32.924Z,,,,,,,,,,,"how people live, as well as how they think and what values ",59,,,
16,Wikipedia_Exp_14.04,Wikipedia_Exp_13.04,39,Male,sg_1776177739396_smrji8,clumpy,1,,art_history,high-art-history,How do ancient works of art play a role in contemporary society?,answer_snapshot,2026-04-14T14:50:34.956Z,,,,,,,"Ancient artworks are commonly found in museums and help educate people on ancient societies and ways of life. Our understanding of how cultural practices, religions, and governments emerged stems from ancient art. In many ways, art plays the same role in contemporary society as it did in ancient society. It provides a representation of how people live, as well as how they think and what values are important. ",412,,,,,,,debounce
16,Wikipedia_Exp_14.04,Wikipedia_Exp_13.04,39,Male,sg_1776177739396_smrji8,clumpy,1,,art_history,high-art-history,How do ancient works of art play a role in contemporary society?,answer_snapshot_cursor_leave,2026-04-14T14:50:41.716Z,,,,,,,"Ancient artworks are commonly found in museums and help educate people on ancient societies and ways of life. Our understanding of how cultural practices, religions, and governments emerged stems from ancient art. In many ways, art plays the same role in contemporary society as it did in ancient society. It provides a representation of how people live, as well as how they think and what values are important. ",412,,,,,,,cursor_leave
16,Wikipedia_Exp_14.04,Wikipedia_Exp_13.04,39,Male,sg_1776177739396_smrji8,clumpy,1,,art_history,high-art-history,How do ancient works of art play a role in contemporary society?,answer_snapshot_cursor_leave,2026-04-14T14:52:27.015Z,,,,,,,"Ancient artworks are commonly found in museums and help educate people on ancient societies and ways of life. Our understanding of how cultural practices, religions, and governments emerged stems from ancient art. In many ways, art plays the same role in contemporary society as it did in ancient society. It provides a representation of how people live, as well as how they think and what values are important. ",412,,,,,,,cursor_leave
16,Wikipedia_Exp_14.04,Wikipedia_Exp_13.04,39,Male,sg_1776177739396_smrji8,clumpy,1,,art_history,high-art-history,How do ancient works of art play a role in contemporary society?,search,2026-04-14T14:52:30.902Z,,,,,,ub,,,,,,,,,
16,Wikipedia_Exp_14.04,Wikipedia_Exp_13.04,39,Male,sg_1776177739396_smrji8,clumpy,1,,art_history,high-art-history,How do ancient works of art play a role in contemporary society?,search,2026-04-14T14:52:31.436Z,,,,,,u,,,,,,,,,
16,Wikipedia_Exp_14.04,Wikipedia_Exp_13.04,39,Male,sg_1776177739396_smrji8,clumpy,1,,art_history,high-art-history,How do ancient works of art play a role in contemporary society?,search,2026-04-14T14:52:32.423Z,,,,,,in,,,,,,,,,
16,Wikipedia_Exp_14.04,Wikipedia_Exp_13.04,39,Male,sg_1776177739396_smrji8,clumpy,1,,art_history,high-art-history,How do ancient works of art play a role in contemporary society?,search,2026-04-14T14:52:32.673Z,,,,,,inl,,,,,,,,,
16,Wikipedia_Exp_14.04,Wikipedia_Exp_13.04,39,Male,sg_1776177739396_smrji8,clumpy,1,,art_history,high-art-history,How do ancient works of art play a role in contemporary society?,search,2026-04-14T14:52:35.394Z,,,,,,influence of art,,,,,,,,,
16,Wikipedia_Exp_14.04,Wikipedia_Exp_13.04,39,Male,sg_1776177739396_smrji8,clumpy,1,,art_history,high-art-history,How do ancient works of art play a role in contemporary society?,article_open,2026-04-14T14:52:38.676Z,Street_art_influence_in_politics,Street art influence in politics,,786,search,,,,,,,,,,
16,Wikipedia_Exp_14.04,Wikipedia_Exp_13.04,39,Male,sg_1776177739396_smrji8,clumpy,1,,art_history,high-art-history,How do ancient works of art play a role in contemporary society?,answer_snapshot,2026-04-14T14:53:01.013Z,,,,,,,"Ancient artworks are commonly found in museums and help educate people on ancient societies and ways of life. Our understanding of how cultural practices, religions, and governments emerged stems from ancient art. In many ways, art plays the same role in contemporary society as it did in ancient society. It provides a representation of how people live, as well as how they think and what values are important. For example, ",425,,,,,,,debounce
16,Wikipedia_Exp_14.04,Wikipedia_Exp_13.04,39,Male,sg_1776177739396_smrji8,clumpy,1,,art_history,high-art-history,How do ancient works of art play a role in contemporary society?,paste,2026-04-14T14:53:01.128Z,,,,,,,,,,,"Street art's political roots can be traced back to the ancient Roman Empire, where graffiti was used to express dissatisfaction with the ruling elite. In modern times, the evolution of street art has been closely intertwined with the political climate.",252,,,
16,Wikipedia_Exp_14.04,Wikipedia_Exp_13.04,39,Male,sg_1776177739396_smrji8,clumpy,1,,art_history,high-art-history,How do ancient works of art play a role in contemporary society?,answer_snapshot,2026-04-14T14:53:03.164Z,,,,,,,"Ancient artworks are commonly found in museums and help educate people on ancient societies and ways of life. Our understanding of how cultural practices, religions, and governments emerged stems from ancient art. In many ways, art plays the same role in contemporary society as it did in ancient society. It provides a representation of how people live, as well as how they think and what values are important. For example, Street art's political roots can be traced back to the ancient Roman Empire, where graffiti was used to express dissatisfaction with the ruling elite. In modern times, the evolution of street art has been closely intertwined with the political climate.",677,,,,,,,debounce
16,Wikipedia_Exp_14.04,Wikipedia_Exp_13.04,39,Male,sg_1776177739396_smrji8,clumpy,1,,art_history,high-art-history,How do ancient works of art play a role in contemporary society?,answer_snapshot,2026-04-14T14:53:07.667Z,,,,,,,"Ancient artworks are commonly found in museums and help educate people on ancient societies and ways of life. Our understanding of how cultural practices, religions, and governments emerged stems from ancient art. In many ways, art plays the same role in contemporary society as it did in ancient society. It provides a representation of how people live, as well as how they think and what values are important. For example, street art's political roots can be traced back to the ancient Roman Empire, where graffiti was used to express dissatisfaction with the ruling elite. In modern times, the evolution of street art has been closely intertwined with the political climate.",677,,,,,,,debounce
16,Wikipedia_Exp_14.04,Wikipedia_Exp_13.04,39,Male,sg_1776177739396_smrji8,clumpy,1,,art_history,high-art-history,How do ancient works of art play a role in contemporary society?,answer_snapshot_cursor_leave,2026-04-14T14:53:14.054Z,,,,,,,"Ancient artworks are commonly found in museums and help educate people on ancient societies and ways of life. Our understanding of how cultural practices, religions, and governments emerged stems from ancient art. In many ways, art plays the same role in contemporary society as it did in ancient society. It provides a representation of how people live, as well as how they think and what values are important. For example, street art's political roots can be traced back to the ancient Roman Empire, where graffiti was used to express dissatisfaction with the ruling elite. In modern times, the evolution of street art has been closely intertwined with the political climate.",677,,,,,,,cursor_leave
16,Wikipedia_Exp_14.04,Wikipedia_Exp_13.04,39,Male,sg_1776177739396_smrji8,clumpy,1,,art_history,high-art-history,How do ancient works of art play a role in contemporary society?,link_click,2026-04-14T14:53:14.124Z,Protest_art,,Street_art_influence_in_politics,,,,,,,,,,,,
16,Wikipedia_Exp_14.04,Wikipedia_Exp_13.04,39,Male,sg_1776177739396_smrji8,clumpy,1,,art_history,high-art-history,How do ancient works of art play a role in contemporary society?,article_open,2026-04-14T14:53:15.160Z,Protest_art,Protest art,,3131,link_click,,,,,,,,,,
16,Wikipedia_Exp_14.04,Wikipedia_Exp_13.04,39,Male,sg_1776177739396_smrji8,clumpy,1,,art_history,high-art-history,How do ancient works of art play a role in contemporary society?,search,2026-04-14T14:53:21.079Z,,,,,,history of scup,,,,,,,,,
16,Wikipedia_Exp_14.04,Wikipedia_Exp_13.04,39,Male,sg_1776177739396_smrji8,clumpy,1,,art_history,high-art-history,How do ancient works of art play a role in contemporary society?,search,2026-04-14T14:53:21.900Z,,,,,,history of sculp,,,,,,,,,
16,Wikipedia_Exp_14.04,Wikipedia_Exp_13.04,39,Male,sg_1776177739396_smrji8,clumpy,1,,art_history,high-art-history,How do ancient works of art play a role in contemporary society?,search,2026-04-14T14:53:22.692Z,,,,,,history of sculpture,,,,,,,,,
16,Wikipedia_Exp_14.04,Wikipedia_Exp_13.04,39,Male,sg_1776177739396_smrji8,clumpy,1,,art_history,high-art-history,How do ancient works of art play a role in contemporary society?,article_open,2026-04-14T14:53:33.054Z,Sculpture,Sculpture,,22475,search,,,,,,,,,,
16,Wikipedia_Exp_14.04,Wikipedia_Exp_13.04,39,Male,sg_1776177739396_smrji8,clumpy,1,,art_history,high-art-history,How do ancient works of art play a role in contemporary society?,link_click,2026-04-14T14:53:52.758Z,Litlington_White_Horse,,Sculpture,,,,,,,,,,,,
16,Wikipedia_Exp_14.04,Wikipedia_Exp_13.04,39,Male,sg_1776177739396_smrji8,clumpy,1,,art_history,high-art-history,How do ancient works of art play a role in contemporary society?,article_open,2026-04-14T14:53:53.857Z,Litlington_White_Horse,Litlington White Horse,,5905,link_click,,,,,,,,,,
16,Wikipedia_Exp_14.04,Wikipedia_Exp_13.04,39,Male,sg_1776177739396_smrji8,clumpy,1,,art_history,high-art-history,How do ancient works of art play a role in contemporary society?,back_navigation,2026-04-14T14:55:06.511Z,Sculpture,,Litlington_White_Horse,,,,,,,,,,,,
16,Wikipedia_Exp_14.04,Wikipedia_Exp_13.04,39,Male,sg_1776177739396_smrji8,clumpy,1,,art_history,high-art-history,How do ancient works of art play a role in contemporary society?,article_open,2026-04-14T14:55:06.820Z,Sculpture,Sculpture,,22475,back,,,,,,,,,,
16,Wikipedia_Exp_14.04,Wikipedia_Exp_13.04,39,Male,sg_1776177739396_smrji8,clumpy,1,,art_history,high-art-history,How do ancient works of art play a role in contemporary society?,link_click,2026-04-14T14:55:13.188Z,The_Angel_of_the_North,,Sculpture,,,,,,,,,,,,
16,Wikipedia_Exp_14.04,Wikipedia_Exp_13.04,39,Male,sg_1776177739396_smrji8,clumpy,1,,art_history,high-art-history,How do ancient works of art play a role in contemporary society?,article_open,2026-04-14T14:55:14.371Z,The_Angel_of_the_North,Angel of the North,,5609,link_click,,,,,,,,,,
16,Wikipedia_Exp_14.04,Wikipedia_Exp_13.04,39,Male,sg_1776177739396_smrji8,clumpy,1,,art_history,high-art-history,How do ancient works of art play a role in contemporary society?,answer_snapshot,2026-04-14T14:55:59.837Z,,,,,,,"Ancient artworks are commonly found in museums and help educate people on ancient societies and ways of life. Our understanding of how cultural practices, religions, and governments emerged stems from ancient art. In many ways, art plays the same role in contemporary society as it did in ancient society. It provides a representation of how people live, as well as how they think and what values are important. For example, street art's political roots can be traced back to the ancient Roman Empire, where graffiti was used to express dissatisfaction with the ruling elite. In modern times, the evolution of street art has been closely intertwined with the political climate.",677,,,,,,,submit
16,Wikipedia_Exp_14.04,Wikipedia_Exp_13.04,39,Male,sg_1776177739396_smrji8,clumpy,1,,art_history,high-art-history,How do ancient works of art play a role in contemporary society?,task_end,2026-04-14T14:55:59.837Z,,,,,,,,,"Ancient artworks are commonly found in museums and help educate people on ancient societies and ways of life. Our understanding of how cultural practices, religions, and governments emerged stems from ancient art. In many ways, art plays the same role in contemporary society as it did in ancient society. It provides a representation of how people live, as well as how they think and what values are important. For example, street art's political roots can be traced back to the ancient Roman Empire, where graffiti was used to express dissatisfaction with the ruling elite. In modern times, the evolution of street art has been closely intertwined with the political climate.",677,,,,,
16,Wikipedia_Exp_14.04,Wikipedia_Exp_13.04,39,Male,sg_1776177739396_smrji8,clumpy,2,,psychology,high-psychology,What brain mechanisms help people make scientific discoveries?,familiarity_rating,2026-04-14T14:56:15.050Z,,,,,,,,,,,,,1,1,
16,Wikipedia_Exp_14.04,Wikipedia_Exp_13.04,39,Male,sg_1776177739396_smrji8,clumpy,2,,psychology,high-psychology,What brain mechanisms help people make scientific discoveries?,task_start,2026-04-14T14:56:15.200Z,,,,,,,,,,,,,,,
16,Wikipedia_Exp_14.04,Wikipedia_Exp_13.04,39,Male,sg_1776177739396_smrji8,clumpy,2,,psychology,high-psychology,What brain mechanisms help people make scientific discoveries?,search,2026-04-14T14:56:24.044Z,,,,,,scientific dist,,,,,,,,,
16,Wikipedia_Exp_14.04,Wikipedia_Exp_13.04,39,Male,sg_1776177739396_smrji8,clumpy,2,,psychology,high-psychology,What brain mechanisms help people make scientific discoveries?,search,2026-04-14T14:56:25.391Z,,,,,,scientific discovery,,,,,,,,,
16,Wikipedia_Exp_14.04,Wikipedia_Exp_13.04,39,Male,sg_1776177739396_smrji8,clumpy,2,,psychology,high-psychology,What brain mechanisms help people make scientific discoveries?,article_open,2026-04-14T14:56:30.235Z,Discovery_(observation),Discovery (observation),,1723,search,,,,,,,,,,
16,Wikipedia_Exp_14.04,Wikipedia_Exp_13.04,39,Male,sg_1776177739396_smrji8,clumpy,2,,psychology,high-psychology,What brain mechanisms help people make scientific discoveries?,article_open,2026-04-14T14:56:53.759Z,The_Logic_of_Scientific_Discovery,The Logic of Scientific Discovery,,1167,search,,,,,,,,,,
16,Wikipedia_Exp_14.04,Wikipedia_Exp_13.04,39,Male,sg_1776177739396_smrji8,clumpy,2,,psychology,high-psychology,What brain mechanisms help people make scientific discoveries?,search,2026-04-14T14:57:02.319Z,,,,,,scientific discovery,,,,,,,,,
16,Wikipedia_Exp_14.04,Wikipedia_Exp_13.04,39,Male,sg_1776177739396_smrji8,clumpy,2,,psychology,high-psychology,What brain mechanisms help people make scientific discoveries?,search,2026-04-14T14:57:02.861Z,,,,,,scientific discovery,,,,,,,,,
16,Wikipedia_Exp_14.04,Wikipedia_Exp_13.04,39,Male,sg_1776177739396_smrji8,clumpy,2,,psychology,high-psychology,What brain mechanisms help people make scientific discoveries?,search,2026-04-14T14:57:19.954Z,,,,,,b,,,,,,,,,
16,Wikipedia_Exp_14.04,Wikipedia_Exp_13.04,39,Male,sg_1776177739396_smrji8,clumpy,2,,psychology,high-psychology,What brain mechanisms help people make scientific discoveries?,search,2026-04-14T14:57:22.476Z,,,,,,scientific ,,,,,,,,,
16,Wikipedia_Exp_14.04,Wikipedia_Exp_13.04,39,Male,sg_1776177739396_smrji8,clumpy,2,,psychology,high-psychology,What brain mechanisms help people make scientific discoveries?,search,2026-04-14T14:57:24.249Z,,,,,,scientific discover ,,,,,,,,,
16,Wikipedia_Exp_14.04,Wikipedia_Exp_13.04,39,Male,sg_1776177739396_smrji8,clumpy,2,,psychology,high-psychology,What brain mechanisms help people make scientific discoveries?,search,2026-04-14T14:57:25.355Z,,,,,,scientific discover,,,,,,,,,
16,Wikipedia_Exp_14.04,Wikipedia_Exp_13.04,39,Male,sg_1776177739396_smrji8,clumpy,2,,psychology,high-psychology,What brain mechanisms help people make scientific discoveries?,search,2026-04-14T14:57:25.864Z,,,,,,scientific discovery ,,,,,,,,,
16,Wikipedia_Exp_14.04,Wikipedia_Exp_13.04,39,Male,sg_1776177739396_smrji8,clumpy,2,,psychology,high-psychology,What brain mechanisms help people make scientific discoveries?,search,2026-04-14T14:57:26.764Z,,,,,,scientific discovery and ,,,,,,,,,
16,Wikipedia_Exp_14.04,Wikipedia_Exp_13.04,39,Male,sg_1776177739396_smrji8,clumpy,2,,psychology,high-psychology,What brain mechanisms help people make scientific discoveries?,search,2026-04-14T14:57:28.064Z,,,,,,scientific discovery and the bran,,,,,,,,,
16,Wikipedia_Exp_14.04,Wikipedia_Exp_13.04,39,Male,sg_1776177739396_smrji8,clumpy,2,,psychology,high-psychology,What brain mechanisms help people make scientific discoveries?,search,2026-04-14T14:57:28.907Z,,,,,,scientific discovery and the bra,,,,,,,,,
16,Wikipedia_Exp_14.04,Wikipedia_Exp_13.04,39,Male,sg_1776177739396_smrji8,clumpy,2,,psychology,high-psychology,What brain mechanisms help people make scientific discoveries?,search,2026-04-14T14:57:29.555Z,,,,,,scientific discovery and the brain,,,,,,,,,
16,Wikipedia_Exp_14.04,Wikipedia_Exp_13.04,39,Male,sg_1776177739396_smrji8,clumpy,2,,psychology,high-psychology,What brain mechanisms help people make scientific discoveries?,search,2026-04-14T14:57:30.069Z,,,,,,scientific discovery and the brain,,,,,,,,,
16,Wikipedia_Exp_14.04,Wikipedia_Exp_13.04,39,Male,sg_1776177739396_smrji8,clumpy,2,,psychology,high-psychology,What brain mechanisms help people make scientific discoveries?,article_open,2026-04-14T14:57:37.244Z,Role_of_chance_in_scientific_discoveries,Role of chance in scientific discoveries,,2029,search,,,,,,,,,,
16,Wikipedia_Exp_14.04,Wikipedia_Exp_13.04,39,Male,sg_1776177739396_smrji8,clumpy,2,,psychology,high-psychology,What brain mechanisms help people make scientific discoveries?,answer_snapshot,2026-04-14T14:58:48.042Z,,,,,,,"unexpected findings provoke more attention, and the brain applies more linguistic, conscious systems to help explain those findings. ",133,,,,,,,debounce
16,Wikipedia_Exp_14.04,Wikipedia_Exp_13.04,39,Male,sg_1776177739396_smrji8,clumpy,2,,psychology,high-psychology,What brain mechanisms help people make scientific discoveries?,answer_snapshot,2026-04-14T14:58:53.066Z,,,,,,,"Unexpected findings provoke more attention, and the brain applies more linguistic, conscious systems to help explain those findings. ",133,,,,,,,debounce
16,Wikipedia_Exp_14.04,Wikipedia_Exp_13.04,39,Male,sg_1776177739396_smrji8,clumpy,2,,psychology,high-psychology,What brain mechanisms help people make scientific discoveries?,answer_snapshot,2026-04-14T14:58:56.032Z,,,,,,,"
Unexpected findings provoke more attention, and the brain applies more linguistic, conscious systems to help explain those findings. ",134,,,,,,,debounce
16,Wikipedia_Exp_14.04,Wikipedia_Exp_13.04,39,Male,sg_1776177739396_smrji8,clumpy,2,,psychology,high-psychology,What brain mechanisms help people make scientific discoveries?,answer_snapshot,2026-04-14T14:59:10.256Z,,,,,,,"To make discoveries, scientists must be attentive 
Unexpected findings provoke more attention, and the brain applies more linguistic, conscious systems to help explain those findings. ",184,,,,,,,debounce
16,Wikipedia_Exp_14.04,Wikipedia_Exp_13.04,39,Male,sg_1776177739396_smrji8,clumpy,2,,psychology,high-psychology,What brain mechanisms help people make scientific discoveries?,answer_snapshot,2026-04-14T14:59:15.555Z,,,,,,,"To make discoveries, scientists must be attentive.
Unexpected findings provoke more attention, and the brain applies more linguistic, conscious systems to help explain those findings. ",184,,,,,,,debounce
16,Wikipedia_Exp_14.04,Wikipedia_Exp_13.04,39,Male,sg_1776177739396_smrji8,clumpy,2,,psychology,high-psychology,What brain mechanisms help people make scientific discoveries?,answer_snapshot,2026-04-14T14:59:23.239Z,,,,,,,"To make discoveries, scientists must be attentive.
Studies show that unexpected findings provoke more attention, and the brain applies more linguistic, conscious systems to help explain those findings. ",202,,,,,,,debounce
16,Wikipedia_Exp_14.04,Wikipedia_Exp_13.04,39,Male,sg_1776177739396_smrji8,clumpy,2,,psychology,high-psychology,What brain mechanisms help people make scientific discoveries?,answer_snapshot,2026-04-14T14:59:28.165Z,,,,,,,"To make discoveries, scientists must be attentive.Studies show that unexpected findings provoke more attention, and the brain applies more linguistic, conscious systems to help explain those findings. ",201,,,,,,,debounce
16,Wikipedia_Exp_14.04,Wikipedia_Exp_13.04,39,Male,sg_1776177739396_smrji8,clumpy,2,,psychology,high-psychology,What brain mechanisms help people make scientific discoveries?,answer_snapshot,2026-04-14T14:59:31.083Z,,,,,,,"To make discoveries, scientists must be attentive. Studies show that unexpected findings provoke more attention, and the brain applies more linguistic, conscious systems to help explain those findings. ",202,,,,,,,debounce
16,Wikipedia_Exp_14.04,Wikipedia_Exp_13.04,39,Male,sg_1776177739396_smrji8,clumpy,2,,psychology,high-psychology,What brain mechanisms help people make scientific discoveries?,answer_snapshot_cursor_leave,2026-04-14T14:59:40.751Z,,,,,,,"To make discoveries, scientists must be attentive. Studies show that unexpected findings provoke more attention, and the brain applies more linguistic, conscious systems to help explain those findings. ",202,,,,,,,cursor_leave
16,Wikipedia_Exp_14.04,Wikipedia_Exp_13.04,39,Male,sg_1776177739396_smrji8,clumpy,2,,psychology,high-psychology,What brain mechanisms help people make scientific discoveries?,link_click,2026-04-14T14:59:40.859Z,Little_Cayman_Island,,Role_of_chance_in_scientific_discoveries,,,,,,,,,,,,
16,Wikipedia_Exp_14.04,Wikipedia_Exp_13.04,39,Male,sg_1776177739396_smrji8,clumpy,2,,psychology,high-psychology,What brain mechanisms help people make scientific discoveries?,article_open,2026-04-14T14:59:42.069Z,Little_Cayman_Island,Little Cayman,,2630,link_click,,,,,,,,,,
16,Wikipedia_Exp_14.04,Wikipedia_Exp_13.04,39,Male,sg_1776177739396_smrji8,clumpy,2,,psychology,high-psychology,What brain mechanisms help people make scientific discoveries?,back_navigation,2026-04-14T14:59:52.105Z,Role_of_chance_in_scientific_discoveries,,Little_Cayman_Island,,,,,,,,,,,,
16,Wikipedia_Exp_14.04,Wikipedia_Exp_13.04,39,Male,sg_1776177739396_smrji8,clumpy,2,,psychology,high-psychology,What brain mechanisms help people make scientific discoveries?,article_open,2026-04-14T14:59:52.286Z,Role_of_chance_in_scientific_discoveries,Role of chance in scientific discoveries,,2029,back,,,,,,,,,,
16,Wikipedia_Exp_14.04,Wikipedia_Exp_13.04,39,Male,sg_1776177739396_smrji8,clumpy,2,,psychology,high-psychology,What brain mechanisms help people make scientific discoveries?,answer_snapshot,2026-04-14T15:00:44.182Z,,,,,,,"To make discoveries, scientists must be attentive. Studies show that unexpected findings provoke more attention, and the brain applies more linguistic, conscious systems to help explain those findings. Discovery can also be provoked by ",236,,,,,,,debounce
16,Wikipedia_Exp_14.04,Wikipedia_Exp_13.04,39,Male,sg_1776177739396_smrji8,clumpy,2,,psychology,high-psychology,What brain mechanisms help people make scientific discoveries?,answer_snapshot,2026-04-14T15:00:58.026Z,,,,,,,"To make discoveries, scientists must be attentive. Studies show that unexpected findings provoke more attention, and the brain applies more linguistic, conscious systems to help explain those findings. Discovery can also be provoked by a scientist finding what appear to be problems with their experiment. ",306,,,,,,,debounce
16,Wikipedia_Exp_14.04,Wikipedia_Exp_13.04,39,Male,sg_1776177739396_smrji8,clumpy,2,,psychology,high-psychology,What brain mechanisms help people make scientific discoveries?,answer_snapshot_cursor_leave,2026-04-14T15:01:02.696Z,,,,,,,"To make discoveries, scientists must be attentive. Studies show that unexpected findings provoke more attention, and the brain applies more linguistic, conscious systems to help explain those findings. Discovery can also be provoked by a scientist finding what appear to be problems with their experiment. ",306,,,,,,,cursor_leave
16,Wikipedia_Exp_14.04,Wikipedia_Exp_13.04,39,Male,sg_1776177739396_smrji8,clumpy,2,,psychology,high-psychology,What brain mechanisms help people make scientific discoveries?,answer_snapshot,2026-04-14T15:01:13.971Z,,,,,,,"To make discoveries, scientists must be attentive. Studies show that unexpected findings provoke more attention, and the brain applies more linguistic, conscious systems to help explain those findings. Discovery can also be provoked by a scientist finding what appear to be problems with their experiment. unexpected results lead a researcher to self-doubt, and to try and fix what they think is an error in their own methodology. ",431,,,,,,,debounce
16,Wikipedia_Exp_14.04,Wikipedia_Exp_13.04,39,Male,sg_1776177739396_smrji8,clumpy,2,,psychology,high-psychology,What brain mechanisms help people make scientific discoveries?,answer_snapshot,2026-04-14T15:01:20.597Z,,,,,,,"To make discoveries, scientists must be attentive. Studies show that unexpected findings provoke more attention, and the brain applies more linguistic, conscious systems to help explain those findings. Discovery can also be provoked by a scientist finding what appears to be problems with their experiment. unexpected results lead a researcher to self-doubt, and to try and fix what they think is an error in their own methodology. ",432,,,,,,,debounce
16,Wikipedia_Exp_14.04,Wikipedia_Exp_13.04,39,Male,sg_1776177739396_smrji8,clumpy,2,,psychology,high-psychology,What brain mechanisms help people make scientific discoveries?,answer_snapshot,2026-04-14T15:01:41.072Z,,,,,,,"To make discoveries, scientists must be attentive. Studies show that unexpected findings provoke more attention, and the brain applies more linguistic, conscious systems to help explain those findings. Discovery can also be provoked by a scientist finding what appears to be problems with their experiment. Unexplained or unexpected results lead a researcher to self-doubt, and to try and fix what they think is an error in their own methodology. ",447,,,,,,,debounce
16,Wikipedia_Exp_14.04,Wikipedia_Exp_13.04,39,Male,sg_1776177739396_smrji8,clumpy,2,,psychology,high-psychology,What brain mechanisms help people make scientific discoveries?,answer_snapshot,2026-04-14T15:01:53.925Z,,,,,,,"To make discoveries, scientists must be attentive. Studies show that unexpected findings provoke more attention, and the brain applies more linguistic, conscious systems to help explain those findings. Discovery can also be provoked by a scientist finding what appears to be problems with their experiment. Unexplained or unexpected results lead a researcher to self-doubt, and to try and fix what they think is an error in their own methodology. In this sense, a ",464,,,,,,,debounce
16,Wikipedia_Exp_14.04,Wikipedia_Exp_13.04,39,Male,sg_1776177739396_smrji8,clumpy,2,,psychology,high-psychology,What brain mechanisms help people make scientific discoveries?,answer_snapshot,2026-04-14T15:02:13.265Z,,,,,,,"To make discoveries, scientists must be attentive. Studies show that unexpected findings provoke more attention, and the brain applies more linguistic, conscious systems to help explain those findings. Discovery can also be provoked by a scientist finding what appears to be problems with their experiment. Unexplained or unexpected results lead a researcher to self-doubt, and to try and fix what they think is an error in their own methodology. In this sense, a sense of openmindedness can also be vital. ",507,,,,,,,debounce
16,Wikipedia_Exp_14.04,Wikipedia_Exp_13.04,39,Male,sg_1776177739396_smrji8,clumpy,2,,psychology,high-psychology,What brain mechanisms help people make scientific discoveries?,answer_snapshot,2026-04-14T15:02:19.830Z,,,,,,,"To make discoveries, scientists must be attentive. Studies show that unexpected findings provoke more attention, and the brain applies more linguistic, conscious systems to help explain those findings. Discovery can also be provoked by a scientist finding what appears to be problems with their experiment. Unexplained or unexpected results lead a researcher to self-doubt and to try and fix what they think is an error in their own methodology. In this sense, a sense of openmindedness can also be vital. ",506,,,,,,,debounce
16,Wikipedia_Exp_14.04,Wikipedia_Exp_13.04,39,Male,sg_1776177739396_smrji8,clumpy,2,,psychology,high-psychology,What brain mechanisms help people make scientific discoveries?,answer_snapshot_cursor_leave,2026-04-14T15:02:22.205Z,,,,,,,"To make discoveries, scientists must be attentive. Studies show that unexpected findings provoke more attention, and the brain applies more linguistic, conscious systems to help explain those findings. Discovery can also be provoked by a scientist finding what appears to be problems with their experiment. Unexplained or unexpected results lead a researcher to self-doubt and to try to fix what they think is an error in their own methodology. In this sense, a sense of openmindedness can also be vital. ",505,,,,,,,cursor_leave
16,Wikipedia_Exp_14.04,Wikipedia_Exp_13.04,39,Male,sg_1776177739396_smrji8,clumpy,2,,psychology,high-psychology,What brain mechanisms help people make scientific discoveries?,answer_snapshot,2026-04-14T15:02:37.915Z,,,,,,,"To make discoveries, scientists must be attentive. Studies show that unexpected findings provoke more attention, and the brain applies more linguistic, conscious systems to help explain those findings. Discovery can also be provoked by a scientist finding what appears to be problems with their experiment. Unexplained or unexpected results lead a researcher to self-doubt and to try to fix what they think is an error in their own methodology. In this sense, a sense of open mindedness can also be vital. ",506,,,,,,,debounce
16,Wikipedia_Exp_14.04,Wikipedia_Exp_13.04,39,Male,sg_1776177739396_smrji8,clumpy,2,,psychology,high-psychology,What brain mechanisms help people make scientific discoveries?,answer_snapshot,2026-04-14T15:02:44.599Z,,,,,,,"To make discoveries, scientists must be attentive. Studies show that unexpected findings provoke more attention, and the brain applies more linguistic, conscious systems to help explain those findings. Discovery can also be provoked by a scientist finding what appears to be problems with their experiment. Unexplained or unexpected results lead a researcher to self-doubt and to try to fix what they think is an error in their own methodology. In this sense, a sense of open-mindedness can also be vital. ",506,,,,,,,debounce
16,Wikipedia_Exp_14.04,Wikipedia_Exp_13.04,39,Male,sg_1776177739396_smrji8,clumpy,2,,psychology,high-psychology,What brain mechanisms help people make scientific discoveries?,answer_snapshot_cursor_leave,2026-04-14T15:02:57.101Z,,,,,,,"To make discoveries, scientists must be attentive. Studies show that unexpected findings provoke more attention, and the brain applies more linguistic, conscious systems to help explain those findings. Discovery can also be provoked by a scientist finding what appears to be problems with their experiment. Unexplained or unexpected results lead a researcher to self-doubt and to try to fix what they think is an error in their own methodology. In this sense, a sense of open-mindedness can also be vital. ",506,,,,,,,cursor_leave
16,Wikipedia_Exp_14.04,Wikipedia_Exp_13.04,39,Male,sg_1776177739396_smrji8,clumpy,2,,psychology,high-psychology,What brain mechanisms help people make scientific discoveries?,article_open,2026-04-14T15:03:01.609Z,Discovery_science,Discovery science,,2869,search,,,,,,,,,,
16,Wikipedia_Exp_14.04,Wikipedia_Exp_13.04,39,Male,sg_1776177739396_smrji8,clumpy,2,,psychology,high-psychology,What brain mechanisms help people make scientific discoveries?,answer_snapshot,2026-04-14T15:03:22.420Z,,,,,,,"To make discoveries, scientists must be attentive. Studies show that unexpected findings provoke more attention, and the brain applies more linguistic, conscious systems to help explain those findings. Discovery can also be provoked by a scientist finding what appears to be problems with their experiment. Unexplained or unexpected results lead a researcher to self-doubt and to try to fix what they think is an error in their own methodology. In this sense, a sense of open-mindedness can also be vital. The ability to recognize patterns can also be important. ",563,,,,,,,debounce
16,Wikipedia_Exp_14.04,Wikipedia_Exp_13.04,39,Male,sg_1776177739396_smrji8,clumpy,2,,psychology,high-psychology,What brain mechanisms help people make scientific discoveries?,answer_snapshot_cursor_leave,2026-04-14T15:03:53.850Z,,,,,,,"To make discoveries, scientists must be attentive. Studies show that unexpected findings provoke more attention, and the brain applies more linguistic, conscious systems to help explain those findings. Discovery can also be provoked by a scientist finding what appears to be problems with their experiment. Unexplained or unexpected results lead a researcher to self-doubt and to try to fix what they think is an error in their own methodology. In this sense, a sense of open-mindedness can also be vital. The ability to recognize patterns can also be important. ",563,,,,,,,cursor_leave
16,Wikipedia_Exp_14.04,Wikipedia_Exp_13.04,39,Male,sg_1776177739396_smrji8,clumpy,2,,psychology,high-psychology,What brain mechanisms help people make scientific discoveries?,answer_snapshot,2026-04-14T15:04:49.597Z,,,,,,,"To make discoveries, scientists must be attentive. Studies show that unexpected findings provoke more attention, and the brain applies more linguistic, conscious systems to help explain those findings. Discovery can also be provoked by a scientist finding what appears to be problems with their experiment. Unexplained or unexpected results lead a researcher to self-doubt and to try to fix what they think is an error in their own methodology. In this way, a sense of open-mindedness can also be vital. The ability to recognize patterns can also be important. ",561,,,,,,,debounce
16,Wikipedia_Exp_14.04,Wikipedia_Exp_13.04,39,Male,sg_1776177739396_smrji8,clumpy,2,,psychology,high-psychology,What brain mechanisms help people make scientific discoveries?,answer_snapshot_cursor_leave,2026-04-14T15:04:58.380Z,,,,,,,"To make discoveries, scientists must be attentive. Studies show that unexpected findings provoke more attention, and the brain applies more linguistic, conscious systems to help explain those findings. Discovery can also be provoked by a scientist finding what appears to be problems with their experiment. Unexplained or unexpected results lead a researcher to self-doubt and to try to fix what they think is an error in their own methodology. In this way, a sense of open-mindedness can also be vital. The ability to recognize patterns can also be important. ",561,,,,,,,cursor_leave
16,Wikipedia_Exp_14.04,Wikipedia_Exp_13.04,39,Male,sg_1776177739396_smrji8,clumpy,2,,psychology,high-psychology,What brain mechanisms help people make scientific discoveries?,answer_snapshot_cursor_leave,2026-04-14T15:05:53.443Z,,,,,,,"To make discoveries, scientists must be attentive. Studies show that unexpected findings provoke more attention, and the brain applies more linguistic, conscious systems to help explain those findings. Discovery can also be provoked by a scientist finding what appears to be problems with their experiment. Unexplained or unexpected results lead a researcher to self-doubt and to try to fix what they think is an error in their own methodology. In this way, a sense of open-mindedness can also be vital. The ability to recognize patterns can also be important. ",561,,,,,,,cursor_leave
16,Wikipedia_Exp_14.04,Wikipedia_Exp_13.04,39,Male,sg_1776177739396_smrji8,clumpy,2,,psychology,high-psychology,What brain mechanisms help people make scientific discoveries?,answer_snapshot,2026-04-14T15:06:16.133Z,,,,,,,"To make discoveries, scientists must be attentive. Studies show that unexpected findings provoke more attention, and the brain applies more linguistic, conscious systems to help explain those findings. Discovery can also be provoked by a scientist finding what appears to be problems with their experiment. Unexplained or unexpected results lead a researcher to self-doubt and to try to fix what they think is an error in their own methodology. In this way, a sense of open-mindedness can also be vital. The ability to recognize patterns can also be important. ",561,,,,,,,submit
16,Wikipedia_Exp_14.04,Wikipedia_Exp_13.04,39,Male,sg_1776177739396_smrji8,clumpy,2,,psychology,high-psychology,What brain mechanisms help people make scientific discoveries?,task_end,2026-04-14T15:06:16.134Z,,,,,,,,,"To make discoveries, scientists must be attentive. Studies show that unexpected findings provoke more attention, and the brain applies more linguistic, conscious systems to help explain those findings. Discovery can also be provoked by a scientist finding what appears to be problems with their experiment. Unexplained or unexpected results lead a researcher to self-doubt and to try to fix what they think is an error in their own methodology. In this way, a sense of open-mindedness can also be vital. The ability to recognize patterns can also be important. ",561,,,,,
18,Wikipedia_Exp_14.04,Wikipedia_Exp_13.04,51,Female,sg_1776177885662_dqvdmv,diffuse,0,1,practice,practice-capybaras,What do Capybaras eat?,attention_check_pass,2026-04-14T14:45:50.727Z,,,,,,,,,,,,,,,attempt_1
18,Wikipedia_Exp_14.04,Wikipedia_Exp_13.04,51,Female,sg_1776177885662_dqvdmv,diffuse,0,1,practice,practice-capybaras,What do Capybaras eat?,familiarity_rating,2026-04-14T14:45:59.088Z,,,,,,,,,,,,,1,4,
18,Wikipedia_Exp_14.04,Wikipedia_Exp_13.04,51,Female,sg_1776177885662_dqvdmv,diffuse,0,1,practice,practice-capybaras,What do Capybaras eat?,task_start,2026-04-14T14:45:59.289Z,,,,,,,,,,,,,,,
18,Wikipedia_Exp_14.04,Wikipedia_Exp_13.04,51,Female,sg_1776177885662_dqvdmv,diffuse,0,1,practice,practice-capybaras,What do Capybaras eat?,article_open,2026-04-14T14:45:59.576Z,Capybara,Capybara,,4650,,,,,,,,,,,
18,Wikipedia_Exp_14.04,Wikipedia_Exp_13.04,51,Female,sg_1776177885662_dqvdmv,diffuse,0,1,practice,practice-capybaras,What do Capybaras eat?,paste,2026-04-14T14:46:50.865Z,,,,,,,,,,,"Capybaras are herbivores, grazing mainly on grasses and aquatic plants,[14][24] as well as fruit and tree bark.",111,,,
18,Wikipedia_Exp_14.04,Wikipedia_Exp_13.04,51,Female,sg_1776177885662_dqvdmv,diffuse,0,1,practice,practice-capybaras,What do Capybaras eat?,answer_snapshot,2026-04-14T14:46:52.867Z,,,,,,,"Capybaras are herbivores, grazing mainly on grasses and aquatic plants,[14][24] as well as fruit and tree bark.",111,,,,,,,debounce
18,Wikipedia_Exp_14.04,Wikipedia_Exp_13.04,51,Female,sg_1776177885662_dqvdmv,diffuse,0,1,practice,practice-capybaras,What do Capybaras eat?,answer_snapshot,2026-04-14T14:46:58.727Z,,,,,,,"Capybaras are herbivores, grazing mainly on grasses and aquatic plants,as well as fruit and tree bark.",102,,,,,,,debounce
18,Wikipedia_Exp_14.04,Wikipedia_Exp_13.04,51,Female,sg_1776177885662_dqvdmv,diffuse,0,1,practice,practice-capybaras,What do Capybaras eat?,answer_snapshot,2026-04-14T14:47:01.046Z,,,,,,,"Capybaras are herbivores, grazing mainly on grasses and aquatic plants, as well as fruit and tree bark.",103,,,,,,,debounce
18,Wikipedia_Exp_14.04,Wikipedia_Exp_13.04,51,Female,sg_1776177885662_dqvdmv,diffuse,0,1,practice,practice-capybaras,What do Capybaras eat?,answer_snapshot_cursor_leave,2026-04-14T14:47:10.626Z,,,,,,,"Capybaras are herbivores, grazing mainly on grasses and aquatic plants, as well as fruit and tree bark.",103,,,,,,,cursor_leave
18,Wikipedia_Exp_14.04,Wikipedia_Exp_13.04,51,Female,sg_1776177885662_dqvdmv,diffuse,0,1,practice,practice-capybaras,What do Capybaras eat?,paste,2026-04-14T14:47:42.092Z,,,,,,,,,,,They are very selective feeders[25] and feed on the leaves of one species and disregard other species surrounding it.,117,,,
18,Wikipedia_Exp_14.04,Wikipedia_Exp_13.04,51,Female,sg_1776177885662_dqvdmv,diffuse,0,1,practice,practice-capybaras,What do Capybaras eat?,answer_snapshot,2026-04-14T14:47:44.094Z,,,,,,,"Capybaras are herbivores, grazing mainly on grasses and aquatic plants, as well as fruit and tree bark. They are very selective feeders[25] and feed on the leaves of one species and disregard other species surrounding it.",221,,,,,,,debounce
18,Wikipedia_Exp_14.04,Wikipedia_Exp_13.04,51,Female,sg_1776177885662_dqvdmv,diffuse,0,1,practice,practice-capybaras,What do Capybaras eat?,answer_snapshot,2026-04-14T14:47:48.612Z,,,,,,,"Capybaras are herbivores, grazing mainly on grasses and aquatic plants, as well as fruit and tree bark. They are very selective feeders  and feed on the leaves of one species and disregard other species surrounding it.",218,,,,,,,debounce
18,Wikipedia_Exp_14.04,Wikipedia_Exp_13.04,51,Female,sg_1776177885662_dqvdmv,diffuse,0,1,practice,practice-capybaras,What do Capybaras eat?,answer_snapshot_cursor_leave,2026-04-14T14:47:53.446Z,,,,,,,"Capybaras are herbivores, grazing mainly on grasses and aquatic plants, as well as fruit and tree bark. They are very selective feeders  and feed on the leaves of one species and disregard other species surrounding it.",218,,,,,,,cursor_leave
18,Wikipedia_Exp_14.04,Wikipedia_Exp_13.04,51,Female,sg_1776177885662_dqvdmv,diffuse,0,1,practice,practice-capybaras,What do Capybaras eat?,paste,2026-04-14T14:48:10.829Z,,,,,,,,,,,They eat a greater variety of plants during the dry season,58,,,
18,Wikipedia_Exp_14.04,Wikipedia_Exp_13.04,51,Female,sg_1776177885662_dqvdmv,diffuse,0,1,practice,practice-capybaras,What do Capybaras eat?,answer_snapshot,2026-04-14T14:48:12.832Z,,,,,,,"Capybaras are herbivores, grazing mainly on grasses and aquatic plants, as well as fruit and tree bark. They are very selective feeders  and feed on the leaves of one species and disregard other species surrounding it. They eat a greater variety of plants during the dry season",277,,,,,,,debounce
18,Wikipedia_Exp_14.04,Wikipedia_Exp_13.04,51,Female,sg_1776177885662_dqvdmv,diffuse,0,1,practice,practice-capybaras,What do Capybaras eat?,answer_snapshot_cursor_leave,2026-04-14T14:48:14.689Z,,,,,,,"Capybaras are herbivores, grazing mainly on grasses and aquatic plants, as well as fruit and tree bark. They are very selective feeders  and feed on the leaves of one species and disregard other species surrounding it. They eat a greater variety of plants during the dry season",277,,,,,,,cursor_leave
18,Wikipedia_Exp_14.04,Wikipedia_Exp_13.04,51,Female,sg_1776177885662_dqvdmv,diffuse,0,1,practice,practice-capybaras,What do Capybaras eat?,answer_snapshot,2026-04-14T14:48:25.880Z,,,,,,,"Capybaras are herbivores, grazing mainly on grasses and aquatic plants, as well as fruit and tree bark. They are very selective feeders  and feed on the leaves of one species and disregard other species surrounding it. They eat a greater variety of plants during the dry season. ",279,,,,,,,debounce
18,Wikipedia_Exp_14.04,Wikipedia_Exp_13.04,51,Female,sg_1776177885662_dqvdmv,diffuse,0,1,practice,practice-capybaras,What do Capybaras eat?,paste,2026-04-14T14:48:27.047Z,,,,,,,,,,,"While they eat grass during the wet season, they have to switch to more abundant reeds during the dry season.",109,,,
18,Wikipedia_Exp_14.04,Wikipedia_Exp_13.04,51,Female,sg_1776177885662_dqvdmv,diffuse,0,1,practice,practice-capybaras,What do Capybaras eat?,answer_snapshot,2026-04-14T14:48:29.049Z,,,,,,,"Capybaras are herbivores, grazing mainly on grasses and aquatic plants, as well as fruit and tree bark. They are very selective feeders  and feed on the leaves of one species and disregard other species surrounding it. They eat a greater variety of plants during the dry season. While they eat grass during the wet season, they have to switch to more abundant reeds during the dry season.",388,,,,,,,debounce
18,Wikipedia_Exp_14.04,Wikipedia_Exp_13.04,51,Female,sg_1776177885662_dqvdmv,diffuse,0,1,practice,practice-capybaras,What do Capybaras eat?,answer_snapshot_cursor_leave,2026-04-14T14:48:39.124Z,,,,,,,"Capybaras are herbivores, grazing mainly on grasses and aquatic plants, as well as fruit and tree bark. They are very selective feeders  and feed on the leaves of one species and disregard other species surrounding it. They eat a greater variety of plants during the dry season. While they eat grass during the wet season, they have to switch to more abundant reeds during the dry season.",388,,,,,,,cursor_leave
18,Wikipedia_Exp_14.04,Wikipedia_Exp_13.04,51,Female,sg_1776177885662_dqvdmv,diffuse,0,1,practice,practice-capybaras,What do Capybaras eat?,paste,2026-04-14T14:48:52.848Z,,,,,,,,,,,"Capybaras are autocoprophagous,[28] meaning they eat their own feces as a source of bacterial gut flora, to help digest the cellulose in the grass that forms their normal diet, and to extract the maximum protein and vitamins from their food.",241,,,
18,Wikipedia_Exp_14.04,Wikipedia_Exp_13.04,51,Female,sg_1776177885662_dqvdmv,diffuse,0,1,practice,practice-capybaras,What do Capybaras eat?,answer_snapshot,2026-04-14T14:48:54.850Z,,,,,,,"Capybaras are herbivores, grazing mainly on grasses and aquatic plants, as well as fruit and tree bark. They are very selective feeders  and feed on the leaves of one species and disregard other species surrounding it. They eat a greater variety of plants during the dry season. While they eat grass during the wet season, they have to switch to more abundant reeds during the dry season. Capybaras are autocoprophagous,[28] meaning they eat their own feces as a source of bacterial gut flora, to help digest the cellulose in the grass that forms their normal diet, and to extract the maximum protein and vitamins from their food.",630,,,,,,,debounce
18,Wikipedia_Exp_14.04,Wikipedia_Exp_13.04,51,Female,sg_1776177885662_dqvdmv,diffuse,0,1,practice,practice-capybaras,What do Capybaras eat?,answer_snapshot_cursor_leave,2026-04-14T14:49:22.338Z,,,,,,,"Capybaras are herbivores, grazing mainly on grasses and aquatic plants, as well as fruit and tree bark. They are very selective feeders  and feed on the leaves of one species and disregard other species surrounding it. They eat a greater variety of plants during the dry season. While they eat grass during the wet season, they have to switch to more abundant reeds during the dry season. Capybaras are autocoprophagous,[28] meaning they eat their own feces as a source of bacterial gut flora, to help digest the cellulose in the grass that forms their normal diet, and to extract the maximum protein and vitamins from their food.",630,,,,,,,cursor_leave
18,Wikipedia_Exp_14.04,Wikipedia_Exp_13.04,51,Female,sg_1776177885662_dqvdmv,diffuse,0,1,practice,practice-capybaras,What do Capybaras eat?,search,2026-04-14T14:49:26.404Z,,,,,,what t,,,,,,,,,
18,Wikipedia_Exp_14.04,Wikipedia_Exp_13.04,51,Female,sg_1776177885662_dqvdmv,diffuse,0,1,practice,practice-capybaras,What do Capybaras eat?,search,2026-04-14T14:49:26.628Z,,,,,,what dp,,,,,,,,,
18,Wikipedia_Exp_14.04,Wikipedia_Exp_13.04,51,Female,sg_1776177885662_dqvdmv,diffuse,0,1,practice,practice-capybaras,What do Capybaras eat?,search,2026-04-14T14:49:27.536Z,,,,,,what do ca,,,,,,,,,
18,Wikipedia_Exp_14.04,Wikipedia_Exp_13.04,51,Female,sg_1776177885662_dqvdmv,diffuse,0,1,practice,practice-capybaras,What do Capybaras eat?,search,2026-04-14T14:49:29.204Z,,,,,,what do capy,,,,,,,,,
18,Wikipedia_Exp_14.04,Wikipedia_Exp_13.04,51,Female,sg_1776177885662_dqvdmv,diffuse,0,1,practice,practice-capybaras,What do Capybaras eat?,search,2026-04-14T14:49:30.019Z,,,,,,what do capybaras ew,,,,,,,,,
18,Wikipedia_Exp_14.04,Wikipedia_Exp_13.04,51,Female,sg_1776177885662_dqvdmv,diffuse,0,1,practice,practice-capybaras,What do Capybaras eat?,search,2026-04-14T14:49:30.943Z,,,,,,what do capybaras eat,,,,,,,,,
18,Wikipedia_Exp_14.04,Wikipedia_Exp_13.04,51,Female,sg_1776177885662_dqvdmv,diffuse,0,1,practice,practice-capybaras,What do Capybaras eat?,search,2026-04-14T14:49:36.472Z,,,,,,what do capybaras eat,,,,,,,,,
18,Wikipedia_Exp_14.04,Wikipedia_Exp_13.04,51,Female,sg_1776177885662_dqvdmv,diffuse,0,1,practice,practice-capybaras,What do Capybaras eat?,search,2026-04-14T14:49:43.485Z,,,,,,ca,,,,,,,,,
18,Wikipedia_Exp_14.04,Wikipedia_Exp_13.04,51,Female,sg_1776177885662_dqvdmv,diffuse,0,1,practice,practice-capybaras,What do Capybaras eat?,search,2026-04-14T14:49:44.199Z,,,,,,capy,,,,,,,,,
18,Wikipedia_Exp_14.04,Wikipedia_Exp_13.04,51,Female,sg_1776177885662_dqvdmv,diffuse,0,1,practice,practice-capybaras,What do Capybaras eat?,search,2026-04-14T14:49:45.455Z,,,,,,capybara,,,,,,,,,
18,Wikipedia_Exp_14.04,Wikipedia_Exp_13.04,51,Female,sg_1776177885662_dqvdmv,diffuse,0,1,practice,practice-capybaras,What do Capybaras eat?,search,2026-04-14T14:49:56.970Z,,,,,,c,,,,,,,,,
18,Wikipedia_Exp_14.04,Wikipedia_Exp_13.04,51,Female,sg_1776177885662_dqvdmv,diffuse,0,1,practice,practice-capybaras,What do Capybaras eat?,search,2026-04-14T14:49:57.938Z,,,,,,capybara ,,,,,,,,,
18,Wikipedia_Exp_14.04,Wikipedia_Exp_13.04,51,Female,sg_1776177885662_dqvdmv,diffuse,0,1,practice,practice-capybaras,What do Capybaras eat?,search,2026-04-14T14:49:59.282Z,,,,,,capybara ,,,,,,,,,
18,Wikipedia_Exp_14.04,Wikipedia_Exp_13.04,51,Female,sg_1776177885662_dqvdmv,diffuse,0,1,practice,practice-capybaras,What do Capybaras eat?,search,2026-04-14T14:50:00.736Z,,,,,,capybara fppd,,,,,,,,,
18,Wikipedia_Exp_14.04,Wikipedia_Exp_13.04,51,Female,sg_1776177885662_dqvdmv,diffuse,0,1,practice,practice-capybaras,What do Capybaras eat?,search,2026-04-14T14:50:01.604Z,,,,,,capybara food,,,,,,,,,
18,Wikipedia_Exp_14.04,Wikipedia_Exp_13.04,51,Female,sg_1776177885662_dqvdmv,diffuse,0,1,practice,practice-capybaras,What do Capybaras eat?,article_open,2026-04-14T14:50:05.428Z,Lesser_capybara,Lesser capybara,,880,search,,,,,,,,,,
18,Wikipedia_Exp_14.04,Wikipedia_Exp_13.04,51,Female,sg_1776177885662_dqvdmv,diffuse,0,1,practice,practice-capybaras,What do Capybaras eat?,paste,2026-04-14T14:50:25.986Z,,,,,,,,,,,"during dry seasons when their main source of food is depleted, the lesser capybaras will tend to feed on reeds, grains, melons, and squash",138,,,
18,Wikipedia_Exp_14.04,Wikipedia_Exp_13.04,51,Female,sg_1776177885662_dqvdmv,diffuse,0,1,practice,practice-capybaras,What do Capybaras eat?,answer_snapshot,2026-04-14T14:50:27.989Z,,,,,,,"Capybaras are herbivores, grazing mainly on grasses and aquatic plants, as well as fruit and tree bark. They are very selective feeders  and feed on the leaves of one species and disregard other species surrounding it. They eat a greater variety of plants during the dry season. While they eat grass during the wet season, they have to switch to more abundant reeds during the dry season. Capybaras are autocoprophagous,[28] meaning they eat their own feces as a source of bacterial gut flora, to help digest the cellulose in the grass that forms their normal diet, and to extract the maximum protein and vitamins from their food. during dry seasons when their main source of food is depleted, the lesser capybaras will tend to feed on reeds, grains, melons, and squash",769,,,,,,,debounce
18,Wikipedia_Exp_14.04,Wikipedia_Exp_13.04,51,Female,sg_1776177885662_dqvdmv,diffuse,0,1,practice,practice-capybaras,What do Capybaras eat?,answer_snapshot,2026-04-14T14:50:30.795Z,,,,,,,"Capybaras are herbivores, grazing mainly on grasses and aquatic plants, as well as fruit and tree bark. They are very selective feeders  and feed on the leaves of one species and disregard other species surrounding it. They eat a greater variety of plants during the dry season. While they eat grass during the wet season, they have to switch to more abundant reeds during the dry season. Capybaras are autocoprophagous,[28] meaning they eat their own feces as a source of bacterial gut flora, to help digest the cellulose in the grass that forms their normal diet, and to extract the maximum protein and vitamins from their food. During dry seasons when their main source of food is depleted, the lesser capybaras will tend to feed on reeds, grains, melons, and squash",769,,,,,,,debounce
18,Wikipedia_Exp_14.04,Wikipedia_Exp_13.04,51,Female,sg_1776177885662_dqvdmv,diffuse,0,1,practice,practice-capybaras,What do Capybaras eat?,answer_snapshot,2026-04-14T14:50:41.540Z,,,,,,,"Capybaras are herbivores, grazing mainly on grasses and aquatic plants, as well as fruit and tree bark. They are very selective feeders  and feed on the leaves of one species and disregard other species surrounding it. They eat a greater variety of plants during the dry season. While they eat grass during the wet season, they have to switch to more abundant reeds during the dry season. Capybaras are autocoprophagous, meaning they eat their own feces as a source of bacterial gut flora, to help digest the cellulose in the grass that forms their normal diet, and to extract the maximum protein and vitamins from their food. During dry seasons when their main source of food is depleted, the lesser capybaras will tend to feed on reeds, grains, melons, and squash",765,,,,,,,debounce
18,Wikipedia_Exp_14.04,Wikipedia_Exp_13.04,51,Female,sg_1776177885662_dqvdmv,diffuse,0,1,practice,practice-capybaras,What do Capybaras eat?,answer_snapshot,2026-04-14T14:50:45.492Z,,,,,,,"Capybaras are herbivores, grazing mainly on grasses and aquatic plants, as well as fruit and tree bark. They are very selective feeders  and feed on the leaves of one species and disregard other species surrounding it. They eat a greater variety of plants during the dry season. While they eat grass during the wet season, they have to switch to more abundant reeds during the dry season. Capybaras are autocoprophagous, meaning they eat their own feces as a source of bacterial gut flora, to help digest the cellulose in the grass that forms their normal diet, and to extract the maximum protein and vitamins from their food. During dry seasons when their main source of food is depleted, the lesser capybaras will tend to feed on reeds, grains, melons, and squash.",766,,,,,,,debounce
18,Wikipedia_Exp_14.04,Wikipedia_Exp_13.04,51,Female,sg_1776177885662_dqvdmv,diffuse,0,1,practice,practice-capybaras,What do Capybaras eat?,answer_snapshot_cursor_leave,2026-04-14T14:50:55.191Z,,,,,,,"Capybaras are herbivores, grazing mainly on grasses and aquatic plants, as well as fruit and tree bark. They are very selective feeders  and feed on the leaves of one species and disregard other species surrounding it. They eat a greater variety of plants during the dry season. While they eat grass during the wet season, they have to switch to more abundant reeds during the dry season. Capybaras are autocoprophagous, meaning they eat their own feces as a source of bacterial gut flora, to help digest the cellulose in the grass that forms their normal diet, and to extract the maximum protein and vitamins from their food. During dry seasons when their main source of food is depleted, the lesser capybaras will tend to feed on reeds, grains, melons, and squash.",766,,,,,,,cursor_leave
18,Wikipedia_Exp_14.04,Wikipedia_Exp_13.04,51,Female,sg_1776177885662_dqvdmv,diffuse,0,1,practice,practice-capybaras,What do Capybaras eat?,article_open,2026-04-14T14:50:59.336Z,List_of_food_origins,List of food origins,,2243,search,,,,,,,,,,
18,Wikipedia_Exp_14.04,Wikipedia_Exp_13.04,51,Female,sg_1776177885662_dqvdmv,diffuse,0,1,practice,practice-capybaras,What do Capybaras eat?,article_open,2026-04-14T14:51:05.367Z,Rodent,Rodent,,14182,search,,,,,,,,,,
18,Wikipedia_Exp_14.04,Wikipedia_Exp_13.04,51,Female,sg_1776177885662_dqvdmv,diffuse,0,1,practice,practice-capybaras,What do Capybaras eat?,article_open,2026-04-14T14:51:21.072Z,Capybara,Capybara,,4650,search,,,,,,,,,,
18,Wikipedia_Exp_14.04,Wikipedia_Exp_13.04,51,Female,sg_1776177885662_dqvdmv,diffuse,0,1,practice,practice-capybaras,What do Capybaras eat?,link_click,2026-04-14T14:51:25.699Z,Herbivore,,Capybara,,,,,,,,,,,,
18,Wikipedia_Exp_14.04,Wikipedia_Exp_13.04,51,Female,sg_1776177885662_dqvdmv,diffuse,0,1,practice,practice-capybaras,What do Capybaras eat?,article_open,2026-04-14T14:51:26.242Z,Herbivore,Herbivore,,8051,link_click,,,,,,,,,,
18,Wikipedia_Exp_14.04,Wikipedia_Exp_13.04,51,Female,sg_1776177885662_dqvdmv,diffuse,0,1,practice,practice-capybaras,What do Capybaras eat?,back_navigation,2026-04-14T14:51:28.436Z,Capybara,,Herbivore,,,,,,,,,,,,
18,Wikipedia_Exp_14.04,Wikipedia_Exp_13.04,51,Female,sg_1776177885662_dqvdmv,diffuse,0,1,practice,practice-capybaras,What do Capybaras eat?,article_open,2026-04-14T14:51:28.823Z,Capybara,Capybara,,4650,back,,,,,,,,,,
18,Wikipedia_Exp_14.04,Wikipedia_Exp_13.04,51,Female,sg_1776177885662_dqvdmv,diffuse,0,1,practice,practice-capybaras,What do Capybaras eat?,search,2026-04-14T14:51:39.752Z,,,,,,c,,,,,,,,,
18,Wikipedia_Exp_14.04,Wikipedia_Exp_13.04,51,Female,sg_1776177885662_dqvdmv,diffuse,0,1,practice,practice-capybaras,What do Capybaras eat?,search,2026-04-14T14:51:40.385Z,,,,,,cA,,,,,,,,,
18,Wikipedia_Exp_14.04,Wikipedia_Exp_13.04,51,Female,sg_1776177885662_dqvdmv,diffuse,0,1,practice,practice-capybaras,What do Capybaras eat?,search,2026-04-14T14:51:41.074Z,,,,,,c,,,,,,,,,
18,Wikipedia_Exp_14.04,Wikipedia_Exp_13.04,51,Female,sg_1776177885662_dqvdmv,diffuse,0,1,practice,practice-capybaras,What do Capybaras eat?,search,2026-04-14T14:51:42.637Z,,,,,,capyu,,,,,,,,,
18,Wikipedia_Exp_14.04,Wikipedia_Exp_13.04,51,Female,sg_1776177885662_dqvdmv,diffuse,0,1,practice,practice-capybaras,What do Capybaras eat?,search,2026-04-14T14:51:44.185Z,,,,,,capybara ,,,,,,,,,
18,Wikipedia_Exp_14.04,Wikipedia_Exp_13.04,51,Female,sg_1776177885662_dqvdmv,diffuse,0,1,practice,practice-capybaras,What do Capybaras eat?,search,2026-04-14T14:51:44.874Z,,,,,,capybara goo,,,,,,,,,
18,Wikipedia_Exp_14.04,Wikipedia_Exp_13.04,51,Female,sg_1776177885662_dqvdmv,diffuse,0,1,practice,practice-capybaras,What do Capybaras eat?,search,2026-04-14T14:51:46.803Z,,,,,,capybara food source,,,,,,,,,
18,Wikipedia_Exp_14.04,Wikipedia_Exp_13.04,51,Female,sg_1776177885662_dqvdmv,diffuse,0,1,practice,practice-capybaras,What do Capybaras eat?,article_open,2026-04-14T14:51:54.812Z,Black_caiman,Black caiman,,5271,search,,,,,,,,,,
18,Wikipedia_Exp_14.04,Wikipedia_Exp_13.04,51,Female,sg_1776177885662_dqvdmv,diffuse,0,1,practice,practice-capybaras,What do Capybaras eat?,article_open,2026-04-14T14:52:00.270Z,List_of_food_origins,List of food origins,,2243,search,,,,,,,,,,
18,Wikipedia_Exp_14.04,Wikipedia_Exp_13.04,51,Female,sg_1776177885662_dqvdmv,diffuse,0,1,practice,practice-capybaras,What do Capybaras eat?,article_open,2026-04-14T14:52:18.063Z,Capybara,Capybara,,4650,search,,,,,,,,,,
18,Wikipedia_Exp_14.04,Wikipedia_Exp_13.04,51,Female,sg_1776177885662_dqvdmv,diffuse,0,1,practice,practice-capybaras,What do Capybaras eat?,link_click,2026-04-14T14:52:22.107Z,Hydrochoerinae,,Capybara,,,,,,,,,,,,
18,Wikipedia_Exp_14.04,Wikipedia_Exp_13.04,51,Female,sg_1776177885662_dqvdmv,diffuse,0,1,practice,practice-capybaras,What do Capybaras eat?,article_open,2026-04-14T14:52:23.499Z,Hydrochoerinae,Hydrochoerinae,,732,link_click,,,,,,,,,,
18,Wikipedia_Exp_14.04,Wikipedia_Exp_13.04,51,Female,sg_1776177885662_dqvdmv,diffuse,0,1,practice,practice-capybaras,What do Capybaras eat?,back_navigation,2026-04-14T14:52:38.827Z,Capybara,,Hydrochoerinae,,,,,,,,,,,,
18,Wikipedia_Exp_14.04,Wikipedia_Exp_13.04,51,Female,sg_1776177885662_dqvdmv,diffuse,0,1,practice,practice-capybaras,What do Capybaras eat?,article_open,2026-04-14T14:52:39.352Z,Capybara,Capybara,,4650,back,,,,,,,,,,
18,Wikipedia_Exp_14.04,Wikipedia_Exp_13.04,51,Female,sg_1776177885662_dqvdmv,diffuse,0,1,practice,practice-capybaras,What do Capybaras eat?,link_click,2026-04-14T14:52:45.618Z,Hydrochoerus,,Capybara,,,,,,,,,,,,
18,Wikipedia_Exp_14.04,Wikipedia_Exp_13.04,51,Female,sg_1776177885662_dqvdmv,diffuse,0,1,practice,practice-capybaras,What do Capybaras eat?,article_open,2026-04-14T14:52:46.521Z,Hydrochoerus,Hydrochoerus,,1110,link_click,,,,,,,,,,
18,Wikipedia_Exp_14.04,Wikipedia_Exp_13.04,51,Female,sg_1776177885662_dqvdmv,diffuse,0,1,practice,practice-capybaras,What do Capybaras eat?,back_navigation,2026-04-14T14:53:16.616Z,Capybara,,Hydrochoerus,,,,,,,,,,,,
18,Wikipedia_Exp_14.04,Wikipedia_Exp_13.04,51,Female,sg_1776177885662_dqvdmv,diffuse,0,1,practice,practice-capybaras,What do Capybaras eat?,article_open,2026-04-14T14:53:16.866Z,Capybara,Capybara,,4650,back,,,,,,,,,,
18,Wikipedia_Exp_14.04,Wikipedia_Exp_13.04,51,Female,sg_1776177885662_dqvdmv,diffuse,0,1,practice,practice-capybaras,What do Capybaras eat?,link_click,2026-04-14T14:53:24.161Z,Herbivore,,Capybara,,,,,,,,,,,,
18,Wikipedia_Exp_14.04,Wikipedia_Exp_13.04,51,Female,sg_1776177885662_dqvdmv,diffuse,0,1,practice,practice-capybaras,What do Capybaras eat?,article_open,2026-04-14T14:53:24.506Z,Herbivore,Herbivore,,8051,link_click,,,,,,,,,,
18,Wikipedia_Exp_14.04,Wikipedia_Exp_13.04,51,Female,sg_1776177885662_dqvdmv,diffuse,0,1,practice,practice-capybaras,What do Capybaras eat?,back_navigation,2026-04-14T14:53:33.226Z,Capybara,,Herbivore,,,,,,,,,,,,
18,Wikipedia_Exp_14.04,Wikipedia_Exp_13.04,51,Female,sg_1776177885662_dqvdmv,diffuse,0,1,practice,practice-capybaras,What do Capybaras eat?,article_open,2026-04-14T14:53:33.660Z,Capybara,Capybara,,4650,back,,,,,,,,,,
18,Wikipedia_Exp_14.04,Wikipedia_Exp_13.04,51,Female,sg_1776177885662_dqvdmv,diffuse,0,1,practice,practice-capybaras,What do Capybaras eat?,answer_snapshot,2026-04-14T14:53:49.936Z,,,,,,,"Capybaras are herbivores, grazing mainly on grasses and aquatic plants, as well as fruit and tree bark. They are very selective feeders  and feed on the leaves of one species and disregard other species surrounding it. They eat a greater variety of plants during the dry season. While they eat grass during the wet season, they have to switch to more abundant reeds during the dry season. Capybaras are autocoprophagous, meaning they eat their own feces as a source of bacterial gut flora, to help digest the cellulose in the grass that forms their normal diet, and to extract the maximum protein and vitamins from their food. During dry seasons when their main source of food is depleted, the lesser capybaras will tend to feed on reeds, grains, melons, and squash.",766,,,,,,,submit
18,Wikipedia_Exp_14.04,Wikipedia_Exp_13.04,51,Female,sg_1776177885662_dqvdmv,diffuse,0,1,practice,practice-capybaras,What do Capybaras eat?,task_end,2026-04-14T14:53:49.936Z,,,,,,,,,"Capybaras are herbivores, grazing mainly on grasses and aquatic plants, as well as fruit and tree bark. They are very selective feeders  and feed on the leaves of one species and disregard other species surrounding it. They eat a greater variety of plants during the dry season. While they eat grass during the wet season, they have to switch to more abundant reeds during the dry season. Capybaras are autocoprophagous, meaning they eat their own feces as a source of bacterial gut flora, to help digest the cellulose in the grass that forms their normal diet, and to extract the maximum protein and vitamins from their food. During dry seasons when their main source of food is depleted, the lesser capybaras will tend to feed on reeds, grains, melons, and squash.",766,,,,,
18,Wikipedia_Exp_14.04,Wikipedia_Exp_13.04,51,Female,sg_1776177885662_dqvdmv,diffuse,1,,art_history,high-art-history,How do ancient works of art play a role in contemporary society?,familiarity_rating,2026-04-14T14:53:58.620Z,,,,,,,,,,,,,1,1,
18,Wikipedia_Exp_14.04,Wikipedia_Exp_13.04,51,Female,sg_1776177885662_dqvdmv,diffuse,1,,art_history,high-art-history,How do ancient works of art play a role in contemporary society?,task_start,2026-04-14T14:53:58.831Z,,,,,,,,,,,,,,,
18,Wikipedia_Exp_14.04,Wikipedia_Exp_13.04,51,Female,sg_1776177885662_dqvdmv,diffuse,1,,art_history,high-art-history,How do ancient works of art play a role in contemporary society?,search,2026-04-14T14:54:07.703Z,,,,,,How do ancient works of art play a role in contemporary society?,,,,,,,,,
18,Wikipedia_Exp_14.04,Wikipedia_Exp_13.04,51,Female,sg_1776177885662_dqvdmv,diffuse,1,,art_history,high-art-history,How do ancient works of art play a role in contemporary society?,search,2026-04-14T14:54:08.510Z,,,,,,How do ancient works of art play a role in contemporary society?,,,,,,,,,
18,Wikipedia_Exp_14.04,Wikipedia_Exp_13.04,51,Female,sg_1776177885662_dqvdmv,diffuse,1,,art_history,high-art-history,How do ancient works of art play a role in contemporary society?,article_open,2026-04-14T14:54:13.542Z,Metropolitan_Museum_of_Art,Metropolitan Museum of Art,,25318,search,,,,,,,,,,
18,Wikipedia_Exp_14.04,Wikipedia_Exp_13.04,51,Female,sg_1776177885662_dqvdmv,diffuse,1,,art_history,high-art-history,How do ancient works of art play a role in contemporary society?,paste,2026-04-14T14:55:47.454Z,,,,,,,,,,,"The museum was established by a group of Americans, including philanthropists, artists, and businessmen, with the goal of creating a national institution that would inspire and educate the public.",196,,,
18,Wikipedia_Exp_14.04,Wikipedia_Exp_13.04,51,Female,sg_1776177885662_dqvdmv,diffuse,1,,art_history,high-art-history,How do ancient works of art play a role in contemporary society?,answer_snapshot,2026-04-14T14:55:49.457Z,,,,,,,"The museum was established by a group of Americans, including philanthropists, artists, and businessmen, with the goal of creating a national institution that would inspire and educate the public.",196,,,,,,,debounce
18,Wikipedia_Exp_14.04,Wikipedia_Exp_13.04,51,Female,sg_1776177885662_dqvdmv,diffuse,1,,art_history,high-art-history,How do ancient works of art play a role in contemporary society?,answer_snapshot_cursor_leave,2026-04-14T14:59:53.593Z,,,,,,,"The museum was established by a group of Americans, including philanthropists, artists, and businessmen, with the goal of creating a national institution that would inspire and educate the public.",196,,,,,,,cursor_leave
18,Wikipedia_Exp_14.04,Wikipedia_Exp_13.04,51,Female,sg_1776177885662_dqvdmv,diffuse,1,,art_history,high-art-history,How do ancient works of art play a role in contemporary society?,paste,2026-04-14T15:00:03.842Z,,,,,,,,,,," Each of these exhibits explores fashion as a mirror of cultural values and offers a glimpse into historical styles, emphasizing their evolution into today's own fashion world.",176,,,
18,Wikipedia_Exp_14.04,Wikipedia_Exp_13.04,51,Female,sg_1776177885662_dqvdmv,diffuse,1,,art_history,high-art-history,How do ancient works of art play a role in contemporary society?,answer_snapshot,2026-04-14T15:00:05.843Z,,,,,,,"The museum was established by a group of Americans, including philanthropists, artists, and businessmen, with the goal of creating a national institution that would inspire and educate the public.  Each of these exhibits explores fashion as a mirror of cultural values and offers a glimpse into historical styles, emphasizing their evolution into today's own fashion world.",373,,,,,,,debounce
18,Wikipedia_Exp_14.04,Wikipedia_Exp_13.04,51,Female,sg_1776177885662_dqvdmv,diffuse,1,,art_history,high-art-history,How do ancient works of art play a role in contemporary society?,answer_snapshot_cursor_leave,2026-04-14T15:02:08.487Z,,,,,,,"The museum was established by a group of Americans, including philanthropists, artists, and businessmen, with the goal of creating a national institution that would inspire and educate the public.  Each of these exhibits explores fashion as a mirror of cultural values and offers a glimpse into historical styles, emphasizing their evolution into today's own fashion world.",373,,,,,,,cursor_leave
18,Wikipedia_Exp_14.04,Wikipedia_Exp_13.04,51,Female,sg_1776177885662_dqvdmv,diffuse,1,,art_history,high-art-history,How do ancient works of art play a role in contemporary society?,paste,2026-04-14T15:02:16.552Z,,,,,,,,,,," Many of the instruments in the collection are playable, and the department encourages their use by holding concerts and demonstrations by guest musicians.",155,,,
18,Wikipedia_Exp_14.04,Wikipedia_Exp_13.04,51,Female,sg_1776177885662_dqvdmv,diffuse,1,,art_history,high-art-history,How do ancient works of art play a role in contemporary society?,answer_snapshot,2026-04-14T15:02:18.557Z,,,,,,,"The museum was established by a group of Americans, including philanthropists, artists, and businessmen, with the goal of creating a national institution that would inspire and educate the public.  Each of these exhibits explores fashion as a mirror of cultural values and offers a glimpse into historical styles, emphasizing their evolution into today's own fashion world.  Many of the instruments in the collection are playable, and the department encourages their use by holding concerts and demonstrations by guest musicians.",529,,,,,,,debounce
18,Wikipedia_Exp_14.04,Wikipedia_Exp_13.04,51,Female,sg_1776177885662_dqvdmv,diffuse,1,,art_history,high-art-history,How do ancient works of art play a role in contemporary society?,answer_snapshot_cursor_leave,2026-04-14T15:02:43.791Z,,,,,,,"The museum was established by a group of Americans, including philanthropists, artists, and businessmen, with the goal of creating a national institution that would inspire and educate the public.  Each of these exhibits explores fashion as a mirror of cultural values and offers a glimpse into historical styles, emphasizing their evolution into today's own fashion world.  Many of the instruments in the collection are playable, and the department encourages their use by holding concerts and demonstrations by guest musicians.",529,,,,,,,cursor_leave
18,Wikipedia_Exp_14.04,Wikipedia_Exp_13.04,51,Female,sg_1776177885662_dqvdmv,diffuse,1,,art_history,high-art-history,How do ancient works of art play a role in contemporary society?,paste,2026-04-14T15:03:19.830Z,,,,,,,,,,,"Each exhibition provides insight into the world of art as a transformative, cultural experience and often includes a historical analysis to demonstrate the profound impact that art has on society and its dramatic transformation over the years.[135]",248,,,
18,Wikipedia_Exp_14.04,Wikipedia_Exp_13.04,51,Female,sg_1776177885662_dqvdmv,diffuse,1,,art_history,high-art-history,How do ancient works of art play a role in contemporary society?,answer_snapshot,2026-04-14T15:03:21.834Z,,,,,,,"The museum was established by a group of Americans, including philanthropists, artists, and businessmen, with the goal of creating a national institution that would inspire and educate the public.  Each of these exhibits explores fashion as a mirror of cultural values and offers a glimpse into historical styles, emphasizing their evolution into today's own fashion world.  Many of the instruments in the collection are playable, and the department encourages their use by holding concerts and demonstrations by guest musicians. Each exhibition provides insight into the world of art as a transformative, cultural experience and often includes a historical analysis to demonstrate the profound impact that art has on society and its dramatic transformation over the years.[135]",778,,,,,,,debounce
18,Wikipedia_Exp_14.04,Wikipedia_Exp_13.04,51,Female,sg_1776177885662_dqvdmv,diffuse,1,,art_history,high-art-history,How do ancient works of art play a role in contemporary society?,answer_snapshot,2026-04-14T15:03:24.940Z,,,,,,,"The museum was established by a group of Americans, including philanthropists, artists, and businessmen, with the goal of creating a national institution that would inspire and educate the public.  Each of these exhibits explores fashion as a mirror of cultural values and offers a glimpse into historical styles, emphasizing their evolution into today's own fashion world.  Many of the instruments in the collection are playable, and the department encourages their use by holding concerts and demonstrations by guest musicians. Each exhibition provides insight into the world of art as a transformative, cultural experience and often includes a historical analysis to demonstrate the profound impact that art has on society and its dramatic transformation over the years.",773,,,,,,,debounce
18,Wikipedia_Exp_14.04,Wikipedia_Exp_13.04,51,Female,sg_1776177885662_dqvdmv,diffuse,1,,art_history,high-art-history,How do ancient works of art play a role in contemporary society?,answer_snapshot_cursor_leave,2026-04-14T15:03:57.557Z,,,,,,,"The museum was established by a group of Americans, including philanthropists, artists, and businessmen, with the goal of creating a national institution that would inspire and educate the public.  Each of these exhibits explores fashion as a mirror of cultural values and offers a glimpse into historical styles, emphasizing their evolution into today's own fashion world.  Many of the instruments in the collection are playable, and the department encourages their use by holding concerts and demonstrations by guest musicians. Each exhibition provides insight into the world of art as a transformative, cultural experience and often includes a historical analysis to demonstrate the profound impact that art has on society and its dramatic transformation over the years.",773,,,,,,,cursor_leave
18,Wikipedia_Exp_14.04,Wikipedia_Exp_13.04,51,Female,sg_1776177885662_dqvdmv,diffuse,1,,art_history,high-art-history,How do ancient works of art play a role in contemporary society?,answer_snapshot,2026-04-14T15:04:08.852Z,,,,,,,"The museum was established by a group of Americans, including philanthropists, artists, and businessmen, with the goal of creating a national institution that would inspire and educate the public.  Each of these exhibits explores fashion as a mirror of cultural values and offers a glimpse into historical styles, emphasizing their evolution into today's own fashion world.  Many of the instruments in the collection are playable, and the department encourages their use by holding concerts and demonstrations by guest musicians. Each exhibition provides insight into the world of art as a transformative, cultural experience and often includes a historical analysis to demonstrate the profound impact that art has on society and its dramatic transformation over the years.",773,,,,,,,submit
18,Wikipedia_Exp_14.04,Wikipedia_Exp_13.04,51,Female,sg_1776177885662_dqvdmv,diffuse,1,,art_history,high-art-history,How do ancient works of art play a role in contemporary society?,task_end,2026-04-14T15:04:08.852Z,,,,,,,,,"The museum was established by a group of Americans, including philanthropists, artists, and businessmen, with the goal of creating a national institution that would inspire and educate the public.  Each of these exhibits explores fashion as a mirror of cultural values and offers a glimpse into historical styles, emphasizing their evolution into today's own fashion world.  Many of the instruments in the collection are playable, and the department encourages their use by holding concerts and demonstrations by guest musicians. Each exhibition provides insight into the world of art as a transformative, cultural experience and often includes a historical analysis to demonstrate the profound impact that art has on society and its dramatic transformation over the years.",773,,,,,
18,Wikipedia_Exp_14.04,Wikipedia_Exp_13.04,51,Female,sg_1776177885662_dqvdmv,diffuse,2,,psychology,high-psychology,What brain mechanisms help people make scientific discoveries?,familiarity_rating,2026-04-14T15:04:18.515Z,,,,,,,,,,,,,1,4,
18,Wikipedia_Exp_14.04,Wikipedia_Exp_13.04,51,Female,sg_1776177885662_dqvdmv,diffuse,2,,psychology,high-psychology,What brain mechanisms help people make scientific discoveries?,task_start,2026-04-14T15:04:19.430Z,,,,,,,,,,,,,,,
18,Wikipedia_Exp_14.04,Wikipedia_Exp_13.04,51,Female,sg_1776177885662_dqvdmv,diffuse,2,,psychology,high-psychology,What brain mechanisms help people make scientific discoveries?,search,2026-04-14T15:04:27.998Z,,,,,,What brain mechanisms help people make scientific discoveries?,,,,,,,,,
18,Wikipedia_Exp_14.04,Wikipedia_Exp_13.04,51,Female,sg_1776177885662_dqvdmv,diffuse,2,,psychology,high-psychology,What brain mechanisms help people make scientific discoveries?,article_open,2026-04-14T15:04:40.903Z,Role_of_chance_in_scientific_discoveries,Role of chance in scientific discoveries,,2029,search,,,,,,,,,,
18,Wikipedia_Exp_14.04,Wikipedia_Exp_13.04,51,Female,sg_1776177885662_dqvdmv,diffuse,2,,psychology,high-psychology,What brain mechanisms help people make scientific discoveries?,paste,2026-04-14T15:05:15.660Z,,,,,,,,,,,Unexpected findings were found to activate the prefrontal cortex as well as the left hemisphere in general.,107,,,
18,Wikipedia_Exp_14.04,Wikipedia_Exp_13.04,51,Female,sg_1776177885662_dqvdmv,diffuse,2,,psychology,high-psychology,What brain mechanisms help people make scientific discoveries?,answer_snapshot,2026-04-14T15:05:17.662Z,,,,,,,Unexpected findings were found to activate the prefrontal cortex as well as the left hemisphere in general.,107,,,,,,,debounce
18,Wikipedia_Exp_14.04,Wikipedia_Exp_13.04,51,Female,sg_1776177885662_dqvdmv,diffuse,2,,psychology,high-psychology,What brain mechanisms help people make scientific discoveries?,answer_snapshot_cursor_leave,2026-04-14T15:06:03.720Z,,,,,,,Unexpected findings were found to activate the prefrontal cortex as well as the left hemisphere in general.,107,,,,,,,cursor_leave
18,Wikipedia_Exp_14.04,Wikipedia_Exp_13.04,51,Female,sg_1776177885662_dqvdmv,diffuse,2,,psychology,high-psychology,What brain mechanisms help people make scientific discoveries?,paste,2026-04-14T15:07:36.449Z,,,,,,,,,,,Psychologist Kevin Dunbar and colleagues estimate that between 30% and 50% of all scientific discoveries are accidental in some sense,133,,,
18,Wikipedia_Exp_14.04,Wikipedia_Exp_13.04,51,Female,sg_1776177885662_dqvdmv,diffuse,2,,psychology,high-psychology,What brain mechanisms help people make scientific discoveries?,answer_snapshot,2026-04-14T15:07:38.451Z,,,,,,,Psychologist Kevin Dunbar and colleagues estimate that between 30% and 50% of all scientific discoveries are accidental in some sense findings were found to activate the prefrontal cortex as well as the left hemisphere in general.,230,,,,,,,debounce
18,Wikipedia_Exp_14.04,Wikipedia_Exp_13.04,51,Female,sg_1776177885662_dqvdmv,diffuse,2,,psychology,high-psychology,What brain mechanisms help people make scientific discoveries?,answer_snapshot,2026-04-14T15:07:49.520Z,,,,,,,Psychologist Kevin Dunbar and colleagues estimate that between 30% and 50% of all scientific discoveries are accidental in some sense. findings were found to activate the prefrontal cortex as well as the left hemisphere in general.,231,,,,,,,debounce
18,Wikipedia_Exp_14.04,Wikipedia_Exp_13.04,51,Female,sg_1776177885662_dqvdmv,diffuse,2,,psychology,high-psychology,What brain mechanisms help people make scientific discoveries?,answer_snapshot_cursor_leave,2026-04-14T15:07:58.124Z,,,,,,,Psychologist Kevin Dunbar and colleagues estimate that between 30% and 50% of all scientific discoveries are accidental in some sense. findings were found to activate the prefrontal cortex as well as the left hemisphere in general.,231,,,,,,,cursor_leave
18,Wikipedia_Exp_14.04,Wikipedia_Exp_13.04,51,Female,sg_1776177885662_dqvdmv,diffuse,2,,psychology,high-psychology,What brain mechanisms help people make scientific discoveries?,paste,2026-04-14T15:08:39.131Z,,,,,,,,,,,Hofmann experienced mental distortions and suspected it may have been the effects of LSD. ,90,,,
18,Wikipedia_Exp_14.04,Wikipedia_Exp_13.04,51,Female,sg_1776177885662_dqvdmv,diffuse,2,,psychology,high-psychology,What brain mechanisms help people make scientific discoveries?,answer_snapshot,2026-04-14T15:08:41.135Z,,,,,,,Psychologist Kevin Dunbar and colleagues estimate that between 30% and 50% of all scientific discoveries are accidental in some sense. findings were found to activate the prefrontal cortex as well as the left hemisphere in general. Hofmann experienced mental distortions and suspected it may have been the effects of LSD. ,322,,,,,,,debounce
18,Wikipedia_Exp_14.04,Wikipedia_Exp_13.04,51,Female,sg_1776177885662_dqvdmv,diffuse,2,,psychology,high-psychology,What brain mechanisms help people make scientific discoveries?,answer_snapshot_cursor_leave,2026-04-14T15:08:47.702Z,,,,,,,Psychologist Kevin Dunbar and colleagues estimate that between 30% and 50% of all scientific discoveries are accidental in some sense. findings were found to activate the prefrontal cortex as well as the left hemisphere in general. Hofmann experienced mental distortions and suspected it may have been the effects of LSD. ,322,,,,,,,cursor_leave
18,Wikipedia_Exp_14.04,Wikipedia_Exp_13.04,51,Female,sg_1776177885662_dqvdmv,diffuse,2,,psychology,high-psychology,What brain mechanisms help people make scientific discoveries?,search,2026-04-14T15:09:27.213Z,,,,,,b,,,,,,,,,
18,Wikipedia_Exp_14.04,Wikipedia_Exp_13.04,51,Female,sg_1776177885662_dqvdmv,diffuse,2,,psychology,high-psychology,What brain mechanisms help people make scientific discoveries?,search,2026-04-14T15:09:27.678Z,,,,,,brain,,,,,,,,,
18,Wikipedia_Exp_14.04,Wikipedia_Exp_13.04,51,Female,sg_1776177885662_dqvdmv,diffuse,2,,psychology,high-psychology,What brain mechanisms help people make scientific discoveries?,search,2026-04-14T15:09:28.951Z,,,,,,brain a ,,,,,,,,,
18,Wikipedia_Exp_14.04,Wikipedia_Exp_13.04,51,Female,sg_1776177885662_dqvdmv,diffuse,2,,psychology,high-psychology,What brain mechanisms help people make scientific discoveries?,search,2026-04-14T15:09:31.404Z,,,,,,brain and scienf,,,,,,,,,
18,Wikipedia_Exp_14.04,Wikipedia_Exp_13.04,51,Female,sg_1776177885662_dqvdmv,diffuse,2,,psychology,high-psychology,What brain mechanisms help people make scientific discoveries?,search,2026-04-14T15:09:31.839Z,,,,,,brain and scienti,,,,,,,,,
18,Wikipedia_Exp_14.04,Wikipedia_Exp_13.04,51,Female,sg_1776177885662_dqvdmv,diffuse,2,,psychology,high-psychology,What brain mechanisms help people make scientific discoveries?,search,2026-04-14T15:09:32.720Z,,,,,,brain and scientigic ,,,,,,,,,
18,Wikipedia_Exp_14.04,Wikipedia_Exp_13.04,51,Female,sg_1776177885662_dqvdmv,diffuse,2,,psychology,high-psychology,What brain mechanisms help people make scientific discoveries?,search,2026-04-14T15:09:33.890Z,,,,,,brain and scienti,,,,,,,,,
18,Wikipedia_Exp_14.04,Wikipedia_Exp_13.04,51,Female,sg_1776177885662_dqvdmv,diffuse,2,,psychology,high-psychology,What brain mechanisms help people make scientific discoveries?,search,2026-04-14T15:09:35.087Z,,,,,,brain and scientific ,,,,,,,,,
18,Wikipedia_Exp_14.04,Wikipedia_Exp_13.04,51,Female,sg_1776177885662_dqvdmv,diffuse,2,,psychology,high-psychology,What brain mechanisms help people make scientific discoveries?,search,2026-04-14T15:09:36.504Z,,,,,,brain and scientific di,,,,,,,,,
18,Wikipedia_Exp_14.04,Wikipedia_Exp_13.04,51,Female,sg_1776177885662_dqvdmv,diffuse,2,,psychology,high-psychology,What brain mechanisms help people make scientific discoveries?,search,2026-04-14T15:09:36.899Z,,,,,,brain and scientific discoveri,,,,,,,,,
18,Wikipedia_Exp_14.04,Wikipedia_Exp_13.04,51,Female,sg_1776177885662_dqvdmv,diffuse,2,,psychology,high-psychology,What brain mechanisms help people make scientific discoveries?,search,2026-04-14T15:09:37.710Z,,,,,,brain and scientific discoveries,,,,,,,,,
18,Wikipedia_Exp_14.04,Wikipedia_Exp_13.04,51,Female,sg_1776177885662_dqvdmv,diffuse,2,,psychology,high-psychology,What brain mechanisms help people make scientific discoveries?,search,2026-04-14T15:09:38.352Z,,,,,,brain and scientific discoveries,,,,,,,,,
18,Wikipedia_Exp_14.04,Wikipedia_Exp_13.04,51,Female,sg_1776177885662_dqvdmv,diffuse,2,,psychology,high-psychology,What brain mechanisms help people make scientific discoveries?,article_open,2026-04-14T15:09:47.809Z,Neuroscience,Neuroscience,,11159,search,,,,,,,,,,
18,Wikipedia_Exp_14.04,Wikipedia_Exp_13.04,51,Female,sg_1776177885662_dqvdmv,diffuse,2,,psychology,high-psychology,What brain mechanisms help people make scientific discoveries?,article_open,2026-04-14T15:09:53.882Z,Role_of_chance_in_scientific_discoveries,Role of chance in scientific discoveries,,2029,search,,,,,,,,,,
18,Wikipedia_Exp_14.04,Wikipedia_Exp_13.04,51,Female,sg_1776177885662_dqvdmv,diffuse,2,,psychology,high-psychology,What brain mechanisms help people make scientific discoveries?,article_open,2026-04-14T15:09:57.308Z,Timeline_of_scientific_discoveries,Timeline of scientific discoveries,,11933,search,,,,,,,,,,
18,Wikipedia_Exp_14.04,Wikipedia_Exp_13.04,51,Female,sg_1776177885662_dqvdmv,diffuse,2,,psychology,high-psychology,What brain mechanisms help people make scientific discoveries?,search,2026-04-14T15:10:02.927Z,,,,,,brain,,,,,,,,,
18,Wikipedia_Exp_14.04,Wikipedia_Exp_13.04,51,Female,sg_1776177885662_dqvdmv,diffuse,2,,psychology,high-psychology,What brain mechanisms help people make scientific discoveries?,search,2026-04-14T15:10:03.468Z,,,,,,brain,,,,,,,,,
18,Wikipedia_Exp_14.04,Wikipedia_Exp_13.04,51,Female,sg_1776177885662_dqvdmv,diffuse,2,,psychology,high-psychology,What brain mechanisms help people make scientific discoveries?,article_open,2026-04-14T15:10:06.461Z,Brain,Brain,,17706,search,,,,,,,,,,
18,Wikipedia_Exp_14.04,Wikipedia_Exp_13.04,51,Female,sg_1776177885662_dqvdmv,diffuse,2,,psychology,high-psychology,What brain mechanisms help people make scientific discoveries?,search,2026-04-14T15:10:24.778Z,,,,,,brain me ch,,,,,,,,,
18,Wikipedia_Exp_14.04,Wikipedia_Exp_13.04,51,Female,sg_1776177885662_dqvdmv,diffuse,2,,psychology,high-psychology,What brain mechanisms help people make scientific discoveries?,search,2026-04-14T15:10:26.337Z,,,,,,brain mechanisms,,,,,,,,,
18,Wikipedia_Exp_14.04,Wikipedia_Exp_13.04,51,Female,sg_1776177885662_dqvdmv,diffuse,2,,psychology,high-psychology,What brain mechanisms help people make scientific discoveries?,search,2026-04-14T15:10:26.786Z,,,,,,brain mechanisms,,,,,,,,,
18,Wikipedia_Exp_14.04,Wikipedia_Exp_13.04,51,Female,sg_1776177885662_dqvdmv,diffuse,2,,psychology,high-psychology,What brain mechanisms help people make scientific discoveries?,article_open,2026-04-14T15:10:33.483Z,Neuroscience,Neuroscience,,11159,search,,,,,,,,,,
18,Wikipedia_Exp_14.04,Wikipedia_Exp_13.04,51,Female,sg_1776177885662_dqvdmv,diffuse,2,,psychology,high-psychology,What brain mechanisms help people make scientific discoveries?,search,2026-04-14T15:10:44.152Z,,,,,,how does the brain work,,,,,,,,,
18,Wikipedia_Exp_14.04,Wikipedia_Exp_13.04,51,Female,sg_1776177885662_dqvdmv,diffuse,2,,psychology,high-psychology,What brain mechanisms help people make scientific discoveries?,article_open,2026-04-14T15:10:48.887Z,Brain_Rules,Brain Rules,,641,search,,,,,,,,,,
18,Wikipedia_Exp_14.04,Wikipedia_Exp_13.04,51,Female,sg_1776177885662_dqvdmv,diffuse,2,,psychology,high-psychology,What brain mechanisms help people make scientific discoveries?,article_open,2026-04-14T15:11:00.437Z,Neuroscience,Neuroscience,,11159,search,,,,,,,,,,
18,Wikipedia_Exp_14.04,Wikipedia_Exp_13.04,51,Female,sg_1776177885662_dqvdmv,diffuse,2,,psychology,high-psychology,What brain mechanisms help people make scientific discoveries?,search,2026-04-14T15:11:07.265Z,,,,,,brain mechanisms,,,,,,,,,
18,Wikipedia_Exp_14.04,Wikipedia_Exp_13.04,51,Female,sg_1776177885662_dqvdmv,diffuse,2,,psychology,high-psychology,What brain mechanisms help people make scientific discoveries?,search,2026-04-14T15:11:07.711Z,,,,,,brain mechanisms,,,,,,,,,
18,Wikipedia_Exp_14.04,Wikipedia_Exp_13.04,51,Female,sg_1776177885662_dqvdmv,diffuse,2,,psychology,high-psychology,What brain mechanisms help people make scientific discoveries?,search,2026-04-14T15:11:12.815Z,,,,,,brain mechanisms ,,,,,,,,,
18,Wikipedia_Exp_14.04,Wikipedia_Exp_13.04,51,Female,sg_1776177885662_dqvdmv,diffuse,2,,psychology,high-psychology,What brain mechanisms help people make scientific discoveries?,search,2026-04-14T15:11:13.422Z,,,,,,brain mechanisms and ,,,,,,,,,
18,Wikipedia_Exp_14.04,Wikipedia_Exp_13.04,51,Female,sg_1776177885662_dqvdmv,diffuse,2,,psychology,high-psychology,What brain mechanisms help people make scientific discoveries?,search,2026-04-14T15:11:14.594Z,,,,,,brain mechanisms and scienfi,,,,,,,,,
18,Wikipedia_Exp_14.04,Wikipedia_Exp_13.04,51,Female,sg_1776177885662_dqvdmv,diffuse,2,,psychology,high-psychology,What brain mechanisms help people make scientific discoveries?,search,2026-04-14T15:11:15.388Z,,,,,,brain mechanisms and scientic,,,,,,,,,
18,Wikipedia_Exp_14.04,Wikipedia_Exp_13.04,51,Female,sg_1776177885662_dqvdmv,diffuse,2,,psychology,high-psychology,What brain mechanisms help people make scientific discoveries?,search,2026-04-14T15:11:16.618Z,,,,,,brain mechanisms and scientific ,,,,,,,,,
18,Wikipedia_Exp_14.04,Wikipedia_Exp_13.04,51,Female,sg_1776177885662_dqvdmv,diffuse,2,,psychology,high-psychology,What brain mechanisms help people make scientific discoveries?,search,2026-04-14T15:11:19.476Z,,,,,,brain mechanisms and scientific di,,,,,,,,,
18,Wikipedia_Exp_14.04,Wikipedia_Exp_13.04,51,Female,sg_1776177885662_dqvdmv,diffuse,2,,psychology,high-psychology,What brain mechanisms help people make scientific discoveries?,search,2026-04-14T15:11:19.982Z,,,,,,brain mechanisms and scientific dias,,,,,,,,,
18,Wikipedia_Exp_14.04,Wikipedia_Exp_13.04,51,Female,sg_1776177885662_dqvdmv,diffuse,2,,psychology,high-psychology,What brain mechanisms help people make scientific discoveries?,search,2026-04-14T15:11:20.796Z,,,,,,brain mechanisms and scientific dia,,,,,,,,,
18,Wikipedia_Exp_14.04,Wikipedia_Exp_13.04,51,Female,sg_1776177885662_dqvdmv,diffuse,2,,psychology,high-psychology,What brain mechanisms help people make scientific discoveries?,search,2026-04-14T15:11:22.077Z,,,,,,brain mechanisms and scientific di,,,,,,,,,
18,Wikipedia_Exp_14.04,Wikipedia_Exp_13.04,51,Female,sg_1776177885662_dqvdmv,diffuse,2,,psychology,high-psychology,What brain mechanisms help people make scientific discoveries?,search,2026-04-14T15:11:22.761Z,,,,,,brain mechanisms and scientific dis,,,,,,,,,
18,Wikipedia_Exp_14.04,Wikipedia_Exp_13.04,51,Female,sg_1776177885662_dqvdmv,diffuse,2,,psychology,high-psychology,What brain mechanisms help people make scientific discoveries?,search,2026-04-14T15:11:29.695Z,,,,,,brain mechanisms and scientific discoveries,,,,,,,,,
18,Wikipedia_Exp_14.04,Wikipedia_Exp_13.04,51,Female,sg_1776177885662_dqvdmv,diffuse,2,,psychology,high-psychology,What brain mechanisms help people make scientific discoveries?,article_open,2026-04-14T15:11:31.447Z,Role_of_chance_in_scientific_discoveries,Role of chance in scientific discoveries,,2029,search,,,,,,,,,,
18,Wikipedia_Exp_14.04,Wikipedia_Exp_13.04,51,Female,sg_1776177885662_dqvdmv,diffuse,2,,psychology,high-psychology,What brain mechanisms help people make scientific discoveries?,paste,2026-04-14T15:12:06.190Z,,,,,,,,,,,"Many domains, especially psychology, are concerned with the way science interacts with chance –particularly ""serendipity"" (accidents that, through sagacity, are transformed into opportunity)",190,,,
18,Wikipedia_Exp_14.04,Wikipedia_Exp_13.04,51,Female,sg_1776177885662_dqvdmv,diffuse,2,,psychology,high-psychology,What brain mechanisms help people make scientific discoveries?,answer_snapshot,2026-04-14T15:12:08.192Z,,,,,,,"Psychologist Kevin Dunbar and colleagues estimate that between 30% and 50% of all scientific discoveries are accidental in some sense. findings were found to activate the prefrontal cortex as well as the left hemisphere in general. Hofmann experienced mental distortions and suspected it may have been the effects of LSD.Many domains, especially psychology, are concerned with the way science interacts with chance –particularly ""serendipity"" (accidents that, through sagacity, are transformed into opportunity)",511,,,,,,,debounce
18,Wikipedia_Exp_14.04,Wikipedia_Exp_13.04,51,Female,sg_1776177885662_dqvdmv,diffuse,2,,psychology,high-psychology,What brain mechanisms help people make scientific discoveries?,answer_snapshot_cursor_leave,2026-04-14T15:12:11.527Z,,,,,,,"Psychologist Kevin Dunbar and colleagues estimate that between 30% and 50% of all scientific discoveries are accidental in some sense. findings were found to activate the prefrontal cortex as well as the left hemisphere in general. Hofmann experienced mental distortions and suspected it may have been the effects of LSD.Many domains, especially psychology, are concerned with the way science interacts with chance –particularly ""serendipity"" (accidents that, through sagacity, are transformed into opportunity)",511,,,,,,,cursor_leave
18,Wikipedia_Exp_14.04,Wikipedia_Exp_13.04,51,Female,sg_1776177885662_dqvdmv,diffuse,2,,psychology,high-psychology,What brain mechanisms help people make scientific discoveries?,paste,2026-04-14T15:12:22.367Z,,,,,,,,,,,Psychologist Kevin Dunbar and colleagues estimate that between 30% and 50% of all scientific discoveries are accidental in some sense,133,,,
18,Wikipedia_Exp_14.04,Wikipedia_Exp_13.04,51,Female,sg_1776177885662_dqvdmv,diffuse,2,,psychology,high-psychology,What brain mechanisms help people make scientific discoveries?,answer_snapshot,2026-04-14T15:12:24.368Z,,,,,,,"Psychologist Kevin Dunbar and colleagues estimate that between 30% and 50% of all scientific discoveries are accidental in some sense. findings were found to activate the prefrontal cortex as well as the left hemisphere in general. Hofmann experienced mental distortions and suspected it may have been the effects of LSD.Psychologist Kevin Dunbar and colleagues estimate that between 30% and 50% of all scientific discoveries are accidental in some senseMany domains, especially psychology, are concerned with the way science interacts with chance –particularly ""serendipity"" (accidents that, through sagacity, are transformed into opportunity)",644,,,,,,,debounce
18,Wikipedia_Exp_14.04,Wikipedia_Exp_13.04,51,Female,sg_1776177885662_dqvdmv,diffuse,2,,psychology,high-psychology,What brain mechanisms help people make scientific discoveries?,answer_snapshot_cursor_leave,2026-04-14T15:12:51.355Z,,,,,,,"Psychologist Kevin Dunbar and colleagues estimate that between 30% and 50% of all scientific discoveries are accidental in some sense. findings were found to activate the prefrontal cortex as well as the left hemisphere in general. Hofmann experienced mental distortions and suspected it may have been the effects of LSD.Psychologist Kevin Dunbar and colleagues estimate that between 30% and 50% of all scientific discoveries are accidental in some senseMany domains, especially psychology, are concerned with the way science interacts with chance –particularly ""serendipity"" (accidents that, through sagacity, are transformed into opportunity)",644,,,,,,,cursor_leave
18,Wikipedia_Exp_14.04,Wikipedia_Exp_13.04,51,Female,sg_1776177885662_dqvdmv,diffuse,2,,psychology,high-psychology,What brain mechanisms help people make scientific discoveries?,link_click,2026-04-14T15:12:51.428Z,Prefrontal_cortex,,Role_of_chance_in_scientific_discoveries,,,,,,,,,,,,
18,Wikipedia_Exp_14.04,Wikipedia_Exp_13.04,51,Female,sg_1776177885662_dqvdmv,diffuse,2,,psychology,high-psychology,What brain mechanisms help people make scientific discoveries?,article_open,2026-04-14T15:12:52.662Z,Prefrontal_cortex,Prefrontal cortex,,6959,link_click,,,,,,,,,,
18,Wikipedia_Exp_14.04,Wikipedia_Exp_13.04,51,Female,sg_1776177885662_dqvdmv,diffuse,2,,psychology,high-psychology,What brain mechanisms help people make scientific discoveries?,paste,2026-04-14T15:13:15.397Z,,,,,,,,,,,"In mammalian brain anatomy, the prefrontal cortex (PFC) covers the front part of the frontal lobe of the human brain. It is the association cortex in the frontal lobe.[2][3] This region is responsible for processing and adapting one's thinking in order to meet certain goals in different situations",298,,,
18,Wikipedia_Exp_14.04,Wikipedia_Exp_13.04,51,Female,sg_1776177885662_dqvdmv,diffuse,2,,psychology,high-psychology,What brain mechanisms help people make scientific discoveries?,answer_snapshot,2026-04-14T15:13:17.400Z,,,,,,,"Psychologist Kevin Dunbar and colleagues estimate that between 30% and 50% of all scientific discoveries are accidental in some sense. findings were found to activate the prefrontal cortex as well as the left hemisphere in general. Hofmann experienced mental distortions and suspected it may have been the effects of LSD.Psychologist Kevin Dunbar and colleagues estimate that between 30% and 50% of all scientific discoveries are accidental in some senseMany domains, especially psychology, are concerned with the way science interacts with chance –particularly ""serendipity"" (accidents that, through sagacity, are transformed into opportunity) In mammalian brain anatomy, the prefrontal cortex (PFC) covers the front part of the frontal lobe of the human brain. It is the association cortex in the frontal lobe.[2][3] This region is responsible for processing and adapting one's thinking in order to meet certain goals in different situations",943,,,,,,,debounce
18,Wikipedia_Exp_14.04,Wikipedia_Exp_13.04,51,Female,sg_1776177885662_dqvdmv,diffuse,2,,psychology,high-psychology,What brain mechanisms help people make scientific discoveries?,answer_snapshot_cursor_leave,2026-04-14T15:13:38.518Z,,,,,,,"Psychologist Kevin Dunbar and colleagues estimate that between 30% and 50% of all scientific discoveries are accidental in some sense. findings were found to activate the prefrontal cortex as well as the left hemisphere in general. Hofmann experienced mental distortions and suspected it may have been the effects of LSD.Psychologist Kevin Dunbar and colleagues estimate that between 30% and 50% of all scientific discoveries are accidental in some senseMany domains, especially psychology, are concerned with the way science interacts with chance –particularly ""serendipity"" (accidents that, through sagacity, are transformed into opportunity) In mammalian brain anatomy, the prefrontal cortex (PFC) covers the front part of the frontal lobe of the human brain. It is the association cortex in the frontal lobe.[2][3] This region is responsible for processing and adapting one's thinking in order to meet certain goals in different situations",943,,,,,,,cursor_leave
18,Wikipedia_Exp_14.04,Wikipedia_Exp_13.04,51,Female,sg_1776177885662_dqvdmv,diffuse,2,,psychology,high-psychology,What brain mechanisms help people make scientific discoveries?,paste,2026-04-14T15:13:49.347Z,,,,,,,,,,,"This brain region has been implicated in executive functions, such as planning, decision making, working memory, personality expression, moderating social behavior and controlling certain aspects of speech and language",218,,,
18,Wikipedia_Exp_14.04,Wikipedia_Exp_13.04,51,Female,sg_1776177885662_dqvdmv,diffuse,2,,psychology,high-psychology,What brain mechanisms help people make scientific discoveries?,answer_snapshot,2026-04-14T15:13:51.349Z,,,,,,,"Psychologist Kevin Dunbar and colleagues estimate that between 30% and 50% of all scientific discoveries are accidental in some sense. findings were found to activate the prefrontal cortex as well as the left hemisphere in general. Hofmann experienced mental distortions and suspected it may have been the effects of LSD.Psychologist Kevin Dunbar and colleagues estimate that between 30% and 50% of all scientific discoveries are accidental in some senseMany domains, especially psychology, are concerned with the way science interacts with chance –particularly ""serendipity"" (accidents that, through sagacity, are transformed into opportunity) In mammalian brain anatomy, the prefrontal cortex (PFC) covers the front part of the frontal lobe of the human brain. It is the association cortex in the frontal lobe.[2][3] This region is responsible for processing and adapting one's thinking in order to meet certain goals in different situations This brain region has been implicated in executive functions, such as planning, decision making, working memory, personality expression, moderating social behavior and controlling certain aspects of speech and language",1162,,,,,,,debounce
18,Wikipedia_Exp_14.04,Wikipedia_Exp_13.04,51,Female,sg_1776177885662_dqvdmv,diffuse,2,,psychology,high-psychology,What brain mechanisms help people make scientific discoveries?,answer_snapshot_cursor_leave,2026-04-14T15:14:05.596Z,,,,,,,"Psychologist Kevin Dunbar and colleagues estimate that between 30% and 50% of all scientific discoveries are accidental in some sense. findings were found to activate the prefrontal cortex as well as the left hemisphere in general. Hofmann experienced mental distortions and suspected it may have been the effects of LSD.Psychologist Kevin Dunbar and colleagues estimate that between 30% and 50% of all scientific discoveries are accidental in some senseMany domains, especially psychology, are concerned with the way science interacts with chance –particularly ""serendipity"" (accidents that, through sagacity, are transformed into opportunity) In mammalian brain anatomy, the prefrontal cortex (PFC) covers the front part of the frontal lobe of the human brain. It is the association cortex in the frontal lobe.[2][3] This region is responsible for processing and adapting one's thinking in order to meet certain goals in different situations This brain region has been implicated in executive functions, such as planning, decision making, working memory, personality expression, moderating social behavior and controlling certain aspects of speech and language",1162,,,,,,,cursor_leave
18,Wikipedia_Exp_14.04,Wikipedia_Exp_13.04,51,Female,sg_1776177885662_dqvdmv,diffuse,2,,psychology,high-psychology,What brain mechanisms help people make scientific discoveries?,paste,2026-04-14T15:14:13.579Z,,,,,,,,,,,"The frontal cortex supports concrete rule learning, with more anterior regions supporting rule learning at higher levels of abstraction",135,,,
18,Wikipedia_Exp_14.04,Wikipedia_Exp_13.04,51,Female,sg_1776177885662_dqvdmv,diffuse,2,,psychology,high-psychology,What brain mechanisms help people make scientific discoveries?,answer_snapshot,2026-04-14T15:14:15.581Z,,,,,,,"Psychologist Kevin Dunbar and colleagues estimate that between 30% and 50% of all scientific discoveries are accidental in some sense. findings were found to activate the prefrontal cortex as well as the left hemisphere in general. Hofmann experienced mental distortions and suspected it may have been the effects of LSD.Psychologist Kevin Dunbar and colleagues estimate that between 30% and 50% of all scientific discoveries are accidental in some senseMany domains, especially psychology, are concerned with the way science interacts with chance –particularly ""serendipity"" (accidents that, through sagacity, are transformed into opportunity) In mammalian brain anatomy, the prefrontal cortex (PFC) covers the front part of the frontal lobe of the human brain. It is the association cortex in the frontal lobe.[2][3] This region is responsible for processing and adapting one's thinking in order to meet certain goals in different situations This brain region has been implicated in executive functions, such as planning, decision making, working memory, personality expression, moderating social behavior and controlling certain aspects of speech and language The frontal cortex supports concrete rule learning, with more anterior regions supporting rule learning at higher levels of abstraction",1298,,,,,,,debounce
18,Wikipedia_Exp_14.04,Wikipedia_Exp_13.04,51,Female,sg_1776177885662_dqvdmv,diffuse,2,,psychology,high-psychology,What brain mechanisms help people make scientific discoveries?,answer_snapshot,2026-04-14T15:14:21.898Z,,,,,,,"Psychologist Kevin Dunbar and colleagues estimate that between 30% and 50% of all scientific discoveries are accidental in some sense. findings were found to activate the prefrontal cortex as well as the left hemisphere in general. Hofmann experienced mental distortions and suspected it may have been the effects of LSD.Psychologist Kevin Dunbar and colleagues estimate that between 30% and 50% of all scientific discoveries are accidental in some senseMany domains, especially psychology, are concerned with the way science interacts with chance –particularly ""serendipity"" (accidents that, through sagacity, are transformed into opportunity) In mammalian brain anatomy, the prefrontal cortex (PFC) covers the front part of the frontal lobe of the human brain. It is the association cortex in the frontal lobe.[2][3] This region is responsible for processing and adapting one's thinking in order to meet certain goals in different situations This brain region has been implicated in executive functions, such as planning, decision making, working memory, personality expression, moderating social behavior and controlling certain aspects of speech and language The frontal cortex supports concrete rule learning, with more anterior regions supporting rule learning at higher levels of abstraction",1298,,,,,,,submit
18,Wikipedia_Exp_14.04,Wikipedia_Exp_13.04,51,Female,sg_1776177885662_dqvdmv,diffuse,2,,psychology,high-psychology,What brain mechanisms help people make scientific discoveries?,task_end,2026-04-14T15:14:21.898Z,,,,,,,,,"Psychologist Kevin Dunbar and colleagues estimate that between 30% and 50% of all scientific discoveries are accidental in some sense. findings were found to activate the prefrontal cortex as well as the left hemisphere in general. Hofmann experienced mental distortions and suspected it may have been the effects of LSD.Psychologist Kevin Dunbar and colleagues estimate that between 30% and 50% of all scientific discoveries are accidental in some senseMany domains, especially psychology, are concerned with the way science interacts with chance –particularly ""serendipity"" (accidents that, through sagacity, are transformed into opportunity) In mammalian brain anatomy, the prefrontal cortex (PFC) covers the front part of the frontal lobe of the human brain. It is the association cortex in the frontal lobe.[2][3] This region is responsible for processing and adapting one's thinking in order to meet certain goals in different situations This brain region has been implicated in executive functions, such as planning, decision making, working memory, personality expression, moderating social behavior and controlling certain aspects of speech and language The frontal cortex supports concrete rule learning, with more anterior regions supporting rule learning at higher levels of abstraction",1298,,,,,
23,Wikipedia_Exp_14.04,Wikipedia_Exp_13.04,36,Male,sg_1776179117963_vocjeu,clumpy,0,1,practice,practice-capybaras,What do Capybaras eat?,attention_check_pass,2026-04-14T15:06:48.764Z,,,,,,,,,,,,,,,attempt_1
23,Wikipedia_Exp_14.04,Wikipedia_Exp_13.04,36,Male,sg_1776179117963_vocjeu,clumpy,0,1,practice,practice-capybaras,What do Capybaras eat?,familiarity_rating,2026-04-14T15:08:34.212Z,,,,,,,,,,,,,3,4,
23,Wikipedia_Exp_14.04,Wikipedia_Exp_13.04,36,Male,sg_1776179117963_vocjeu,clumpy,0,1,practice,practice-capybaras,What do Capybaras eat?,task_start,2026-04-14T15:08:38.388Z,,,,,,,,,,,,,,,
23,Wikipedia_Exp_14.04,Wikipedia_Exp_13.04,36,Male,sg_1776179117963_vocjeu,clumpy,0,1,practice,practice-capybaras,What do Capybaras eat?,article_open,2026-04-14T15:08:40.577Z,Capybara,Capybara,,4650,,,,,,,,,,,
23,Wikipedia_Exp_14.04,Wikipedia_Exp_13.04,36,Male,sg_1776179117963_vocjeu,clumpy,0,1,practice,practice-capybaras,What do Capybaras eat?,search,2026-04-14T15:09:18.028Z,,,,,,What do Capybaras eat?,,,,,,,,,
23,Wikipedia_Exp_14.04,Wikipedia_Exp_13.04,36,Male,sg_1776179117963_vocjeu,clumpy,0,1,practice,practice-capybaras,What do Capybaras eat?,search,2026-04-14T15:09:19.112Z,,,,,,What do Capybaras eat?,,,,,,,,,
23,Wikipedia_Exp_14.04,Wikipedia_Exp_13.04,36,Male,sg_1776179117963_vocjeu,clumpy,0,1,practice,practice-capybaras,What do Capybaras eat?,search,2026-04-14T15:09:20.207Z,,,,,,What do Capybaras eat?,,,,,,,,,
23,Wikipedia_Exp_14.04,Wikipedia_Exp_13.04,36,Male,sg_1776179117963_vocjeu,clumpy,0,1,practice,practice-capybaras,What do Capybaras eat?,search,2026-04-14T15:09:55.351Z,,,,,,What do Capybaras eat?,,,,,,,,,
23,Wikipedia_Exp_14.04,Wikipedia_Exp_13.04,36,Male,sg_1776179117963_vocjeu,clumpy,0,1,practice,practice-capybaras,What do Capybaras eat?,paste,2026-04-14T15:11:06.327Z,,,,,,,,,,,"Capybaras are herbivores, grazing mainly on grasses and aquatic plants,[14][24] as well as fruit and tree bark.[15] They are very selective feeders[25] and feed on the leaves of one species and disregard other species surrounding it. They eat a greater variety of plants during the dry season, as fewer plants are available. While they eat grass during the wet season, they have to switch to more abundant reeds during the dry season.[26] Plants that capybaras eat during the summer lose their nutritional value in the winter, so they are not consumed at that time.[25] The capybara's jaw hinge is not perpendicular, so they chew food by grinding back-and-forth rather than side-to-side.[27] Capybaras are autocoprophagous,[28] meaning they eat their own feces as a source of bacterial gut flora, to help digest the cellulose in the grass that forms their normal diet, and to extract the maximum protein and vitamins from their food. They also regurgitate food to masticate again, similar to cud-chewing by cattle.[28][29] Like other rodents, a capybara's front teeth grow continually to compensate for the constant wear from eating grasses;",1141,,,
23,Wikipedia_Exp_14.04,Wikipedia_Exp_13.04,36,Male,sg_1776179117963_vocjeu,clumpy,0,1,practice,practice-capybaras,What do Capybaras eat?,answer_snapshot,2026-04-14T15:11:08.351Z,,,,,,,"Capybaras are herbivores, grazing mainly on grasses and aquatic plants,[14][24] as well as fruit and tree bark.[15] They are very selective feeders[25] and feed on the leaves of one species and disregard other species surrounding it. They eat a greater variety of plants during the dry season, as fewer plants are available. While they eat grass during the wet season, they have to switch to more abundant reeds during the dry season.[26] Plants that capybaras eat during the summer lose their nutritional value in the winter, so they are not consumed at that time.[25] The capybara's jaw hinge is not perpendicular, so they chew food by grinding back-and-forth rather than side-to-side.[27] Capybaras are autocoprophagous,[28] meaning they eat their own feces as a source of bacterial gut flora, to help digest the cellulose in the grass that forms their normal diet, and to extract the maximum protein and vitamins from their food. They also regurgitate food to masticate again, similar to cud-chewing by cattle.[28][29] Like other rodents, a capybara's front teeth grow continually to compensate for the constant wear from eating grasses;",1141,,,,,,,debounce
23,Wikipedia_Exp_14.04,Wikipedia_Exp_13.04,36,Male,sg_1776179117963_vocjeu,clumpy,0,1,practice,practice-capybaras,What do Capybaras eat?,answer_snapshot_cursor_leave,2026-04-14T15:11:09.106Z,,,,,,,"Capybaras are herbivores, grazing mainly on grasses and aquatic plants,[14][24] as well as fruit and tree bark.[15] They are very selective feeders[25] and feed on the leaves of one species and disregard other species surrounding it. They eat a greater variety of plants during the dry season, as fewer plants are available. While they eat grass during the wet season, they have to switch to more abundant reeds during the dry season.[26] Plants that capybaras eat during the summer lose their nutritional value in the winter, so they are not consumed at that time.[25] The capybara's jaw hinge is not perpendicular, so they chew food by grinding back-and-forth rather than side-to-side.[27] Capybaras are autocoprophagous,[28] meaning they eat their own feces as a source of bacterial gut flora, to help digest the cellulose in the grass that forms their normal diet, and to extract the maximum protein and vitamins from their food. They also regurgitate food to masticate again, similar to cud-chewing by cattle.[28][29] Like other rodents, a capybara's front teeth grow continually to compensate for the constant wear from eating grasses;",1141,,,,,,,cursor_leave
23,Wikipedia_Exp_14.04,Wikipedia_Exp_13.04,36,Male,sg_1776179117963_vocjeu,clumpy,0,1,practice,practice-capybaras,What do Capybaras eat?,answer_snapshot,2026-04-14T15:11:09.263Z,,,,,,,"Capybaras are herbivores, grazing mainly on grasses and aquatic plants,[14][24] as well as fruit and tree bark.[15] They are very selective feeders[25] and feed on the leaves of one species and disregard other species surrounding it. They eat a greater variety of plants during the dry season, as fewer plants are available. While they eat grass during the wet season, they have to switch to more abundant reeds during the dry season.[26] Plants that capybaras eat during the summer lose their nutritional value in the winter, so they are not consumed at that time.[25] The capybara's jaw hinge is not perpendicular, so they chew food by grinding back-and-forth rather than side-to-side.[27] Capybaras are autocoprophagous,[28] meaning they eat their own feces as a source of bacterial gut flora, to help digest the cellulose in the grass that forms their normal diet, and to extract the maximum protein and vitamins from their food. They also regurgitate food to masticate again, similar to cud-chewing by cattle.[28][29] Like other rodents, a capybara's front teeth grow continually to compensate for the constant wear from eating grasses;",1141,,,,,,,submit
23,Wikipedia_Exp_14.04,Wikipedia_Exp_13.04,36,Male,sg_1776179117963_vocjeu,clumpy,0,1,practice,practice-capybaras,What do Capybaras eat?,task_end,2026-04-14T15:11:09.264Z,,,,,,,,,"Capybaras are herbivores, grazing mainly on grasses and aquatic plants,[14][24] as well as fruit and tree bark.[15] They are very selective feeders[25] and feed on the leaves of one species and disregard other species surrounding it. They eat a greater variety of plants during the dry season, as fewer plants are available. While they eat grass during the wet season, they have to switch to more abundant reeds during the dry season.[26] Plants that capybaras eat during the summer lose their nutritional value in the winter, so they are not consumed at that time.[25] The capybara's jaw hinge is not perpendicular, so they chew food by grinding back-and-forth rather than side-to-side.[27] Capybaras are autocoprophagous,[28] meaning they eat their own feces as a source of bacterial gut flora, to help digest the cellulose in the grass that forms their normal diet, and to extract the maximum protein and vitamins from their food. They also regurgitate food to masticate again, similar to cud-chewing by cattle.[28][29] Like other rodents, a capybara's front teeth grow continually to compensate for the constant wear from eating grasses;",1141,,,,,
23,Wikipedia_Exp_14.04,Wikipedia_Exp_13.04,36,Male,sg_1776179117963_vocjeu,clumpy,1,,art_history,high-art-history,How do ancient works of art play a role in contemporary society?,familiarity_rating,2026-04-14T15:11:31.127Z,,,,,,,,,,,,,3,4,
23,Wikipedia_Exp_14.04,Wikipedia_Exp_13.04,36,Male,sg_1776179117963_vocjeu,clumpy,1,,art_history,high-art-history,How do ancient works of art play a role in contemporary society?,task_start,2026-04-14T15:11:35.467Z,,,,,,,,,,,,,,,
23,Wikipedia_Exp_14.04,Wikipedia_Exp_13.04,36,Male,sg_1776179117963_vocjeu,clumpy,1,,art_history,high-art-history,How do ancient works of art play a role in contemporary society?,search,2026-04-14T15:11:51.948Z,,,,,,How do ancient works of art play a role in contemporary society?,,,,,,,,,
23,Wikipedia_Exp_14.04,Wikipedia_Exp_13.04,36,Male,sg_1776179117963_vocjeu,clumpy,1,,art_history,high-art-history,How do ancient works of art play a role in contemporary society?,search,2026-04-14T15:11:53.443Z,,,,,,How do ancient works of art play a role in contemporary society?,,,,,,,,,
23,Wikipedia_Exp_14.04,Wikipedia_Exp_13.04,36,Male,sg_1776179117963_vocjeu,clumpy,1,,art_history,high-art-history,How do ancient works of art play a role in contemporary society?,search,2026-04-14T15:11:54.738Z,,,,,,How do ancient works of art play a role in contemporary society?,,,,,,,,,
23,Wikipedia_Exp_14.04,Wikipedia_Exp_13.04,36,Male,sg_1776179117963_vocjeu,clumpy,1,,art_history,high-art-history,How do ancient works of art play a role in contemporary society?,search,2026-04-14T15:12:12.055Z,,,,,,How do ancient works of art play a role in contemporary society,,,,,,,,,
23,Wikipedia_Exp_14.04,Wikipedia_Exp_13.04,36,Male,sg_1776179117963_vocjeu,clumpy,1,,art_history,high-art-history,How do ancient works of art play a role in contemporary society?,search,2026-04-14T15:12:13.278Z,,,,,,role of ,,,,,,,,,
23,Wikipedia_Exp_14.04,Wikipedia_Exp_13.04,36,Male,sg_1776179117963_vocjeu,clumpy,1,,art_history,high-art-history,How do ancient works of art play a role in contemporary society?,search,2026-04-14T15:12:14.297Z,,,,,,role of anci,,,,,,,,,
23,Wikipedia_Exp_14.04,Wikipedia_Exp_13.04,36,Male,sg_1776179117963_vocjeu,clumpy,1,,art_history,high-art-history,How do ancient works of art play a role in contemporary society?,search,2026-04-14T15:12:15.273Z,,,,,,role of ancin,,,,,,,,,
23,Wikipedia_Exp_14.04,Wikipedia_Exp_13.04,36,Male,sg_1776179117963_vocjeu,clumpy,1,,art_history,high-art-history,How do ancient works of art play a role in contemporary society?,search,2026-04-14T15:12:18.725Z,,,,,,role of anci,,,,,,,,,
23,Wikipedia_Exp_14.04,Wikipedia_Exp_13.04,36,Male,sg_1776179117963_vocjeu,clumpy,1,,art_history,high-art-history,How do ancient works of art play a role in contemporary society?,search,2026-04-14T15:12:19.893Z,,,,,,role of ancient ,,,,,,,,,
23,Wikipedia_Exp_14.04,Wikipedia_Exp_13.04,36,Male,sg_1776179117963_vocjeu,clumpy,1,,art_history,high-art-history,How do ancient works of art play a role in contemporary society?,search,2026-04-14T15:12:20.476Z,,,,,,role of ancient wor,,,,,,,,,
23,Wikipedia_Exp_14.04,Wikipedia_Exp_13.04,36,Male,sg_1776179117963_vocjeu,clumpy,1,,art_history,high-art-history,How do ancient works of art play a role in contemporary society?,search,2026-04-14T15:12:22.115Z,,,,,,role of ancient work of ,,,,,,,,,
23,Wikipedia_Exp_14.04,Wikipedia_Exp_13.04,36,Male,sg_1776179117963_vocjeu,clumpy,1,,art_history,high-art-history,How do ancient works of art play a role in contemporary society?,search,2026-04-14T15:12:22.588Z,,,,,,role of ancient work of a,,,,,,,,,
23,Wikipedia_Exp_14.04,Wikipedia_Exp_13.04,36,Male,sg_1776179117963_vocjeu,clumpy,1,,art_history,high-art-history,How do ancient works of art play a role in contemporary society?,search,2026-04-14T15:12:22.960Z,,,,,,role of ancient work of art,,,,,,,,,
23,Wikipedia_Exp_14.04,Wikipedia_Exp_13.04,36,Male,sg_1776179117963_vocjeu,clumpy,1,,art_history,high-art-history,How do ancient works of art play a role in contemporary society?,search,2026-04-14T15:12:24.213Z,,,,,,role of ancient work of art,,,,,,,,,
23,Wikipedia_Exp_14.04,Wikipedia_Exp_13.04,36,Male,sg_1776179117963_vocjeu,clumpy,1,,art_history,high-art-history,How do ancient works of art play a role in contemporary society?,article_open,2026-04-14T15:12:29.747Z,The_Work_of_Art_in_the_Age_of_Mechanical_Reproduction,The Work of Art in the Age of Mechanical Reproduction,,3684,search,,,,,,,,,,
23,Wikipedia_Exp_14.04,Wikipedia_Exp_13.04,36,Male,sg_1776179117963_vocjeu,clumpy,1,,art_history,high-art-history,How do ancient works of art play a role in contemporary society?,search,2026-04-14T15:12:47.739Z,,,,,,an,,,,,,,,,
23,Wikipedia_Exp_14.04,Wikipedia_Exp_13.04,36,Male,sg_1776179117963_vocjeu,clumpy,1,,art_history,high-art-history,How do ancient works of art play a role in contemporary society?,search,2026-04-14T15:12:48.467Z,,,,,,ancient ,,,,,,,,,
23,Wikipedia_Exp_14.04,Wikipedia_Exp_13.04,36,Male,sg_1776179117963_vocjeu,clumpy,1,,art_history,high-art-history,How do ancient works of art play a role in contemporary society?,search,2026-04-14T15:12:48.982Z,,,,,,ancient work of art ,,,,,,,,,
23,Wikipedia_Exp_14.04,Wikipedia_Exp_13.04,36,Male,sg_1776179117963_vocjeu,clumpy,1,,art_history,high-art-history,How do ancient works of art play a role in contemporary society?,search,2026-04-14T15:13:04.437Z,,,,,,role ancient work of art ,,,,,,,,,
23,Wikipedia_Exp_14.04,Wikipedia_Exp_13.04,36,Male,sg_1776179117963_vocjeu,clumpy,1,,art_history,high-art-history,How do ancient works of art play a role in contemporary society?,search,2026-04-14T15:13:05.053Z,,,,,,role of ancient work of art ,,,,,,,,,
23,Wikipedia_Exp_14.04,Wikipedia_Exp_13.04,36,Male,sg_1776179117963_vocjeu,clumpy,1,,art_history,high-art-history,How do ancient works of art play a role in contemporary society?,search,2026-04-14T15:13:06.402Z,,,,,,role of ancient work of art ,,,,,,,,,
23,Wikipedia_Exp_14.04,Wikipedia_Exp_13.04,36,Male,sg_1776179117963_vocjeu,clumpy,1,,art_history,high-art-history,How do ancient works of art play a role in contemporary society?,article_open,2026-04-14T15:13:26.826Z,History_of_art,History of art,,32283,search,,,,,,,,,,
23,Wikipedia_Exp_14.04,Wikipedia_Exp_13.04,36,Male,sg_1776179117963_vocjeu,clumpy,1,,art_history,high-art-history,How do ancient works of art play a role in contemporary society?,paste,2026-04-14T15:14:07.417Z,,,,,,,,,,," objects made by humans for any number of spiritual, narrative, philosophical, symbolic, conceptual, documentary, decorative, and even functional and other purposes, but with a primary emphasis on its aesthetic visual form. Visual art can be classified in diverse ways, such as separating fine arts from applied arts; inclusively focusing on human creativity; or focusing on different media such as architecture, sculpture, painting, film, photography, and graphic arts. In recent years, technological advances have led to video art, computer art, performance art, animation, television, and videogames.",603,,,
23,Wikipedia_Exp_14.04,Wikipedia_Exp_13.04,36,Male,sg_1776179117963_vocjeu,clumpy,1,,art_history,high-art-history,How do ancient works of art play a role in contemporary society?,answer_snapshot,2026-04-14T15:14:09.422Z,,,,,,," objects made by humans for any number of spiritual, narrative, philosophical, symbolic, conceptual, documentary, decorative, and even functional and other purposes, but with a primary emphasis on its aesthetic visual form. Visual art can be classified in diverse ways, such as separating fine arts from applied arts; inclusively focusing on human creativity; or focusing on different media such as architecture, sculpture, painting, film, photography, and graphic arts. In recent years, technological advances have led to video art, computer art, performance art, animation, television, and videogames.",603,,,,,,,debounce
23,Wikipedia_Exp_14.04,Wikipedia_Exp_13.04,36,Male,sg_1776179117963_vocjeu,clumpy,1,,art_history,high-art-history,How do ancient works of art play a role in contemporary society?,answer_snapshot,2026-04-14T15:16:15.940Z,,,,,,," objects made by humans for any number of spiritual, narrative, philosophical, symbolic, conceptual, documentary, decorative, and even functional and other purposes, but with a primary emphasis on its aesthetic visual form. Visual art can be classified in diverse ways, such as separating fine arts from applied arts; inclusively focusing on human creativity; or focusing on different media such as architecture, sculpture, painting, film, photography, and graphic arts. In recent years, technological advances have led to video art, computer art, performance art, animation, television, and video games.",604,,,,,,,debounce
23,Wikipedia_Exp_14.04,Wikipedia_Exp_13.04,36,Male,sg_1776179117963_vocjeu,clumpy,1,,art_history,high-art-history,How do ancient works of art play a role in contemporary society?,answer_snapshot,2026-04-14T15:21:38.292Z,,,,,,," objects made by humans for any number of spiritual, narrative, philosophical, symbolic, conceptual, documentary, decorative, and even functional and other purposes, but with a primary emphasis on its aesthetic visual form. Visual art can be classified in diverse ways, such as separating fine arts from applied arts; inclusively focusing on human creativity; or focusing on different media such as architecture, sculpture, painting, film, photography, and graphic arts. In recent years, technological advances have led to video art, computer art, performance art, animation, television, and video games.",604,,,,,,,submit
23,Wikipedia_Exp_14.04,Wikipedia_Exp_13.04,36,Male,sg_1776179117963_vocjeu,clumpy,1,,art_history,high-art-history,How do ancient works of art play a role in contemporary society?,task_end,2026-04-14T15:21:38.292Z,,,,,,,,," objects made by humans for any number of spiritual, narrative, philosophical, symbolic, conceptual, documentary, decorative, and even functional and other purposes, but with a primary emphasis on its aesthetic visual form. Visual art can be classified in diverse ways, such as separating fine arts from applied arts; inclusively focusing on human creativity; or focusing on different media such as architecture, sculpture, painting, film, photography, and graphic arts. In recent years, technological advances have led to video art, computer art, performance art, animation, television, and video games.",604,,,,,
23,Wikipedia_Exp_14.04,Wikipedia_Exp_13.04,36,Male,sg_1776179117963_vocjeu,clumpy,2,,psychology,high-psychology,What brain mechanisms help people make scientific discoveries?,familiarity_rating,2026-04-14T15:23:59.283Z,,,,,,,,,,,,,4,3,
23,Wikipedia_Exp_14.04,Wikipedia_Exp_13.04,36,Male,sg_1776179117963_vocjeu,clumpy,2,,psychology,high-psychology,What brain mechanisms help people make scientific discoveries?,task_start,2026-04-14T15:24:03.465Z,,,,,,,,,,,,,,,
23,Wikipedia_Exp_14.04,Wikipedia_Exp_13.04,36,Male,sg_1776179117963_vocjeu,clumpy,2,,psychology,high-psychology,What brain mechanisms help people make scientific discoveries?,search,2026-04-14T15:24:18.290Z,,,,,, brain mechanisms help people make scientific discoveries?,,,,,,,,,
23,Wikipedia_Exp_14.04,Wikipedia_Exp_13.04,36,Male,sg_1776179117963_vocjeu,clumpy,2,,psychology,high-psychology,What brain mechanisms help people make scientific discoveries?,article_open,2026-04-14T15:24:53.705Z,Role_of_chance_in_scientific_discoveries,Role of chance in scientific discoveries,,2029,search,,,,,,,,,,
23,Wikipedia_Exp_14.04,Wikipedia_Exp_13.04,36,Male,sg_1776179117963_vocjeu,clumpy,2,,psychology,high-psychology,What brain mechanisms help people make scientific discoveries?,paste,2026-04-14T15:26:41.349Z,,,,,,,,,,,"A model based on the work of Kevin Dunbar and Jonathan Fugelsang. According to them, the first step is to realize a result is unexpected and unexplained.
Accidental discoveries have been a topic of discussion especially from the 20th century onwards. Kevin Dunbar and Jonathan Fugelsang say that somewhere between 33% and 50% of all scientific discoveries are unexpected. This helps explain why scientists often call their discoveries ""lucky"", and yet scientists themselves may not be able to detail exactly what role luck played (see also introspection illusion). Dunbar and Fugelsang believe scientific discoveries are the result of carefully prepared experiments, but also ""prepared minds"".[2]

The author Nassim Nicholas Taleb calls science ""anti-fragile"". That is, science can actually use—and benefit from—the chaos of the real world. While some methods of investigation are fragile in the face of human error and randomness, the scientific method relies on randomness in many ways. Taleb believes that the more anti-fragile the system, the more it will flourish in the real world.[9][10] According to M. K. Stoskopf, it is in this way that serendipity is often the ""foundation for important intellectual leaps of understanding"" in science.[11]

The word ""Serendipity"" is frequently understood as simply ""a happy accident"", but Horace Walpole used the word 'serendipity' to refer to a certain kind of happy accident: the kind that can only be exploited by a ""sagacious"" or clever person.[11][12] Thus Dunbar and Fugelsang talk about, not just luck or chance in science, but specifically ""serendipity"" in science.[2]

Dunbar and Fugelsang suggest that the process of discovery often starts when a researcher finds bugs in their experiment. These unexpected results lead a researcher to self-doubt, and to try and fix what they think is an error in their own methodology. The first recourse is to explain the error using local hypotheses (e.g. analogies typical of the discipline). This process is also local in the sense that the scientist is relatively independent or else working with one partner. Eventually, the researcher decides that the error is too persistent and systematic to be a coincidence. Self-doubt is complete, and so the methods shift to become more broad: The researcher begins to think of theoretical explanations for the error, sometimes seeking the help of colleagues across different domains of expertise. The highly controlled, cautious, curious and even social aspects of the scientific method are what make it well suited for identifying persistent systematic errors (anomalies).[2][8]

Albert Hofmann, the Swiss chemist who discovered LSD's psychedelic properties when he tried ingesting it at his lab, wrote

It is true that my discovery of LSD was a chance discovery, but it was the outcome of planned experiments and these experiments took place in the framework of systematic pharmaceutical, chemical research. It could better be described as serendipity.[13]

Dunbar and colleagues cite the discoveries of Hofmann and others as having involved serendipity. In contrast, the mind can be ""prepared"" in ways that obstruct serendipity — making new knowledge difficult or impossible to take in. Psychologist Alan A. Baumeister describes at least one such instance: Researcher Robert Heath failed to recognize evidence of ""pleasure brain circuits"" (in the septal nuclei). When Heath stimulated the brains of his schizophrenic patients, some of them reported feeling pleasure — a finding that Heath could have explored. Heath, however, was ""prepared"" (based on prior beliefs) for patients to report alertness, and when other patients did, it was on the reports of alertness that Heath focused his investigations. Heath failed to realize he had seen something unexpected and unexplained.[4]

The brain
Fugelsang and Dunbar observe scientists while they work together in labs or analyze data, but they also use experimental settings and even neuroimaging.[2] fMRI investigation found that unexpected findings were associated with particular brain activity. Unexpected findings were found to activate the prefrontal cortex as well as the left hemisphere in general. This suggests that unexpected findings provoke more attention, and the brain applies more linguistic, conscious systems to help explain those findings. This supports the idea that scientists are using particular abilities that exist to some extent in all humans.[2][14]

Absent sagacity, a chance observation of an important phenomenon will have no impact, and the observer may be denied historical attribution for the discovery.

— Alan A. Baumeister [4]
On the other hand, Dunbar and Fugelsang say that an ingenious experimental design (and control conditions) may not be enough for the researcher to properly appreciate when a finding is ""unexpected"". Serendipitous discoveries often requires certain mental conditions in the investigator beyond rigor. For example, a scientist must know all about what is expected before they can be surprised, and this requires experience in the field.[2] Researchers also require the sagacity to know to invest in the most curious findings.[4]",5196,,,
23,Wikipedia_Exp_14.04,Wikipedia_Exp_13.04,36,Male,sg_1776179117963_vocjeu,clumpy,2,,psychology,high-psychology,What brain mechanisms help people make scientific discoveries?,answer_snapshot,2026-04-14T15:26:43.360Z,,,,,,,"A model based on the work of Kevin Dunbar and Jonathan Fugelsang. According to them, the first step is to realize a result is unexpected and unexplained.
Accidental discoveries have been a topic of discussion especially from the 20th century onwards. Kevin Dunbar and Jonathan Fugelsang say that somewhere between 33% and 50% of all scientific discoveries are unexpected. This helps explain why scientists often call their discoveries ""lucky"", and yet scientists themselves may not be able to detail exactly what role luck played (see also introspection illusion). Dunbar and Fugelsang believe scientific discoveries are the result of carefully prepared experiments, but also ""prepared minds"".[2]

The author Nassim Nicholas Taleb calls science ""anti-fragile"". That is, science can actually use—and benefit from—the chaos of the real world. While some methods of investigation are fragile in the face of human error and randomness, the scientific method relies on randomness in many ways. Taleb believes that the more anti-fragile the system, the more it will flourish in the real world.[9][10] According to M. K. Stoskopf, it is in this way that serendipity is often the ""foundation for important intellectual leaps of understanding"" in science.[11]

The word ""Serendipity"" is frequently understood as simply ""a happy accident"", but Horace Walpole used the word 'serendipity' to refer to a certain kind of happy accident: the kind that can only be exploited by a ""sagacious"" or clever person.[11][12] Thus Dunbar and Fugelsang talk about, not just luck or chance in science, but specifically ""serendipity"" in science.[2]

Dunbar and Fugelsang suggest that the process of discovery often starts when a researcher finds bugs in their experiment. These unexpected results lead a researcher to self-doubt, and to try and fix what they think is an error in their own methodology. The first recourse is to explain the error using local hypotheses (e.g. analogies typical of the discipline). This process is also local in the sense that the scientist is relatively independent or else working with one partner. Eventually, the researcher decides that the error is too persistent and systematic to be a coincidence. Self-doubt is complete, and so the methods shift to become more broad: The researcher begins to think of theoretical explanations for the error, sometimes seeking the help of colleagues across different domains of expertise. The highly controlled, cautious, curious and even social aspects of the scientific method are what make it well suited for identifying persistent systematic errors (anomalies).[2][8]

Albert Hofmann, the Swiss chemist who discovered LSD's psychedelic properties when he tried ingesting it at his lab, wrote

It is true that my discovery of LSD was a chance discovery, but it was the outcome of planned experiments and these experiments took place in the framework of systematic pharmaceutical, chemical research. It could better be described as serendipity.[13]

Dunbar and colleagues cite the discoveries of Hofmann and others as having involved serendipity. In contrast, the mind can be ""prepared"" in ways that obstruct serendipity — making new knowledge difficult or impossible to take in. Psychologist Alan A. Baumeister describes at least one such instance: Researcher Robert Heath failed to recognize evidence of ""pleasure brain circuits"" (in the septal nuclei). When Heath stimulated the brains of his schizophrenic patients, some of them reported feeling pleasure — a finding that Heath could have explored. Heath, however, was ""prepared"" (based on prior beliefs) for patients to report alertness, and when other patients did, it was on the reports of alertness that Heath focused his investigations. Heath failed to realize he had seen something unexpected and unexplained.[4]

The brain
Fugelsang and Dunbar observe scientists while they work together in labs or analyze data, but they also use experimental settings and even neuroimaging.[2] fMRI investigation found that unexpected findings were associated with particular brain activity. Unexpected findings were found to activate the prefrontal cortex as well as the left hemisphere in general. This suggests that unexpected findings provoke more attention, and the brain applies more linguistic, conscious systems to help explain those findings. This supports the idea that scientists are using particular abilities that exist to some extent in all humans.[2][14]

Absent sagacity, a chance observation of an important phenomenon will have no impact, and the observer may be denied historical attribution for the discovery.

— Alan A. Baumeister [4]
On the other hand, Dunbar and Fugelsang say that an ingenious experimental design (and control conditions) may not be enough for the researcher to properly appreciate when a finding is ""unexpected"". Serendipitous discoveries often requires certain mental conditions in the investigator beyond rigor. For example, a scientist must know all about what is expected before they can be surprised, and this requires experience in the field.[2] Researchers also require the sagacity to know to invest in the most curious findings.[4]",5175,,,,,,,debounce
23,Wikipedia_Exp_14.04,Wikipedia_Exp_13.04,36,Male,sg_1776179117963_vocjeu,clumpy,2,,psychology,high-psychology,What brain mechanisms help people make scientific discoveries?,answer_snapshot_cursor_leave,2026-04-14T15:27:01.893Z,,,,,,,"A model based on the work of Kevin Dunbar and Jonathan Fugelsang. According to them, the first step is to realize a result is unexpected and unexplained.
Accidental discoveries have been a topic of discussion especially from the 20th century onwards. Kevin Dunbar and Jonathan Fugelsang say that somewhere between 33% and 50% of all scientific discoveries are unexpected. This helps explain why scientists often call their discoveries ""lucky"", and yet scientists themselves may not be able to detail exactly what role luck played (see also introspection illusion). Dunbar and Fugelsang believe scientific discoveries are the result of carefully prepared experiments, but also ""prepared minds"".[2]

The author Nassim Nicholas Taleb calls science ""anti-fragile"". That is, science can actually use—and benefit from—the chaos of the real world. While some methods of investigation are fragile in the face of human error and randomness, the scientific method relies on randomness in many ways. Taleb believes that the more anti-fragile the system, the more it will flourish in the real world.[9][10] According to M. K. Stoskopf, it is in this way that serendipity is often the ""foundation for important intellectual leaps of understanding"" in science.[11]

The word ""Serendipity"" is frequently understood as simply ""a happy accident"", but Horace Walpole used the word 'serendipity' to refer to a certain kind of happy accident: the kind that can only be exploited by a ""sagacious"" or clever person.[11][12] Thus Dunbar and Fugelsang talk about, not just luck or chance in science, but specifically ""serendipity"" in science.[2]

Dunbar and Fugelsang suggest that the process of discovery often starts when a researcher finds bugs in their experiment. These unexpected results lead a researcher to self-doubt, and to try and fix what they think is an error in their own methodology. The first recourse is to explain the error using local hypotheses (e.g. analogies typical of the discipline). This process is also local in the sense that the scientist is relatively independent or else working with one partner. Eventually, the researcher decides that the error is too persistent and systematic to be a coincidence. Self-doubt is complete, and so the methods shift to become more broad: The researcher begins to think of theoretical explanations for the error, sometimes seeking the help of colleagues across different domains of expertise. The highly controlled, cautious, curious and even social aspects of the scientific method are what make it well suited for identifying persistent systematic errors (anomalies).[2][8]

Albert Hofmann, the Swiss chemist who discovered LSD's psychedelic properties when he tried ingesting it at his lab, wrote

It is true that my discovery of LSD was a chance discovery, but it was the outcome of planned experiments and these experiments took place in the framework of systematic pharmaceutical, chemical research. It could better be described as serendipity.[13]

Dunbar and colleagues cite the discoveries of Hofmann and others as having involved serendipity. In contrast, the mind can be ""prepared"" in ways that obstruct serendipity — making new knowledge difficult or impossible to take in. Psychologist Alan A. Baumeister describes at least one such instance: Researcher Robert Heath failed to recognize evidence of ""pleasure brain circuits"" (in the septal nuclei). When Heath stimulated the brains of his schizophrenic patients, some of them reported feeling pleasure — a finding that Heath could have explored. Heath, however, was ""prepared"" (based on prior beliefs) for patients to report alertness, and when other patients did, it was on the reports of alertness that Heath focused his investigations. Heath failed to realize he had seen something unexpected and unexplained.[4]

The brain
Fugelsang and Dunbar observe scientists while they work together in labs or analyze data, but they also use experimental settings and even neuroimaging.[2] fMRI investigation found that unexpected findings were associated with particular brain activity. Unexpected findings were found to activate the prefrontal cortex as well as the left hemisphere in general. This suggests that unexpected findings provoke more attention, and the brain applies more linguistic, conscious systems to help explain those findings. This supports the idea that scientists are using particular abilities that exist to some extent in all humans.[2][14]

Absent sagacity, a chance observation of an important phenomenon will have no impact, and the observer may be denied historical attribution for the discovery.

— Alan A. Baumeister [4]
On the other hand, Dunbar and Fugelsang say that an ingenious experimental design (and control conditions) may not be enough for the researcher to properly appreciate when a finding is ""unexpected"". Serendipitous discoveries often requires certain mental conditions in the investigator beyond rigor. For example, a scientist must know all about what is expected before they can be surprised, and this requires experience in the field.[2] Researchers also require the sagacity to know to invest in the most curious findings.[4]",5175,,,,,,,cursor_leave
23,Wikipedia_Exp_14.04,Wikipedia_Exp_13.04,36,Male,sg_1776179117963_vocjeu,clumpy,2,,psychology,high-psychology,What brain mechanisms help people make scientific discoveries?,paste,2026-04-14T15:27:16.067Z,,,,,,,,,,,"Royston Roberts says that various discoveries required a degree of genius, but also some lucky element for that genius to act on.[15] Richard Gaughan writes that accidental discoveries result from the convergence of preparation, opportunity, and desire.[16]

An example of luck in science is when drugs under investigation become known for different, unexpected uses. This was the case for minoxidil (an antihypertensive vasodilator that was subsequently found to also slow hair loss and promote hair regrowth in some people) and for sildenafil (a medicine for pulmonary arterial hypertension, now familiar as ""Viagra"", used to treat erectile dysfunction).

The hallucinogenic effects of lysergic acid diethylamide (LSD) were discovered by Albert Hofmann, who was originally working with the substance to try and treat migraines and bleeding after childbirth. Hofmann experienced mental distortions and suspected it may have been the effects of LSD. He decided to test this hypothesis on himself by taking what he thought was ""an extremely small quantity"": 250 micrograms. For comparison, a typical dose of LSD for recreational use in the modern day is 50 micrograms. Hofmann's description of what he experienced as a result of taking so much LSD is regarded by Royston Roberts as ""one of the most frightening accounts in recorded medical history"".[15]",1356,,,
23,Wikipedia_Exp_14.04,Wikipedia_Exp_13.04,36,Male,sg_1776179117963_vocjeu,clumpy,2,,psychology,high-psychology,What brain mechanisms help people make scientific discoveries?,answer_snapshot,2026-04-14T15:27:18.072Z,,,,,,,"A model based on the work of Kevin Dunbar and Jonathan Fugelsang. According to them, the first step is to realize a result is unexpected and unexplained.
Accidental discoveries have been a topic of discussion especially from the 20th century onwards. Kevin Dunbar and Jonathan Fugelsang say that somewhere between 33% and 50% of all scientific discoveries are unexpected. This helps explain why scientists often call their discoveries ""lucky"", and yet scientists themselves may not be able to detail exactly what role luck played (see also introspection illusion). Dunbar and Fugelsang believe scientific discoveries are the result of carefully prepared experiments, but also ""prepared minds"".[2]

The author Nassim Nicholas Taleb calls science ""anti-fragile"". That is, science can actually use—and benefit from—the chaos of the real world. While some methods of investigation are fragile in the face of human error and randomness, the scientific method relies on randomness in many ways. Taleb believes that the more anti-fragile the system, the more it will flourish in the real world.[9][10] According to M. K. Stoskopf, it is in this way that serendipity is often the ""foundation for important intellectual leaps of understanding"" in science.[11]

The word ""Serendipity"" is frequently understood as simply ""a happy accident"", but Horace Walpole used the word 'serendipity' to refer to a certain kind of happy accident: the kind that can only be exploited by a ""sagacious"" or clever person.[11][12] Thus Dunbar and Fugelsang talk about, not just luck or chance in science, but specifically ""serendipity"" in science.[2]

Dunbar and Fugelsang suggest that the process of discovery often starts when a researcher finds bugs in their experiment. These unexpected results lead a researcher to self-doubt, and to try and fix what they think is an error in their own methodology. The first recourse is to explain the error using local hypotheses (e.g. analogies typical of the discipline). This process is also local in the sense that the scientist is relatively independent or else working with one partner. Eventually, the researcher decides that the error is too persistent and systematic to be a coincidence. Self-doubt is complete, and so the methods shift to become more broad: The researcher begins to think of theoretical explanations for the error, sometimes seeking the help of colleagues across different domains of expertise. The highly controlled, cautious, curious and even social aspects of the scientific method are what make it well suited for identifying persistent systematic errors (anomalies).[2][8]

Albert Hofmann, the Swiss chemist who discovered LSD's psychedelic properties when he tried ingesting it at his lab, wrote

It is true that my discovery of LSD was a chance discovery, but it was the outcome of planned experiments and these experiments took place in the framework of systematic pharmaceutical, chemical research. It could better be described as serendipity.[13]

Dunbar and colleagues cite the discoveries of Hofmann and others as having involved serendipity. In contrast, the mind can be ""prepared"" in ways that obstruct serendipity — making new knowledge difficult or impossible to take in. Psychologist Alan A. Baumeister describes at least one such instance: Researcher Robert Heath failed to recognize evidence of ""pleasure brain circuits"" (in the septal nuclei). When Heath stimulated the brains of his schizophrenic patients, some of them reported feeling pleasure — a finding that Heath could have explored. Heath, however, was ""prepared"" (based on prior beliefs) for patients to report alertness, and when other patients did, it was on the reports of alertness that Heath focused his investigations. Heath failed to realize he had seen something unexpected and unexplained.[4]

The brain
Fugelsang and Dunbar observe scientists while they work together in labs or analyze data, but they also use experimental settings and even neuroimaging.[2] fMRI investigation found that unexpected findings were associated with particular brain activity. Unexpected findings were found to activate the prefrontal cortex as well as the left hemisphere in general. This suggests that unexpected findings provoke more attention, and the brain applies more linguistic, conscious systems to help explain those findings. This supports the idea that scientists are using particular abilities that exist to some extent in all humans.[2][14]

Absent sagacity, a chance observation of an important phenomenon will have no impact, and the observer may be denied historical attribution for the discovery.

— Alan A. Baumeister [4]
On the other hand, Dunbar and Fugelsang say that an ingenious experimental design (and control conditions) may not be enough for the researcher to properly appreciate when a finding is ""unexpected"". Serendipitous discoveries often requires certain mental conditions in the investigator beyond rigor. For example, a scientist must know all about what is expected before they can be surprised, and this requires experience in the field.[2] Researchers also require the sagacity to know to invest in the most curious findings.[4]
Royston Roberts says that various discoveries required a degree of genius, but also some lucky element for that genius to act on.[15] Richard Gaughan writes that accidental discoveries result from the convergence of preparation, opportunity, and desire.[16]

An example of luck in science is when drugs under investigation become known for different, unexpected uses. This was the case for minoxidil (an antihypertensive vasodilator that was subsequently found to also slow hair loss and promote hair regrowth in some people) and for sildenafil (a medicine for pulmonary arterial hypertension, now familiar as ""Viagra"", used to treat erectile dysfunction).

The hallucinogenic effects of lysergic acid diethylamide (LSD) were discovered by Albert Hofmann, who was originally working with the substance to try and treat migraines and bleeding after childbirth. Hofmann experienced mental distortions and suspected it may have been the effects of LSD. He decided to test this hypothesis on himself by taking what he thought was ""an extremely small quantity"": 250 micrograms. For comparison, a typical dose of LSD for recreational use in the modern day is 50 micrograms. Hofmann's description of what he experienced as a result of taking so much LSD is regarded by Royston Roberts as ""one of the most frightening accounts in recorded medical history"".[15]",6528,,,,,,,debounce
23,Wikipedia_Exp_14.04,Wikipedia_Exp_13.04,36,Male,sg_1776179117963_vocjeu,clumpy,2,,psychology,high-psychology,What brain mechanisms help people make scientific discoveries?,answer_snapshot,2026-04-14T15:34:07.239Z,,,,,,,"A model based on the work of Kevin Dunbar and Jonathan Fugelsang. According to them, the first step is to realize a result is unexpected and unexplained.
Accidental discoveries have been a topic of discussion especially from the 20th century onwards. Kevin Dunbar and Jonathan Fugelsang say that somewhere between 33% and 50% of all scientific discoveries are unexpected. This helps explain why scientists often call their discoveries ""lucky"", and yet scientists themselves may not be able to detail exactly what role luck played (see also introspection illusion). Dunbar and Fugelsang believe scientific discoveries are the result of carefully prepared experiments, but also ""prepared minds"".[2]

The author Nassim Nicholas Taleb calls science ""anti-fragile"". That is, science can actually use—and benefit from—the chaos of the real world. While some methods of investigation are fragile in the face of human error and randomness, the scientific method relies on randomness in many ways. Taleb believes that the more anti-fragile the system, the more it will flourish in the real world.[9][10] According to M. K. Stoskopf, it is in this way that serendipity is often the ""foundation for important intellectual leaps of understanding"" in science.[11]

The word ""Serendipity"" is frequently understood as simply ""a happy accident"", but Horace Walpole used the word 'serendipity' to refer to a certain kind of happy accident: the kind that can only be exploited by a ""sagacious"" or clever person.[11][12] Thus Dunbar and Fugelsang talk about, not just luck or chance in science, but specifically ""serendipity"" in science.[2]

Dunbar and Fugelsang suggest that the process of discovery often starts when a researcher finds bugs in their experiment. These unexpected results lead a researcher to self-doubt, and to try and fix what they think is an error in their own methodology. The first recourse is to explain the error using local hypotheses (e.g. analogies typical of the discipline). This process is also local in the sense that the scientist is relatively independent or else working with one partner. Eventually, the researcher decides that the error is too persistent and systematic to be a coincidence. Self-doubt is complete, and so the methods shift to become more broad: The researcher begins to think of theoretical explanations for the error, sometimes seeking the help of colleagues across different domains of expertise. The highly controlled, cautious, curious and even social aspects of the scientific method are what make it well suited for identifying persistent systematic errors (anomalies).[2][8]

Albert Hofmann, the Swiss chemist who discovered LSD's psychedelic properties when he tried ingesting it at his lab, wrote

It is true that my discovery of LSD was a chance discovery, but it was the outcome of planned experiments and these experiments took place in the framework of systematic pharmaceutical, chemical research. It could better be described as serendipity.[13]

Dunbar and colleagues cite the discoveries of Hofmann and others as having involved serendipity. In contrast, the mind can be ""prepared"" in ways that obstruct serendipity — making new knowledge difficult or impossible to take in. Psychologist Alan A. Baumeister describes at least one such instance: Researcher Robert Heath failed to recognize evidence of ""pleasure brain circuits"" (in the septal nuclei). When Heath stimulated the brains of his schizophrenic patients, some of them reported feeling pleasure — a finding that Heath could have explored. Heath, however, was ""prepared"" (based on prior beliefs) for patients to report alertness, and when other patients did, it was on the reports of alertness that Heath focused his investigations. Heath failed to realize he had seen something unexpected and unexplained.[4]

The brain
Fugelsang and Dunbar observe scientists while they work together in labs or analyze data, but they also use experimental settings and even neuroimaging.[2] fMRI investigation found that unexpected findings were associated with particular brain activity. Unexpected findings were found to activate the prefrontal cortex as well as the left hemisphere in general. This suggests that unexpected findings provoke more attention, and the brain applies more linguistic, conscious systems to help explain those findings. This supports the idea that scientists are using particular abilities that exist to some extent in all humans.[2][14]

Absent sagacity, a chance observation of an important phenomenon will have no impact, and the observer may be denied historical attribution for the discovery.

— Alan A. Baumeister [4]
On the other hand, Dunbar and Fugelsang say that an ingenious experimental design (and control conditions) may not be enough for the researcher to properly appreciate when a finding is ""unexpected"". Serendipitous discoveries often requires certain mental conditions in the investigator beyond rigor. For example, a scientist must know all about what is expected before they can be surprised, and this requires experience in the field.[2] Researchers also require the sagacity to know to invest in the most curious findings.[4]
Royston Roberts says that various discoveries required a degree of genius, but also some lucky element for that genius to act on.[15] Richard Gaughan writes that accidental discoveries result from the convergence of preparation, opportunity, and desire.[16]

An example of luck in science is when drugs under investigation become known for different, unexpected uses. This was the case for minoxidil (an antihypertensive vasodilator that was subsequently found to also slow hair loss and promote hair regrowth in some people) and for sildenafil (a medicine for pulmonary arterial hypertension, now familiar as ""Viagra"", used to treat erectile dysfunction).

The hallucinogenic effects of lysergic acid diethylamide (LSD) were discovered by Albert Hofmann, who was originally working with the substance to try and treat migraines and bleeding after childbirth. Hofmann experienced mental distortions and suspected it may have been the effects of LSD. He decided to test this hypothesis on himself by taking what he thought was ""an extremely small quantity"": 250 micrograms. For comparison, a typical dose of LSD for recreational use in the modern day is 50 micrograms. Hofmann's description of what he experienced as a result of taking so much LSD is regarded by Royston Roberts as ""one of the most frightening accounts in recorded medical history"".[15]",6528,,,,,,,submit
23,Wikipedia_Exp_14.04,Wikipedia_Exp_13.04,36,Male,sg_1776179117963_vocjeu,clumpy,2,,psychology,high-psychology,What brain mechanisms help people make scientific discoveries?,task_end,2026-04-14T15:34:07.239Z,,,,,,,,,"A model based on the work of Kevin Dunbar and Jonathan Fugelsang. According to them, the first step is to realize a result is unexpected and unexplained.
Accidental discoveries have been a topic of discussion especially from the 20th century onwards. Kevin Dunbar and Jonathan Fugelsang say that somewhere between 33% and 50% of all scientific discoveries are unexpected. This helps explain why scientists often call their discoveries ""lucky"", and yet scientists themselves may not be able to detail exactly what role luck played (see also introspection illusion). Dunbar and Fugelsang believe scientific discoveries are the result of carefully prepared experiments, but also ""prepared minds"".[2]

The author Nassim Nicholas Taleb calls science ""anti-fragile"". That is, science can actually use—and benefit from—the chaos of the real world. While some methods of investigation are fragile in the face of human error and randomness, the scientific method relies on randomness in many ways. Taleb believes that the more anti-fragile the system, the more it will flourish in the real world.[9][10] According to M. K. Stoskopf, it is in this way that serendipity is often the ""foundation for important intellectual leaps of understanding"" in science.[11]

The word ""Serendipity"" is frequently understood as simply ""a happy accident"", but Horace Walpole used the word 'serendipity' to refer to a certain kind of happy accident: the kind that can only be exploited by a ""sagacious"" or clever person.[11][12] Thus Dunbar and Fugelsang talk about, not just luck or chance in science, but specifically ""serendipity"" in science.[2]

Dunbar and Fugelsang suggest that the process of discovery often starts when a researcher finds bugs in their experiment. These unexpected results lead a researcher to self-doubt, and to try and fix what they think is an error in their own methodology. The first recourse is to explain the error using local hypotheses (e.g. analogies typical of the discipline). This process is also local in the sense that the scientist is relatively independent or else working with one partner. Eventually, the researcher decides that the error is too persistent and systematic to be a coincidence. Self-doubt is complete, and so the methods shift to become more broad: The researcher begins to think of theoretical explanations for the error, sometimes seeking the help of colleagues across different domains of expertise. The highly controlled, cautious, curious and even social aspects of the scientific method are what make it well suited for identifying persistent systematic errors (anomalies).[2][8]

Albert Hofmann, the Swiss chemist who discovered LSD's psychedelic properties when he tried ingesting it at his lab, wrote

It is true that my discovery of LSD was a chance discovery, but it was the outcome of planned experiments and these experiments took place in the framework of systematic pharmaceutical, chemical research. It could better be described as serendipity.[13]

Dunbar and colleagues cite the discoveries of Hofmann and others as having involved serendipity. In contrast, the mind can be ""prepared"" in ways that obstruct serendipity — making new knowledge difficult or impossible to take in. Psychologist Alan A. Baumeister describes at least one such instance: Researcher Robert Heath failed to recognize evidence of ""pleasure brain circuits"" (in the septal nuclei). When Heath stimulated the brains of his schizophrenic patients, some of them reported feeling pleasure — a finding that Heath could have explored. Heath, however, was ""prepared"" (based on prior beliefs) for patients to report alertness, and when other patients did, it was on the reports of alertness that Heath focused his investigations. Heath failed to realize he had seen something unexpected and unexplained.[4]

The brain
Fugelsang and Dunbar observe scientists while they work together in labs or analyze data, but they also use experimental settings and even neuroimaging.[2] fMRI investigation found that unexpected findings were associated with particular brain activity. Unexpected findings were found to activate the prefrontal cortex as well as the left hemisphere in general. This suggests that unexpected findings provoke more attention, and the brain applies more linguistic, conscious systems to help explain those findings. This supports the idea that scientists are using particular abilities that exist to some extent in all humans.[2][14]

Absent sagacity, a chance observation of an important phenomenon will have no impact, and the observer may be denied historical attribution for the discovery.

— Alan A. Baumeister [4]
On the other hand, Dunbar and Fugelsang say that an ingenious experimental design (and control conditions) may not be enough for the researcher to properly appreciate when a finding is ""unexpected"". Serendipitous discoveries often requires certain mental conditions in the investigator beyond rigor. For example, a scientist must know all about what is expected before they can be surprised, and this requires experience in the field.[2] Researchers also require the sagacity to know to invest in the most curious findings.[4]
Royston Roberts says that various discoveries required a degree of genius, but also some lucky element for that genius to act on.[15] Richard Gaughan writes that accidental discoveries result from the convergence of preparation, opportunity, and desire.[16]

An example of luck in science is when drugs under investigation become known for different, unexpected uses. This was the case for minoxidil (an antihypertensive vasodilator that was subsequently found to also slow hair loss and promote hair regrowth in some people) and for sildenafil (a medicine for pulmonary arterial hypertension, now familiar as ""Viagra"", used to treat erectile dysfunction).

The hallucinogenic effects of lysergic acid diethylamide (LSD) were discovered by Albert Hofmann, who was originally working with the substance to try and treat migraines and bleeding after childbirth. Hofmann experienced mental distortions and suspected it may have been the effects of LSD. He decided to test this hypothesis on himself by taking what he thought was ""an extremely small quantity"": 250 micrograms. For comparison, a typical dose of LSD for recreational use in the modern day is 50 micrograms. Hofmann's description of what he experienced as a result of taking so much LSD is regarded by Royston Roberts as ""one of the most frightening accounts in recorded medical history"".[15]",6528,,,,,
25,Wikipedia_Exp_14.04,Wikipedia_Exp_13.04,33,Male,sg_1776179264283_o34au0,clumpy,0,1,practice,practice-capybaras,What do Capybaras eat?,attention_check_pass,2026-04-14T15:09:27.864Z,,,,,,,,,,,,,,,attempt_1
25,Wikipedia_Exp_14.04,Wikipedia_Exp_13.04,33,Male,sg_1776179264283_o34au0,clumpy,0,1,practice,practice-capybaras,What do Capybaras eat?,familiarity_rating,2026-04-14T15:09:37.629Z,,,,,,,,,,,,,1,7,
25,Wikipedia_Exp_14.04,Wikipedia_Exp_13.04,33,Male,sg_1776179264283_o34au0,clumpy,0,1,practice,practice-capybaras,What do Capybaras eat?,task_start,2026-04-14T15:09:38.129Z,,,,,,,,,,,,,,,
25,Wikipedia_Exp_14.04,Wikipedia_Exp_13.04,33,Male,sg_1776179264283_o34au0,clumpy,0,1,practice,practice-capybaras,What do Capybaras eat?,article_open,2026-04-14T15:09:38.494Z,Capybara,Capybara,,4650,,,,,,,,,,,
25,Wikipedia_Exp_14.04,Wikipedia_Exp_13.04,33,Male,sg_1776179264283_o34au0,clumpy,0,1,practice,practice-capybaras,What do Capybaras eat?,answer_snapshot,2026-04-14T15:10:49.858Z,,,,,,,From ,5,,,,,,,debounce
25,Wikipedia_Exp_14.04,Wikipedia_Exp_13.04,33,Male,sg_1776179264283_o34au0,clumpy,0,1,practice,practice-capybaras,What do Capybaras eat?,answer_snapshot,2026-04-14T15:10:53.962Z,,,,,,,From its name,13,,,,,,,debounce
25,Wikipedia_Exp_14.04,Wikipedia_Exp_13.04,33,Male,sg_1776179264283_o34au0,clumpy,0,1,practice,practice-capybaras,What do Capybaras eat?,answer_snapshot,2026-04-14T15:11:15.676Z,,,,,,,From its common name,20,,,,,,,debounce
25,Wikipedia_Exp_14.04,Wikipedia_Exp_13.04,33,Male,sg_1776179264283_o34au0,clumpy,0,1,practice,practice-capybaras,What do Capybaras eat?,answer_snapshot_cursor_leave,2026-04-14T15:11:17.019Z,,,,,,,From its common name,20,,,,,,,cursor_leave
25,Wikipedia_Exp_14.04,Wikipedia_Exp_13.04,33,Male,sg_1776179264283_o34au0,clumpy,0,1,practice,practice-capybaras,What do Capybaras eat?,paste,2026-04-14T15:11:22.702Z,,,,,,,,,,," Tupi ka'apiûara,",17,,,
25,Wikipedia_Exp_14.04,Wikipedia_Exp_13.04,33,Male,sg_1776179264283_o34au0,clumpy,0,1,practice,practice-capybaras,What do Capybaras eat?,answer_snapshot,2026-04-14T15:11:24.712Z,,,,,,,"From its common name  Tupi ka'apiûara,",38,,,,,,,debounce
25,Wikipedia_Exp_14.04,Wikipedia_Exp_13.04,33,Male,sg_1776179264283_o34au0,clumpy,0,1,practice,practice-capybaras,What do Capybaras eat?,answer_snapshot,2026-04-14T15:11:39.627Z,,,,,,,"From its common name meaning Tupi ka'apiûara,",45,,,,,,,debounce
25,Wikipedia_Exp_14.04,Wikipedia_Exp_13.04,33,Male,sg_1776179264283_o34au0,clumpy,0,1,practice,practice-capybaras,What do Capybaras eat?,answer_snapshot,2026-04-14T15:11:43.224Z,,,,,,,"From its common name meaning Tupi ka'apiûara, ",46,,,,,,,debounce
25,Wikipedia_Exp_14.04,Wikipedia_Exp_13.04,33,Male,sg_1776179264283_o34au0,clumpy,0,1,practice,practice-capybaras,What do Capybaras eat?,answer_snapshot_cursor_leave,2026-04-14T15:11:43.511Z,,,,,,,"From its common name meaning Tupi ka'apiûara, ",46,,,,,,,cursor_leave
25,Wikipedia_Exp_14.04,Wikipedia_Exp_13.04,33,Male,sg_1776179264283_o34au0,clumpy,0,1,practice,practice-capybaras,What do Capybaras eat?,paste,2026-04-14T15:11:45.356Z,,,,,,,,,,,"""one who eats slender leaves"",",30,,,
25,Wikipedia_Exp_14.04,Wikipedia_Exp_13.04,33,Male,sg_1776179264283_o34au0,clumpy,0,1,practice,practice-capybaras,What do Capybaras eat?,answer_snapshot,2026-04-14T15:11:55.234Z,,,,,,,"From its common name meaning Tupi ka'apiûara, ""one who eats slender leaves"", we see that it eats grasses",104,,,,,,,debounce
25,Wikipedia_Exp_14.04,Wikipedia_Exp_13.04,33,Male,sg_1776179264283_o34au0,clumpy,0,1,practice,practice-capybaras,What do Capybaras eat?,answer_snapshot,2026-04-14T15:11:57.483Z,,,,,,,"From its common name meaning Tupi ka'apiûara, ""one who eats slender leaves"", we see that it eats grasses.",105,,,,,,,debounce
25,Wikipedia_Exp_14.04,Wikipedia_Exp_13.04,33,Male,sg_1776179264283_o34au0,clumpy,0,1,practice,practice-capybaras,What do Capybaras eat?,answer_snapshot_cursor_leave,2026-04-14T15:12:31.165Z,,,,,,,"From its common name meaning Tupi ka'apiûara, ""one who eats slender leaves"", we see that it eats grasses.",105,,,,,,,cursor_leave
25,Wikipedia_Exp_14.04,Wikipedia_Exp_13.04,33,Male,sg_1776179264283_o34au0,clumpy,0,1,practice,practice-capybaras,What do Capybaras eat?,paste,2026-04-14T15:12:42.561Z,,,,,,,,,,,Capybara have flourished in cattle ranches.,43,,,
25,Wikipedia_Exp_14.04,Wikipedia_Exp_13.04,33,Male,sg_1776179264283_o34au0,clumpy,0,1,practice,practice-capybaras,What do Capybaras eat?,answer_snapshot,2026-04-14T15:12:44.567Z,,,,,,,"From its common name meaning Tupi ka'apiûara, ""one who eats slender leaves"", we see that it eats grasses.
We can also see that they Capybara have flourished in cattle ranches.",175,,,,,,,debounce
25,Wikipedia_Exp_14.04,Wikipedia_Exp_13.04,33,Male,sg_1776179264283_o34au0,clumpy,0,1,practice,practice-capybaras,What do Capybaras eat?,answer_snapshot,2026-04-14T15:12:49.252Z,,,,,,,"From its common name meaning Tupi ka'apiûara, ""one who eats slender leaves"", we see that it eats grasses.
We can also see that they have flourished in cattle ranches.",166,,,,,,,debounce
25,Wikipedia_Exp_14.04,Wikipedia_Exp_13.04,33,Male,sg_1776179264283_o34au0,clumpy,0,1,practice,practice-capybaras,What do Capybaras eat?,answer_snapshot,2026-04-14T15:13:03.762Z,,,,,,,"From its common name meaning Tupi ka'apiûara, ""one who eats slender leaves"", we see that it eats grasses.
We can also see that they have flourish in cattle ranches.",164,,,,,,,debounce
25,Wikipedia_Exp_14.04,Wikipedia_Exp_13.04,33,Male,sg_1776179264283_o34au0,clumpy,0,1,practice,practice-capybaras,What do Capybaras eat?,answer_snapshot,2026-04-14T15:13:10.373Z,,,,,,,"From its common name meaning Tupi ka'apiûara, ""one who eats slender leaves"", we see that it eats grasses.
We can also see that have flourish in cattle ranches.",159,,,,,,,debounce
25,Wikipedia_Exp_14.04,Wikipedia_Exp_13.04,33,Male,sg_1776179264283_o34au0,clumpy,0,1,practice,practice-capybaras,What do Capybaras eat?,answer_snapshot,2026-04-14T15:13:25.791Z,,,,,,,"From its common name meaning Tupi ka'apiûara, ""one who eats slender leaves"", we see that it eats grasses.
We can also see that they flourish in cattle ranches becasue of the abundance of leaves available",203,,,,,,,debounce
25,Wikipedia_Exp_14.04,Wikipedia_Exp_13.04,33,Male,sg_1776179264283_o34au0,clumpy,0,1,practice,practice-capybaras,What do Capybaras eat?,answer_snapshot_cursor_leave,2026-04-14T15:13:34.586Z,,,,,,,"From its common name meaning Tupi ka'apiûara, ""one who eats slender leaves"", we see that it eats grasses.
We can also see that they flourish in cattle ranches becasue of the abundance of leaves available",203,,,,,,,cursor_leave
25,Wikipedia_Exp_14.04,Wikipedia_Exp_13.04,33,Male,sg_1776179264283_o34au0,clumpy,0,1,practice,practice-capybaras,What do Capybaras eat?,paste,2026-04-14T15:13:45.802Z,,,,,,,,,,,It is a semiaquatic herbivore,29,,,
25,Wikipedia_Exp_14.04,Wikipedia_Exp_13.04,33,Male,sg_1776179264283_o34au0,clumpy,0,1,practice,practice-capybaras,What do Capybaras eat?,answer_snapshot,2026-04-14T15:13:47.810Z,,,,,,,"Capybaras are It is a semiaquatic herbivoreFrom its common name meaning Tupi ka'apiûara, ""one who eats slender leaves"", we see that it eats grasses.
We can also see that they flourish in cattle ranches becasue of the abundance of leaves available",246,,,,,,,debounce
25,Wikipedia_Exp_14.04,Wikipedia_Exp_13.04,33,Male,sg_1776179264283_o34au0,clumpy,0,1,practice,practice-capybaras,What do Capybaras eat?,answer_snapshot,2026-04-14T15:13:50.140Z,,,,,,,"Capybaras are It is a semiaquatic herbivore From its common name meaning Tupi ka'apiûara, ""one who eats slender leaves"", we see that it eats grasses.
We can also see that they flourish in cattle ranches becasue of the abundance of leaves available",247,,,,,,,debounce
25,Wikipedia_Exp_14.04,Wikipedia_Exp_13.04,33,Male,sg_1776179264283_o34au0,clumpy,0,1,practice,practice-capybaras,What do Capybaras eat?,answer_snapshot,2026-04-14T15:13:52.151Z,,,,,,,"Capybaras are semiaquatic herbivore From its common name meaning Tupi ka'apiûara, ""one who eats slender leaves"", we see that it eats grasses.
We can also see that they flourish in cattle ranches becasue of the abundance of leaves available",239,,,,,,,debounce
25,Wikipedia_Exp_14.04,Wikipedia_Exp_13.04,33,Male,sg_1776179264283_o34au0,clumpy,0,1,practice,practice-capybaras,What do Capybaras eat?,answer_snapshot,2026-04-14T15:14:00.045Z,,,,,,,"Capybaras are semiaquatic herbivores and from its common name meaning Tupi ka'apiûara, ""one who eats slender leaves"", we see that it eats grasses.
We can also see that they flourish in cattle ranches becasue of the abundance of leaves available",244,,,,,,,debounce
25,Wikipedia_Exp_14.04,Wikipedia_Exp_13.04,33,Male,sg_1776179264283_o34au0,clumpy,0,1,practice,practice-capybaras,What do Capybaras eat?,answer_snapshot,2026-04-14T15:14:08.491Z,,,,,,,"Capybaras are semiaquatic herbivores and from the meaning of it's common name meaning Tupi ka'apiûara, ""one who eats slender leaves"", we see that it eats grasses.
We can also see that they flourish in cattle ranches becasue of the abundance of leaves available",260,,,,,,,debounce
25,Wikipedia_Exp_14.04,Wikipedia_Exp_13.04,33,Male,sg_1776179264283_o34au0,clumpy,0,1,practice,practice-capybaras,What do Capybaras eat?,answer_snapshot,2026-04-14T15:14:12.544Z,,,,,,,"Capybaras are semiaquatic herbivores and from the meaning of it's common name Tupi ka'apiûara, ""one who eats slender leaves"", we see that it eats grasses.
We can also see that they flourish in cattle ranches becasue of the abundance of leaves available",252,,,,,,,debounce
25,Wikipedia_Exp_14.04,Wikipedia_Exp_13.04,33,Male,sg_1776179264283_o34au0,clumpy,0,1,practice,practice-capybaras,What do Capybaras eat?,answer_snapshot,2026-04-14T15:14:30.030Z,,,,,,,"Capybaras are semiaquatic herbivores and from the meaning of it's common name Tupi ka'apiûara, ""one who eats slender leaves"", we see that they eat grass.
We can also see that they flourish in cattle ranches becasue of the abundance of leaves available",251,,,,,,,debounce
25,Wikipedia_Exp_14.04,Wikipedia_Exp_13.04,33,Male,sg_1776179264283_o34au0,clumpy,0,1,practice,practice-capybaras,What do Capybaras eat?,answer_snapshot,2026-04-14T15:15:43.462Z,,,,,,,"Capybaras are semiaquatic herbivores and from the meaning of it's common name Tupi ka'apiûara, ""one who eats slender leaves"", we see that they eat grass.
We can also see that they flourish in cattle ranches becasue of the abundance of leaves available.
From the picture of the capybaras grazing we can conclude that they eat grass",330,,,,,,,debounce
25,Wikipedia_Exp_14.04,Wikipedia_Exp_13.04,33,Male,sg_1776179264283_o34au0,clumpy,0,1,practice,practice-capybaras,What do Capybaras eat?,answer_snapshot_cursor_leave,2026-04-14T15:15:46.382Z,,,,,,,"Capybaras are semiaquatic herbivores and from the meaning of it's common name Tupi ka'apiûara, ""one who eats slender leaves"", we see that they eat grass.
We can also see that they flourish in cattle ranches becasue of the abundance of leaves available.
From the picture of the capybaras grazing we can conclude that they eat grass",330,,,,,,,cursor_leave
25,Wikipedia_Exp_14.04,Wikipedia_Exp_13.04,33,Male,sg_1776179264283_o34au0,clumpy,0,1,practice,practice-capybaras,What do Capybaras eat?,paste,2026-04-14T15:15:51.532Z,,,,,,,,,,,"Capybaras are herbivores, grazing mainly on grasses and aquatic plants,",71,,,
25,Wikipedia_Exp_14.04,Wikipedia_Exp_13.04,33,Male,sg_1776179264283_o34au0,clumpy,0,1,practice,practice-capybaras,What do Capybaras eat?,answer_snapshot,2026-04-14T15:15:53.539Z,,,,,,,"Capybaras are semiaquatic herbivores and from the meaning of it's common name Tupi ka'apiûara, ""one who eats slender leaves"", we see that they eat grass.
We can also see that they flourish in cattle ranches becasue of the abundance of leaves available.
From the picture of the capybaras grazing we can conclude that Capybaras are herbivores, grazing mainly on grasses and aquatic plants,",387,,,,,,,debounce
25,Wikipedia_Exp_14.04,Wikipedia_Exp_13.04,33,Male,sg_1776179264283_o34au0,clumpy,0,1,practice,practice-capybaras,What do Capybaras eat?,answer_snapshot,2026-04-14T15:15:56.451Z,,,,,,,"Capybaras are semiaquatic herbivores and from the meaning of it's common name Tupi ka'apiûara, ""one who eats slender leaves"", we see that they eat grass.
We can also see that they flourish in cattle ranches becasue of the abundance of leaves available.
From the picture of the capybaras grazing we can conclude that capybaras are herbivores, grazing mainly on grasses and aquatic plants,",387,,,,,,,debounce
25,Wikipedia_Exp_14.04,Wikipedia_Exp_13.04,33,Male,sg_1776179264283_o34au0,clumpy,0,1,practice,practice-capybaras,What do Capybaras eat?,answer_snapshot,2026-04-14T15:16:00.138Z,,,,,,,"Capybaras are semiaquatic herbivores and from the meaning of it's common name Tupi ka'apiûara, ""one who eats slender leaves"", we see that they eat grass.
We can also see that they flourish in cattle ranches becasue of the abundance of leaves available.
From the picture of the capybaras grazing we can conclude that capybaras are herbivores, grazing mainly on grasses and aquatic plants.",387,,,,,,,debounce
25,Wikipedia_Exp_14.04,Wikipedia_Exp_13.04,33,Male,sg_1776179264283_o34au0,clumpy,0,1,practice,practice-capybaras,What do Capybaras eat?,answer_snapshot_cursor_leave,2026-04-14T15:16:00.675Z,,,,,,,"Capybaras are semiaquatic herbivores and from the meaning of it's common name Tupi ka'apiûara, ""one who eats slender leaves"", we see that they eat grass.
We can also see that they flourish in cattle ranches becasue of the abundance of leaves available.
From the picture of the capybaras grazing we can conclude that capybaras are herbivores, grazing mainly on grasses and aquatic plants.",387,,,,,,,cursor_leave
25,Wikipedia_Exp_14.04,Wikipedia_Exp_13.04,33,Male,sg_1776179264283_o34au0,clumpy,0,1,practice,practice-capybaras,What do Capybaras eat?,paste,2026-04-14T15:16:03.987Z,,,,,,,,,,,as well as fruit and tree bark.,31,,,
25,Wikipedia_Exp_14.04,Wikipedia_Exp_13.04,33,Male,sg_1776179264283_o34au0,clumpy,0,1,practice,practice-capybaras,What do Capybaras eat?,answer_snapshot,2026-04-14T15:16:06.020Z,,,,,,,"Capybaras are semiaquatic herbivores and from the meaning of it's common name Tupi ka'apiûara, ""one who eats slender leaves"", we see that they eat grass.
We can also see that they flourish in cattle ranches becasue of the abundance of leaves available.
From the picture of the capybaras grazing we can conclude that capybaras are herbivores, grazing mainly on grasses and aquatic plants as well as fruit and tree bark.",418,,,,,,,debounce
25,Wikipedia_Exp_14.04,Wikipedia_Exp_13.04,33,Male,sg_1776179264283_o34au0,clumpy,0,1,practice,practice-capybaras,What do Capybaras eat?,answer_snapshot_cursor_leave,2026-04-14T15:16:30.601Z,,,,,,,"Capybaras are semiaquatic herbivores and from the meaning of it's common name Tupi ka'apiûara, ""one who eats slender leaves"", we see that they eat grass.
We can also see that they flourish in cattle ranches becasue of the abundance of leaves available.
From the picture of the capybaras grazing we can conclude that capybaras are herbivores, grazing mainly on grasses and aquatic plants as well as fruit and tree bark.",418,,,,,,,cursor_leave
25,Wikipedia_Exp_14.04,Wikipedia_Exp_13.04,33,Male,sg_1776179264283_o34au0,clumpy,0,1,practice,practice-capybaras,What do Capybaras eat?,paste,2026-04-14T15:16:46.829Z,,,,,,,,,,,"Capybaras are autocoprophagous,[28] meaning they eat their own feces as a source of bacterial gut flora, to help digest the cellulose in the grass that forms their normal diet, and to extract the maximum protein and vitamins from their food.",241,,,
25,Wikipedia_Exp_14.04,Wikipedia_Exp_13.04,33,Male,sg_1776179264283_o34au0,clumpy,0,1,practice,practice-capybaras,What do Capybaras eat?,answer_snapshot,2026-04-14T15:16:48.836Z,,,,,,,"Capybaras are semiaquatic herbivores and from the meaning of it's common name Tupi ka'apiûara, ""one who eats slender leaves"", we see that they eat grass.

We can also see that they flourish in cattle ranches becasue of the abundance of leaves available.

From the picture of the capybaras grazing we can conclude that capybaras are herbivores, grazing mainly on grasses and aquatic plants as well as fruit and tree bark.

Capybaras are autocoprophagous,[28] meaning they eat their own feces as a source of bacterial gut flora, to help digest the cellulose in the grass that forms their normal diet, and to extract the maximum protein and vitamins from their food.",663,,,,,,,debounce
25,Wikipedia_Exp_14.04,Wikipedia_Exp_13.04,33,Male,sg_1776179264283_o34au0,clumpy,0,1,practice,practice-capybaras,What do Capybaras eat?,answer_snapshot,2026-04-14T15:16:54.221Z,,,,,,,"Capybaras are semiaquatic herbivores and from the meaning of it's common name Tupi ka'apiûara, ""one who eats slender leaves"", we see that they eat grass.

We can also see that they flourish in cattle ranches becasue of the abundance of leaves available.

From the picture of the capybaras grazing we can conclude that capybaras are herbivores, grazing mainly on grasses and aquatic plants as well as fruit and tree bark.

They eat their own feces as a source of bacterial gut flora, to help digest the cellulose in the grass that forms their normal diet, and to extract the maximum protein and vitamins from their food.",619,,,,,,,debounce
25,Wikipedia_Exp_14.04,Wikipedia_Exp_13.04,33,Male,sg_1776179264283_o34au0,clumpy,0,1,practice,practice-capybaras,What do Capybaras eat?,answer_snapshot,2026-04-14T15:16:57.383Z,,,,,,,"Capybaras are semiaquatic herbivores and from the meaning of it's common name Tupi ka'apiûara, ""one who eats slender leaves"", we see that they eat grass.

We can also see that they flourish in cattle ranches becasue of the abundance of leaves available.

From the picture of the capybaras grazing we can conclude that capybaras are herbivores, grazing mainly on grasses and aquatic plants as well as fruit and tree bark.

They also eat their own feces as a source of bacterial gut flora, to help digest the cellulose in the grass that forms their normal diet, and to extract the maximum protein and vitamins from their food.",624,,,,,,,debounce
25,Wikipedia_Exp_14.04,Wikipedia_Exp_13.04,33,Male,sg_1776179264283_o34au0,clumpy,0,1,practice,practice-capybaras,What do Capybaras eat?,answer_snapshot_cursor_leave,2026-04-14T15:17:46.123Z,,,,,,,"Capybaras are semiaquatic herbivores and from the meaning of it's common name Tupi ka'apiûara, ""one who eats slender leaves"", we see that they eat grass.

We can also see that they flourish in cattle ranches becasue of the abundance of leaves available.

From the picture of the capybaras grazing we can conclude that capybaras are herbivores, grazing mainly on grasses and aquatic plants as well as fruit and tree bark.

They also eat their own feces as a source of bacterial gut flora, to help digest the cellulose in the grass that forms their normal diet, and to extract the maximum protein and vitamins from their food.",624,,,,,,,cursor_leave
25,Wikipedia_Exp_14.04,Wikipedia_Exp_13.04,33,Male,sg_1776179264283_o34au0,clumpy,0,1,practice,practice-capybaras,What do Capybaras eat?,answer_snapshot,2026-04-14T15:17:46.292Z,,,,,,,"Capybaras are semiaquatic herbivores and from the meaning of it's common name Tupi ka'apiûara, ""one who eats slender leaves"", we see that they eat grass.

We can also see that they flourish in cattle ranches becasue of the abundance of leaves available.

From the picture of the capybaras grazing we can conclude that capybaras are herbivores, grazing mainly on grasses and aquatic plants as well as fruit and tree bark.

They also eat their own feces as a source of bacterial gut flora, to help digest the cellulose in the grass that forms their normal diet, and to extract the maximum protein and vitamins from their food.",624,,,,,,,submit
25,Wikipedia_Exp_14.04,Wikipedia_Exp_13.04,33,Male,sg_1776179264283_o34au0,clumpy,0,1,practice,practice-capybaras,What do Capybaras eat?,task_end,2026-04-14T15:17:46.293Z,,,,,,,,,"Capybaras are semiaquatic herbivores and from the meaning of it's common name Tupi ka'apiûara, ""one who eats slender leaves"", we see that they eat grass.

We can also see that they flourish in cattle ranches becasue of the abundance of leaves available.

From the picture of the capybaras grazing we can conclude that capybaras are herbivores, grazing mainly on grasses and aquatic plants as well as fruit and tree bark.

They also eat their own feces as a source of bacterial gut flora, to help digest the cellulose in the grass that forms their normal diet, and to extract the maximum protein and vitamins from their food.",624,,,,,
25,Wikipedia_Exp_14.04,Wikipedia_Exp_13.04,33,Male,sg_1776179264283_o34au0,clumpy,1,,psychology,high-psychology,What brain mechanisms help people make scientific discoveries?,familiarity_rating,2026-04-14T15:18:01.226Z,,,,,,,,,,,,,1,7,
25,Wikipedia_Exp_14.04,Wikipedia_Exp_13.04,33,Male,sg_1776179264283_o34au0,clumpy,1,,psychology,high-psychology,What brain mechanisms help people make scientific discoveries?,task_start,2026-04-14T15:18:01.589Z,,,,,,,,,,,,,,,
25,Wikipedia_Exp_14.04,Wikipedia_Exp_13.04,33,Male,sg_1776179264283_o34au0,clumpy,1,,psychology,high-psychology,What brain mechanisms help people make scientific discoveries?,search,2026-04-14T15:18:13.750Z,,,,,,What brain mechanisms help people make scientific discoveries?,,,,,,,,,
25,Wikipedia_Exp_14.04,Wikipedia_Exp_13.04,33,Male,sg_1776179264283_o34au0,clumpy,1,,psychology,high-psychology,What brain mechanisms help people make scientific discoveries?,search,2026-04-14T15:18:14.386Z,,,,,,What brain mechanisms help people make scientific discoveries?,,,,,,,,,
25,Wikipedia_Exp_14.04,Wikipedia_Exp_13.04,33,Male,sg_1776179264283_o34au0,clumpy,1,,psychology,high-psychology,What brain mechanisms help people make scientific discoveries?,search,2026-04-14T15:18:30.665Z,,,,,,What brain mechanisms help people make scientific discoveries,,,,,,,,,
25,Wikipedia_Exp_14.04,Wikipedia_Exp_13.04,33,Male,sg_1776179264283_o34au0,clumpy,1,,psychology,high-psychology,What brain mechanisms help people make scientific discoveries?,search,2026-04-14T15:18:32.842Z,,,,,,What brain mechanisms help people make scientific discoveries,,,,,,,,,
25,Wikipedia_Exp_14.04,Wikipedia_Exp_13.04,33,Male,sg_1776179264283_o34au0,clumpy,1,,psychology,high-psychology,What brain mechanisms help people make scientific discoveries?,article_open,2026-04-14T15:18:43.368Z,Quantum_mind,Quantum mind,,9567,search,,,,,,,,,,
25,Wikipedia_Exp_14.04,Wikipedia_Exp_13.04,33,Male,sg_1776179264283_o34au0,clumpy,1,,psychology,high-psychology,What brain mechanisms help people make scientific discoveries?,search,2026-04-14T15:23:28.458Z,,,,,,n,,,,,,,,,
25,Wikipedia_Exp_14.04,Wikipedia_Exp_13.04,33,Male,sg_1776179264283_o34au0,clumpy,1,,psychology,high-psychology,What brain mechanisms help people make scientific discoveries?,search,2026-04-14T15:23:28.859Z,,,,,,neural,,,,,,,,,
25,Wikipedia_Exp_14.04,Wikipedia_Exp_13.04,33,Male,sg_1776179264283_o34au0,clumpy,1,,psychology,high-psychology,What brain mechanisms help people make scientific discoveries?,article_open,2026-04-14T15:23:36.307Z,Neural_network,Neural network,,1275,search,,,,,,,,,,
25,Wikipedia_Exp_14.04,Wikipedia_Exp_13.04,33,Male,sg_1776179264283_o34au0,clumpy,1,,psychology,high-psychology,What brain mechanisms help people make scientific discoveries?,answer_snapshot,2026-04-14T15:24:08.612Z,,,,,,,The neural network basically helps with all functions of the brain ,67,,,,,,,debounce
25,Wikipedia_Exp_14.04,Wikipedia_Exp_13.04,33,Male,sg_1776179264283_o34au0,clumpy,1,,psychology,high-psychology,What brain mechanisms help people make scientific discoveries?,answer_snapshot,2026-04-14T15:24:26.798Z,,,,,,,"The neural network basically helps with all functions of the brain, without it ",79,,,,,,,debounce
25,Wikipedia_Exp_14.04,Wikipedia_Exp_13.04,33,Male,sg_1776179264283_o34au0,clumpy,1,,psychology,high-psychology,What brain mechanisms help people make scientific discoveries?,answer_snapshot,2026-04-14T15:24:32.146Z,,,,,,,"The neural network basically helps with all functions of the brain, without it neurons  ",88,,,,,,,debounce
25,Wikipedia_Exp_14.04,Wikipedia_Exp_13.04,33,Male,sg_1776179264283_o34au0,clumpy,1,,psychology,high-psychology,What brain mechanisms help people make scientific discoveries?,answer_snapshot,2026-04-14T15:24:41.196Z,,,,,,,"The neural network basically helps with all functions of the brain, without it neurons cannot send signals to one another. ",123,,,,,,,debounce
25,Wikipedia_Exp_14.04,Wikipedia_Exp_13.04,33,Male,sg_1776179264283_o34au0,clumpy,1,,psychology,high-psychology,What brain mechanisms help people make scientific discoveries?,answer_snapshot_cursor_leave,2026-04-14T15:25:05.005Z,,,,,,,"The neural network basically helps with all functions of the brain, without it neurons cannot send signals to one another. ",123,,,,,,,cursor_leave
25,Wikipedia_Exp_14.04,Wikipedia_Exp_13.04,33,Male,sg_1776179264283_o34au0,clumpy,1,,psychology,high-psychology,What brain mechanisms help people make scientific discoveries?,search,2026-04-14T15:25:11.262Z,,,,,,What brain mechanisms help people make scientific discoveries?,,,,,,,,,
25,Wikipedia_Exp_14.04,Wikipedia_Exp_13.04,33,Male,sg_1776179264283_o34au0,clumpy,1,,psychology,high-psychology,What brain mechanisms help people make scientific discoveries?,search,2026-04-14T15:25:12.053Z,,,,,,What brain mechanisms help people make scientific discoveries?,,,,,,,,,
25,Wikipedia_Exp_14.04,Wikipedia_Exp_13.04,33,Male,sg_1776179264283_o34au0,clumpy,1,,psychology,high-psychology,What brain mechanisms help people make scientific discoveries?,search,2026-04-14T15:25:14.844Z,,,,,,What brain mechanisms help people make scientific discoveries?,,,,,,,,,
25,Wikipedia_Exp_14.04,Wikipedia_Exp_13.04,33,Male,sg_1776179264283_o34au0,clumpy,1,,psychology,high-psychology,What brain mechanisms help people make scientific discoveries?,article_open,2026-04-14T15:25:28.616Z,Human_brain,Human brain,,25482,search,,,,,,,,,,
25,Wikipedia_Exp_14.04,Wikipedia_Exp_13.04,33,Male,sg_1776179264283_o34au0,clumpy,1,,psychology,high-psychology,What brain mechanisms help people make scientific discoveries?,paste,2026-04-14T15:25:39.943Z,,,,,,,,,,,"The human brain is the central organ of the nervous system, and with the spinal cord, comprises the central nervous system.",123,,,
25,Wikipedia_Exp_14.04,Wikipedia_Exp_13.04,33,Male,sg_1776179264283_o34au0,clumpy,1,,psychology,high-psychology,What brain mechanisms help people make scientific discoveries?,paste,2026-04-14T15:25:42.528Z,,,,,,,,,,,"The human brain is the central organ of the nervous system, and with the spinal cord, comprises the central nervous system.",123,,,
25,Wikipedia_Exp_14.04,Wikipedia_Exp_13.04,33,Male,sg_1776179264283_o34au0,clumpy,1,,psychology,high-psychology,What brain mechanisms help people make scientific discoveries?,answer_snapshot,2026-04-14T15:25:44.536Z,,,,,,,"The human brain is the central organ of the nervous system, and with the spinal cord, comprises the central nervous system.The neural network basically helps with all functions of the brain, without it neurons cannot send signals to one another. 

",248,,,,,,,debounce
25,Wikipedia_Exp_14.04,Wikipedia_Exp_13.04,33,Male,sg_1776179264283_o34au0,clumpy,1,,psychology,high-psychology,What brain mechanisms help people make scientific discoveries?,answer_snapshot,2026-04-14T15:25:48.760Z,,,,,,,"The human brain is the central organ of the nervous system, and with the spinal cord, comprises the central nervous system.

The neural network basically helps with all functions of the brain, without it neurons cannot send signals to one another. 

",250,,,,,,,debounce
25,Wikipedia_Exp_14.04,Wikipedia_Exp_13.04,33,Male,sg_1776179264283_o34au0,clumpy,1,,psychology,high-psychology,What brain mechanisms help people make scientific discoveries?,answer_snapshot_cursor_leave,2026-04-14T15:26:35.345Z,,,,,,,"The human brain is the central organ of the nervous system, and with the spinal cord, comprises the central nervous system.

The neural network basically helps with all functions of the brain, without it neurons cannot send signals to one another. 

",250,,,,,,,cursor_leave
25,Wikipedia_Exp_14.04,Wikipedia_Exp_13.04,33,Male,sg_1776179264283_o34au0,clumpy,1,,psychology,high-psychology,What brain mechanisms help people make scientific discoveries?,search,2026-04-14T15:26:37.086Z,,,,,,t,,,,,,,,,
25,Wikipedia_Exp_14.04,Wikipedia_Exp_13.04,33,Male,sg_1776179264283_o34au0,clumpy,1,,psychology,high-psychology,What brain mechanisms help people make scientific discoveries?,search,2026-04-14T15:26:38.481Z,,,,,,triple ,,,,,,,,,
25,Wikipedia_Exp_14.04,Wikipedia_Exp_13.04,33,Male,sg_1776179264283_o34au0,clumpy,1,,psychology,high-psychology,What brain mechanisms help people make scientific discoveries?,search,2026-04-14T15:26:40.088Z,,,,,,triple m,,,,,,,,,
25,Wikipedia_Exp_14.04,Wikipedia_Exp_13.04,33,Male,sg_1776179264283_o34au0,clumpy,1,,psychology,high-psychology,What brain mechanisms help people make scientific discoveries?,search,2026-04-14T15:26:41.975Z,,,,,,triple network,,,,,,,,,
25,Wikipedia_Exp_14.04,Wikipedia_Exp_13.04,33,Male,sg_1776179264283_o34au0,clumpy,1,,psychology,high-psychology,What brain mechanisms help people make scientific discoveries?,search,2026-04-14T15:26:43.421Z,,,,,,triple network model,,,,,,,,,
25,Wikipedia_Exp_14.04,Wikipedia_Exp_13.04,33,Male,sg_1776179264283_o34au0,clumpy,1,,psychology,high-psychology,What brain mechanisms help people make scientific discoveries?,article_open,2026-04-14T15:26:46.210Z,Frontoparietal_network,Frontoparietal network,,1287,search,,,,,,,,,,
25,Wikipedia_Exp_14.04,Wikipedia_Exp_13.04,33,Male,sg_1776179264283_o34au0,clumpy,1,,psychology,high-psychology,What brain mechanisms help people make scientific discoveries?,paste,2026-04-14T15:27:10.717Z,,,,,,,,,,,"The frontoparietal network (FPN), generally also known as the central executive network (CEN) or, more specifically, the lateral frontoparietal network (L-FPN) ",160,,,
25,Wikipedia_Exp_14.04,Wikipedia_Exp_13.04,33,Male,sg_1776179264283_o34au0,clumpy,1,,psychology,high-psychology,What brain mechanisms help people make scientific discoveries?,answer_snapshot,2026-04-14T15:27:12.723Z,,,,,,,"The human brain is the central organ of the nervous system, and with the spinal cord, comprises the central nervous system.

The neural network basically helps with all functions of the brain, without it neurons cannot send signals to one another. 

Specifically the The frontoparietal network (FPN), generally also known as the central executive network (CEN) or, more specifically, the lateral frontoparietal network (L-FPN) 

",429,,,,,,,debounce
25,Wikipedia_Exp_14.04,Wikipedia_Exp_13.04,33,Male,sg_1776179264283_o34au0,clumpy,1,,psychology,high-psychology,What brain mechanisms help people make scientific discoveries?,answer_snapshot_cursor_leave,2026-04-14T15:27:14.899Z,,,,,,,"The human brain is the central organ of the nervous system, and with the spinal cord, comprises the central nervous system.

The neural network basically helps with all functions of the brain, without it neurons cannot send signals to one another. 

Specifically The frontoparietal network (FPN), generally also known as the central executive network (CEN) or, more specifically, the lateral frontoparietal network (L-FPN) 

",425,,,,,,,cursor_leave
25,Wikipedia_Exp_14.04,Wikipedia_Exp_13.04,33,Male,sg_1776179264283_o34au0,clumpy,1,,psychology,high-psychology,What brain mechanisms help people make scientific discoveries?,paste,2026-04-14T15:27:21.199Z,,,,,,,,,,,"] It is involved in sustained attention, complex problem-solving and working memory.[1]",87,,,
25,Wikipedia_Exp_14.04,Wikipedia_Exp_13.04,33,Male,sg_1776179264283_o34au0,clumpy,1,,psychology,high-psychology,What brain mechanisms help people make scientific discoveries?,answer_snapshot,2026-04-14T15:27:25.289Z,,,,,,,"The human brain is the central organ of the nervous system, and with the spinal cord, comprises the central nervous system.

The neural network basically helps with all functions of the brain, without it neurons cannot send signals to one another. 

Specifically The frontoparietal network (FPN), generally also known as the central executive network (CEN) or, more specifically, the lateral frontoparietal network (L-FPN). as It is involved in sustained attention, complex problem-solving and working memory.[1]

",514,,,,,,,debounce
25,Wikipedia_Exp_14.04,Wikipedia_Exp_13.04,33,Male,sg_1776179264283_o34au0,clumpy,1,,psychology,high-psychology,What brain mechanisms help people make scientific discoveries?,answer_snapshot,2026-04-14T15:27:30.474Z,,,,,,,"The human brain is the central organ of the nervous system, and with the spinal cord, comprises the central nervous system.

The neural network basically helps with all functions of the brain, without it neurons cannot send signals to one another. 

Specifically The frontoparietal network (FPN), generally also known as the central executive network (CEN) or, more specifically, the lateral frontoparietal network (L-FPN). As It is involved in sustained attention, complex problem-solving and working memory.[1]

",514,,,,,,,debounce
25,Wikipedia_Exp_14.04,Wikipedia_Exp_13.04,33,Male,sg_1776179264283_o34au0,clumpy,1,,psychology,high-psychology,What brain mechanisms help people make scientific discoveries?,answer_snapshot,2026-04-14T15:27:33.291Z,,,,,,,"The human brain is the central organ of the nervous system, and with the spinal cord, comprises the central nervous system.

The neural network basically helps with all functions of the brain, without it neurons cannot send signals to one another. 

Specifically The frontoparietal network (FPN), generally also known as the central executive network (CEN) or, more specifically, the lateral frontoparietal network (L-FPN). As It is involved in sustained attention, complex problem-solving and working memory.

",511,,,,,,,debounce
25,Wikipedia_Exp_14.04,Wikipedia_Exp_13.04,33,Male,sg_1776179264283_o34au0,clumpy,1,,psychology,high-psychology,What brain mechanisms help people make scientific discoveries?,answer_snapshot_cursor_leave,2026-04-14T15:27:55.609Z,,,,,,,"The human brain is the central organ of the nervous system, and with the spinal cord, comprises the central nervous system.

The neural network basically helps with all functions of the brain, without it neurons cannot send signals to one another. 

Specifically The frontoparietal network (FPN), generally also known as the central executive network (CEN) or, more specifically, the lateral frontoparietal network (L-FPN). As It is involved in sustained attention, complex problem-solving and working memory.

",511,,,,,,,cursor_leave
25,Wikipedia_Exp_14.04,Wikipedia_Exp_13.04,33,Male,sg_1776179264283_o34au0,clumpy,1,,psychology,high-psychology,What brain mechanisms help people make scientific discoveries?,answer_snapshot,2026-04-14T15:28:11.588Z,,,,,,,"The human brain is the central organ of the nervous system, and with the spinal cord, comprises the central nervous system.

The neural network basically helps with all functions of the brain, without it neurons cannot send signals to one another. 

Specifically The frontoparietal network (FPN), generally also known as the central executive network (CEN) or, more specifically, the lateral frontoparietal network (L-FPN). As It is involved in sustained attention, complex problem-solving and working memory.

",511,,,,,,,submit
25,Wikipedia_Exp_14.04,Wikipedia_Exp_13.04,33,Male,sg_1776179264283_o34au0,clumpy,1,,psychology,high-psychology,What brain mechanisms help people make scientific discoveries?,task_end,2026-04-14T15:28:11.588Z,,,,,,,,,"The human brain is the central organ of the nervous system, and with the spinal cord, comprises the central nervous system.

The neural network basically helps with all functions of the brain, without it neurons cannot send signals to one another. 

Specifically The frontoparietal network (FPN), generally also known as the central executive network (CEN) or, more specifically, the lateral frontoparietal network (L-FPN). As It is involved in sustained attention, complex problem-solving and working memory.

",511,,,,,
25,Wikipedia_Exp_14.04,Wikipedia_Exp_13.04,33,Male,sg_1776179264283_o34au0,clumpy,2,,art_history,high-art-history,How do ancient works of art play a role in contemporary society?,familiarity_rating,2026-04-14T15:28:30.805Z,,,,,,,,,,,,,1,7,
25,Wikipedia_Exp_14.04,Wikipedia_Exp_13.04,33,Male,sg_1776179264283_o34au0,clumpy,2,,art_history,high-art-history,How do ancient works of art play a role in contemporary society?,task_start,2026-04-14T15:28:30.919Z,,,,,,,,,,,,,,,
25,Wikipedia_Exp_14.04,Wikipedia_Exp_13.04,33,Male,sg_1776179264283_o34au0,clumpy,2,,art_history,high-art-history,How do ancient works of art play a role in contemporary society?,search,2026-04-14T15:29:32.724Z,,,,,,How do ancient works of art play a role in contemporary society?,,,,,,,,,
25,Wikipedia_Exp_14.04,Wikipedia_Exp_13.04,33,Male,sg_1776179264283_o34au0,clumpy,2,,art_history,high-art-history,How do ancient works of art play a role in contemporary society?,search,2026-04-14T15:31:12.574Z,,,,,,How do ancient works of art play a role in contemporary society?,,,,,,,,,
25,Wikipedia_Exp_14.04,Wikipedia_Exp_13.04,33,Male,sg_1776179264283_o34au0,clumpy,2,,art_history,high-art-history,How do ancient works of art play a role in contemporary society?,search,2026-04-14T15:31:16.398Z,,,,,,cultural,,,,,,,,,
25,Wikipedia_Exp_14.04,Wikipedia_Exp_13.04,33,Male,sg_1776179264283_o34au0,clumpy,2,,art_history,high-art-history,How do ancient works of art play a role in contemporary society?,search,2026-04-14T15:31:17.166Z,,,,,,cultural sus,,,,,,,,,
25,Wikipedia_Exp_14.04,Wikipedia_Exp_13.04,33,Male,sg_1776179264283_o34au0,clumpy,2,,art_history,high-art-history,How do ancient works of art play a role in contemporary society?,search,2026-04-14T15:31:17.723Z,,,,,,cultural susta,,,,,,,,,
25,Wikipedia_Exp_14.04,Wikipedia_Exp_13.04,33,Male,sg_1776179264283_o34au0,clumpy,2,,art_history,high-art-history,How do ancient works of art play a role in contemporary society?,search,2026-04-14T15:31:18.671Z,,,,,,cultural sustain,,,,,,,,,
25,Wikipedia_Exp_14.04,Wikipedia_Exp_13.04,33,Male,sg_1776179264283_o34au0,clumpy,2,,art_history,high-art-history,How do ancient works of art play a role in contemporary society?,search,2026-04-14T15:31:20.625Z,,,,,,cultural sustainability,,,,,,,,,
25,Wikipedia_Exp_14.04,Wikipedia_Exp_13.04,33,Male,sg_1776179264283_o34au0,clumpy,2,,art_history,high-art-history,How do ancient works of art play a role in contemporary society?,search,2026-04-14T15:31:21.150Z,,,,,,cultural sustainability,,,,,,,,,
25,Wikipedia_Exp_14.04,Wikipedia_Exp_13.04,33,Male,sg_1776179264283_o34au0,clumpy,2,,art_history,high-art-history,How do ancient works of art play a role in contemporary society?,article_open,2026-04-14T15:31:22.182Z,Cultural_sustainability,Cultural sustainability,,2976,search,,,,,,,,,,
25,Wikipedia_Exp_14.04,Wikipedia_Exp_13.04,33,Male,sg_1776179264283_o34au0,clumpy,2,,art_history,high-art-history,How do ancient works of art play a role in contemporary society?,paste,2026-04-14T15:32:06.920Z,,,,,,,,,,,"Cultural memorabilia and artifacts from a cultures history maintain an important role in modern society as they are kept as relics and shrines in order to remember the stories, knowledge, skills and methods of ancestors and learn invaluable lessons from the past. Today, cultures use libraries, art exhibits and museums as a placeholder for these important objects and other culturally significant artifacts.",408,,,
25,Wikipedia_Exp_14.04,Wikipedia_Exp_13.04,33,Male,sg_1776179264283_o34au0,clumpy,2,,art_history,high-art-history,How do ancient works of art play a role in contemporary society?,answer_snapshot,2026-04-14T15:32:08.925Z,,,,,,,"Cultural memorabilia and artifacts from a cultures history maintain an important role in modern society as they are kept as relics and shrines in order to remember the stories, knowledge, skills and methods of ancestors and learn invaluable lessons from the past. Today, cultures use libraries, art exhibits and museums as a placeholder for these important objects and other culturally significant artifacts.",408,,,,,,,debounce
25,Wikipedia_Exp_14.04,Wikipedia_Exp_13.04,33,Male,sg_1776179264283_o34au0,clumpy,2,,art_history,high-art-history,How do ancient works of art play a role in contemporary society?,answer_snapshot,2026-04-14T15:32:15.126Z,,,,,,,"Cultural memorabilia and artifacts from a cultures history maintain an important role in modern society as they are kept as relics and shrines in order to remember the stories, knowledge, skills and methods of ancestors and learn invaluable lessons from the past. Today, cultures use libraries, art exhibits and museums as a placeholder for these important objects and other culturally significant artifacts.

",410,,,,,,,debounce
25,Wikipedia_Exp_14.04,Wikipedia_Exp_13.04,33,Male,sg_1776179264283_o34au0,clumpy,2,,art_history,high-art-history,How do ancient works of art play a role in contemporary society?,answer_snapshot_cursor_leave,2026-04-14T15:32:19.697Z,,,,,,,"Cultural memorabilia and artifacts from a cultures history maintain an important role in modern society as they are kept as relics and shrines in order to remember the stories, knowledge, skills and methods of ancestors and learn invaluable lessons from the past. Today, cultures use libraries, art exhibits and museums as a placeholder for these important objects and other culturally significant artifacts.

",410,,,,,,,cursor_leave
25,Wikipedia_Exp_14.04,Wikipedia_Exp_13.04,33,Male,sg_1776179264283_o34au0,clumpy,2,,art_history,high-art-history,How do ancient works of art play a role in contemporary society?,search,2026-04-14T15:32:21.849Z,,,,,,ant,,,,,,,,,
25,Wikipedia_Exp_14.04,Wikipedia_Exp_13.04,33,Male,sg_1776179264283_o34au0,clumpy,2,,art_history,high-art-history,How do ancient works of art play a role in contemporary society?,search,2026-04-14T15:32:21.850Z,,,,,,an,,,,,,,,,
25,Wikipedia_Exp_14.04,Wikipedia_Exp_13.04,33,Male,sg_1776179264283_o34au0,clumpy,2,,art_history,high-art-history,How do ancient works of art play a role in contemporary society?,search,2026-04-14T15:32:24.169Z,,,,,,anti,,,,,,,,,
25,Wikipedia_Exp_14.04,Wikipedia_Exp_13.04,33,Male,sg_1776179264283_o34au0,clumpy,2,,art_history,high-art-history,How do ancient works of art play a role in contemporary society?,search,2026-04-14T15:32:26.540Z,,,,,,antiquites,,,,,,,,,
25,Wikipedia_Exp_14.04,Wikipedia_Exp_13.04,33,Male,sg_1776179264283_o34au0,clumpy,2,,art_history,high-art-history,How do ancient works of art play a role in contemporary society?,search,2026-04-14T15:32:27.851Z,,,,,,antiquites tra,,,,,,,,,
25,Wikipedia_Exp_14.04,Wikipedia_Exp_13.04,33,Male,sg_1776179264283_o34au0,clumpy,2,,art_history,high-art-history,How do ancient works of art play a role in contemporary society?,search,2026-04-14T15:32:28.356Z,,,,,,antiquites trade,,,,,,,,,
25,Wikipedia_Exp_14.04,Wikipedia_Exp_13.04,33,Male,sg_1776179264283_o34au0,clumpy,2,,art_history,high-art-history,How do ancient works of art play a role in contemporary society?,search,2026-04-14T15:32:37.320Z,,,,,,antiquities trade,,,,,,,,,
25,Wikipedia_Exp_14.04,Wikipedia_Exp_13.04,33,Male,sg_1776179264283_o34au0,clumpy,2,,art_history,high-art-history,How do ancient works of art play a role in contemporary society?,article_open,2026-04-14T15:32:39.172Z,Antiquities_trade,Antiquities trade,,3253,search,,,,,,,,,,
25,Wikipedia_Exp_14.04,Wikipedia_Exp_13.04,33,Male,sg_1776179264283_o34au0,clumpy,2,,art_history,high-art-history,How do ancient works of art play a role in contemporary society?,paste,2026-04-14T15:33:51.032Z,,,,,,,,,,, Ancient Greek and Roman art served as a model for contemporary artists and formed the basis for art movements such as Classicism and Neoclassicism. ,149,,,
25,Wikipedia_Exp_14.04,Wikipedia_Exp_13.04,33,Male,sg_1776179264283_o34au0,clumpy,2,,art_history,high-art-history,How do ancient works of art play a role in contemporary society?,answer_snapshot,2026-04-14T15:33:53.039Z,,,,,,,"Cultural memorabilia and artifacts from a cultures history maintain an important role in modern society as they are kept as relics and shrines in order to remember the stories, knowledge, skills and methods of ancestors and learn invaluable lessons from the past. Today, cultures use libraries, art exhibits and museums as a placeholder for these important objects and other culturally significant artifacts.


 Ancient Greek and Roman art served as a model for contemporary artists and formed the basis for art movements such as Classicism and Neoclassicism. 
",561,,,,,,,debounce
25,Wikipedia_Exp_14.04,Wikipedia_Exp_13.04,33,Male,sg_1776179264283_o34au0,clumpy,2,,art_history,high-art-history,How do ancient works of art play a role in contemporary society?,answer_snapshot,2026-04-14T15:34:06.241Z,,,,,,,"Cultural memorabilia and artifacts from a cultures history maintain an important role in modern society as they are kept as relics and shrines in order to remember the stories, knowledge, skills and methods of ancestors and learn invaluable lessons from the past. Today, cultures use libraries, art exhibits and museums as a placeholder for these important objects and other culturally significant artifacts.


Artistic Influence: Ancient Greek and Roman art served as a model for contemporary artists and formed the basis for art movements such as Classicism and Neoclassicism. 
",580,,,,,,,debounce
25,Wikipedia_Exp_14.04,Wikipedia_Exp_13.04,33,Male,sg_1776179264283_o34au0,clumpy,2,,art_history,high-art-history,How do ancient works of art play a role in contemporary society?,answer_snapshot,2026-04-14T15:34:09.408Z,,,,,,,"Cultural memorabilia and artifacts from a cultures history maintain an important role in modern society as they are kept as relics and shrines in order to remember the stories, knowledge, skills and methods of ancestors and learn invaluable lessons from the past. Today, cultures use libraries, art exhibits and museums as a placeholder for these important objects and other culturally significant artifacts.


Artistic Influence: 
Ancient Greek and Roman art served as a model for contemporary artists and formed the basis for art movements such as Classicism and Neoclassicism. 
",581,,,,,,,debounce
25,Wikipedia_Exp_14.04,Wikipedia_Exp_13.04,33,Male,sg_1776179264283_o34au0,clumpy,2,,art_history,high-art-history,How do ancient works of art play a role in contemporary society?,answer_snapshot,2026-04-14T15:34:23.777Z,,,,,,,"Cultural Preservation: 
Cultural memorabilia and artifacts from a cultures history maintain an important role in modern society as they are kept as relics and shrines in order to remember the stories, knowledge, skills and methods of ancestors and learn invaluable lessons from the past. Today, cultures use libraries, art exhibits and museums as a placeholder for these important objects and other culturally significant artifacts.


Artistic Influence: 
Ancient Greek and Roman art served as a model for contemporary artists and formed the basis for art movements such as Classicism and Neoclassicism. 

",606,,,,,,,debounce
25,Wikipedia_Exp_14.04,Wikipedia_Exp_13.04,33,Male,sg_1776179264283_o34au0,clumpy,2,,art_history,high-art-history,How do ancient works of art play a role in contemporary society?,answer_snapshot_cursor_leave,2026-04-14T15:35:00.031Z,,,,,,,"Cultural Preservation: 
Cultural memorabilia and artifacts from a cultures history maintain an important role in modern society as they are kept as relics and shrines in order to remember the stories, knowledge, skills and methods of ancestors and learn invaluable lessons from the past. Today, cultures use libraries, art exhibits and museums as a placeholder for these important objects and other culturally significant artifacts.


Artistic Influence: 
Ancient Greek and Roman art served as a model for contemporary artists and formed the basis for art movements such as Classicism and Neoclassicism. 

",606,,,,,,,cursor_leave
25,Wikipedia_Exp_14.04,Wikipedia_Exp_13.04,33,Male,sg_1776179264283_o34au0,clumpy,2,,art_history,high-art-history,How do ancient works of art play a role in contemporary society?,search,2026-04-14T15:35:04.889Z,,,,,,culturea,,,,,,,,,
25,Wikipedia_Exp_14.04,Wikipedia_Exp_13.04,33,Male,sg_1776179264283_o34au0,clumpy,2,,art_history,high-art-history,How do ancient works of art play a role in contemporary society?,search,2026-04-14T15:35:04.901Z,,,,,,culture,,,,,,,,,
25,Wikipedia_Exp_14.04,Wikipedia_Exp_13.04,33,Male,sg_1776179264283_o34au0,clumpy,2,,art_history,high-art-history,How do ancient works of art play a role in contemporary society?,search,2026-04-14T15:35:05.340Z,,,,,,cultural herit,,,,,,,,,
25,Wikipedia_Exp_14.04,Wikipedia_Exp_13.04,33,Male,sg_1776179264283_o34au0,clumpy,2,,art_history,high-art-history,How do ancient works of art play a role in contemporary society?,search,2026-04-14T15:35:06.163Z,,,,,,cultural heritage,,,,,,,,,
25,Wikipedia_Exp_14.04,Wikipedia_Exp_13.04,33,Male,sg_1776179264283_o34au0,clumpy,2,,art_history,high-art-history,How do ancient works of art play a role in contemporary society?,article_open,2026-04-14T15:35:10.966Z,Cultural_heritage,Cultural heritage,,6659,search,,,,,,,,,,
25,Wikipedia_Exp_14.04,Wikipedia_Exp_13.04,33,Male,sg_1776179264283_o34au0,clumpy,2,,art_history,high-art-history,How do ancient works of art play a role in contemporary society?,answer_snapshot,2026-04-14T15:36:19.158Z,,,,,,,"Cultural Preservation: 
Cultural memorabilia and artifacts from a cultures history maintain an important role in modern society as they are kept as relics and shrines in order to remember the stories, knowledge, skills and methods of ancestors and learn invaluable lessons from the past. Today, cultures use libraries, art exhibits and museums as a placeholder for these important objects and other culturally significant artifacts.


Artistic Influence: 
Ancient Greek and Roman art served as a model for contemporary artists and formed the basis for art movements such as Classicism and Neoclassicism. 

Preserved heritage has become an anchor of the global tourism industry, a major contributor of economic value to local communities

",738,,,,,,,debounce
25,Wikipedia_Exp_14.04,Wikipedia_Exp_13.04,33,Male,sg_1776179264283_o34au0,clumpy,2,,art_history,high-art-history,How do ancient works of art play a role in contemporary society?,answer_snapshot,2026-04-14T15:36:29.192Z,,,,,,,"Cultural Preservation: 
Cultural memorabilia and artifacts from a cultures history maintain an important role in modern society as they are kept as relics and shrines in order to remember the stories, knowledge, skills and methods of ancestors and learn invaluable lessons from the past. Today, cultures use libraries, art exhibits and museums as a placeholder for these important objects and other culturally significant artifacts.


Artistic Influence: 
Ancient Greek and Roman art served as a model for contemporary artists and formed the basis for art movements such as Classicism and Neoclassicism. 

Economic impactPreserved heritage has become an anchor of the global tourism industry, a major contributor of economic value to local communities

",753,,,,,,,debounce
25,Wikipedia_Exp_14.04,Wikipedia_Exp_13.04,33,Male,sg_1776179264283_o34au0,clumpy,2,,art_history,high-art-history,How do ancient works of art play a role in contemporary society?,answer_snapshot,2026-04-14T15:36:36.413Z,,,,,,,"Cultural Preservation: 
Cultural memorabilia and artifacts from a cultures history maintain an important role in modern society as they are kept as relics and shrines in order to remember the stories, knowledge, skills and methods of ancestors and learn invaluable lessons from the past. Today, cultures use libraries, art exhibits and museums as a placeholder for these important objects and other culturally significant artifacts.

Artistic Influence: 
Ancient Greek and Roman art served as a model for contemporary artists and formed the basis for art movements such as Classicism and Neoclassicism. 

Economic impact:
Preserved heritage has become an anchor of the global tourism industry, a major contributor of economic value to local communities

",754,,,,,,,debounce
25,Wikipedia_Exp_14.04,Wikipedia_Exp_13.04,33,Male,sg_1776179264283_o34au0,clumpy,2,,art_history,high-art-history,How do ancient works of art play a role in contemporary society?,answer_snapshot,2026-04-14T15:36:39.234Z,,,,,,,"Cultural Preservation: 
Cultural memorabilia and artifacts from a cultures history maintain an important role in modern society as they are kept as relics and shrines in order to remember the stories, knowledge, skills and methods of ancestors and learn invaluable lessons from the past. Today, cultures use libraries, art exhibits and museums as a placeholder for these important objects and other culturally significant artifacts.

Artistic Influence: 
Ancient Greek and Roman art served as a model for contemporary artists and formed the basis for art movements such as Classicism and Neoclassicism. 

Economic impact:
Preserved heritage has become an anchor of the global tourism industry, a major contributor of economic value to local communities
",753,,,,,,,debounce
25,Wikipedia_Exp_14.04,Wikipedia_Exp_13.04,33,Male,sg_1776179264283_o34au0,clumpy,2,,art_history,high-art-history,How do ancient works of art play a role in contemporary society?,answer_snapshot_cursor_leave,2026-04-14T15:36:46.441Z,,,,,,,"Cultural Preservation: 
Cultural memorabilia and artifacts from a cultures history maintain an important role in modern society as they are kept as relics and shrines in order to remember the stories, knowledge, skills and methods of ancestors and learn invaluable lessons from the past. Today, cultures use libraries, art exhibits and museums as a placeholder for these important objects and other culturally significant artifacts.

Artistic Influence: 
Ancient Greek and Roman art served as a model for contemporary artists and formed the basis for art movements such as Classicism and Neoclassicism. 

Economic impact:
Preserved heritage has become an anchor of the global tourism industry, a major contributor of economic value to local communities
",753,,,,,,,cursor_leave
25,Wikipedia_Exp_14.04,Wikipedia_Exp_13.04,33,Male,sg_1776179264283_o34au0,clumpy,2,,art_history,high-art-history,How do ancient works of art play a role in contemporary society?,answer_snapshot,2026-04-14T15:37:15.462Z,,,,,,,"Cultural Preservation: 
Cultural memorabilia and artifacts from a cultures history maintain an important role in modern society as they are kept as relics and shrines in order to remember the stories, knowledge, skills and methods of ancestors and learn invaluable lessons from the past. Today, cultures use libraries, art exhibits and museums as a placeholder for these important objects and other culturally significant artifacts.

Artistic Influence: 
Ancient Greek and Roman art served as a model for contemporary artists and formed the basis for art movements such as Classicism and Neoclassicism. 

Economic impact:
Preserved heritage has become an anchor of the global tourism industry, a major contributor of economic value to local communities.
",754,,,,,,,debounce
25,Wikipedia_Exp_14.04,Wikipedia_Exp_13.04,33,Male,sg_1776179264283_o34au0,clumpy,2,,art_history,high-art-history,How do ancient works of art play a role in contemporary society?,answer_snapshot_cursor_leave,2026-04-14T15:37:25.661Z,,,,,,,"Cultural Preservation: 
Cultural memorabilia and artifacts from a cultures history maintain an important role in modern society as they are kept as relics and shrines in order to remember the stories, knowledge, skills and methods of ancestors and learn invaluable lessons from the past. Today, cultures use libraries, art exhibits and museums as a placeholder for these important objects and other culturally significant artifacts.

Artistic Influence: 
Ancient Greek and Roman art served as a model for contemporary artists and formed the basis for art movements such as Classicism and Neoclassicism. 

Economic impact:
Preserved heritage has become an anchor of the global tourism industry, a major contributor of economic value to local communities.
",754,,,,,,,cursor_leave
25,Wikipedia_Exp_14.04,Wikipedia_Exp_13.04,33,Male,sg_1776179264283_o34au0,clumpy,2,,art_history,high-art-history,How do ancient works of art play a role in contemporary society?,answer_snapshot,2026-04-14T15:38:33.400Z,,,,,,,"Cultural Preservation: 
Cultural memorabilia and artifacts from a cultures history maintain an important role in modern society as they are kept as relics and shrines in order to remember the stories, knowledge, skills and methods of ancestors and learn invaluable lessons from the past. Today, cultures use libraries, art exhibits and museums as a placeholder for these important objects and other culturally significant artifacts.

Artistic Influence: 
Ancient Greek and Roman art served as a model for contemporary artists and formed the basis for art movements such as Classicism and Neoclassicism. 

Economic impact:
Preserved heritage has become an anchor of the global tourism industry, a major contributor of economic value to local communities.
",754,,,,,,,submit
25,Wikipedia_Exp_14.04,Wikipedia_Exp_13.04,33,Male,sg_1776179264283_o34au0,clumpy,2,,art_history,high-art-history,How do ancient works of art play a role in contemporary society?,task_end,2026-04-14T15:38:33.400Z,,,,,,,,,"Cultural Preservation: 
Cultural memorabilia and artifacts from a cultures history maintain an important role in modern society as they are kept as relics and shrines in order to remember the stories, knowledge, skills and methods of ancestors and learn invaluable lessons from the past. Today, cultures use libraries, art exhibits and museums as a placeholder for these important objects and other culturally significant artifacts.

Artistic Influence: 
Ancient Greek and Roman art served as a model for contemporary artists and formed the basis for art movements such as Classicism and Neoclassicism. 

Economic impact:
Preserved heritage has become an anchor of the global tourism industry, a major contributor of economic value to local communities.
",754,,,,,
26,Wikipedia_Exp_14.04,Wikipedia_Exp_13.04,33,Female,sg_1776179918038_z13a8u,clumpy,0,1,practice,practice-capybaras,What do Capybaras eat?,attention_check_pass,2026-04-14T15:21:13.483Z,,,,,,,,,,,,,,,attempt_1
26,Wikipedia_Exp_14.04,Wikipedia_Exp_13.04,33,Female,sg_1776179918038_z13a8u,clumpy,0,1,practice,practice-capybaras,What do Capybaras eat?,familiarity_rating,2026-04-14T15:21:20.157Z,,,,,,,,,,,,,1,4,
26,Wikipedia_Exp_14.04,Wikipedia_Exp_13.04,33,Female,sg_1776179918038_z13a8u,clumpy,0,1,practice,practice-capybaras,What do Capybaras eat?,task_start,2026-04-14T15:21:20.215Z,,,,,,,,,,,,,,,
26,Wikipedia_Exp_14.04,Wikipedia_Exp_13.04,33,Female,sg_1776179918038_z13a8u,clumpy,0,1,practice,practice-capybaras,What do Capybaras eat?,article_open,2026-04-14T15:21:20.352Z,Capybara,Capybara,,4650,,,,,,,,,,,
26,Wikipedia_Exp_14.04,Wikipedia_Exp_13.04,33,Female,sg_1776179918038_z13a8u,clumpy,0,1,practice,practice-capybaras,What do Capybaras eat?,answer_snapshot,2026-04-14T15:21:55.726Z,,,,,,,"Capybaras are herbivores grazing mainly on grasses and aquatic plants, as well as fruit and tree bark.",102,,,,,,,debounce
26,Wikipedia_Exp_14.04,Wikipedia_Exp_13.04,33,Female,sg_1776179918038_z13a8u,clumpy,0,1,practice,practice-capybaras,What do Capybaras eat?,answer_snapshot,2026-04-14T15:22:16.860Z,,,,,,,"Capybaras are herbivores grazing mainly on grasses and aquatic plants, as well as fruit and tree bark. They are very selective feeders and feed on the leaves of one species and disregard the other species around it.",215,,,,,,,debounce
26,Wikipedia_Exp_14.04,Wikipedia_Exp_13.04,33,Female,sg_1776179918038_z13a8u,clumpy,0,1,practice,practice-capybaras,What do Capybaras eat?,answer_snapshot_cursor_leave,2026-04-14T15:22:29.366Z,,,,,,,"Capybaras are herbivores grazing mainly on grasses and aquatic plants, as well as fruit and tree bark. They are very selective feeders and feed on the leaves of one species and disregard the other species around it.",215,,,,,,,cursor_leave
26,Wikipedia_Exp_14.04,Wikipedia_Exp_13.04,33,Female,sg_1776179918038_z13a8u,clumpy,0,1,practice,practice-capybaras,What do Capybaras eat?,search,2026-04-14T15:22:30.699Z,,,,,,Wh,,,,,,,,,
26,Wikipedia_Exp_14.04,Wikipedia_Exp_13.04,33,Female,sg_1776179918038_z13a8u,clumpy,0,1,practice,practice-capybaras,What do Capybaras eat?,search,2026-04-14T15:22:31.624Z,,,,,,Which,,,,,,,,,
26,Wikipedia_Exp_14.04,Wikipedia_Exp_13.04,33,Female,sg_1776179918038_z13a8u,clumpy,0,1,practice,practice-capybaras,What do Capybaras eat?,search,2026-04-14T15:22:32.164Z,,,,,,Which sp,,,,,,,,,
26,Wikipedia_Exp_14.04,Wikipedia_Exp_13.04,33,Female,sg_1776179918038_z13a8u,clumpy,0,1,practice,practice-capybaras,What do Capybaras eat?,search,2026-04-14T15:22:33.843Z,,,,,,Which species of,,,,,,,,,
26,Wikipedia_Exp_14.04,Wikipedia_Exp_13.04,33,Female,sg_1776179918038_z13a8u,clumpy,0,1,practice,practice-capybaras,What do Capybaras eat?,search,2026-04-14T15:22:34.963Z,,,,,,Which species of leave,,,,,,,,,
26,Wikipedia_Exp_14.04,Wikipedia_Exp_13.04,33,Female,sg_1776179918038_z13a8u,clumpy,0,1,practice,practice-capybaras,What do Capybaras eat?,search,2026-04-14T15:22:37.587Z,,,,,,Which species of leaves do capybars ,,,,,,,,,
26,Wikipedia_Exp_14.04,Wikipedia_Exp_13.04,33,Female,sg_1776179918038_z13a8u,clumpy,0,1,practice,practice-capybaras,What do Capybaras eat?,search,2026-04-14T15:22:39.125Z,,,,,,Which species of leaves do capybaras eat?,,,,,,,,,
26,Wikipedia_Exp_14.04,Wikipedia_Exp_13.04,33,Female,sg_1776179918038_z13a8u,clumpy,0,1,practice,practice-capybaras,What do Capybaras eat?,search,2026-04-14T15:22:39.528Z,,,,,,Which species of leaves do capybaras eat?,,,,,,,,,
26,Wikipedia_Exp_14.04,Wikipedia_Exp_13.04,33,Female,sg_1776179918038_z13a8u,clumpy,0,1,practice,practice-capybaras,What do Capybaras eat?,search,2026-04-14T15:22:56.732Z,,,,,,cap,,,,,,,,,
26,Wikipedia_Exp_14.04,Wikipedia_Exp_13.04,33,Female,sg_1776179918038_z13a8u,clumpy,0,1,practice,practice-capybaras,What do Capybaras eat?,search,2026-04-14T15:22:57.439Z,,,,,,captb,,,,,,,,,
26,Wikipedia_Exp_14.04,Wikipedia_Exp_13.04,33,Female,sg_1776179918038_z13a8u,clumpy,0,1,practice,practice-capybaras,What do Capybaras eat?,search,2026-04-14T15:22:58.279Z,,,,,,capybar,,,,,,,,,
26,Wikipedia_Exp_14.04,Wikipedia_Exp_13.04,33,Female,sg_1776179918038_z13a8u,clumpy,0,1,practice,practice-capybaras,What do Capybaras eat?,search,2026-04-14T15:22:58.645Z,,,,,,capybaras,,,,,,,,,
26,Wikipedia_Exp_14.04,Wikipedia_Exp_13.04,33,Female,sg_1776179918038_z13a8u,clumpy,0,1,practice,practice-capybaras,What do Capybaras eat?,search,2026-04-14T15:22:59.795Z,,,,,,capybara leaves,,,,,,,,,
26,Wikipedia_Exp_14.04,Wikipedia_Exp_13.04,33,Female,sg_1776179918038_z13a8u,clumpy,0,1,practice,practice-capybaras,What do Capybaras eat?,article_open,2026-04-14T15:23:13.272Z,Grazing_(behaviour),Grazing (behaviour),,2007,search,,,,,,,,,,
26,Wikipedia_Exp_14.04,Wikipedia_Exp_13.04,33,Female,sg_1776179918038_z13a8u,clumpy,0,1,practice,practice-capybaras,What do Capybaras eat?,search,2026-04-14T15:23:49.243Z,,,,,,ca,,,,,,,,,
26,Wikipedia_Exp_14.04,Wikipedia_Exp_13.04,33,Female,sg_1776179918038_z13a8u,clumpy,0,1,practice,practice-capybaras,What do Capybaras eat?,search,2026-04-14T15:23:49.528Z,,,,,,cap,,,,,,,,,
26,Wikipedia_Exp_14.04,Wikipedia_Exp_13.04,33,Female,sg_1776179918038_z13a8u,clumpy,0,1,practice,practice-capybaras,What do Capybaras eat?,search,2026-04-14T15:23:49.857Z,,,,,,capb,,,,,,,,,
26,Wikipedia_Exp_14.04,Wikipedia_Exp_13.04,33,Female,sg_1776179918038_z13a8u,clumpy,0,1,practice,practice-capybaras,What do Capybaras eat?,search,2026-04-14T15:23:50.726Z,,,,,,capybara,,,,,,,,,
26,Wikipedia_Exp_14.04,Wikipedia_Exp_13.04,33,Female,sg_1776179918038_z13a8u,clumpy,0,1,practice,practice-capybaras,What do Capybaras eat?,search,2026-04-14T15:23:51.309Z,,,,,,capybara diet,,,,,,,,,
26,Wikipedia_Exp_14.04,Wikipedia_Exp_13.04,33,Female,sg_1776179918038_z13a8u,clumpy,0,1,practice,practice-capybaras,What do Capybaras eat?,search,2026-04-14T15:24:09.334Z,,,,,,ca,,,,,,,,,
26,Wikipedia_Exp_14.04,Wikipedia_Exp_13.04,33,Female,sg_1776179918038_z13a8u,clumpy,0,1,practice,practice-capybaras,What do Capybaras eat?,search,2026-04-14T15:24:09.596Z,,,,,,cap,,,,,,,,,
26,Wikipedia_Exp_14.04,Wikipedia_Exp_13.04,33,Female,sg_1776179918038_z13a8u,clumpy,0,1,practice,practice-capybaras,What do Capybaras eat?,search,2026-04-14T15:24:10.804Z,,,,,,capybara ,,,,,,,,,
26,Wikipedia_Exp_14.04,Wikipedia_Exp_13.04,33,Female,sg_1776179918038_z13a8u,clumpy,0,1,practice,practice-capybaras,What do Capybaras eat?,search,2026-04-14T15:24:11.886Z,,,,,,capybara,,,,,,,,,
26,Wikipedia_Exp_14.04,Wikipedia_Exp_13.04,33,Female,sg_1776179918038_z13a8u,clumpy,0,1,practice,practice-capybaras,What do Capybaras eat?,search,2026-04-14T15:24:15.885Z,,,,,,capybara ,,,,,,,,,
26,Wikipedia_Exp_14.04,Wikipedia_Exp_13.04,33,Female,sg_1776179918038_z13a8u,clumpy,0,1,practice,practice-capybaras,What do Capybaras eat?,search,2026-04-14T15:24:16.751Z,,,,,,capybara food,,,,,,,,,
26,Wikipedia_Exp_14.04,Wikipedia_Exp_13.04,33,Female,sg_1776179918038_z13a8u,clumpy,0,1,practice,practice-capybaras,What do Capybaras eat?,article_open,2026-04-14T15:24:19.921Z,Capybara,Capybara,,4650,search,,,,,,,,,,
26,Wikipedia_Exp_14.04,Wikipedia_Exp_13.04,33,Female,sg_1776179918038_z13a8u,clumpy,0,1,practice,practice-capybaras,What do Capybaras eat?,search,2026-04-14T15:24:49.777Z,,,,,,capybara fruit,,,,,,,,,
26,Wikipedia_Exp_14.04,Wikipedia_Exp_13.04,33,Female,sg_1776179918038_z13a8u,clumpy,0,1,practice,practice-capybaras,What do Capybaras eat?,article_open,2026-04-14T15:25:05.024Z,Rodent,Rodent,,14182,search,,,,,,,,,,
26,Wikipedia_Exp_14.04,Wikipedia_Exp_13.04,33,Female,sg_1776179918038_z13a8u,clumpy,0,1,practice,practice-capybaras,What do Capybaras eat?,search,2026-04-14T15:25:45.667Z,,,,,,cayp,,,,,,,,,
26,Wikipedia_Exp_14.04,Wikipedia_Exp_13.04,33,Female,sg_1776179918038_z13a8u,clumpy,0,1,practice,practice-capybaras,What do Capybaras eat?,search,2026-04-14T15:25:46.342Z,,,,,,cay,,,,,,,,,
26,Wikipedia_Exp_14.04,Wikipedia_Exp_13.04,33,Female,sg_1776179918038_z13a8u,clumpy,0,1,practice,practice-capybaras,What do Capybaras eat?,search,2026-04-14T15:25:46.965Z,,,,,,capybara,,,,,,,,,
26,Wikipedia_Exp_14.04,Wikipedia_Exp_13.04,33,Female,sg_1776179918038_z13a8u,clumpy,0,1,practice,practice-capybaras,What do Capybaras eat?,search,2026-04-14T15:25:47.713Z,,,,,,capybara ,,,,,,,,,
26,Wikipedia_Exp_14.04,Wikipedia_Exp_13.04,33,Female,sg_1776179918038_z13a8u,clumpy,0,1,practice,practice-capybaras,What do Capybaras eat?,search,2026-04-14T15:25:51.983Z,,,,,,capybara what do they et,,,,,,,,,
26,Wikipedia_Exp_14.04,Wikipedia_Exp_13.04,33,Female,sg_1776179918038_z13a8u,clumpy,0,1,practice,practice-capybaras,What do Capybaras eat?,search,2026-04-14T15:25:52.434Z,,,,,,capybara what do they eat?,,,,,,,,,
26,Wikipedia_Exp_14.04,Wikipedia_Exp_13.04,33,Female,sg_1776179918038_z13a8u,clumpy,0,1,practice,practice-capybaras,What do Capybaras eat?,article_open,2026-04-14T15:26:06.065Z,Exotic_pet,Exotic pet,,4571,search,,,,,,,,,,
26,Wikipedia_Exp_14.04,Wikipedia_Exp_13.04,33,Female,sg_1776179918038_z13a8u,clumpy,0,1,practice,practice-capybaras,What do Capybaras eat?,search,2026-04-14T15:26:38.429Z,,,,,,capy,,,,,,,,,
26,Wikipedia_Exp_14.04,Wikipedia_Exp_13.04,33,Female,sg_1776179918038_z13a8u,clumpy,0,1,practice,practice-capybaras,What do Capybaras eat?,search,2026-04-14T15:26:40.052Z,,,,,,capybara grazing,,,,,,,,,
26,Wikipedia_Exp_14.04,Wikipedia_Exp_13.04,33,Female,sg_1776179918038_z13a8u,clumpy,0,1,practice,practice-capybaras,What do Capybaras eat?,article_open,2026-04-14T15:26:54.363Z,Graminivore,Graminivore,,1126,search,,,,,,,,,,
26,Wikipedia_Exp_14.04,Wikipedia_Exp_13.04,33,Female,sg_1776179918038_z13a8u,clumpy,0,1,practice,practice-capybaras,What do Capybaras eat?,answer_snapshot_cursor_leave,2026-04-14T15:27:14.171Z,,,,,,,"Capybaras are herbivores grazing mainly on grasses and aquatic plants, as well as fruit and tree bark. They are very selective feeders and feed on the leaves of one species and disregard the other species around it.",215,,,,,,,cursor_leave
26,Wikipedia_Exp_14.04,Wikipedia_Exp_13.04,33,Female,sg_1776179918038_z13a8u,clumpy,0,1,practice,practice-capybaras,What do Capybaras eat?,link_click,2026-04-14T15:27:20.625Z,Capybara,,Graminivore,,,,,,,,,,,,
26,Wikipedia_Exp_14.04,Wikipedia_Exp_13.04,33,Female,sg_1776179918038_z13a8u,clumpy,0,1,practice,practice-capybaras,What do Capybaras eat?,article_open,2026-04-14T15:27:20.837Z,Capybara,Capybara,,4650,link_click,,,,,,,,,,
26,Wikipedia_Exp_14.04,Wikipedia_Exp_13.04,33,Female,sg_1776179918038_z13a8u,clumpy,0,1,practice,practice-capybaras,What do Capybaras eat?,answer_snapshot,2026-04-14T15:28:03.582Z,,,,,,,"Capybaras are herbivores grazing mainly on grasses and aquatic plants, as well as fruit and tree bark. They are very selective feeders and feed on the leaves of one species and disregard the other species around it. They eat grass in the wet season, but siwtch to more abundant reeds during the dry season.",306,,,,,,,debounce
26,Wikipedia_Exp_14.04,Wikipedia_Exp_13.04,33,Female,sg_1776179918038_z13a8u,clumpy,0,1,practice,practice-capybaras,What do Capybaras eat?,answer_snapshot_cursor_leave,2026-04-14T15:28:03.610Z,,,,,,,"Capybaras are herbivores grazing mainly on grasses and aquatic plants, as well as fruit and tree bark. They are very selective feeders and feed on the leaves of one species and disregard the other species around it. They eat grass in the wet season, but siwtch to more abundant reeds during the dry season.",306,,,,,,,cursor_leave
26,Wikipedia_Exp_14.04,Wikipedia_Exp_13.04,33,Female,sg_1776179918038_z13a8u,clumpy,0,1,practice,practice-capybaras,What do Capybaras eat?,answer_snapshot,2026-04-14T15:28:03.678Z,,,,,,,"Capybaras are herbivores grazing mainly on grasses and aquatic plants, as well as fruit and tree bark. They are very selective feeders and feed on the leaves of one species and disregard the other species around it. They eat grass in the wet season, but siwtch to more abundant reeds during the dry season.",306,,,,,,,submit
26,Wikipedia_Exp_14.04,Wikipedia_Exp_13.04,33,Female,sg_1776179918038_z13a8u,clumpy,0,1,practice,practice-capybaras,What do Capybaras eat?,task_end,2026-04-14T15:28:03.678Z,,,,,,,,,"Capybaras are herbivores grazing mainly on grasses and aquatic plants, as well as fruit and tree bark. They are very selective feeders and feed on the leaves of one species and disregard the other species around it. They eat grass in the wet season, but siwtch to more abundant reeds during the dry season.",306,,,,,
26,Wikipedia_Exp_14.04,Wikipedia_Exp_13.04,33,Female,sg_1776179918038_z13a8u,clumpy,1,,psychology,high-psychology,What brain mechanisms help people make scientific discoveries?,familiarity_rating,2026-04-14T15:28:57.953Z,,,,,,,,,,,,,1,1,
26,Wikipedia_Exp_14.04,Wikipedia_Exp_13.04,33,Female,sg_1776179918038_z13a8u,clumpy,1,,psychology,high-psychology,What brain mechanisms help people make scientific discoveries?,task_start,2026-04-14T15:28:58.002Z,,,,,,,,,,,,,,,
26,Wikipedia_Exp_14.04,Wikipedia_Exp_13.04,33,Female,sg_1776179918038_z13a8u,clumpy,1,,psychology,high-psychology,What brain mechanisms help people make scientific discoveries?,search,2026-04-14T15:29:07.768Z,,,,,,Wha,,,,,,,,,
26,Wikipedia_Exp_14.04,Wikipedia_Exp_13.04,33,Female,sg_1776179918038_z13a8u,clumpy,1,,psychology,high-psychology,What brain mechanisms help people make scientific discoveries?,search,2026-04-14T15:29:14.056Z,,,,,,What brain mechanisms help people make scientif ,,,,,,,,,
26,Wikipedia_Exp_14.04,Wikipedia_Exp_13.04,33,Female,sg_1776179918038_z13a8u,clumpy,1,,psychology,high-psychology,What brain mechanisms help people make scientific discoveries?,search,2026-04-14T15:29:14.597Z,,,,,,What brain mechanisms help people make scientifd,,,,,,,,,
26,Wikipedia_Exp_14.04,Wikipedia_Exp_13.04,33,Female,sg_1776179918038_z13a8u,clumpy,1,,psychology,high-psychology,What brain mechanisms help people make scientific discoveries?,search,2026-04-14T15:29:16.469Z,,,,,,What brain mechanisms help people make scientifc discoveries?,,,,,,,,,
26,Wikipedia_Exp_14.04,Wikipedia_Exp_13.04,33,Female,sg_1776179918038_z13a8u,clumpy,1,,psychology,high-psychology,What brain mechanisms help people make scientific discoveries?,search,2026-04-14T15:29:20.611Z,,,,,,Scientific ,,,,,,,,,
26,Wikipedia_Exp_14.04,Wikipedia_Exp_13.04,33,Female,sg_1776179918038_z13a8u,clumpy,1,,psychology,high-psychology,What brain mechanisms help people make scientific discoveries?,search,2026-04-14T15:29:22.695Z,,,,,,Scientific discoveries,,,,,,,,,
26,Wikipedia_Exp_14.04,Wikipedia_Exp_13.04,33,Female,sg_1776179918038_z13a8u,clumpy,1,,psychology,high-psychology,What brain mechanisms help people make scientific discoveries?,search,2026-04-14T15:29:23.725Z,,,,,,Scientific discoveries,,,,,,,,,
26,Wikipedia_Exp_14.04,Wikipedia_Exp_13.04,33,Female,sg_1776179918038_z13a8u,clumpy,1,,psychology,high-psychology,What brain mechanisms help people make scientific discoveries?,article_open,2026-04-14T15:29:27.042Z,Timeline_of_scientific_discoveries,Timeline of scientific discoveries,,11933,search,,,,,,,,,,
26,Wikipedia_Exp_14.04,Wikipedia_Exp_13.04,33,Female,sg_1776179918038_z13a8u,clumpy,1,,psychology,high-psychology,What brain mechanisms help people make scientific discoveries?,search,2026-04-14T15:29:37.705Z,,,,,,scientific ,,,,,,,,,
26,Wikipedia_Exp_14.04,Wikipedia_Exp_13.04,33,Female,sg_1776179918038_z13a8u,clumpy,1,,psychology,high-psychology,What brain mechanisms help people make scientific discoveries?,search,2026-04-14T15:29:40.475Z,,,,,,scientific discoveries ,,,,,,,,,
26,Wikipedia_Exp_14.04,Wikipedia_Exp_13.04,33,Female,sg_1776179918038_z13a8u,clumpy,1,,psychology,high-psychology,What brain mechanisms help people make scientific discoveries?,search,2026-04-14T15:29:42.164Z,,,,,,scientific discoveries process,,,,,,,,,
26,Wikipedia_Exp_14.04,Wikipedia_Exp_13.04,33,Female,sg_1776179918038_z13a8u,clumpy,1,,psychology,high-psychology,What brain mechanisms help people make scientific discoveries?,search,2026-04-14T15:30:01.655Z,,,,,,brain,,,,,,,,,
26,Wikipedia_Exp_14.04,Wikipedia_Exp_13.04,33,Female,sg_1776179918038_z13a8u,clumpy,1,,psychology,high-psychology,What brain mechanisms help people make scientific discoveries?,search,2026-04-14T15:30:01.973Z,,,,,,brain ,,,,,,,,,
26,Wikipedia_Exp_14.04,Wikipedia_Exp_13.04,33,Female,sg_1776179918038_z13a8u,clumpy,1,,psychology,high-psychology,What brain mechanisms help people make scientific discoveries?,search,2026-04-14T15:30:03.945Z,,,,,,brain scientif,,,,,,,,,
26,Wikipedia_Exp_14.04,Wikipedia_Exp_13.04,33,Female,sg_1776179918038_z13a8u,clumpy,1,,psychology,high-psychology,What brain mechanisms help people make scientific discoveries?,search,2026-04-14T15:30:04.584Z,,,,,,brain scientifc ,,,,,,,,,
26,Wikipedia_Exp_14.04,Wikipedia_Exp_13.04,33,Female,sg_1776179918038_z13a8u,clumpy,1,,psychology,high-psychology,What brain mechanisms help people make scientific discoveries?,search,2026-04-14T15:30:05.374Z,,,,,,brain scientif,,,,,,,,,
26,Wikipedia_Exp_14.04,Wikipedia_Exp_13.04,33,Female,sg_1776179918038_z13a8u,clumpy,1,,psychology,high-psychology,What brain mechanisms help people make scientific discoveries?,search,2026-04-14T15:30:08.263Z,,,,,,sci,,,,,,,,,
26,Wikipedia_Exp_14.04,Wikipedia_Exp_13.04,33,Female,sg_1776179918038_z13a8u,clumpy,1,,psychology,high-psychology,What brain mechanisms help people make scientific discoveries?,search,2026-04-14T15:30:13.047Z,,,,,,scientific researchers brain differences,,,,,,,,,
26,Wikipedia_Exp_14.04,Wikipedia_Exp_13.04,33,Female,sg_1776179918038_z13a8u,clumpy,1,,psychology,high-psychology,What brain mechanisms help people make scientific discoveries?,search,2026-04-14T15:30:31.873Z,,,,,,scientific,,,,,,,,,
26,Wikipedia_Exp_14.04,Wikipedia_Exp_13.04,33,Female,sg_1776179918038_z13a8u,clumpy,1,,psychology,high-psychology,What brain mechanisms help people make scientific discoveries?,search,2026-04-14T15:30:33.347Z,,,,,,scientific researches,,,,,,,,,
26,Wikipedia_Exp_14.04,Wikipedia_Exp_13.04,33,Female,sg_1776179918038_z13a8u,clumpy,1,,psychology,high-psychology,What brain mechanisms help people make scientific discoveries?,search,2026-04-14T15:30:34.048Z,,,,,,scientific researches ,,,,,,,,,
26,Wikipedia_Exp_14.04,Wikipedia_Exp_13.04,33,Female,sg_1776179918038_z13a8u,clumpy,1,,psychology,high-psychology,What brain mechanisms help people make scientific discoveries?,search,2026-04-14T15:30:37.244Z,,,,,,scientific researchers,,,,,,,,,
26,Wikipedia_Exp_14.04,Wikipedia_Exp_13.04,33,Female,sg_1776179918038_z13a8u,clumpy,1,,psychology,high-psychology,What brain mechanisms help people make scientific discoveries?,article_open,2026-04-14T15:30:42.395Z,Scientific_method,Scientific method,,25994,search,,,,,,,,,,
26,Wikipedia_Exp_14.04,Wikipedia_Exp_13.04,33,Female,sg_1776179918038_z13a8u,clumpy,1,,psychology,high-psychology,What brain mechanisms help people make scientific discoveries?,search,2026-04-14T15:30:45.760Z,,,,,,scientist,,,,,,,,,
26,Wikipedia_Exp_14.04,Wikipedia_Exp_13.04,33,Female,sg_1776179918038_z13a8u,clumpy,1,,psychology,high-psychology,What brain mechanisms help people make scientific discoveries?,search,2026-04-14T15:30:47.299Z,,,,,,scientist brain,,,,,,,,,
26,Wikipedia_Exp_14.04,Wikipedia_Exp_13.04,33,Female,sg_1776179918038_z13a8u,clumpy,1,,psychology,high-psychology,What brain mechanisms help people make scientific discoveries?,article_open,2026-04-14T15:31:06.865Z,Brain_of_Albert_Einstein,Brain of Albert Einstein,,3554,search,,,,,,,,,,
26,Wikipedia_Exp_14.04,Wikipedia_Exp_13.04,33,Female,sg_1776179918038_z13a8u,clumpy,1,,psychology,high-psychology,What brain mechanisms help people make scientific discoveries?,answer_snapshot,2026-04-14T15:31:37.106Z,,,,,,,Well-developed prefrontal cortex and parietal loves,51,,,,,,,debounce
26,Wikipedia_Exp_14.04,Wikipedia_Exp_13.04,33,Female,sg_1776179918038_z13a8u,clumpy,1,,psychology,high-psychology,What brain mechanisms help people make scientific discoveries?,answer_snapshot,2026-04-14T15:31:41.041Z,,,,,,,Well-developed prefrontal cortex and parietal loves,51,,,,,,,debounce
26,Wikipedia_Exp_14.04,Wikipedia_Exp_13.04,33,Female,sg_1776179918038_z13a8u,clumpy,1,,psychology,high-psychology,What brain mechanisms help people make scientific discoveries?,answer_snapshot,2026-04-14T15:31:50.427Z,,,,,,,Well-developed prefrontal cortex and parietal lobes have been associated with ,78,,,,,,,debounce
26,Wikipedia_Exp_14.04,Wikipedia_Exp_13.04,33,Female,sg_1776179918038_z13a8u,clumpy,1,,psychology,high-psychology,What brain mechanisms help people make scientific discoveries?,answer_snapshot,2026-04-14T15:32:08.864Z,,,,,,,Well-developed prefrontal cortex and parietal lobes have been associated with scientists who have made great discoveries. ,122,,,,,,,debounce
26,Wikipedia_Exp_14.04,Wikipedia_Exp_13.04,33,Female,sg_1776179918038_z13a8u,clumpy,1,,psychology,high-psychology,What brain mechanisms help people make scientific discoveries?,answer_snapshot,2026-04-14T15:32:21.991Z,,,,,,,Well-developed prefrontal cortex and parietal lobes have been associated with scientists who have made great discoveries. These areas were also found to be densely packed with neurons.,184,,,,,,,debounce
26,Wikipedia_Exp_14.04,Wikipedia_Exp_13.04,33,Female,sg_1776179918038_z13a8u,clumpy,1,,psychology,high-psychology,What brain mechanisms help people make scientific discoveries?,answer_snapshot,2026-04-14T15:32:57.803Z,,,,,,,Well-developed prefrontal cortex and parietal lobes have been associated with scientists who have made great discoveries. These areas were also found to be densely packed with neurons. Also the absence of a typical groove in the brain known as the 'sylvian fissure' is thought to potentially allow for better communication between different brain regions.,355,,,,,,,debounce
26,Wikipedia_Exp_14.04,Wikipedia_Exp_13.04,33,Female,sg_1776179918038_z13a8u,clumpy,1,,psychology,high-psychology,What brain mechanisms help people make scientific discoveries?,answer_snapshot_cursor_leave,2026-04-14T15:33:52.409Z,,,,,,,Well-developed prefrontal cortex and parietal lobes have been associated with scientists who have made great discoveries. These areas were also found to be densely packed with neurons. Also the absence of a typical groove in the brain known as the 'sylvian fissure' is thought to potentially allow for better communication between different brain regions.,355,,,,,,,cursor_leave
26,Wikipedia_Exp_14.04,Wikipedia_Exp_13.04,33,Female,sg_1776179918038_z13a8u,clumpy,1,,psychology,high-psychology,What brain mechanisms help people make scientific discoveries?,link_click,2026-04-14T15:33:52.499Z,Carl_Friedrich_Gauss,,Brain_of_Albert_Einstein,,,,,,,,,,,,
26,Wikipedia_Exp_14.04,Wikipedia_Exp_13.04,33,Female,sg_1776179918038_z13a8u,clumpy,1,,psychology,high-psychology,What brain mechanisms help people make scientific discoveries?,article_open,2026-04-14T15:33:54.689Z,Carl_Friedrich_Gauss,Carl Friedrich Gauss,,21799,link_click,,,,,,,,,,
26,Wikipedia_Exp_14.04,Wikipedia_Exp_13.04,33,Female,sg_1776179918038_z13a8u,clumpy,1,,psychology,high-psychology,What brain mechanisms help people make scientific discoveries?,search,2026-04-14T15:34:04.373Z,,,,,,Car,,,,,,,,,
26,Wikipedia_Exp_14.04,Wikipedia_Exp_13.04,33,Female,sg_1776179918038_z13a8u,clumpy,1,,psychology,high-psychology,What brain mechanisms help people make scientific discoveries?,search,2026-04-14T15:34:05.195Z,,,,,,Carl Gau,,,,,,,,,
26,Wikipedia_Exp_14.04,Wikipedia_Exp_13.04,33,Female,sg_1776179918038_z13a8u,clumpy,1,,psychology,high-psychology,What brain mechanisms help people make scientific discoveries?,search,2026-04-14T15:34:06.078Z,,,,,,Carl Gua,,,,,,,,,
26,Wikipedia_Exp_14.04,Wikipedia_Exp_13.04,33,Female,sg_1776179918038_z13a8u,clumpy,1,,psychology,high-psychology,What brain mechanisms help people make scientific discoveries?,search,2026-04-14T15:34:07.368Z,,,,,,Carl G,,,,,,,,,
26,Wikipedia_Exp_14.04,Wikipedia_Exp_13.04,33,Female,sg_1776179918038_z13a8u,clumpy,1,,psychology,high-psychology,What brain mechanisms help people make scientific discoveries?,search,2026-04-14T15:34:12.081Z,,,,,,Carl Gauss brain,,,,,,,,,
26,Wikipedia_Exp_14.04,Wikipedia_Exp_13.04,33,Female,sg_1776179918038_z13a8u,clumpy,1,,psychology,high-psychology,What brain mechanisms help people make scientific discoveries?,search,2026-04-14T15:34:19.586Z,,,,,,brain of ,,,,,,,,,
26,Wikipedia_Exp_14.04,Wikipedia_Exp_13.04,33,Female,sg_1776179918038_z13a8u,clumpy,1,,psychology,high-psychology,What brain mechanisms help people make scientific discoveries?,search,2026-04-14T15:34:21.340Z,,,,,,brain of sc,,,,,,,,,
26,Wikipedia_Exp_14.04,Wikipedia_Exp_13.04,33,Female,sg_1776179918038_z13a8u,clumpy,1,,psychology,high-psychology,What brain mechanisms help people make scientific discoveries?,search,2026-04-14T15:34:22.153Z,,,,,,brain of scienti,,,,,,,,,
26,Wikipedia_Exp_14.04,Wikipedia_Exp_13.04,33,Female,sg_1776179918038_z13a8u,clumpy,1,,psychology,high-psychology,What brain mechanisms help people make scientific discoveries?,search,2026-04-14T15:34:25.798Z,,,,,,brain of scient,,,,,,,,,
26,Wikipedia_Exp_14.04,Wikipedia_Exp_13.04,33,Female,sg_1776179918038_z13a8u,clumpy,1,,psychology,high-psychology,What brain mechanisms help people make scientific discoveries?,search,2026-04-14T15:34:27.575Z,,,,,,brain o,,,,,,,,,
26,Wikipedia_Exp_14.04,Wikipedia_Exp_13.04,33,Female,sg_1776179918038_z13a8u,clumpy,1,,psychology,high-psychology,What brain mechanisms help people make scientific discoveries?,back_navigation,2026-04-14T15:34:29.986Z,Brain_of_Albert_Einstein,,Carl_Friedrich_Gauss,,,,,,,,,,,,
26,Wikipedia_Exp_14.04,Wikipedia_Exp_13.04,33,Female,sg_1776179918038_z13a8u,clumpy,1,,psychology,high-psychology,What brain mechanisms help people make scientific discoveries?,article_open,2026-04-14T15:34:30.120Z,Brain_of_Albert_Einstein,Brain of Albert Einstein,,3554,back,,,,,,,,,,
26,Wikipedia_Exp_14.04,Wikipedia_Exp_13.04,33,Female,sg_1776179918038_z13a8u,clumpy,1,,psychology,high-psychology,What brain mechanisms help people make scientific discoveries?,search,2026-04-14T15:34:59.027Z,,,,,,rudol,,,,,,,,,
26,Wikipedia_Exp_14.04,Wikipedia_Exp_13.04,33,Female,sg_1776179918038_z13a8u,clumpy,1,,psychology,high-psychology,What brain mechanisms help people make scientific discoveries?,search,2026-04-14T15:34:59.507Z,,,,,,rudolf ,,,,,,,,,
26,Wikipedia_Exp_14.04,Wikipedia_Exp_13.04,33,Female,sg_1776179918038_z13a8u,clumpy,1,,psychology,high-psychology,What brain mechanisms help people make scientific discoveries?,search,2026-04-14T15:35:00.650Z,,,,,,rudolf wagner,,,,,,,,,
26,Wikipedia_Exp_14.04,Wikipedia_Exp_13.04,33,Female,sg_1776179918038_z13a8u,clumpy,1,,psychology,high-psychology,What brain mechanisms help people make scientific discoveries?,search,2026-04-14T15:35:03.879Z,,,,,,rudolf wagner brain,,,,,,,,,
26,Wikipedia_Exp_14.04,Wikipedia_Exp_13.04,33,Female,sg_1776179918038_z13a8u,clumpy,1,,psychology,high-psychology,What brain mechanisms help people make scientific discoveries?,search,2026-04-14T15:35:07.034Z,,,,,,rudolf wagner brai,,,,,,,,,
26,Wikipedia_Exp_14.04,Wikipedia_Exp_13.04,33,Female,sg_1776179918038_z13a8u,clumpy,1,,psychology,high-psychology,What brain mechanisms help people make scientific discoveries?,search,2026-04-14T15:35:08.750Z,,,,,,rudolf wagner bra,,,,,,,,,
26,Wikipedia_Exp_14.04,Wikipedia_Exp_13.04,33,Female,sg_1776179918038_z13a8u,clumpy,1,,psychology,high-psychology,What brain mechanisms help people make scientific discoveries?,search,2026-04-14T15:35:12.635Z,,,,,,vladimir lenn,,,,,,,,,
26,Wikipedia_Exp_14.04,Wikipedia_Exp_13.04,33,Female,sg_1776179918038_z13a8u,clumpy,1,,psychology,high-psychology,What brain mechanisms help people make scientific discoveries?,search,2026-04-14T15:35:13.917Z,,,,,,vladimir lenin ,,,,,,,,,
26,Wikipedia_Exp_14.04,Wikipedia_Exp_13.04,33,Female,sg_1776179918038_z13a8u,clumpy,1,,psychology,high-psychology,What brain mechanisms help people make scientific discoveries?,search,2026-04-14T15:35:14.645Z,,,,,,vladimir lenin brain,,,,,,,,,
26,Wikipedia_Exp_14.04,Wikipedia_Exp_13.04,33,Female,sg_1776179918038_z13a8u,clumpy,1,,psychology,high-psychology,What brain mechanisms help people make scientific discoveries?,article_open,2026-04-14T15:35:16.371Z,Brain_of_Vladimir_Lenin,Brain of Vladimir Lenin,,2515,search,,,,,,,,,,
26,Wikipedia_Exp_14.04,Wikipedia_Exp_13.04,33,Female,sg_1776179918038_z13a8u,clumpy,1,,psychology,high-psychology,What brain mechanisms help people make scientific discoveries?,answer_snapshot,2026-04-14T15:35:48.456Z,,,,,,,Well-developed prefrontal cortex and parietal lobes have been associated with scientists who have made great discoveries. These areas were also found to be densely packed with neurons. This was found to be the case in both the brains of  Also the absence of a typical groove in the brain known as the 'sylvian fissure' is thought to potentially allow for better communication between different brain regions.,408,,,,,,,debounce
26,Wikipedia_Exp_14.04,Wikipedia_Exp_13.04,33,Female,sg_1776179918038_z13a8u,clumpy,1,,psychology,high-psychology,What brain mechanisms help people make scientific discoveries?,answer_snapshot,2026-04-14T15:35:55.550Z,,,,,,,Well-developed prefrontal cortex and parietal lobes have been associated with scientists who have made great discoveries. These areas were also found to be densely packed with neurons. This was found to be the case in both the brains of Albert Einstein and Vl Also the absence of a typical groove in the brain known as the 'sylvian fissure' is thought to potentially allow for better communication between different brain regions.,430,,,,,,,debounce
26,Wikipedia_Exp_14.04,Wikipedia_Exp_13.04,33,Female,sg_1776179918038_z13a8u,clumpy,1,,psychology,high-psychology,What brain mechanisms help people make scientific discoveries?,answer_snapshot,2026-04-14T15:36:04.754Z,,,,,,,Well-developed prefrontal cortex and parietal lobes have been associated with scientists who have made great discoveries. These areas were also found to be densely packed with neurons. This was found to be the case in both the brains of Albert Einstein and Vladimir Lenin. Also the absence of a typical groove in the brain known as the 'sylvian fissure' is thought to potentially allow for better communication between different brain regions.,443,,,,,,,debounce
26,Wikipedia_Exp_14.04,Wikipedia_Exp_13.04,33,Female,sg_1776179918038_z13a8u,clumpy,1,,psychology,high-psychology,What brain mechanisms help people make scientific discoveries?,answer_snapshot,2026-04-14T15:36:14.127Z,,,,,,,Well-developed prefrontal cortex and parietal lobes have been associated with scientists who have made great discoveries. These areas were also found to be densely packed with neurons. Abundance of neurons was found to be the case in both the brains of Albert Einstein and Vladimir Lenin. Also the absence of a typical groove in the brain known as the 'sylvian fissure' is thought to potentially allow for better communication between different brain regions.,459,,,,,,,debounce
26,Wikipedia_Exp_14.04,Wikipedia_Exp_13.04,33,Female,sg_1776179918038_z13a8u,clumpy,1,,psychology,high-psychology,What brain mechanisms help people make scientific discoveries?,answer_snapshot_cursor_leave,2026-04-14T15:36:44.993Z,,,,,,,Well-developed prefrontal cortex and parietal lobes have been associated with scientists who have made great discoveries. These areas were also found to be densely packed with neurons. Abundance of neurons was found to be the case in both the brains of Albert Einstein and Vladimir Lenin. Also the absence of a typical groove in the brain known as the 'sylvian fissure' is thought to potentially allow for better communication between different brain regions.,459,,,,,,,cursor_leave
26,Wikipedia_Exp_14.04,Wikipedia_Exp_13.04,33,Female,sg_1776179918038_z13a8u,clumpy,1,,psychology,high-psychology,What brain mechanisms help people make scientific discoveries?,back_navigation,2026-04-14T15:36:45.062Z,Brain_of_Albert_Einstein,,Brain_of_Vladimir_Lenin,,,,,,,,,,,,
26,Wikipedia_Exp_14.04,Wikipedia_Exp_13.04,33,Female,sg_1776179918038_z13a8u,clumpy,1,,psychology,high-psychology,What brain mechanisms help people make scientific discoveries?,article_open,2026-04-14T15:36:45.180Z,Brain_of_Albert_Einstein,Brain of Albert Einstein,,3554,back,,,,,,,,,,
26,Wikipedia_Exp_14.04,Wikipedia_Exp_13.04,33,Female,sg_1776179918038_z13a8u,clumpy,1,,psychology,high-psychology,What brain mechanisms help people make scientific discoveries?,link_click,2026-04-14T15:37:14.188Z,Sofia_Kovalevskaya,,Brain_of_Albert_Einstein,,,,,,,,,,,,
26,Wikipedia_Exp_14.04,Wikipedia_Exp_13.04,33,Female,sg_1776179918038_z13a8u,clumpy,1,,psychology,high-psychology,What brain mechanisms help people make scientific discoveries?,article_open,2026-04-14T15:37:15.571Z,Sofia_Kovalevskaya,Sofya Kovalevskaya,,4733,link_click,,,,,,,,,,
26,Wikipedia_Exp_14.04,Wikipedia_Exp_13.04,33,Female,sg_1776179918038_z13a8u,clumpy,1,,psychology,high-psychology,What brain mechanisms help people make scientific discoveries?,search,2026-04-14T15:37:29.365Z,,,,,,Sofya Kovalevskaya,,,,,,,,,
26,Wikipedia_Exp_14.04,Wikipedia_Exp_13.04,33,Female,sg_1776179918038_z13a8u,clumpy,1,,psychology,high-psychology,What brain mechanisms help people make scientific discoveries?,search,2026-04-14T15:37:30.142Z,,,,,,Sofya Kovalevskaya brain,,,,,,,,,
26,Wikipedia_Exp_14.04,Wikipedia_Exp_13.04,33,Female,sg_1776179918038_z13a8u,clumpy,1,,psychology,high-psychology,What brain mechanisms help people make scientific discoveries?,back_navigation,2026-04-14T15:37:37.302Z,Brain_of_Albert_Einstein,,Sofia_Kovalevskaya,,,,,,,,,,,,
26,Wikipedia_Exp_14.04,Wikipedia_Exp_13.04,33,Female,sg_1776179918038_z13a8u,clumpy,1,,psychology,high-psychology,What brain mechanisms help people make scientific discoveries?,article_open,2026-04-14T15:37:37.402Z,Brain_of_Albert_Einstein,Brain of Albert Einstein,,3554,back,,,,,,,,,,
26,Wikipedia_Exp_14.04,Wikipedia_Exp_13.04,33,Female,sg_1776179918038_z13a8u,clumpy,1,,psychology,high-psychology,What brain mechanisms help people make scientific discoveries?,link_click,2026-04-14T15:37:45.719Z,Edward_H._Rulloff,,Brain_of_Albert_Einstein,,,,,,,,,,,,
26,Wikipedia_Exp_14.04,Wikipedia_Exp_13.04,33,Female,sg_1776179918038_z13a8u,clumpy,1,,psychology,high-psychology,What brain mechanisms help people make scientific discoveries?,article_open,2026-04-14T15:37:46.307Z,Edward_H._Rulloff,Edward H. Rulloff,,2214,link_click,,,,,,,,,,
26,Wikipedia_Exp_14.04,Wikipedia_Exp_13.04,33,Female,sg_1776179918038_z13a8u,clumpy,1,,psychology,high-psychology,What brain mechanisms help people make scientific discoveries?,search,2026-04-14T15:38:11.276Z,,,,,,Edward H. Rulloff,,,,,,,,,
26,Wikipedia_Exp_14.04,Wikipedia_Exp_13.04,33,Female,sg_1776179918038_z13a8u,clumpy,1,,psychology,high-psychology,What brain mechanisms help people make scientific discoveries?,search,2026-04-14T15:38:11.572Z,,,,,,Edward H. Rulloff ,,,,,,,,,
26,Wikipedia_Exp_14.04,Wikipedia_Exp_13.04,33,Female,sg_1776179918038_z13a8u,clumpy,1,,psychology,high-psychology,What brain mechanisms help people make scientific discoveries?,search,2026-04-14T15:38:12.516Z,,,,,,Edward H. Rulloff bra,,,,,,,,,
26,Wikipedia_Exp_14.04,Wikipedia_Exp_13.04,33,Female,sg_1776179918038_z13a8u,clumpy,1,,psychology,high-psychology,What brain mechanisms help people make scientific discoveries?,search,2026-04-14T15:38:13.256Z,,,,,,Edward H. Rulloff brain,,,,,,,,,
26,Wikipedia_Exp_14.04,Wikipedia_Exp_13.04,33,Female,sg_1776179918038_z13a8u,clumpy,1,,psychology,high-psychology,What brain mechanisms help people make scientific discoveries?,search,2026-04-14T15:38:13.761Z,,,,,,Edward H. Rulloff brain,,,,,,,,,
26,Wikipedia_Exp_14.04,Wikipedia_Exp_13.04,33,Female,sg_1776179918038_z13a8u,clumpy,1,,psychology,high-psychology,What brain mechanisms help people make scientific discoveries?,answer_snapshot,2026-04-14T15:39:01.625Z,,,,,,,Well-developed prefrontal cortex and parietal lobes have been associated with scientists who have made great discoveries. These areas were also found to be densely packed with neurons. Abundance of neurons was found to be the case in both the brains of Albert Einstein and Vladimir Lenin. Also the absence of a typical groove in the brain known as the 'sylvian fissure' is thought to potentially allow for better communication between different brain regions.,459,,,,,,,submit
26,Wikipedia_Exp_14.04,Wikipedia_Exp_13.04,33,Female,sg_1776179918038_z13a8u,clumpy,1,,psychology,high-psychology,What brain mechanisms help people make scientific discoveries?,task_end,2026-04-14T15:39:01.625Z,,,,,,,,,Well-developed prefrontal cortex and parietal lobes have been associated with scientists who have made great discoveries. These areas were also found to be densely packed with neurons. Abundance of neurons was found to be the case in both the brains of Albert Einstein and Vladimir Lenin. Also the absence of a typical groove in the brain known as the 'sylvian fissure' is thought to potentially allow for better communication between different brain regions.,459,,,,,
26,Wikipedia_Exp_14.04,Wikipedia_Exp_13.04,33,Female,sg_1776179918038_z13a8u,clumpy,2,,art_history,high-art-history,How do ancient works of art play a role in contemporary society?,familiarity_rating,2026-04-14T15:39:45.800Z,,,,,,,,,,,,,1,1,
26,Wikipedia_Exp_14.04,Wikipedia_Exp_13.04,33,Female,sg_1776179918038_z13a8u,clumpy,2,,art_history,high-art-history,How do ancient works of art play a role in contemporary society?,task_start,2026-04-14T15:39:46.081Z,,,,,,,,,,,,,,,
26,Wikipedia_Exp_14.04,Wikipedia_Exp_13.04,33,Female,sg_1776179918038_z13a8u,clumpy,2,,art_history,high-art-history,How do ancient works of art play a role in contemporary society?,search,2026-04-14T15:39:49.831Z,,,,,,An,,,,,,,,,
26,Wikipedia_Exp_14.04,Wikipedia_Exp_13.04,33,Female,sg_1776179918038_z13a8u,clumpy,2,,art_history,high-art-history,How do ancient works of art play a role in contemporary society?,search,2026-04-14T15:39:51.040Z,,,,,,Ancient art ,,,,,,,,,
26,Wikipedia_Exp_14.04,Wikipedia_Exp_13.04,33,Female,sg_1776179918038_z13a8u,clumpy,2,,art_history,high-art-history,How do ancient works of art play a role in contemporary society?,search,2026-04-14T15:39:52.566Z,,,,,,Ancient art today,,,,,,,,,
26,Wikipedia_Exp_14.04,Wikipedia_Exp_13.04,33,Female,sg_1776179918038_z13a8u,clumpy,2,,art_history,high-art-history,How do ancient works of art play a role in contemporary society?,article_open,2026-04-14T15:39:56.674Z,Ancient_art,Ancient art,,9179,search,,,,,,,,,,
26,Wikipedia_Exp_14.04,Wikipedia_Exp_13.04,33,Female,sg_1776179918038_z13a8u,clumpy,2,,art_history,high-art-history,How do ancient works of art play a role in contemporary society?,search,2026-04-14T15:40:11.809Z,,,,,,ancie,,,,,,,,,
26,Wikipedia_Exp_14.04,Wikipedia_Exp_13.04,33,Female,sg_1776179918038_z13a8u,clumpy,2,,art_history,high-art-history,How do ancient works of art play a role in contemporary society?,search,2026-04-14T15:40:12.594Z,,,,,,ancient ,,,,,,,,,
26,Wikipedia_Exp_14.04,Wikipedia_Exp_13.04,33,Female,sg_1776179918038_z13a8u,clumpy,2,,art_history,high-art-history,How do ancient works of art play a role in contemporary society?,search,2026-04-14T15:40:14.320Z,,,,,,ancient art influence,,,,,,,,,
26,Wikipedia_Exp_14.04,Wikipedia_Exp_13.04,33,Female,sg_1776179918038_z13a8u,clumpy,2,,art_history,high-art-history,How do ancient works of art play a role in contemporary society?,search,2026-04-14T15:40:14.694Z,,,,,,ancient art influence,,,,,,,,,
26,Wikipedia_Exp_14.04,Wikipedia_Exp_13.04,33,Female,sg_1776179918038_z13a8u,clumpy,2,,art_history,high-art-history,How do ancient works of art play a role in contemporary society?,article_open,2026-04-14T15:40:26.693Z,Art_of_ancient_Egypt,Art of ancient Egypt,,21845,search,,,,,,,,,,
26,Wikipedia_Exp_14.04,Wikipedia_Exp_13.04,33,Female,sg_1776179918038_z13a8u,clumpy,2,,art_history,high-art-history,How do ancient works of art play a role in contemporary society?,link_click,2026-04-14T15:40:32.629Z,Contemporary_art,,Art_of_ancient_Egypt,,,,,,,,,,,,
26,Wikipedia_Exp_14.04,Wikipedia_Exp_13.04,33,Female,sg_1776179918038_z13a8u,clumpy,2,,art_history,high-art-history,How do ancient works of art play a role in contemporary society?,article_open,2026-04-14T15:40:32.752Z,Contemporary_art,Contemporary art,,4804,link_click,,,,,,,,,,
26,Wikipedia_Exp_14.04,Wikipedia_Exp_13.04,33,Female,sg_1776179918038_z13a8u,clumpy,2,,art_history,high-art-history,How do ancient works of art play a role in contemporary society?,back_navigation,2026-04-14T15:40:35.952Z,Art_of_ancient_Egypt,,Contemporary_art,,,,,,,,,,,,
26,Wikipedia_Exp_14.04,Wikipedia_Exp_13.04,33,Female,sg_1776179918038_z13a8u,clumpy,2,,art_history,high-art-history,How do ancient works of art play a role in contemporary society?,article_open,2026-04-14T15:40:36.161Z,Art_of_ancient_Egypt,Art of ancient Egypt,,21845,back,,,,,,,,,,
26,Wikipedia_Exp_14.04,Wikipedia_Exp_13.04,33,Female,sg_1776179918038_z13a8u,clumpy,2,,art_history,high-art-history,How do ancient works of art play a role in contemporary society?,answer_snapshot,2026-04-14T15:42:36.706Z,,,,,,,From Ancient Egyptian art derived 'Egyptian Revival art',56,,,,,,,debounce
26,Wikipedia_Exp_14.04,Wikipedia_Exp_13.04,33,Female,sg_1776179918038_z13a8u,clumpy,2,,art_history,high-art-history,How do ancient works of art play a role in contemporary society?,answer_snapshot_cursor_leave,2026-04-14T15:42:48.297Z,,,,,,,"From Ancient Egyptian art derived 'Egyptian Revival art' which is a stlye in Western art, mainlg ",97,,,,,,,cursor_leave
26,Wikipedia_Exp_14.04,Wikipedia_Exp_13.04,33,Female,sg_1776179918038_z13a8u,clumpy,2,,art_history,high-art-history,How do ancient works of art play a role in contemporary society?,paste,2026-04-14T15:43:02.697Z,,,,,,,,,,,"early nineteenth century, in which Egyptian motifs were applied to a wide variety of decorative arts objects. It was underground in American decorative arts throughout the nineteenth century, continuing into the 1920s. The major motifs of Egyptian art, such as obelisks, hieroglyphs, the sphinx, and pyramids, were used in various artistic media, including architecture, furniture, ceramics, and silver. ",404,,,
26,Wikipedia_Exp_14.04,Wikipedia_Exp_13.04,33,Female,sg_1776179918038_z13a8u,clumpy,2,,art_history,high-art-history,How do ancient works of art play a role in contemporary society?,answer_snapshot,2026-04-14T15:43:04.710Z,,,,,,,"From Ancient Egyptian art derived 'Egyptian Revival art' which is a stlye in Western art, main early nineteenth century, in which Egyptian motifs were applied to a wide variety of decorative arts objects. It was underground in American decorative arts throughout the nineteenth century, continuing into the 1920s. The major motifs of Egyptian art, such as obelisks, hieroglyphs, the sphinx, and pyramids, were used in various artistic media, including architecture, furniture, ceramics, and silver. ",499,,,,,,,debounce
26,Wikipedia_Exp_14.04,Wikipedia_Exp_13.04,33,Female,sg_1776179918038_z13a8u,clumpy,2,,art_history,high-art-history,How do ancient works of art play a role in contemporary society?,answer_snapshot,2026-04-14T15:43:07.715Z,,,,,,,"From Ancient Egyptian art derived 'Egyptian Revival art' which is a stlye in Western art, mainly of the early nineteenth century, in which Egyptian motifs were applied to a wide variety of decorative arts objects. It was underground in American decorative arts throughout the nineteenth century, continuing into the 1920s. The major motifs of Egyptian art, such as obelisks, hieroglyphs, the sphinx, and pyramids, were used in various artistic media, including architecture, furniture, ceramics, and silver. ",508,,,,,,,debounce
26,Wikipedia_Exp_14.04,Wikipedia_Exp_13.04,33,Female,sg_1776179918038_z13a8u,clumpy,2,,art_history,high-art-history,How do ancient works of art play a role in contemporary society?,answer_snapshot_cursor_leave,2026-04-14T15:43:16.065Z,,,,,,,"From Ancient Egyptian art derived 'Egyptian Revival art' which is a stlye in Western art, mainly of the early nineteenth century, in which Egyptian motifs were applied to a wide variety of decorative arts objects. It was underground in American decorative arts throughout the nineteenth century, continuing into the 1920s. The major motifs of Egyptian art, such as obelisks, hieroglyphs, the sphinx, and pyramids, were used in various artistic media, including architecture, furniture, ceramics, and silver. ",508,,,,,,,cursor_leave
26,Wikipedia_Exp_14.04,Wikipedia_Exp_13.04,33,Female,sg_1776179918038_z13a8u,clumpy,2,,art_history,high-art-history,How do ancient works of art play a role in contemporary society?,paste,2026-04-14T15:43:25.792Z,,,,,,,,,,,"Egyptian motifs provided an exotic alternative to the more traditional styles of the day. Over the course of the nineteenth century, American tastes evolved from a highly ornamented aesthetic to a simpler, sparer sense of decoration; the vocabulary of ancient Egyptian art would be interpreted and adapted in different ways depending on the standards and motivations of the time.[138] This legacy endures in contemporary Egyptian art, as seen in the work of Rasha Amin, whose Cairo upbringing shapes her multidisciplinary pieces, reflecting the influence of Egypt’s rich cultural heritage.[139]",594,,,
26,Wikipedia_Exp_14.04,Wikipedia_Exp_13.04,33,Female,sg_1776179918038_z13a8u,clumpy,2,,art_history,high-art-history,How do ancient works of art play a role in contemporary society?,answer_snapshot,2026-04-14T15:43:27.805Z,,,,,,,"From Ancient Egyptian art derived 'Egyptian Revival art' which is a stlye in Western art, mainly of the early nineteenth century, in which Egyptian motifs were applied to a wide variety of decorative arts objects. It was underground in American decorative arts throughout the nineteenth century, continuing into the 1920s. The major motifs of Egyptian art, such as obelisks, hieroglyphs, the sphinx, and pyramids, were used in various artistic media, including architecture, furniture, ceramics, and silver. Egyptian motifs provided an exotic alternative to the more traditional styles of the day. Over the course of the nineteenth century, American tastes evolved from a highly ornamented aesthetic to a simpler, sparer sense of decoration; the vocabulary of ancient Egyptian art would be interpreted and adapted in different ways depending on the standards and motivations of the time.[138] This legacy endures in contemporary Egyptian art, as seen in the work of Rasha Amin, whose Cairo upbringing shapes her multidisciplinary pieces, reflecting the influence of Egypt’s rich cultural heritage.[139]",1102,,,,,,,debounce
26,Wikipedia_Exp_14.04,Wikipedia_Exp_13.04,33,Female,sg_1776179918038_z13a8u,clumpy,2,,art_history,high-art-history,How do ancient works of art play a role in contemporary society?,answer_snapshot_cursor_leave,2026-04-14T15:43:32.549Z,,,,,,,"From Ancient Egyptian art derived 'Egyptian Revival art' which is a stlye in Western art, mainly of the early nineteenth century, in which Egyptian motifs were applied to a wide variety of decorative arts objects. It was underground in American decorative arts throughout the nineteenth century, continuing into the 1920s. The major motifs of Egyptian art, such as obelisks, hieroglyphs, the sphinx, and pyramids, were used in various artistic media, including architecture, furniture, ceramics, and silver. Egyptian motifs provided an exotic alternative to the more traditional styles of the day. Over the course of the nineteenth century, American tastes evolved from a highly ornamented aesthetic to a simpler, sparer sense of decoration; the vocabulary of ancient Egyptian art would be interpreted and adapted in different ways depending on the standards and motivations of the time.[138] This legacy endures in contemporary Egyptian art, as seen in the work of Rasha Amin, whose Cairo upbringing shapes her multidisciplinary pieces, reflecting the influence of Egypt’s rich cultural heritage.[139]",1102,,,,,,,cursor_leave
26,Wikipedia_Exp_14.04,Wikipedia_Exp_13.04,33,Female,sg_1776179918038_z13a8u,clumpy,2,,art_history,high-art-history,How do ancient works of art play a role in contemporary society?,search,2026-04-14T15:43:34.253Z,,,,,,anv,,,,,,,,,
26,Wikipedia_Exp_14.04,Wikipedia_Exp_13.04,33,Female,sg_1776179918038_z13a8u,clumpy,2,,art_history,high-art-history,How do ancient works of art play a role in contemporary society?,search,2026-04-14T15:43:35.257Z,,,,,,ancient ,,,,,,,,,
26,Wikipedia_Exp_14.04,Wikipedia_Exp_13.04,33,Female,sg_1776179918038_z13a8u,clumpy,2,,art_history,high-art-history,How do ancient works of art play a role in contemporary society?,search,2026-04-14T15:43:36.373Z,,,,,,ancient art,,,,,,,,,
26,Wikipedia_Exp_14.04,Wikipedia_Exp_13.04,33,Female,sg_1776179918038_z13a8u,clumpy,2,,art_history,high-art-history,How do ancient works of art play a role in contemporary society?,article_open,2026-04-14T15:43:38.059Z,Ancient_Greek_art,Ancient Greek art,,16241,search,,,,,,,,,,
26,Wikipedia_Exp_14.04,Wikipedia_Exp_13.04,33,Female,sg_1776179918038_z13a8u,clumpy,2,,art_history,high-art-history,How do ancient works of art play a role in contemporary society?,back_navigation,2026-04-14T15:43:57.780Z,Art_of_ancient_Egypt,,Ancient_Greek_art,,,,,,,,,,,,
26,Wikipedia_Exp_14.04,Wikipedia_Exp_13.04,33,Female,sg_1776179918038_z13a8u,clumpy,2,,art_history,high-art-history,How do ancient works of art play a role in contemporary society?,article_open,2026-04-14T15:43:57.964Z,Art_of_ancient_Egypt,Art of ancient Egypt,,21845,back,,,,,,,,,,
26,Wikipedia_Exp_14.04,Wikipedia_Exp_13.04,33,Female,sg_1776179918038_z13a8u,clumpy,2,,art_history,high-art-history,How do ancient works of art play a role in contemporary society?,search,2026-04-14T15:44:00.862Z,,,,,,ancient art,,,,,,,,,
26,Wikipedia_Exp_14.04,Wikipedia_Exp_13.04,33,Female,sg_1776179918038_z13a8u,clumpy,2,,art_history,high-art-history,How do ancient works of art play a role in contemporary society?,article_open,2026-04-14T15:44:06.896Z,Ancient_Jewish_art,Ancient Jewish art,,3881,search,,,,,,,,,,
26,Wikipedia_Exp_14.04,Wikipedia_Exp_13.04,33,Female,sg_1776179918038_z13a8u,clumpy,2,,art_history,high-art-history,How do ancient works of art play a role in contemporary society?,search,2026-04-14T15:44:22.350Z,,,,,,ancient art contemp,,,,,,,,,
26,Wikipedia_Exp_14.04,Wikipedia_Exp_13.04,33,Female,sg_1776179918038_z13a8u,clumpy,2,,art_history,high-art-history,How do ancient works of art play a role in contemporary society?,search,2026-04-14T15:44:23.163Z,,,,,,ancient art contempora,,,,,,,,,
26,Wikipedia_Exp_14.04,Wikipedia_Exp_13.04,33,Female,sg_1776179918038_z13a8u,clumpy,2,,art_history,high-art-history,How do ancient works of art play a role in contemporary society?,search,2026-04-14T15:44:23.907Z,,,,,,ancient art contemporary,,,,,,,,,
26,Wikipedia_Exp_14.04,Wikipedia_Exp_13.04,33,Female,sg_1776179918038_z13a8u,clumpy,2,,art_history,high-art-history,How do ancient works of art play a role in contemporary society?,article_open,2026-04-14T15:44:34.556Z,Periods_in_Western_art_history,Periods in Western art history,,2983,search,,,,,,,,,,
26,Wikipedia_Exp_14.04,Wikipedia_Exp_13.04,33,Female,sg_1776179918038_z13a8u,clumpy,2,,art_history,high-art-history,How do ancient works of art play a role in contemporary society?,link_click,2026-04-14T15:44:47.235Z,Roman_art,,Periods_in_Western_art_history,,,,,,,,,,,,
26,Wikipedia_Exp_14.04,Wikipedia_Exp_13.04,33,Female,sg_1776179918038_z13a8u,clumpy,2,,art_history,high-art-history,How do ancient works of art play a role in contemporary society?,article_open,2026-04-14T15:44:48.454Z,Roman_art,Roman art,,10242,link_click,,,,,,,,,,
26,Wikipedia_Exp_14.04,Wikipedia_Exp_13.04,33,Female,sg_1776179918038_z13a8u,clumpy,2,,art_history,high-art-history,How do ancient works of art play a role in contemporary society?,search,2026-04-14T15:45:40.575Z,,,,,,modern ancient ,,,,,,,,,
26,Wikipedia_Exp_14.04,Wikipedia_Exp_13.04,33,Female,sg_1776179918038_z13a8u,clumpy,2,,art_history,high-art-history,How do ancient works of art play a role in contemporary society?,search,2026-04-14T15:45:40.916Z,,,,,,modern ancient art,,,,,,,,,
26,Wikipedia_Exp_14.04,Wikipedia_Exp_13.04,33,Female,sg_1776179918038_z13a8u,clumpy,2,,art_history,high-art-history,How do ancient works of art play a role in contemporary society?,article_open,2026-04-14T15:45:56.766Z,Art_of_Europe,Art of Europe,,11454,search,,,,,,,,,,
26,Wikipedia_Exp_14.04,Wikipedia_Exp_13.04,33,Female,sg_1776179918038_z13a8u,clumpy,2,,art_history,high-art-history,How do ancient works of art play a role in contemporary society?,search,2026-04-14T15:46:08.016Z,,,,,,contemporary society art,,,,,,,,,
26,Wikipedia_Exp_14.04,Wikipedia_Exp_13.04,33,Female,sg_1776179918038_z13a8u,clumpy,2,,art_history,high-art-history,How do ancient works of art play a role in contemporary society?,article_open,2026-04-14T15:46:10.819Z,Contemporary_art,Contemporary art,,4804,search,,,,,,,,,,
26,Wikipedia_Exp_14.04,Wikipedia_Exp_13.04,33,Female,sg_1776179918038_z13a8u,clumpy,2,,art_history,high-art-history,How do ancient works of art play a role in contemporary society?,paste,2026-04-14T15:47:03.266Z,,,,,,,,,,,"Contemporary art is generally art created from the 1970s onwards. Contemporary artists work in a globally influenced, culturally diverse, and technologically advancing world. Their art is a dynamic combination of materials, methods, concepts, and subjects that continue the challenging of boundaries that was already well underway in the 20th century. Diverse and eclectic, contemporary art as a whole is distinguished by the very lack of a uniform, organising principle, ideology, or ""-ism"". Contemporary art is part of a cultural dialogue that concerns larger contextual frameworks such as personal and cultural identity, family, community, and nationality.",659,,,
26,Wikipedia_Exp_14.04,Wikipedia_Exp_13.04,33,Female,sg_1776179918038_z13a8u,clumpy,2,,art_history,high-art-history,How do ancient works of art play a role in contemporary society?,answer_snapshot,2026-04-14T15:47:05.273Z,,,,,,,"From Ancient Egyptian art derived 'Egyptian Revival art' which is a stlye in Western art, mainly of the early nineteenth century, in which Egyptian motifs were applied to a wide variety of decorative arts objects. It was underground in American decorative arts throughout the nineteenth century, continuing into the 1920s. The major motifs of Egyptian art, such as obelisks, hieroglyphs, the sphinx, and pyramids, were used in various artistic media, including architecture, furniture, ceramics, and silver. Egyptian motifs provided an exotic alternative to the more traditional styles of the day. Over the course of the nineteenth century, American tastes evolved from a highly ornamented aesthetic to a simpler, sparer sense of decoration; the vocabulary of ancient Egyptian art would be interpreted and adapted in different ways depending on the standards and motivations of the time.[138] This legacy endures in contemporary Egyptian art, as seen in the work of Rasha Amin, whose Cairo upbringing shapes her multidisciplinary pieces, reflecting the influence of Egypt’s rich cultural heritage.[139]. Contemporary art is generally art created from the 1970s onwards. Contemporary artists work in a globally influenced, culturally diverse, and technologically advancing world. Their art is a dynamic combination of materials, methods, concepts, and subjects that continue the challenging of boundaries that was already well underway in the 20th century. Diverse and eclectic, contemporary art as a whole is distinguished by the very lack of a uniform, organising principle, ideology, or ""-ism"". Contemporary art is part of a cultural dialogue that concerns larger contextual frameworks such as personal and cultural identity, family, community, and nationality.",1763,,,,,,,debounce
26,Wikipedia_Exp_14.04,Wikipedia_Exp_13.04,33,Female,sg_1776179918038_z13a8u,clumpy,2,,art_history,high-art-history,How do ancient works of art play a role in contemporary society?,answer_snapshot,2026-04-14T15:47:14.668Z,,,,,,,"From Ancient Egyptian art derived 'Egyptian Revival art' which is a stlye in Western art, mainly of the early nineteenth century, in which Egyptian motifs were applied to a wide variety of decorative arts objects. It was underground in American decorative arts throughout the nineteenth century, continuing into the 1920s. The major motifs of Egyptian art, such as obelisks, hieroglyphs, the sphinx, and pyramids, were used in various artistic media, including architecture, furniture, ceramics, and silver. Egyptian motifs provided an exotic alternative to the more traditional styles of the day. Over the course of the nineteenth century, American tastes evolved from a highly ornamented aesthetic to a simpler, sparer sense of decoration; the vocabulary of ancient Egyptian art would be interpreted and adapted in different ways depending on the standards and motivations of the time.[138] This legacy endures in contemporary Egyptian art, as seen in the work of Rasha Amin, whose Cairo upbringing shapes her multidisciplinary pieces, reflecting the influence of Egypt’s rich cultural heritage.[139]. Contemporary art is generally art created from the 1970s onwards. 
Contemporary artists work in a globally influenced, culturally diverse, and technologically advancing world. Their art is a dynamic combination of materials, methods, concepts, and subjects that continue the challenging of boundaries that was already well underway in the 20th century. Diverse and eclectic, contemporary art as a whole is distinguished by the very lack of a uniform, organising principle, ideology, or ""-ism"". Contemporary art is part of a cultural dialogue that concerns larger contextual frameworks such as personal and cultural identity, family, community, and nationality.",1764,,,,,,,debounce
26,Wikipedia_Exp_14.04,Wikipedia_Exp_13.04,33,Female,sg_1776179918038_z13a8u,clumpy,2,,art_history,high-art-history,How do ancient works of art play a role in contemporary society?,answer_snapshot,2026-04-14T15:47:27.586Z,,,,,,,"From Ancient Egyptian art derived 'Egyptian Revival art' which is a stlye in Western art, mainly of the early nineteenth century, in which Egyptian motifs were applied to a wide variety of decorative arts objects. It was underground in American decorative arts throughout the nineteenth century, continuing into the 1920s. The major motifs of Egyptian art, such as obelisks, hieroglyphs, the sphinx, and pyramids, were used in various artistic media, including architecture, furniture, ceramics, and silver. Egyptian motifs provided an exotic alternative to the more traditional styles of the day. Over the course of the nineteenth century, American tastes evolved from a highly ornamented aesthetic to a simpler, sparer sense of decoration; the vocabulary of ancient Egyptian art would be interpreted and adapted in different ways depending on the standards and motivations of the time.[138] This legacy endures in contemporary Egyptian art, as seen in the work of Rasha Amin, whose Cairo upbringing shapes her multidisciplinary pieces, reflecting the influence of Egypt’s rich cultural heritage.[139]. Contemporary art is generally art created from the 1970s onwards. 
Contemporary artists work in a globally influenced, culturally diverse, and technologically advancing world. Their art is a dynamic combination of materials, methods, concepts, and subjects that continue the challenging of boundaries that was already well underway in the 20th century.",1456,,,,,,,debounce
26,Wikipedia_Exp_14.04,Wikipedia_Exp_13.04,33,Female,sg_1776179918038_z13a8u,clumpy,2,,art_history,high-art-history,How do ancient works of art play a role in contemporary society?,answer_snapshot_cursor_leave,2026-04-14T15:47:29.356Z,,,,,,,"From Ancient Egyptian art derived 'Egyptian Revival art' which is a stlye in Western art, mainly of the early nineteenth century, in which Egyptian motifs were applied to a wide variety of decorative arts objects. It was underground in American decorative arts throughout the nineteenth century, continuing into the 1920s. The major motifs of Egyptian art, such as obelisks, hieroglyphs, the sphinx, and pyramids, were used in various artistic media, including architecture, furniture, ceramics, and silver. Egyptian motifs provided an exotic alternative to the more traditional styles of the day. Over the course of the nineteenth century, American tastes evolved from a highly ornamented aesthetic to a simpler, sparer sense of decoration; the vocabulary of ancient Egyptian art would be interpreted and adapted in different ways depending on the standards and motivations of the time.[138] This legacy endures in contemporary Egyptian art, as seen in the work of Rasha Amin, whose Cairo upbringing shapes her multidisciplinary pieces, reflecting the influence of Egypt’s rich cultural heritage.[139]. Contemporary art is generally art created from the 1970s onwards. 
Contemporary artists work in a globally influenced, culturally diverse, and technologically advancing world. Their art is a dynamic combination of materials, methods, concepts, and subjects that continue the challenging of boundaries that was already well underway in the 20th century.",1456,,,,,,,cursor_leave
26,Wikipedia_Exp_14.04,Wikipedia_Exp_13.04,33,Female,sg_1776179918038_z13a8u,clumpy,2,,art_history,high-art-history,How do ancient works of art play a role in contemporary society?,back_navigation,2026-04-14T15:47:29.421Z,Art_of_Europe,,Contemporary_art,,,,,,,,,,,,
26,Wikipedia_Exp_14.04,Wikipedia_Exp_13.04,33,Female,sg_1776179918038_z13a8u,clumpy,2,,art_history,high-art-history,How do ancient works of art play a role in contemporary society?,article_open,2026-04-14T15:47:29.595Z,Art_of_Europe,Art of Europe,,11454,back,,,,,,,,,,
26,Wikipedia_Exp_14.04,Wikipedia_Exp_13.04,33,Female,sg_1776179918038_z13a8u,clumpy,2,,art_history,high-art-history,How do ancient works of art play a role in contemporary society?,search,2026-04-14T15:47:32.614Z,,,,,,contemporary ,,,,,,,,,
26,Wikipedia_Exp_14.04,Wikipedia_Exp_13.04,33,Female,sg_1776179918038_z13a8u,clumpy,2,,art_history,high-art-history,How do ancient works of art play a role in contemporary society?,search,2026-04-14T15:47:34.121Z,,,,,,contemporary art origina,,,,,,,,,
26,Wikipedia_Exp_14.04,Wikipedia_Exp_13.04,33,Female,sg_1776179918038_z13a8u,clumpy,2,,art_history,high-art-history,How do ancient works of art play a role in contemporary society?,search,2026-04-14T15:47:34.802Z,,,,,,contemporary art origin,,,,,,,,,
26,Wikipedia_Exp_14.04,Wikipedia_Exp_13.04,33,Female,sg_1776179918038_z13a8u,clumpy,2,,art_history,high-art-history,How do ancient works of art play a role in contemporary society?,search,2026-04-14T15:47:36.018Z,,,,,,contemporary art origins,,,,,,,,,
26,Wikipedia_Exp_14.04,Wikipedia_Exp_13.04,33,Female,sg_1776179918038_z13a8u,clumpy,2,,art_history,high-art-history,How do ancient works of art play a role in contemporary society?,search,2026-04-14T15:47:38.588Z,,,,,,contemporary art origin,,,,,,,,,
26,Wikipedia_Exp_14.04,Wikipedia_Exp_13.04,33,Female,sg_1776179918038_z13a8u,clumpy,2,,art_history,high-art-history,How do ancient works of art play a role in contemporary society?,search,2026-04-14T15:47:42.633Z,,,,,,contemporary art ,,,,,,,,,
26,Wikipedia_Exp_14.04,Wikipedia_Exp_13.04,33,Female,sg_1776179918038_z13a8u,clumpy,2,,art_history,high-art-history,How do ancient works of art play a role in contemporary society?,search,2026-04-14T15:47:44.454Z,,,,,,contemporary art history,,,,,,,,,
26,Wikipedia_Exp_14.04,Wikipedia_Exp_13.04,33,Female,sg_1776179918038_z13a8u,clumpy,2,,art_history,high-art-history,How do ancient works of art play a role in contemporary society?,search,2026-04-14T15:47:50.259Z,,,,,,contemporary art ,,,,,,,,,
26,Wikipedia_Exp_14.04,Wikipedia_Exp_13.04,33,Female,sg_1776179918038_z13a8u,clumpy,2,,art_history,high-art-history,How do ancient works of art play a role in contemporary society?,search,2026-04-14T15:47:51.102Z,,,,,,contemporary art #,,,,,,,,,
26,Wikipedia_Exp_14.04,Wikipedia_Exp_13.04,33,Female,sg_1776179918038_z13a8u,clumpy,2,,art_history,high-art-history,How do ancient works of art play a role in contemporary society?,search,2026-04-14T15:47:52.171Z,,,,,,contemporary art #,,,,,,,,,
26,Wikipedia_Exp_14.04,Wikipedia_Exp_13.04,33,Female,sg_1776179918038_z13a8u,clumpy,2,,art_history,high-art-history,How do ancient works of art play a role in contemporary society?,search,2026-04-14T15:47:52.664Z,,,,,,contemporary art ,,,,,,,,,
26,Wikipedia_Exp_14.04,Wikipedia_Exp_13.04,33,Female,sg_1776179918038_z13a8u,clumpy,2,,art_history,high-art-history,How do ancient works of art play a role in contemporary society?,search,2026-04-14T15:47:53.178Z,,,,,,contemporary art ,,,,,,,,,
26,Wikipedia_Exp_14.04,Wikipedia_Exp_13.04,33,Female,sg_1776179918038_z13a8u,clumpy,2,,art_history,high-art-history,How do ancient works of art play a role in contemporary society?,article_open,2026-04-14T15:48:04.044Z,Contemporary_art_in_Egypt,Contemporary art in Egypt,,7298,search,,,,,,,,,,
26,Wikipedia_Exp_14.04,Wikipedia_Exp_13.04,33,Female,sg_1776179918038_z13a8u,clumpy,2,,art_history,high-art-history,How do ancient works of art play a role in contemporary society?,paste,2026-04-14T15:48:27.276Z,,,,,,,,,,,"Artists took their inspiration in Egyptian pharaonic heritage, which is omnipresent in Egypt, through paintings, architecture or sculptures. The main occurring symbol is the pyramid, repeatedly used by artists, as a way of expressing the Egyptian national identity.

Mostafa Abdel Moity's work, the Pyramid motif is strongly present in most of his sculptures. He often represents the three Great Pyramids of Gizeh. This is a way a reaffirming the strong influence of Egyptian ancient history.

The Nile is also a very recurring aspect of Egyptian culture and beliefs, a sign of fertility, but also in Egyptian contemporary art. Mythological stories from Ancient Egypt often use the Nile as the center of the story, and so do Egyptian contemporary artists.",759,,,
26,Wikipedia_Exp_14.04,Wikipedia_Exp_13.04,33,Female,sg_1776179918038_z13a8u,clumpy,2,,art_history,high-art-history,How do ancient works of art play a role in contemporary society?,answer_snapshot,2026-04-14T15:48:29.286Z,,,,,,,"From Ancient Egyptian art derived 'Egyptian Revival art' which is a stlye in Western art, mainly of the early nineteenth century, in which Egyptian motifs were applied to a wide variety of decorative arts objects. It was underground in American decorative arts throughout the nineteenth century, continuing into the 1920s. The major motifs of Egyptian art, such as obelisks, hieroglyphs, the sphinx, and pyramids, were used in various artistic media, including architecture, furniture, ceramics, and silver. Egyptian motifs provided an exotic alternative to the more traditional styles of the day. Over the course of the nineteenth century, American tastes evolved from a highly ornamented aesthetic to a simpler, sparer sense of decoration; the vocabulary of ancient Egyptian art would be interpreted and adapted in different ways depending on the standards and motivations of the time.[138] This legacy endures in contemporary Egyptian art, as seen in the work of Rasha Amin, whose Cairo upbringing shapes her multidisciplinary pieces, reflecting the influence of Egypt’s rich cultural heritage.[139]. Contemporary art is generally art created from the 1970s onwards. 
Artists took their inspiration in Egyptian pharaonic heritage, which is omnipresent in Egypt, through paintings, architecture or sculptures. The main occurring symbol is the pyramid, repeatedly used by artists, as a way of expressing the Egyptian national identity.

Mostafa Abdel Moity's work, the Pyramid motif is strongly present in most of his sculptures. He often represents the three Great Pyramids of Gizeh. This is a way a reaffirming the strong influence of Egyptian ancient history.

The Nile is also a very recurring aspect of Egyptian culture and beliefs, a sign of fertility, but also in Egyptian contemporary art. Mythological stories from Ancient Egypt often use the Nile as the center of the story, and so do Egyptian contemporary artists.
Contemporary artists work in a globally influenced, culturally diverse, and technologically advancing world. Their art is a dynamic combination of materials, methods, concepts, and subjects that continue the challenging of boundaries that was already well underway in the 20th century.",2212,,,,,,,debounce
26,Wikipedia_Exp_14.04,Wikipedia_Exp_13.04,33,Female,sg_1776179918038_z13a8u,clumpy,2,,art_history,high-art-history,How do ancient works of art play a role in contemporary society?,answer_snapshot,2026-04-14T15:48:33.649Z,,,,,,,"From Ancient Egyptian art derived 'Egyptian Revival art' which is a stlye in Western art, mainly of the early nineteenth century, in which Egyptian motifs were applied to a wide variety of decorative arts objects. It was underground in American decorative arts throughout the nineteenth century, continuing into the 1920s. The major motifs of Egyptian art, such as obelisks, hieroglyphs, the sphinx, and pyramids, were used in various artistic media, including architecture, furniture, ceramics, and silver. Egyptian motifs provided an exotic alternative to the more traditional styles of the day. Over the course of the nineteenth century, American tastes evolved from a highly ornamented aesthetic to a simpler, sparer sense of decoration; the vocabulary of ancient Egyptian art would be interpreted and adapted in different ways depending on the standards and motivations of the time.[138] This legacy endures in contemporary Egyptian art, as seen in the work of Rasha Amin, whose Cairo upbringing shapes her multidisciplinary pieces, reflecting the influence of Egypt’s rich cultural heritage.[139]. Contemporary art is generally art created from the 1970s onwards. 
Artists took their inspiration in Egyptian pharaonic heritage, which is omnipresent in Egypt, through paintings, architecture or sculptures. The main occurring symbol is the pyramid, repeatedly used by artists, as a way of expressing the Egyptian national identity.
Mostafa Abdel Moity's work, the Pyramid motif is strongly present in most of his sculptures. He often represents the three Great Pyramids of Gizeh. This is a way a reaffirming the strong influence of Egyptian ancient history.
The Nile is also a very recurring aspect of Egyptian culture and beliefs, a sign of fertility, but also in Egyptian contemporary art. Mythological stories from Ancient Egypt often use the Nile as the center of the story, and so do Egyptian contemporary artists.
Contemporary artists work in a globally influenced, culturally diverse, and technologically advancing world. Their art is a dynamic combination of materials, methods, concepts, and subjects that continue the challenging of boundaries that was already well underway in the 20th century.",2210,,,,,,,debounce
26,Wikipedia_Exp_14.04,Wikipedia_Exp_13.04,33,Female,sg_1776179918038_z13a8u,clumpy,2,,art_history,high-art-history,How do ancient works of art play a role in contemporary society?,answer_snapshot_cursor_leave,2026-04-14T15:48:40.808Z,,,,,,,"From Ancient Egyptian art derived 'Egyptian Revival art' which is a stlye in Western art, mainly of the early nineteenth century, in which Egyptian motifs were applied to a wide variety of decorative arts objects. It was underground in American decorative arts throughout the nineteenth century, continuing into the 1920s. The major motifs of Egyptian art, such as obelisks, hieroglyphs, the sphinx, and pyramids, were used in various artistic media, including architecture, furniture, ceramics, and silver. Egyptian motifs provided an exotic alternative to the more traditional styles of the day. Over the course of the nineteenth century, American tastes evolved from a highly ornamented aesthetic to a simpler, sparer sense of decoration; the vocabulary of ancient Egyptian art would be interpreted and adapted in different ways depending on the standards and motivations of the time.[138] This legacy endures in contemporary Egyptian art, as seen in the work of Rasha Amin, whose Cairo upbringing shapes her multidisciplinary pieces, reflecting the influence of Egypt’s rich cultural heritage.[139]. Contemporary art is generally art created from the 1970s onwards. 
Artists took their inspiration in Egyptian pharaonic heritage, which is omnipresent in Egypt, through paintings, architecture or sculptures. The main occurring symbol is the pyramid, repeatedly used by artists, as a way of expressing the Egyptian national identity.
Mostafa Abdel Moity's work, the Pyramid motif is strongly present in most of his sculptures. He often represents the three Great Pyramids of Gizeh. This is a way a reaffirming the strong influence of Egyptian ancient history.
The Nile is also a very recurring aspect of Egyptian culture and beliefs, a sign of fertility, but also in Egyptian contemporary art. Mythological stories from Ancient Egypt often use the Nile as the center of the story, and so do Egyptian contemporary artists.
Contemporary artists work in a globally influenced, culturally diverse, and technologically advancing world. Their art is a dynamic combination of materials, methods, concepts, and subjects that continue the challenging of boundaries that was already well underway in the 20th century.",2210,,,,,,,cursor_leave
26,Wikipedia_Exp_14.04,Wikipedia_Exp_13.04,33,Female,sg_1776179918038_z13a8u,clumpy,2,,art_history,high-art-history,How do ancient works of art play a role in contemporary society?,paste,2026-04-14T15:48:45.727Z,,,,,,,,,,,"The religious aspect is also repeatedly used in Egyptian contemporary Art either through the form of calligraphy or the description of Islamic events . Classical calligraphy is a source of inspiration for a lot of artworks, and its evolution through the centuries has made it a rich theme in Egyptian contemporary art. In works by Taha Hussein, the aesthetic aspect of the calligraphy is studied by the artist, mostly superposition of letters written in unreadable calligraphy.

",481,,,
26,Wikipedia_Exp_14.04,Wikipedia_Exp_13.04,33,Female,sg_1776179918038_z13a8u,clumpy,2,,art_history,high-art-history,How do ancient works of art play a role in contemporary society?,answer_snapshot_cursor_leave,2026-04-14T15:48:47.113Z,,,,,,,"From Ancient Egyptian art derived 'Egyptian Revival art' which is a stlye in Western art, mainly of the early nineteenth century, in which Egyptian motifs were applied to a wide variety of decorative arts objects. It was underground in American decorative arts throughout the nineteenth century, continuing into the 1920s. The major motifs of Egyptian art, such as obelisks, hieroglyphs, the sphinx, and pyramids, were used in various artistic media, including architecture, furniture, ceramics, and silver. Egyptian motifs provided an exotic alternative to the more traditional styles of the day. Over the course of the nineteenth century, American tastes evolved from a highly ornamented aesthetic to a simpler, sparer sense of decoration; the vocabulary of ancient Egyptian art would be interpreted and adapted in different ways depending on the standards and motivations of the time.[138] This legacy endures in contemporary Egyptian art, as seen in the work of Rasha Amin, whose Cairo upbringing shapes her multidisciplinary pieces, reflecting the influence of Egypt’s rich cultural heritage.[139]. Contemporary art is generally art created from the 1970s onwards. 
Artists took their inspiration in Egyptian pharaonic heritage, which is omnipresent in Egypt, through paintings, architecture or sculptures. The main occurring symbol is the pyramid, repeatedly used by artists, as a way of expressing the Egyptian national identity.
Mostafa Abdel Moity's work, the Pyramid motif is strongly present in most of his sculptures. He often represents the three Great Pyramids of Gizeh. This is a way a reaffirming the strong influence of Egyptian ancient history.
The Nile is also a very recurring aspect of Egyptian culture and beliefs, a sign of fertility, but also in Egyptian contemporary art. Mythological stories from Ancient Egypt often use the Nile as the center of the story, and so do Egyptian contemporary artists.
Contemporary artists work in a globally influenced, culturally diverse, and technologically advancing world. Their art is a dynamic combination of materials, methods, concepts, and subjects that continue the challenging of boundaries that was already well underway in the 20th century.
The religious aspect is also repeatedly used in Egyptian contemporary Art either through the form of calligraphy or the description of Islamic events . Classical calligraphy is a source of inspiration for a lot of artworks, and its evolution through the centuries has made it a rich theme in Egyptian contemporary art. In works by Taha Hussein, the aesthetic aspect of the calligraphy is studied by the artist, mostly superposition of letters written in unreadable calligraphy.

",2690,,,,,,,cursor_leave
26,Wikipedia_Exp_14.04,Wikipedia_Exp_13.04,33,Female,sg_1776179918038_z13a8u,clumpy,2,,art_history,high-art-history,How do ancient works of art play a role in contemporary society?,paste,2026-04-14T15:48:51.066Z,,,,,,,,,,,"Women are also a frequent theme in Egyptian contemporary art. Inji Efflatoun, in her paintings often depicts women in different positions. This represent the burden Egyptian women are carrying since their birth because of their gender. Injy Efflatoun was well known to be a feminist, fighting for women rights through her work. Gazbia Sirry is another beloved Egyptian artist whose depictions of women made her one of the most pivotal activists for women's rights in the region.[43]

",486,,,
26,Wikipedia_Exp_14.04,Wikipedia_Exp_13.04,33,Female,sg_1776179918038_z13a8u,clumpy,2,,art_history,high-art-history,How do ancient works of art play a role in contemporary society?,answer_snapshot,2026-04-14T15:48:53.076Z,,,,,,,"From Ancient Egyptian art derived 'Egyptian Revival art' which is a stlye in Western art, mainly of the early nineteenth century, in which Egyptian motifs were applied to a wide variety of decorative arts objects. It was underground in American decorative arts throughout the nineteenth century, continuing into the 1920s. The major motifs of Egyptian art, such as obelisks, hieroglyphs, the sphinx, and pyramids, were used in various artistic media, including architecture, furniture, ceramics, and silver. Egyptian motifs provided an exotic alternative to the more traditional styles of the day. Over the course of the nineteenth century, American tastes evolved from a highly ornamented aesthetic to a simpler, sparer sense of decoration; the vocabulary of ancient Egyptian art would be interpreted and adapted in different ways depending on the standards and motivations of the time.[138] This legacy endures in contemporary Egyptian art, as seen in the work of Rasha Amin, whose Cairo upbringing shapes her multidisciplinary pieces, reflecting the influence of Egypt’s rich cultural heritage.[139]. Contemporary art is generally art created from the 1970s onwards. 
Artists took their inspiration in Egyptian pharaonic heritage, which is omnipresent in Egypt, through paintings, architecture or sculptures. The main occurring symbol is the pyramid, repeatedly used by artists, as a way of expressing the Egyptian national identity.
Mostafa Abdel Moity's work, the Pyramid motif is strongly present in most of his sculptures. He often represents the three Great Pyramids of Gizeh. This is a way a reaffirming the strong influence of Egyptian ancient history.
The Nile is also a very recurring aspect of Egyptian culture and beliefs, a sign of fertility, but also in Egyptian contemporary art. Mythological stories from Ancient Egypt often use the Nile as the center of the story, and so do Egyptian contemporary artists.
Contemporary artists work in a globally influenced, culturally diverse, and technologically advancing world. Their art is a dynamic combination of materials, methods, concepts, and subjects that continue the challenging of boundaries that was already well underway in the 20th century.
The religious aspect is also repeatedly used in Egyptian contemporary Art either through the form of calligraphy or the description of Islamic events . Classical calligraphy is a source of inspiration for a lot of artworks, and its evolution through the centuries has made it a rich theme in Egyptian contemporary art. In works by Taha Hussein, the aesthetic aspect of the calligraphy is studied by the artist, mostly superposition of letters written in unreadable calligraphy.
Women are also a frequent theme in Egyptian contemporary art. Inji Efflatoun, in her paintings often depicts women in different positions. This represent the burden Egyptian women are carrying since their birth because of their gender. Injy Efflatoun was well known to be a feminist, fighting for women rights through her work. Gazbia Sirry is another beloved Egyptian artist whose depictions of women made her one of the most pivotal activists for women's rights in the region.[43]


",3174,,,,,,,debounce
26,Wikipedia_Exp_14.04,Wikipedia_Exp_13.04,33,Female,sg_1776179918038_z13a8u,clumpy,2,,art_history,high-art-history,How do ancient works of art play a role in contemporary society?,paste,2026-04-14T15:48:57.898Z,,,,,,,,,,,"The religious aspect is also repeatedly used in Egyptian contemporary Art either through the form of calligraphy or the description of Islamic events . Classical calligraphy is a source of inspiration for a lot of artworks, and its evolution through the centuries has made it a rich theme in Egyptian contemporary art. In works by Taha Hussein, the aesthetic aspect of the calligraphy is studied by the artist, mostly superposition of letters written in unreadable calligraphy.
Women are also a frequent theme in Egyptian contemporary art. Inji Efflatoun, in her paintings often depicts women in different positions. This represent the burden Egyptian women are carrying since their birth because of their gender. Injy Efflatoun was well known to be a feminist, fighting for women rights through her work. Gazbia Sirry is another beloved Egyptian artist whose depictions of women made her one of the most pivotal activists for women's rights in the region.[43]
",963,,,
26,Wikipedia_Exp_14.04,Wikipedia_Exp_13.04,33,Female,sg_1776179918038_z13a8u,clumpy,2,,art_history,high-art-history,How do ancient works of art play a role in contemporary society?,answer_snapshot,2026-04-14T15:48:59.911Z,,,,,,,"From Ancient Egyptian art derived 'Egyptian Revival art' which is a stlye in Western art, mainly of the early nineteenth century, in which Egyptian motifs were applied to a wide variety of decorative arts objects. It was underground in American decorative arts throughout the nineteenth century, continuing into the 1920s. The major motifs of Egyptian art, such as obelisks, hieroglyphs, the sphinx, and pyramids, were used in various artistic media, including architecture, furniture, ceramics, and silver. Egyptian motifs provided an exotic alternative to the more traditional styles of the day. Over the course of the nineteenth century, American tastes evolved from a highly ornamented aesthetic to a simpler, sparer sense of decoration; the vocabulary of ancient Egyptian art would be interpreted and adapted in different ways depending on the standards and motivations of the time.[138] This legacy endures in contemporary Egyptian art, as seen in the work of Rasha Amin, whose Cairo upbringing shapes her multidisciplinary pieces, reflecting the influence of Egypt’s rich cultural heritage.[139]. Contemporary art is generally art created from the 1970s onwards. 
Artists took their inspiration in Egyptian pharaonic heritage, which is omnipresent in Egypt, through paintings, architecture or sculptures. The main occurring symbol is the pyramid, repeatedly used by artists, as a way of expressing the Egyptian national identity.
Mostafa Abdel Moity's work, the Pyramid motif is strongly present in most of his sculptures. He often represents the three Great Pyramids of Gizeh. This is a way a reaffirming the strong influence of Egyptian ancient history.
The Nile is also a very recurring aspect of Egyptian culture and beliefs, a sign of fertility, but also in Egyptian contemporary art. Mythological stories from Ancient Egypt often use the Nile as the center of the story, and so do Egyptian contemporary artists.
The religious aspect is also repeatedly used in Egyptian contemporary Art either through the form of calligraphy or the description of Islamic events . Classical calligraphy is a source of inspiration for a lot of artworks, and its evolution through the centuries has made it a rich theme in Egyptian contemporary art. In works by Taha Hussein, the aesthetic aspect of the calligraphy is studied by the artist, mostly superposition of letters written in unreadable calligraphy.
Women are also a frequent theme in Egyptian contemporary art. Inji Efflatoun, in her paintings often depicts women in different positions. This represent the burden Egyptian women are carrying since their birth because of their gender. Injy Efflatoun was well known to be a feminist, fighting for women rights through her work. Gazbia Sirry is another beloved Egyptian artist whose depictions of women made her one of the most pivotal activists for women's rights in the region.[43]

Contemporary artists work in a globally influenced, culturally diverse, and technologically advancing world. Their art is a dynamic combination of materials, methods, concepts, and subjects that continue the challenging of boundaries that was already well underway in the 20th century.
The religious aspect is also repeatedly used in Egyptian contemporary Art either through the form of calligraphy or the description of Islamic events . Classical calligraphy is a source of inspiration for a lot of artworks, and its evolution through the centuries has made it a rich theme in Egyptian contemporary art. In works by Taha Hussein, the aesthetic aspect of the calligraphy is studied by the artist, mostly superposition of letters written in unreadable calligraphy.
Women are also a frequent theme in Egyptian contemporary art. Inji Efflatoun, in her paintings often depicts women in different positions. This represent the burden Egyptian women are carrying since their birth because of their gender. Injy Efflatoun was well known to be a feminist, fighting for women rights through her work. Gazbia Sirry is another beloved Egyptian artist whose depictions of women made her one of the most pivotal activists for women's rights in the region.[43]


",4136,,,,,,,debounce
26,Wikipedia_Exp_14.04,Wikipedia_Exp_13.04,33,Female,sg_1776179918038_z13a8u,clumpy,2,,art_history,high-art-history,How do ancient works of art play a role in contemporary society?,answer_snapshot,2026-04-14T15:49:04.739Z,,,,,,,"From Ancient Egyptian art derived 'Egyptian Revival art' which is a stlye in Western art, mainly of the early nineteenth century, in which Egyptian motifs were applied to a wide variety of decorative arts objects. It was underground in American decorative arts throughout the nineteenth century, continuing into the 1920s. The major motifs of Egyptian art, such as obelisks, hieroglyphs, the sphinx, and pyramids, were used in various artistic media, including architecture, furniture, ceramics, and silver. Egyptian motifs provided an exotic alternative to the more traditional styles of the day. Over the course of the nineteenth century, American tastes evolved from a highly ornamented aesthetic to a simpler, sparer sense of decoration; the vocabulary of ancient Egyptian art would be interpreted and adapted in different ways depending on the standards and motivations of the time.[138] This legacy endures in contemporary Egyptian art, as seen in the work of Rasha Amin, whose Cairo upbringing shapes her multidisciplinary pieces, reflecting the influence of Egypt’s rich cultural heritage.[139]. Contemporary art is generally art created from the 1970s onwards. 
Artists took their inspiration in Egyptian pharaonic heritage, which is omnipresent in Egypt, through paintings, architecture or sculptures. The main occurring symbol is the pyramid, repeatedly used by artists, as a way of expressing the Egyptian national identity.
Mostafa Abdel Moity's work, the Pyramid motif is strongly present in most of his sculptures. He often represents the three Great Pyramids of Gizeh. This is a way a reaffirming the strong influence of Egyptian ancient history.
The Nile is also a very recurring aspect of Egyptian culture and beliefs, a sign of fertility, but also in Egyptian contemporary art. Mythological stories from Ancient Egypt often use the Nile as the center of the story, and so do Egyptian contemporary artists.
The religious aspect is also repeatedly used in Egyptian contemporary Art either through the form of calligraphy or the description of Islamic events . Classical calligraphy is a source of inspiration for a lot of artworks, and its evolution through the centuries has made it a rich theme in Egyptian contemporary art. In works by Taha Hussein, the aesthetic aspect of the calligraphy is studied by the artist, mostly superposition of letters written in unreadable calligraphy.
Women are also a frequent theme in Egyptian contemporary art. Inji Efflatoun, in her paintings often depicts women in different positions. This represent the burden Egyptian women are carrying since their birth because of their gender. Injy Efflatoun was well known to be a feminist, fighting for women rights through her work. Gazbia Sirry is another beloved Egyptian artist whose depictions of women made her one of the most pivotal activists for women's rights in the region.[43]

Contemporary artists work in a globally influenced, culturally diverse, and technologically advancing world. Their art is a dynamic combination of materials, methods, concepts, and subjects that continue the challenging of boundaries that was already well underway in the 20th century.
The religious aspect is also repeatedly used in Egyptian contemporary Art either through the form of calligraphy or the description of Islamic events . 


",3328,,,,,,,debounce
26,Wikipedia_Exp_14.04,Wikipedia_Exp_13.04,33,Female,sg_1776179918038_z13a8u,clumpy,2,,art_history,high-art-history,How do ancient works of art play a role in contemporary society?,answer_snapshot,2026-04-14T15:49:09.684Z,,,,,,,"From Ancient Egyptian art derived 'Egyptian Revival art' which is a stlye in Western art, mainly of the early nineteenth century, in which Egyptian motifs were applied to a wide variety of decorative arts objects. It was underground in American decorative arts throughout the nineteenth century, continuing into the 1920s. The major motifs of Egyptian art, such as obelisks, hieroglyphs, the sphinx, and pyramids, were used in various artistic media, including architecture, furniture, ceramics, and silver. Egyptian motifs provided an exotic alternative to the more traditional styles of the day. Over the course of the nineteenth century, American tastes evolved from a highly ornamented aesthetic to a simpler, sparer sense of decoration; the vocabulary of ancient Egyptian art would be interpreted and adapted in different ways depending on the standards and motivations of the time.[138] This legacy endures in contemporary Egyptian art, as seen in the work of Rasha Amin, whose Cairo upbringing shapes her multidisciplinary pieces, reflecting the influence of Egypt’s rich cultural heritage.[139]. Contemporary art is generally art created from the 1970s onwards. 
Artists took their inspiration in Egyptian pharaonic heritage, which is omnipresent in Egypt, through paintings, architecture or sculptures. The main occurring symbol is the pyramid, repeatedly used by artists, as a way of expressing the Egyptian national identity.
Mostafa Abdel Moity's work, the Pyramid motif is strongly present in most of his sculptures. He often represents the three Great Pyramids of Gizeh. This is a way a reaffirming the strong influence of Egyptian ancient history.
The Nile is also a very recurring aspect of Egyptian culture and beliefs, a sign of fertility, but also in Egyptian contemporary art. Mythological stories from Ancient Egypt often use the Nile as the center of the story, and so do Egyptian contemporary artists.
The religious aspect is also repeatedly used in Egyptian contemporary Art either through the form of calligraphy or the description of Islamic events . Classical calligraphy is a source of inspiration for a lot of artworks, and its evolution through the centuries has made it a rich theme in Egyptian contemporary art. In works by Taha Hussein, the aesthetic aspect of the calligraphy is studied by the artist, mostly superposition of letters written in unreadable calligraphy.
Women are also a frequent theme in Egyptian contemporary art. Inji Efflatoun, in her paintings often depicts women in different positions. This represent the burden Egyptian women are carrying since their birth because of their gender. Injy Efflatoun was well known to be a feminist, fighting for women rights through her work. Gazbia Sirry is another beloved Egyptian artist whose depictions of women made her one of the most pivotal activists for women's rights in the region.[43]

Contemporary artists work in a globally influenced, culturally diverse, and technologically advancing world. Their art is a dynamic combination of materials, methods, concepts, and subjects that continue the challenging of boundaries that was already well underway in the 20th century.


",3175,,,,,,,debounce
26,Wikipedia_Exp_14.04,Wikipedia_Exp_13.04,33,Female,sg_1776179918038_z13a8u,clumpy,2,,art_history,high-art-history,How do ancient works of art play a role in contemporary society?,paste,2026-04-14T15:49:16.020Z,,,,,,,,,,,"
Contemporary artists work in a globally influenced, culturally diverse, and technologically advancing world. Their art is a dynamic combination of materials, methods, concepts, and subjects that continue the challenging of boundaries that was already well underway in the 20th century.

",291,,,
26,Wikipedia_Exp_14.04,Wikipedia_Exp_13.04,33,Female,sg_1776179918038_z13a8u,clumpy,2,,art_history,high-art-history,How do ancient works of art play a role in contemporary society?,answer_snapshot,2026-04-14T15:49:21.507Z,,,,,,,"Contemporary artists work in a globally influenced, culturally diverse, and technologically advancing world. Their art is a dynamic combination of materials, methods, concepts, and subjects that continue the challenging of boundaries that was already well underway in the 20th century.
From Ancient Egyptian art derived 'Egyptian Revival art' which is a stlye in Western art, mainly of the early nineteenth century, in which Egyptian motifs were applied to a wide variety of decorative arts objects. It was underground in American decorative arts throughout the nineteenth century, continuing into the 1920s. The major motifs of Egyptian art, such as obelisks, hieroglyphs, the sphinx, and pyramids, were used in various artistic media, including architecture, furniture, ceramics, and silver. Egyptian motifs provided an exotic alternative to the more traditional styles of the day. Over the course of the nineteenth century, American tastes evolved from a highly ornamented aesthetic to a simpler, sparer sense of decoration; the vocabulary of ancient Egyptian art would be interpreted and adapted in different ways depending on the standards and motivations of the time.[138] This legacy endures in contemporary Egyptian art, as seen in the work of Rasha Amin, whose Cairo upbringing shapes her multidisciplinary pieces, reflecting the influence of Egypt’s rich cultural heritage.[139]. Contemporary art is generally art created from the 1970s onwards. 
Artists took their inspiration in Egyptian pharaonic heritage, which is omnipresent in Egypt, through paintings, architecture or sculptures. The main occurring symbol is the pyramid, repeatedly used by artists, as a way of expressing the Egyptian national identity.
Mostafa Abdel Moity's work, the Pyramid motif is strongly present in most of his sculptures. He often represents the three Great Pyramids of Gizeh. This is a way a reaffirming the strong influence of Egyptian ancient history.
The Nile is also a very recurring aspect of Egyptian culture and beliefs, a sign of fertility, but also in Egyptian contemporary art. Mythological stories from Ancient Egypt often use the Nile as the center of the story, and so do Egyptian contemporary artists.
The religious aspect is also repeatedly used in Egyptian contemporary Art either through the form of calligraphy or the description of Islamic events . Classical calligraphy is a source of inspiration for a lot of artworks, and its evolution through the centuries has made it a rich theme in Egyptian contemporary art. In works by Taha Hussein, the aesthetic aspect of the calligraphy is studied by the artist, mostly superposition of letters written in unreadable calligraphy.
Women are also a frequent theme in Egyptian contemporary art. Inji Efflatoun, in her paintings often depicts women in different positions. This represent the burden Egyptian women are carrying since their birth because of their gender. Injy Efflatoun was well known to be a feminist, fighting for women rights through her work. Gazbia Sirry is another beloved Egyptian artist whose depictions of women made her one of the most pivotal activists for women's rights in the region.[43]

Contemporary artists work in a globally influenced, culturally diverse, and technologically advancing world. Their art is a dynamic combination of materials, methods, concepts, and subjects that continue the challenging of boundaries that was already well underway in the 20th century.


",3461,,,,,,,debounce
26,Wikipedia_Exp_14.04,Wikipedia_Exp_13.04,33,Female,sg_1776179918038_z13a8u,clumpy,2,,art_history,high-art-history,How do ancient works of art play a role in contemporary society?,answer_snapshot,2026-04-14T15:49:25.415Z,,,,,,,"Contemporary artists work in a globally influenced, culturally diverse, and technologically advancing world. Their art is a dynamic combination of materials, methods, concepts, and subjects that continue the challenging of boundaries that was already well underway in the 20th century.
From Ancient Egyptian art derived 'Egyptian Revival art' which is a stlye in Western art, mainly of the early nineteenth century, in which Egyptian motifs were applied to a wide variety of decorative arts objects. It was underground in American decorative arts throughout the nineteenth century, continuing into the 1920s. The major motifs of Egyptian art, such as obelisks, hieroglyphs, the sphinx, and pyramids, were used in various artistic media, including architecture, furniture, ceramics, and silver. Egyptian motifs provided an exotic alternative to the more traditional styles of the day. Over the course of the nineteenth century, American tastes evolved from a highly ornamented aesthetic to a simpler, sparer sense of decoration; the vocabulary of ancient Egyptian art would be interpreted and adapted in different ways depending on the standards and motivations of the time.[138] This legacy endures in contemporary Egyptian art, as seen in the work of Rasha Amin, whose Cairo upbringing shapes her multidisciplinary pieces, reflecting the influence of Egypt’s rich cultural heritage.[139]. Contemporary art is generally art created from the 1970s onwards. 
Artists took their inspiration in Egyptian pharaonic heritage, which is omnipresent in Egypt, through paintings, architecture or sculptures. The main occurring symbol is the pyramid, repeatedly used by artists, as a way of expressing the Egyptian national identity.
Mostafa Abdel Moity's work, the Pyramid motif is strongly present in most of his sculptures. He often represents the three Great Pyramids of Gizeh. This is a way a reaffirming the strong influence of Egyptian ancient history.
The Nile is also a very recurring aspect of Egyptian culture and beliefs, a sign of fertility, but also in Egyptian contemporary art. Mythological stories from Ancient Egypt often use the Nile as the center of the story, and so do Egyptian contemporary artists.
The religious aspect is also repeatedly used in Egyptian contemporary Art either through the form of calligraphy or the description of Islamic events . Classical calligraphy is a source of inspiration for a lot of artworks, and its evolution through the centuries has made it a rich theme in Egyptian contemporary art. In works by Taha Hussein, the aesthetic aspect of the calligraphy is studied by the artist, mostly superposition of letters written in unreadable calligraphy.
Women are also a frequent theme in Egyptian contemporary art. Inji Efflatoun, in her paintings often depicts women in different positions. This represent the burden Egyptian women are carrying since their birth because of their gender. Injy Efflatoun was well known to be a feminist, fighting for women rights through her work. Gazbia Sirry is another beloved Egyptian artist whose depictions of women made her one of the most pivotal activists for women's rights in the region.[43]


",3174,,,,,,,debounce
26,Wikipedia_Exp_14.04,Wikipedia_Exp_13.04,33,Female,sg_1776179918038_z13a8u,clumpy,2,,art_history,high-art-history,How do ancient works of art play a role in contemporary society?,answer_snapshot,2026-04-14T15:49:47.137Z,,,,,,,"Contemporary artists work in a globally influenced, culturally diverse, and technologically advancing world. Their art is a dynamic combination of materials, methods, concepts, and subjects that continue the challenging of boundaries that was already well underway in the 20th century.
From Ancient Egyptian art derived 'Egyptian Revival art' which is a stlye in Western art, mainly of the early nineteenth century, in which Egyptian motifs were applied to a wide variety of decorative arts objects. It was underground in American decorative arts throughout the nineteenth century, continuing into the 1920s. The major motifs of Egyptian art, such as obelisks, hieroglyphs, the sphinx, and pyramids, were used in various artistic media, including architecture, furniture, ceramics, and silver. Egyptian motifs provided an exotic alternative to the more traditional styles of the day. Over the course of the nineteenth century, American tastes evolved from a highly ornamented aesthetic to a simpler, sparer sense of decoration; the vocabulary of ancient Egyptian art would be interpreted and adapted in different ways depending on the standards and motivations of the time.[138] This legacy endures in contemporary Egyptian art, as seen in the work of Rasha Amin, whose Cairo upbringing shapes her multidisciplinary pieces, reflecting the influence of Egypt’s rich cultural heritage.[139]. Contemporary art is generally art created from the 1970s onwards. 
Artists took their inspiration in Egyptian pharaonic heritage, which is omnipresent in Egypt, through paintings, architecture or sculptures. The main occurring symbol is the pyramid, repeatedly used by artists, as a way of expressing the Egyptian national identity.
Mostafa Abdel Moity's work, the Pyramid motif is strongly present in most of his sculptures. He often represents the three Great Pyramids of Gizeh. This is a way a reaffirming the strong influence of Egyptian ancient history.
The Nile is also a very recurring aspect of Egyptian culture and beliefs, a sign of fertility, but also in Egyptian contemporary art. Mythological stories from Ancient Egypt often use the Nile as the center of the story, and so do Egyptian contemporary artists.
The religious aspect is also repeatedly used in Egyptian contemporary Art either through the form of calligraphy or the description of Islamic events . Classical calligraphy is a source of inspiration for a lot of artworks, and its evolution through the centuries has made it a rich theme in Egyptian contemporary art. In works by Taha Hussein, the aesthetic aspect of the calligraphy is studied by the artist, mostly superposition of letters written in unreadable calligraphy.
Women are also a frequent theme in Egyptian contemporary art. Inji Efflatoun, in her paintings often depicts women in different positions. This represent the burden Egyptian women are carrying since their birth because of their gender. Injy Efflatoun was well known to be a feminist, fighting for women rights through her work. Gazbia Sirry is another beloved Egyptian artist whose depictions of women made her one of the most pivotal activists for women's rights in the region.[43]


",3174,,,,,,,submit
26,Wikipedia_Exp_14.04,Wikipedia_Exp_13.04,33,Female,sg_1776179918038_z13a8u,clumpy,2,,art_history,high-art-history,How do ancient works of art play a role in contemporary society?,task_end,2026-04-14T15:49:47.137Z,,,,,,,,,"Contemporary artists work in a globally influenced, culturally diverse, and technologically advancing world. Their art is a dynamic combination of materials, methods, concepts, and subjects that continue the challenging of boundaries that was already well underway in the 20th century.
From Ancient Egyptian art derived 'Egyptian Revival art' which is a stlye in Western art, mainly of the early nineteenth century, in which Egyptian motifs were applied to a wide variety of decorative arts objects. It was underground in American decorative arts throughout the nineteenth century, continuing into the 1920s. The major motifs of Egyptian art, such as obelisks, hieroglyphs, the sphinx, and pyramids, were used in various artistic media, including architecture, furniture, ceramics, and silver. Egyptian motifs provided an exotic alternative to the more traditional styles of the day. Over the course of the nineteenth century, American tastes evolved from a highly ornamented aesthetic to a simpler, sparer sense of decoration; the vocabulary of ancient Egyptian art would be interpreted and adapted in different ways depending on the standards and motivations of the time.[138] This legacy endures in contemporary Egyptian art, as seen in the work of Rasha Amin, whose Cairo upbringing shapes her multidisciplinary pieces, reflecting the influence of Egypt’s rich cultural heritage.[139]. Contemporary art is generally art created from the 1970s onwards. 
Artists took their inspiration in Egyptian pharaonic heritage, which is omnipresent in Egypt, through paintings, architecture or sculptures. The main occurring symbol is the pyramid, repeatedly used by artists, as a way of expressing the Egyptian national identity.
Mostafa Abdel Moity's work, the Pyramid motif is strongly present in most of his sculptures. He often represents the three Great Pyramids of Gizeh. This is a way a reaffirming the strong influence of Egyptian ancient history.
The Nile is also a very recurring aspect of Egyptian culture and beliefs, a sign of fertility, but also in Egyptian contemporary art. Mythological stories from Ancient Egypt often use the Nile as the center of the story, and so do Egyptian contemporary artists.
The religious aspect is also repeatedly used in Egyptian contemporary Art either through the form of calligraphy or the description of Islamic events . Classical calligraphy is a source of inspiration for a lot of artworks, and its evolution through the centuries has made it a rich theme in Egyptian contemporary art. In works by Taha Hussein, the aesthetic aspect of the calligraphy is studied by the artist, mostly superposition of letters written in unreadable calligraphy.
Women are also a frequent theme in Egyptian contemporary art. Inji Efflatoun, in her paintings often depicts women in different positions. This represent the burden Egyptian women are carrying since their birth because of their gender. Injy Efflatoun was well known to be a feminist, fighting for women rights through her work. Gazbia Sirry is another beloved Egyptian artist whose depictions of women made her one of the most pivotal activists for women's rights in the region.[43]


",3174,,,,,
