ID,RunningName,Version,Age,Gender,SessionGroup,Condition,TrialIndex,IsPractice,Domain,PromptId,Prompt,Action,Time,ArticleSlug,ArticleTitle,FromArticleSlug,ArticleWordCount,NavigationType,SearchQuery,AnswerText,AnswerLength,FinalAnswerText,FinalAnswerLength,PastedText,PastedTextLength,Rating,InterestRating,Trigger
1,Wikipedia_Exp_14.04,Wikipedia_Exp_13.04,49,Male,sg_1776172371177_3voub3,diffuse,0,1,practice,practice-capybaras,What do Capybaras eat?,attention_check_pass,2026-04-14T13:14:44.386Z,,,,,,,,,,,,,,,attempt_1
1,Wikipedia_Exp_14.04,Wikipedia_Exp_13.04,49,Male,sg_1776172371177_3voub3,diffuse,0,1,practice,practice-capybaras,What do Capybaras eat?,familiarity_rating,2026-04-14T13:15:02.826Z,,,,,,,,,,,,,2,3,
1,Wikipedia_Exp_14.04,Wikipedia_Exp_13.04,49,Male,sg_1776172371177_3voub3,diffuse,0,1,practice,practice-capybaras,What do Capybaras eat?,task_start,2026-04-14T13:15:02.975Z,,,,,,,,,,,,,,,
1,Wikipedia_Exp_14.04,Wikipedia_Exp_13.04,49,Male,sg_1776172371177_3voub3,diffuse,0,1,practice,practice-capybaras,What do Capybaras eat?,article_open,2026-04-14T13:15:03.415Z,Capybara,Capybara,,4650,,,,,,,,,,,
1,Wikipedia_Exp_14.04,Wikipedia_Exp_13.04,49,Male,sg_1776172371177_3voub3,diffuse,0,1,practice,practice-capybaras,What do Capybaras eat?,answer_snapshot,2026-04-14T13:15:59.437Z,,,,,,,,0,,,,,,,debounce
1,Wikipedia_Exp_14.04,Wikipedia_Exp_13.04,49,Male,sg_1776172371177_3voub3,diffuse,0,1,practice,practice-capybaras,What do Capybaras eat?,answer_snapshot,2026-04-14T13:16:08.868Z,,,,,,,So they're herbivores (plant eaters),36,,,,,,,debounce
1,Wikipedia_Exp_14.04,Wikipedia_Exp_13.04,49,Male,sg_1776172371177_3voub3,diffuse,0,1,practice,practice-capybaras,What do Capybaras eat?,answer_snapshot,2026-04-14T13:16:15.669Z,,,,,,,Capybaras herbivores (plant eaters),35,,,,,,,debounce
1,Wikipedia_Exp_14.04,Wikipedia_Exp_13.04,49,Male,sg_1776172371177_3voub3,diffuse,0,1,practice,practice-capybaras,What do Capybaras eat?,answer_snapshot,2026-04-14T13:16:22.883Z,,,,,,,"Capybaras herbivores, meaning they're plant eaters.   ",54,,,,,,,debounce
1,Wikipedia_Exp_14.04,Wikipedia_Exp_13.04,49,Male,sg_1776172371177_3voub3,diffuse,0,1,practice,practice-capybaras,What do Capybaras eat?,answer_snapshot,2026-04-14T13:16:37.474Z,,,,,,,"Capybaras herbivores, meaning they're plant eaters.   They feed mainly on grasses and aquatic plants, as wel las fruit and tree bark.",133,,,,,,,debounce
1,Wikipedia_Exp_14.04,Wikipedia_Exp_13.04,49,Male,sg_1776172371177_3voub3,diffuse,0,1,practice,practice-capybaras,What do Capybaras eat?,answer_snapshot,2026-04-14T13:16:41.948Z,,,,,,,"Capybaras herbivores, meaning they're plant eaters.   They feed mainly on grasses and aquatic plants, as well as fruit and tree bark.",133,,,,,,,debounce
1,Wikipedia_Exp_14.04,Wikipedia_Exp_13.04,49,Male,sg_1776172371177_3voub3,diffuse,0,1,practice,practice-capybaras,What do Capybaras eat?,answer_snapshot,2026-04-14T13:16:48.691Z,,,,,,,"Capybaras herbivores, meaning they're plant eaters.  From Wikipedia, they feed mainly on grasses and aquatic plants, as well as fruit and tree bark.",148,,,,,,,debounce
1,Wikipedia_Exp_14.04,Wikipedia_Exp_13.04,49,Male,sg_1776172371177_3voub3,diffuse,0,1,practice,practice-capybaras,What do Capybaras eat?,answer_snapshot,2026-04-14T13:16:57.900Z,,,,,,,"Capybaras herbivores, meaning they're plant eaters.  From Wikipedia, they feed mainly on grasses and aquatic plants, as well as fruit and tree bark. ",149,,,,,,,debounce
1,Wikipedia_Exp_14.04,Wikipedia_Exp_13.04,49,Male,sg_1776172371177_3voub3,diffuse,0,1,practice,practice-capybaras,What do Capybaras eat?,answer_snapshot,2026-04-14T13:17:05.100Z,,,,,,,"Capybaras herbivores, meaning they're plant eaters.  From Wikipedia, they feed mainly on grasses and aquatic plants, as well as fruit and tree bark. When feeding, they focus on one plant a",188,,,,,,,debounce
1,Wikipedia_Exp_14.04,Wikipedia_Exp_13.04,49,Male,sg_1776172371177_3voub3,diffuse,0,1,practice,practice-capybaras,What do Capybaras eat?,answer_snapshot,2026-04-14T13:17:10.548Z,,,,,,,"Capybaras herbivores, meaning they're plant eaters.  From Wikipedia, they feed mainly on grasses and aquatic plants, as well as fruit and tree bark. When feeding, they ",168,,,,,,,debounce
1,Wikipedia_Exp_14.04,Wikipedia_Exp_13.04,49,Male,sg_1776172371177_3voub3,diffuse,0,1,practice,practice-capybaras,What do Capybaras eat?,answer_snapshot,2026-04-14T13:17:42.900Z,,,,,,,"Capybaras herbivores, meaning they're plant eaters.  From Wikipedia, they feed mainly on grasses and aquatic plants, as well as fruit and tree bark. When feeding, they seem to be selective, focusing on one type of species at a time.  ",234,,,,,,,debounce
1,Wikipedia_Exp_14.04,Wikipedia_Exp_13.04,49,Male,sg_1776172371177_3voub3,diffuse,0,1,practice,practice-capybaras,What do Capybaras eat?,answer_snapshot,2026-04-14T13:17:45.596Z,,,,,,,"Capybaras herbivores, meaning they're plant eaters.  From Wikipedia, they feed mainly on grasses and aquatic plants, as well as fruit and tree bark. When feeding, they seem to be selective, focusing on one type of species at a time.",232,,,,,,,debounce
1,Wikipedia_Exp_14.04,Wikipedia_Exp_13.04,49,Male,sg_1776172371177_3voub3,diffuse,0,1,practice,practice-capybaras,What do Capybaras eat?,answer_snapshot,2026-04-14T13:17:47.828Z,,,,,,,"Capybaras herbivores, meaning they're plant eaters.  From Wikipedia, they feed mainly on grasses and aquatic plants, as well as fruit and tree bark. When feeding, they seem to be selective, focusing on one type of species at a time.

",234,,,,,,,debounce
1,Wikipedia_Exp_14.04,Wikipedia_Exp_13.04,49,Male,sg_1776172371177_3voub3,diffuse,0,1,practice,practice-capybaras,What do Capybaras eat?,answer_snapshot,2026-04-14T13:17:56.851Z,,,,,,,"Capybaras herbivores, meaning they're plant eaters.  From Wikipedia, they feed mainly on grasses and aquatic plants, as well as fruit and tree bark. When feeding, they seem to be selective, focusing on one type of species at a time.

They also eat their own feces",263,,,,,,,debounce
1,Wikipedia_Exp_14.04,Wikipedia_Exp_13.04,49,Male,sg_1776172371177_3voub3,diffuse,0,1,practice,practice-capybaras,What do Capybaras eat?,answer_snapshot,2026-04-14T13:17:59.827Z,,,,,,,"Capybaras herbivores, meaning they're plant eaters.  From Wikipedia, they feed mainly on grasses and aquatic plants, as well as fruit and tree bark. When feeding, they seem to be selective, focusing on one type of species at a time.

They also eat their own feces.",264,,,,,,,debounce
1,Wikipedia_Exp_14.04,Wikipedia_Exp_13.04,49,Male,sg_1776172371177_3voub3,diffuse,0,1,practice,practice-capybaras,What do Capybaras eat?,answer_snapshot,2026-04-14T13:18:18.092Z,,,,,,,"Capybaras herbivores, meaning they're plant eaters.  From Wikipedia, they feed mainly on grasses and aquatic plants, as well as fruit and tree bark. When feeding, they seem to be selective, focusing on one type of species at a time.  Their eating is seasonal

They also eat their own feces.",290,,,,,,,debounce
1,Wikipedia_Exp_14.04,Wikipedia_Exp_13.04,49,Male,sg_1776172371177_3voub3,diffuse,0,1,practice,practice-capybaras,What do Capybaras eat?,answer_snapshot,2026-04-14T13:18:23.587Z,,,,,,,"Capybaras herbivores, meaning they're plant eaters.  From Wikipedia, they feed mainly on grasses and aquatic plants, as well as fruit and tree bark. When feeding, they seem to be selective, focusing on one type of species at a time.  Their eating is seasonal.

They also eat their own feces.",291,,,,,,,debounce
1,Wikipedia_Exp_14.04,Wikipedia_Exp_13.04,49,Male,sg_1776172371177_3voub3,diffuse,0,1,practice,practice-capybaras,What do Capybaras eat?,answer_snapshot_cursor_leave,2026-04-14T13:18:26.662Z,,,,,,,"Capybaras herbivores, meaning they're plant eaters.  From Wikipedia, they feed mainly on grasses and aquatic plants, as well as fruit and tree bark. When feeding, they seem to be selective, focusing on one type of species at a time.  Their eating is seasonal.

They also eat their own feces.",291,,,,,,,cursor_leave
1,Wikipedia_Exp_14.04,Wikipedia_Exp_13.04,49,Male,sg_1776172371177_3voub3,diffuse,0,1,practice,practice-capybaras,What do Capybaras eat?,link_click,2026-04-14T13:18:27.074Z,Aquatic_plants,,Capybara,,,,,,,,,,,,
1,Wikipedia_Exp_14.04,Wikipedia_Exp_13.04,49,Male,sg_1776172371177_3voub3,diffuse,0,1,practice,practice-capybaras,What do Capybaras eat?,article_open,2026-04-14T13:18:30.751Z,Aquatic_plants,Aquatic plant,,6440,link_click,,,,,,,,,,
1,Wikipedia_Exp_14.04,Wikipedia_Exp_13.04,49,Male,sg_1776172371177_3voub3,diffuse,0,1,practice,practice-capybaras,What do Capybaras eat?,back_navigation,2026-04-14T13:18:33.898Z,Capybara,,Aquatic_plants,,,,,,,,,,,,
1,Wikipedia_Exp_14.04,Wikipedia_Exp_13.04,49,Male,sg_1776172371177_3voub3,diffuse,0,1,practice,practice-capybaras,What do Capybaras eat?,article_open,2026-04-14T13:18:34.082Z,Capybara,Capybara,,4650,back,,,,,,,,,,
1,Wikipedia_Exp_14.04,Wikipedia_Exp_13.04,49,Male,sg_1776172371177_3voub3,diffuse,0,1,practice,practice-capybaras,What do Capybaras eat?,answer_snapshot_cursor_leave,2026-04-14T13:19:11.469Z,,,,,,,"Capybaras herbivores, meaning they're plant eaters.  From Wikipedia, they feed mainly on grasses and aquatic plants, as well as fruit and tree bark. When feeding, they seem to be selective, focusing on one type of species at a time.  Their eating is seasonal.

They also eat their own feces.",291,,,,,,,cursor_leave
1,Wikipedia_Exp_14.04,Wikipedia_Exp_13.04,49,Male,sg_1776172371177_3voub3,diffuse,0,1,practice,practice-capybaras,What do Capybaras eat?,answer_snapshot,2026-04-14T13:19:27.548Z,,,,,,,"Capybaras herbivores, meaning they're plant eaters.  From Wikipedia, they feed mainly on grasses and aquatic plants, as well as fruit and tree bark. When feeding, they seem to be selective, focusing on one type of species at a time, in the same way somebody .  Their eating is seasonal.

They also eat their own feces.",318,,,,,,,debounce
1,Wikipedia_Exp_14.04,Wikipedia_Exp_13.04,49,Male,sg_1776172371177_3voub3,diffuse,0,1,practice,practice-capybaras,What do Capybaras eat?,answer_snapshot,2026-04-14T13:19:34.261Z,,,,,,,"Capybaras herbivores, meaning they're plant eaters.  From Wikipedia, they feed mainly on grasses and aquatic plants, as well as fruit and tree bark. When feeding, they seem to be selective, focusing on one type of species at a time.  Their eating is seasonal.

They also eat their own feces.",291,,,,,,,debounce
1,Wikipedia_Exp_14.04,Wikipedia_Exp_13.04,49,Male,sg_1776172371177_3voub3,diffuse,0,1,practice,practice-capybaras,What do Capybaras eat?,answer_snapshot_cursor_leave,2026-04-14T13:20:37.612Z,,,,,,,"Capybaras herbivores, meaning they're plant eaters.  From Wikipedia, they feed mainly on grasses and aquatic plants, as well as fruit and tree bark. When feeding, they seem to be selective, focusing on one type of species at a time.  Their eating is seasonal.

They also eat their own feces.",291,,,,,,,cursor_leave
1,Wikipedia_Exp_14.04,Wikipedia_Exp_13.04,49,Male,sg_1776172371177_3voub3,diffuse,0,1,practice,practice-capybaras,What do Capybaras eat?,answer_snapshot,2026-04-14T13:21:06.147Z,,,,,,,"Capybaras herbivores, meaning they're plant eaters.  From Wikipedia, they feed mainly on grasses and aquatic plants, as well as fruit and tree bark. When feeding, they seem to be selective, focusing on one type of species at a time.  Their eating is seasonal.

They also eat their own feces to help their gut flora.",315,,,,,,,debounce
1,Wikipedia_Exp_14.04,Wikipedia_Exp_13.04,49,Male,sg_1776172371177_3voub3,diffuse,0,1,practice,practice-capybaras,What do Capybaras eat?,answer_snapshot,2026-04-14T13:21:27.843Z,,,,,,,"Capybaras herbivores, meaning they're plant eaters.  From Wikipedia, they feed mainly on grasses and aquatic plants, as well as fruit and tree bark. When feeding, they seem to be selective, focusing on one type of species at a time.  Their eating is seasonal.

They also eat their own feces to help their gut flora.

They also regurgitate their food, ",351,,,,,,,debounce
1,Wikipedia_Exp_14.04,Wikipedia_Exp_13.04,49,Male,sg_1776172371177_3voub3,diffuse,0,1,practice,practice-capybaras,What do Capybaras eat?,answer_snapshot_cursor_leave,2026-04-14T13:21:28.859Z,,,,,,,"Capybaras herbivores, meaning they're plant eaters.  From Wikipedia, they feed mainly on grasses and aquatic plants, as well as fruit and tree bark. When feeding, they seem to be selective, focusing on one type of species at a time.  Their eating is seasonal.

They also eat their own feces to help their gut flora.

They also regurgitate their food, ",351,,,,,,,cursor_leave
1,Wikipedia_Exp_14.04,Wikipedia_Exp_13.04,49,Male,sg_1776172371177_3voub3,diffuse,0,1,practice,practice-capybaras,What do Capybaras eat?,search,2026-04-14T13:21:31.141Z,,,,,,mat,,,,,,,,,
1,Wikipedia_Exp_14.04,Wikipedia_Exp_13.04,49,Male,sg_1776172371177_3voub3,diffuse,0,1,practice,practice-capybaras,What do Capybaras eat?,search,2026-04-14T13:21:32.296Z,,,,,,masticate,,,,,,,,,
1,Wikipedia_Exp_14.04,Wikipedia_Exp_13.04,49,Male,sg_1776172371177_3voub3,diffuse,0,1,practice,practice-capybaras,What do Capybaras eat?,search,2026-04-14T13:21:33.233Z,,,,,,masticate,,,,,,,,,
1,Wikipedia_Exp_14.04,Wikipedia_Exp_13.04,49,Male,sg_1776172371177_3voub3,diffuse,0,1,practice,practice-capybaras,What do Capybaras eat?,answer_snapshot,2026-04-14T13:21:45.572Z,,,,,,,"Capybaras herbivores, meaning they're plant eaters.  From Wikipedia, they feed mainly on grasses and aquatic plants, as well as fruit and tree bark. When feeding, they seem to be selective, focusing on one type of species at a time.  Their eating is seasonal.

They also eat their own feces to help their gut flora.

They also regurgitate their food, ",351,,,,,,,debounce
1,Wikipedia_Exp_14.04,Wikipedia_Exp_13.04,49,Male,sg_1776172371177_3voub3,diffuse,0,1,practice,practice-capybaras,What do Capybaras eat?,answer_snapshot,2026-04-14T13:22:13.052Z,,,,,,,"Capybaras herbivores, meaning they're plant eaters.  From Wikipedia, they feed mainly on grasses and aquatic plants, as well as fruit and tree bark. When feeding, they seem to be selective, focusing on one type of species at a time.  Their eating is seasonal.

They also eat their own feces to help their gut flora.

They also regurgitate their food, chewing it a second time, to extract more nutrition from ",408,,,,,,,debounce
1,Wikipedia_Exp_14.04,Wikipedia_Exp_13.04,49,Male,sg_1776172371177_3voub3,diffuse,0,1,practice,practice-capybaras,What do Capybaras eat?,answer_snapshot,2026-04-14T13:22:19.683Z,,,,,,,"Capybaras herbivores, meaning they're plant eaters.  From Wikipedia, they feed mainly on grasses and aquatic plants, as well as fruit and tree bark. When feeding, they seem to be selective, focusing on one type of species at a time.  Their eating is seasonal.

They also eat their own feces to help their gut flora.

They also regurgitate their food, chewing it a second time, to extract more nutrition from the plants.",419,,,,,,,debounce
1,Wikipedia_Exp_14.04,Wikipedia_Exp_13.04,49,Male,sg_1776172371177_3voub3,diffuse,0,1,practice,practice-capybaras,What do Capybaras eat?,answer_snapshot,2026-04-14T13:22:50.779Z,,,,,,,"Capybaras herbivores, meaning they're plant eaters.  From Wikipedia, they feed mainly on grasses and aquatic plants, as well as fruit and tree bark. When feeding, they seem to be selective, focusing on one type of species at a time.  Their eating is seasonal.

They also eat their own feces to help their gut flora.

As part of their diet, they also regurgitate their food, chewing it a second time, to extract more nutrition from the plants.",442,,,,,,,debounce
1,Wikipedia_Exp_14.04,Wikipedia_Exp_13.04,49,Male,sg_1776172371177_3voub3,diffuse,0,1,practice,practice-capybaras,What do Capybaras eat?,answer_snapshot_cursor_leave,2026-04-14T13:22:53.261Z,,,,,,,"Capybaras herbivores, meaning they're plant eaters.  From Wikipedia, they feed mainly on grasses and aquatic plants, as well as fruit and tree bark. When feeding, they seem to be selective, focusing on one type of species at a time.  Their eating is seasonal.

They also eat their own feces to help their gut flora.

As part of their diet, they also regurgitate their food, chewing it a second time, to extract more nutrition from the plants.",442,,,,,,,cursor_leave
1,Wikipedia_Exp_14.04,Wikipedia_Exp_13.04,49,Male,sg_1776172371177_3voub3,diffuse,0,1,practice,practice-capybaras,What do Capybaras eat?,answer_snapshot,2026-04-14T13:22:54.530Z,,,,,,,"Capybaras herbivores, meaning they're plant eaters.  From Wikipedia, they feed mainly on grasses and aquatic plants, as well as fruit and tree bark. When feeding, they seem to be selective, focusing on one type of species at a time.  Their eating is seasonal.

They also eat their own feces to help their gut flora.

As part of their diet, they also regurgitate their food, chewing it a second time, to extract more nutrition from the plants.",442,,,,,,,submit
1,Wikipedia_Exp_14.04,Wikipedia_Exp_13.04,49,Male,sg_1776172371177_3voub3,diffuse,0,1,practice,practice-capybaras,What do Capybaras eat?,task_end,2026-04-14T13:22:54.531Z,,,,,,,,,"Capybaras herbivores, meaning they're plant eaters.  From Wikipedia, they feed mainly on grasses and aquatic plants, as well as fruit and tree bark. When feeding, they seem to be selective, focusing on one type of species at a time.  Their eating is seasonal.

They also eat their own feces to help their gut flora.

As part of their diet, they also regurgitate their food, chewing it a second time, to extract more nutrition from the plants.",442,,,,,
1,Wikipedia_Exp_14.04,Wikipedia_Exp_13.04,49,Male,sg_1776172371177_3voub3,diffuse,1,,art_history,high-art-history,How do ancient works of art play a role in contemporary society?,familiarity_rating,2026-04-14T13:23:12.962Z,,,,,,,,,,,,,1,3,
1,Wikipedia_Exp_14.04,Wikipedia_Exp_13.04,49,Male,sg_1776172371177_3voub3,diffuse,1,,art_history,high-art-history,How do ancient works of art play a role in contemporary society?,task_start,2026-04-14T13:23:13.098Z,,,,,,,,,,,,,,,
1,Wikipedia_Exp_14.04,Wikipedia_Exp_13.04,49,Male,sg_1776172371177_3voub3,diffuse,1,,art_history,high-art-history,How do ancient works of art play a role in contemporary society?,search,2026-04-14T13:23:21.941Z,,,,,,ancient ,,,,,,,,,
1,Wikipedia_Exp_14.04,Wikipedia_Exp_13.04,49,Male,sg_1776172371177_3voub3,diffuse,1,,art_history,high-art-history,How do ancient works of art play a role in contemporary society?,search,2026-04-14T13:23:22.528Z,,,,,,ancient art,,,,,,,,,
1,Wikipedia_Exp_14.04,Wikipedia_Exp_13.04,49,Male,sg_1776172371177_3voub3,diffuse,1,,art_history,high-art-history,How do ancient works of art play a role in contemporary society?,article_open,2026-04-14T13:23:26.068Z,Ancient_art,Ancient art,,9179,search,,,,,,,,,,
1,Wikipedia_Exp_14.04,Wikipedia_Exp_13.04,49,Male,sg_1776172371177_3voub3,diffuse,1,,art_history,high-art-history,How do ancient works of art play a role in contemporary society?,link_click,2026-04-14T13:23:56.035Z,History_of_art,,Ancient_art,,,,,,,,,,,,
1,Wikipedia_Exp_14.04,Wikipedia_Exp_13.04,49,Male,sg_1776172371177_3voub3,diffuse,1,,art_history,high-art-history,How do ancient works of art play a role in contemporary society?,article_open,2026-04-14T13:23:59.706Z,History_of_art,History of art,,32283,link_click,,,,,,,,,,
1,Wikipedia_Exp_14.04,Wikipedia_Exp_13.04,49,Male,sg_1776172371177_3voub3,diffuse,1,,art_history,high-art-history,How do ancient works of art play a role in contemporary society?,link_click,2026-04-14T13:24:06.370Z,Contemporary_art,,History_of_art,,,,,,,,,,,,
1,Wikipedia_Exp_14.04,Wikipedia_Exp_13.04,49,Male,sg_1776172371177_3voub3,diffuse,1,,art_history,high-art-history,How do ancient works of art play a role in contemporary society?,article_open,2026-04-14T13:24:07.779Z,Contemporary_art,Contemporary art,,4804,link_click,,,,,,,,,,
1,Wikipedia_Exp_14.04,Wikipedia_Exp_13.04,49,Male,sg_1776172371177_3voub3,diffuse,1,,art_history,high-art-history,How do ancient works of art play a role in contemporary society?,search,2026-04-14T13:24:19.146Z,,,,,,influence ,,,,,,,,,
1,Wikipedia_Exp_14.04,Wikipedia_Exp_13.04,49,Male,sg_1776172371177_3voub3,diffuse,1,,art_history,high-art-history,How do ancient works of art play a role in contemporary society?,search,2026-04-14T13:24:21.993Z,,,,,,influence of ancient art,,,,,,,,,
1,Wikipedia_Exp_14.04,Wikipedia_Exp_13.04,49,Male,sg_1776172371177_3voub3,diffuse,1,,art_history,high-art-history,How do ancient works of art play a role in contemporary society?,link_click,2026-04-14T13:24:37.915Z,Conceptual_art,,Contemporary_art,,,,,,,,,,,,
1,Wikipedia_Exp_14.04,Wikipedia_Exp_13.04,49,Male,sg_1776172371177_3voub3,diffuse,1,,art_history,high-art-history,How do ancient works of art play a role in contemporary society?,article_open,2026-04-14T13:24:39.304Z,Conceptual_art,Conceptual art,,8350,link_click,,,,,,,,,,
1,Wikipedia_Exp_14.04,Wikipedia_Exp_13.04,49,Male,sg_1776172371177_3voub3,diffuse,1,,art_history,high-art-history,How do ancient works of art play a role in contemporary society?,back_navigation,2026-04-14T13:24:45.811Z,Contemporary_art,,Conceptual_art,,,,,,,,,,,,
1,Wikipedia_Exp_14.04,Wikipedia_Exp_13.04,49,Male,sg_1776172371177_3voub3,diffuse,1,,art_history,high-art-history,How do ancient works of art play a role in contemporary society?,article_open,2026-04-14T13:24:46.037Z,Contemporary_art,Contemporary art,,4804,back,,,,,,,,,,
1,Wikipedia_Exp_14.04,Wikipedia_Exp_13.04,49,Male,sg_1776172371177_3voub3,diffuse,1,,art_history,high-art-history,How do ancient works of art play a role in contemporary society?,link_click,2026-04-14T13:24:48.266Z,Ancient_art,,Contemporary_art,,,,,,,,,,,,
1,Wikipedia_Exp_14.04,Wikipedia_Exp_13.04,49,Male,sg_1776172371177_3voub3,diffuse,1,,art_history,high-art-history,How do ancient works of art play a role in contemporary society?,article_open,2026-04-14T13:24:48.493Z,Ancient_art,Ancient art,,9179,link_click,,,,,,,,,,
1,Wikipedia_Exp_14.04,Wikipedia_Exp_13.04,49,Male,sg_1776172371177_3voub3,diffuse,1,,art_history,high-art-history,How do ancient works of art play a role in contemporary society?,link_click,2026-04-14T13:24:49.843Z,History_of_art,,Ancient_art,,,,,,,,,,,,
1,Wikipedia_Exp_14.04,Wikipedia_Exp_13.04,49,Male,sg_1776172371177_3voub3,diffuse,1,,art_history,high-art-history,How do ancient works of art play a role in contemporary society?,article_open,2026-04-14T13:24:50.142Z,History_of_art,History of art,,32283,link_click,,,,,,,,,,
1,Wikipedia_Exp_14.04,Wikipedia_Exp_13.04,49,Male,sg_1776172371177_3voub3,diffuse,1,,art_history,high-art-history,How do ancient works of art play a role in contemporary society?,link_click,2026-04-14T13:24:51.106Z,Ancient_art,,History_of_art,,,,,,,,,,,,
1,Wikipedia_Exp_14.04,Wikipedia_Exp_13.04,49,Male,sg_1776172371177_3voub3,diffuse,1,,art_history,high-art-history,How do ancient works of art play a role in contemporary society?,article_open,2026-04-14T13:24:51.323Z,Ancient_art,Ancient art,,9179,link_click,,,,,,,,,,
1,Wikipedia_Exp_14.04,Wikipedia_Exp_13.04,49,Male,sg_1776172371177_3voub3,diffuse,1,,art_history,high-art-history,How do ancient works of art play a role in contemporary society?,answer_snapshot,2026-04-14T13:25:28.820Z,,,,,,,,0,,,,,,,debounce
1,Wikipedia_Exp_14.04,Wikipedia_Exp_13.04,49,Male,sg_1776172371177_3voub3,diffuse,1,,art_history,high-art-history,How do ancient works of art play a role in contemporary society?,search,2026-04-14T13:26:16.014Z,,,,,,contemporary society,,,,,,,,,
1,Wikipedia_Exp_14.04,Wikipedia_Exp_13.04,49,Male,sg_1776172371177_3voub3,diffuse,1,,art_history,high-art-history,How do ancient works of art play a role in contemporary society?,article_open,2026-04-14T13:26:18.614Z,Contemporary_art,Contemporary art,,4804,search,,,,,,,,,,
1,Wikipedia_Exp_14.04,Wikipedia_Exp_13.04,49,Male,sg_1776172371177_3voub3,diffuse,1,,art_history,high-art-history,How do ancient works of art play a role in contemporary society?,answer_snapshot,2026-04-14T13:26:49.269Z,,,,,,,One of the most direct ways ancient works of art play a ,56,,,,,,,debounce
1,Wikipedia_Exp_14.04,Wikipedia_Exp_13.04,49,Male,sg_1776172371177_3voub3,diffuse,1,,art_history,high-art-history,How do ancient works of art play a role in contemporary society?,answer_snapshot,2026-04-14T13:26:59.917Z,,,,,,,One of the most direct ways ancient works of art play a role in contemporary society is through its influence on ,113,,,,,,,debounce
1,Wikipedia_Exp_14.04,Wikipedia_Exp_13.04,49,Male,sg_1776172371177_3voub3,diffuse,1,,art_history,high-art-history,How do ancient works of art play a role in contemporary society?,answer_snapshot,2026-04-14T13:27:06.437Z,,,,,,,One of the most direct ways ancient works of art play a role in contemporary society is through its influence on current art styles.,132,,,,,,,debounce
1,Wikipedia_Exp_14.04,Wikipedia_Exp_13.04,49,Male,sg_1776172371177_3voub3,diffuse,1,,art_history,high-art-history,How do ancient works of art play a role in contemporary society?,answer_snapshot,2026-04-14T13:27:21.374Z,,,,,,,One of the most direct ways ancient works of art play a role in contemporary society is through its influence on current art styles and themes.,143,,,,,,,debounce
1,Wikipedia_Exp_14.04,Wikipedia_Exp_13.04,49,Male,sg_1776172371177_3voub3,diffuse,1,,art_history,high-art-history,How do ancient works of art play a role in contemporary society?,answer_snapshot_cursor_leave,2026-04-14T13:27:24.438Z,,,,,,,One of the most direct ways ancient works of art play a role in contemporary society is through its influence on current art styles and themes.,143,,,,,,,cursor_leave
1,Wikipedia_Exp_14.04,Wikipedia_Exp_13.04,49,Male,sg_1776172371177_3voub3,diffuse,1,,art_history,high-art-history,How do ancient works of art play a role in contemporary society?,link_click,2026-04-14T13:27:24.595Z,Classical_Realism,,Contemporary_art,,,,,,,,,,,,
1,Wikipedia_Exp_14.04,Wikipedia_Exp_13.04,49,Male,sg_1776172371177_3voub3,diffuse,1,,art_history,high-art-history,How do ancient works of art play a role in contemporary society?,article_open,2026-04-14T13:27:26.109Z,Classical_Realism,Classical Realism,,2620,link_click,,,,,,,,,,
1,Wikipedia_Exp_14.04,Wikipedia_Exp_13.04,49,Male,sg_1776172371177_3voub3,diffuse,1,,art_history,high-art-history,How do ancient works of art play a role in contemporary society?,link_click,2026-04-14T13:27:32.403Z,Neoclassicism,,Classical_Realism,,,,,,,,,,,,
1,Wikipedia_Exp_14.04,Wikipedia_Exp_13.04,49,Male,sg_1776172371177_3voub3,diffuse,1,,art_history,high-art-history,How do ancient works of art play a role in contemporary society?,article_open,2026-04-14T13:27:34.392Z,Neoclassicism,Neoclassicism,,16842,link_click,,,,,,,,,,
1,Wikipedia_Exp_14.04,Wikipedia_Exp_13.04,49,Male,sg_1776172371177_3voub3,diffuse,1,,art_history,high-art-history,How do ancient works of art play a role in contemporary society?,answer_snapshot_cursor_leave,2026-04-14T13:27:38.158Z,,,,,,,"One of the most direct ways ancient works of art play a role in contemporary society is through its influence on current art styles and themes.

For example, ",158,,,,,,,cursor_leave
1,Wikipedia_Exp_14.04,Wikipedia_Exp_13.04,49,Male,sg_1776172371177_3voub3,diffuse,1,,art_history,high-art-history,How do ancient works of art play a role in contemporary society?,back_navigation,2026-04-14T13:27:38.260Z,Classical_Realism,,Neoclassicism,,,,,,,,,,,,
1,Wikipedia_Exp_14.04,Wikipedia_Exp_13.04,49,Male,sg_1776172371177_3voub3,diffuse,1,,art_history,high-art-history,How do ancient works of art play a role in contemporary society?,article_open,2026-04-14T13:27:38.437Z,Classical_Realism,Classical Realism,,2620,back,,,,,,,,,,
1,Wikipedia_Exp_14.04,Wikipedia_Exp_13.04,49,Male,sg_1776172371177_3voub3,diffuse,1,,art_history,high-art-history,How do ancient works of art play a role in contemporary society?,answer_snapshot,2026-04-14T13:27:50.716Z,,,,,,,"One of the most direct ways ancient works of art play a role in contemporary society is through its influence on current art styles and themes.

For example, classical realism is a contemporary style",199,,,,,,,debounce
1,Wikipedia_Exp_14.04,Wikipedia_Exp_13.04,49,Male,sg_1776172371177_3voub3,diffuse,1,,art_history,high-art-history,How do ancient works of art play a role in contemporary society?,answer_snapshot_cursor_leave,2026-04-14T13:27:51.356Z,,,,,,,"One of the most direct ways ancient works of art play a role in contemporary society is through its influence on current art styles and themes.

For example, classical realism is a contemporary style",199,,,,,,,cursor_leave
1,Wikipedia_Exp_14.04,Wikipedia_Exp_13.04,49,Male,sg_1776172371177_3voub3,diffuse,1,,art_history,high-art-history,How do ancient works of art play a role in contemporary society?,back_navigation,2026-04-14T13:27:51.955Z,Contemporary_art,,Classical_Realism,,,,,,,,,,,,
1,Wikipedia_Exp_14.04,Wikipedia_Exp_13.04,49,Male,sg_1776172371177_3voub3,diffuse,1,,art_history,high-art-history,How do ancient works of art play a role in contemporary society?,article_open,2026-04-14T13:27:52.149Z,Contemporary_art,Contemporary art,,4804,back,,,,,,,,,,
1,Wikipedia_Exp_14.04,Wikipedia_Exp_13.04,49,Male,sg_1776172371177_3voub3,diffuse,1,,art_history,high-art-history,How do ancient works of art play a role in contemporary society?,link_click,2026-04-14T13:27:58.179Z,Classical_Realism,,Contemporary_art,,,,,,,,,,,,
1,Wikipedia_Exp_14.04,Wikipedia_Exp_13.04,49,Male,sg_1776172371177_3voub3,diffuse,1,,art_history,high-art-history,How do ancient works of art play a role in contemporary society?,article_open,2026-04-14T13:27:58.351Z,Classical_Realism,Classical Realism,,2620,link_click,,,,,,,,,,
1,Wikipedia_Exp_14.04,Wikipedia_Exp_13.04,49,Male,sg_1776172371177_3voub3,diffuse,1,,art_history,high-art-history,How do ancient works of art play a role in contemporary society?,answer_snapshot,2026-04-14T13:28:15.085Z,,,,,,,"One of the most direct ways ancient works of art play a role in contemporary society is through its influence on current art styles and themes.

For example, classical realism is a contemporary style ",200,,,,,,,debounce
1,Wikipedia_Exp_14.04,Wikipedia_Exp_13.04,49,Male,sg_1776172371177_3voub3,diffuse,1,,art_history,high-art-history,How do ancient works of art play a role in contemporary society?,answer_snapshot,2026-04-14T13:28:30.254Z,,,,,,,"One of the most direct ways ancient works of art play a role in contemporary society is through its influence on current art styles and themes.

For example, classical realism is a contemporary style combining elements of 19th century neoclassicism and realism.  ",263,,,,,,,debounce
1,Wikipedia_Exp_14.04,Wikipedia_Exp_13.04,49,Male,sg_1776172371177_3voub3,diffuse,1,,art_history,high-art-history,How do ancient works of art play a role in contemporary society?,answer_snapshot_cursor_leave,2026-04-14T13:28:33.111Z,,,,,,,"One of the most direct ways ancient works of art play a role in contemporary society is through its influence on current art styles and themes.

For example, classical realism is a contemporary style combining elements of 19th century neoclassicism and realism.  ",263,,,,,,,cursor_leave
1,Wikipedia_Exp_14.04,Wikipedia_Exp_13.04,49,Male,sg_1776172371177_3voub3,diffuse,1,,art_history,high-art-history,How do ancient works of art play a role in contemporary society?,link_click,2026-04-14T13:28:33.339Z,Neoclassicism,,Classical_Realism,,,,,,,,,,,,
1,Wikipedia_Exp_14.04,Wikipedia_Exp_13.04,49,Male,sg_1776172371177_3voub3,diffuse,1,,art_history,high-art-history,How do ancient works of art play a role in contemporary society?,article_open,2026-04-14T13:28:33.590Z,Neoclassicism,Neoclassicism,,16842,link_click,,,,,,,,,,
1,Wikipedia_Exp_14.04,Wikipedia_Exp_13.04,49,Male,sg_1776172371177_3voub3,diffuse,1,,art_history,high-art-history,How do ancient works of art play a role in contemporary society?,answer_snapshot_cursor_leave,2026-04-14T13:28:43.854Z,,,,,,,"One of the most direct ways ancient works of art play a role in contemporary society is through its influence on current art styles and themes.

For example, classical realism is a contemporary style combining elements of 19th century neoclassicism and realism.  ",263,,,,,,,cursor_leave
1,Wikipedia_Exp_14.04,Wikipedia_Exp_13.04,49,Male,sg_1776172371177_3voub3,diffuse,1,,art_history,high-art-history,How do ancient works of art play a role in contemporary society?,back_navigation,2026-04-14T13:28:43.979Z,Classical_Realism,,Neoclassicism,,,,,,,,,,,,
1,Wikipedia_Exp_14.04,Wikipedia_Exp_13.04,49,Male,sg_1776172371177_3voub3,diffuse,1,,art_history,high-art-history,How do ancient works of art play a role in contemporary society?,article_open,2026-04-14T13:28:44.151Z,Classical_Realism,Classical Realism,,2620,back,,,,,,,,,,
1,Wikipedia_Exp_14.04,Wikipedia_Exp_13.04,49,Male,sg_1776172371177_3voub3,diffuse,1,,art_history,high-art-history,How do ancient works of art play a role in contemporary society?,back_navigation,2026-04-14T13:28:50.243Z,Contemporary_art,,Classical_Realism,,,,,,,,,,,,
1,Wikipedia_Exp_14.04,Wikipedia_Exp_13.04,49,Male,sg_1776172371177_3voub3,diffuse,1,,art_history,high-art-history,How do ancient works of art play a role in contemporary society?,article_open,2026-04-14T13:28:50.446Z,Contemporary_art,Contemporary art,,4804,back,,,,,,,,,,
1,Wikipedia_Exp_14.04,Wikipedia_Exp_13.04,49,Male,sg_1776172371177_3voub3,diffuse,1,,art_history,high-art-history,How do ancient works of art play a role in contemporary society?,link_click,2026-04-14T13:28:59.292Z,Classical_Realism,,Contemporary_art,,,,,,,,,,,,
1,Wikipedia_Exp_14.04,Wikipedia_Exp_13.04,49,Male,sg_1776172371177_3voub3,diffuse,1,,art_history,high-art-history,How do ancient works of art play a role in contemporary society?,article_open,2026-04-14T13:28:59.459Z,Classical_Realism,Classical Realism,,2620,link_click,,,,,,,,,,
1,Wikipedia_Exp_14.04,Wikipedia_Exp_13.04,49,Male,sg_1776172371177_3voub3,diffuse,1,,art_history,high-art-history,How do ancient works of art play a role in contemporary society?,link_click,2026-04-14T13:29:02.243Z,Neoclassicism,,Classical_Realism,,,,,,,,,,,,
1,Wikipedia_Exp_14.04,Wikipedia_Exp_13.04,49,Male,sg_1776172371177_3voub3,diffuse,1,,art_history,high-art-history,How do ancient works of art play a role in contemporary society?,article_open,2026-04-14T13:29:02.595Z,Neoclassicism,Neoclassicism,,16842,link_click,,,,,,,,,,
1,Wikipedia_Exp_14.04,Wikipedia_Exp_13.04,49,Male,sg_1776172371177_3voub3,diffuse,1,,art_history,high-art-history,How do ancient works of art play a role in contemporary society?,answer_snapshot,2026-04-14T13:29:08.061Z,,,,,,,"One of the most direct ways ancient works of art play a role in contemporary society is through its influence on current art styles and themes.

For example, classical realism is a contemporary style combining elements of 19th century neoclassicism and realism.    Neoclassica",276,,,,,,,debounce
1,Wikipedia_Exp_14.04,Wikipedia_Exp_13.04,49,Male,sg_1776172371177_3voub3,diffuse,1,,art_history,high-art-history,How do ancient works of art play a role in contemporary society?,answer_snapshot_cursor_leave,2026-04-14T13:29:10.989Z,,,,,,,"One of the most direct ways ancient works of art play a role in contemporary society is through its influence on current art styles and themes.

For example, classical realism is a contemporary style combining elements of 19th century neoclassicism and realism.    Neoclassica",276,,,,,,,cursor_leave
1,Wikipedia_Exp_14.04,Wikipedia_Exp_13.04,49,Male,sg_1776172371177_3voub3,diffuse,1,,art_history,high-art-history,How do ancient works of art play a role in contemporary society?,paste,2026-04-14T13:29:13.709Z,,,,,,,,,,,Neoclassicism,13,,,
1,Wikipedia_Exp_14.04,Wikipedia_Exp_13.04,49,Male,sg_1776172371177_3voub3,diffuse,1,,art_history,high-art-history,How do ancient works of art play a role in contemporary society?,answer_snapshot,2026-04-14T13:29:16.582Z,,,,,,,"One of the most direct ways ancient works of art play a role in contemporary society is through its influence on current art styles and themes.

For example, classical realism is a contemporary style combining elements of 19th century neoclassicism and realism.    While Neoclassicism is ",288,,,,,,,debounce
1,Wikipedia_Exp_14.04,Wikipedia_Exp_13.04,49,Male,sg_1776172371177_3voub3,diffuse,1,,art_history,high-art-history,How do ancient works of art play a role in contemporary society?,answer_snapshot,2026-04-14T13:29:22.014Z,,,,,,,"One of the most direct ways ancient works of art play a role in contemporary society is through its influence on current art styles and themes.

For example, classical realism is a contemporary style combining elements of 19th century neoclassicism and realism.    While Neoclassicism is """,289,,,,,,,debounce
1,Wikipedia_Exp_14.04,Wikipedia_Exp_13.04,49,Male,sg_1776172371177_3voub3,diffuse,1,,art_history,high-art-history,How do ancient works of art play a role in contemporary society?,answer_snapshot_cursor_leave,2026-04-14T13:29:22.061Z,,,,,,,"One of the most direct ways ancient works of art play a role in contemporary society is through its influence on current art styles and themes.

For example, classical realism is a contemporary style combining elements of 19th century neoclassicism and realism.    While Neoclassicism is """,289,,,,,,,cursor_leave
1,Wikipedia_Exp_14.04,Wikipedia_Exp_13.04,49,Male,sg_1776172371177_3voub3,diffuse,1,,art_history,high-art-history,How do ancient works of art play a role in contemporary society?,paste,2026-04-14T13:29:27.997Z,,,,,,,,,,,"emerged as a Western cultural movement in the decorative and visual arts, literature, theatre, music, and architecture that drew inspiration from the art and culture of classical antiquity.",189,,,
1,Wikipedia_Exp_14.04,Wikipedia_Exp_13.04,49,Male,sg_1776172371177_3voub3,diffuse,1,,art_history,high-art-history,How do ancient works of art play a role in contemporary society?,answer_snapshot,2026-04-14T13:29:30.485Z,,,,,,,"One of the most direct ways ancient works of art play a role in contemporary society is through its influence on current art styles and themes.

For example, classical realism is a contemporary style combining elements of 19th century neoclassicism and realism.    While Neoclassicism is ""emerged as a Western cultural movement in the decorative and visual arts, literature, theatre, music, and architecture that drew inspiration from the art and culture of classical antiquity.""",479,,,,,,,debounce
1,Wikipedia_Exp_14.04,Wikipedia_Exp_13.04,49,Male,sg_1776172371177_3voub3,diffuse,1,,art_history,high-art-history,How do ancient works of art play a role in contemporary society?,answer_snapshot,2026-04-14T13:29:36.622Z,,,,,,,"One of the most direct ways ancient works of art play a role in contemporary society is through its influence on current art styles and themes.

For example, classical realism is a contemporary style combining elements of 19th century neoclassicism and realism.    While Neoclassicism ""emerged as a Western cultural movement in the decorative and visual arts, literature, theatre, music, and architecture that drew inspiration from the art and culture of classical antiquity.""",476,,,,,,,debounce
1,Wikipedia_Exp_14.04,Wikipedia_Exp_13.04,49,Male,sg_1776172371177_3voub3,diffuse,1,,art_history,high-art-history,How do ancient works of art play a role in contemporary society?,answer_snapshot_cursor_leave,2026-04-14T13:29:42.847Z,,,,,,,"One of the most direct ways ancient works of art play a role in contemporary society is through its influence on current art styles and themes.

For example, classical realism is a contemporary style combining elements of 19th century neoclassicism and realism.    While Neoclassicism ""emerged as a Western cultural movement in the decorative and visual arts, literature, theatre, music, and architecture that drew inspiration from the art and culture of classical antiquity.""  Ie, there's a direct lineage here.  ",514,,,,,,,cursor_leave
1,Wikipedia_Exp_14.04,Wikipedia_Exp_13.04,49,Male,sg_1776172371177_3voub3,diffuse,1,,art_history,high-art-history,How do ancient works of art play a role in contemporary society?,back_navigation,2026-04-14T13:29:42.947Z,Classical_Realism,,Neoclassicism,,,,,,,,,,,,
1,Wikipedia_Exp_14.04,Wikipedia_Exp_13.04,49,Male,sg_1776172371177_3voub3,diffuse,1,,art_history,high-art-history,How do ancient works of art play a role in contemporary society?,article_open,2026-04-14T13:29:43.115Z,Classical_Realism,Classical Realism,,2620,back,,,,,,,,,,
1,Wikipedia_Exp_14.04,Wikipedia_Exp_13.04,49,Male,sg_1776172371177_3voub3,diffuse,1,,art_history,high-art-history,How do ancient works of art play a role in contemporary society?,back_navigation,2026-04-14T13:29:44.115Z,Contemporary_art,,Classical_Realism,,,,,,,,,,,,
1,Wikipedia_Exp_14.04,Wikipedia_Exp_13.04,49,Male,sg_1776172371177_3voub3,diffuse,1,,art_history,high-art-history,How do ancient works of art play a role in contemporary society?,article_open,2026-04-14T13:29:44.392Z,Contemporary_art,Contemporary art,,4804,back,,,,,,,,,,
1,Wikipedia_Exp_14.04,Wikipedia_Exp_13.04,49,Male,sg_1776172371177_3voub3,diffuse,1,,art_history,high-art-history,How do ancient works of art play a role in contemporary society?,link_click,2026-04-14T13:29:48.947Z,Classical_Realism,,Contemporary_art,,,,,,,,,,,,
1,Wikipedia_Exp_14.04,Wikipedia_Exp_13.04,49,Male,sg_1776172371177_3voub3,diffuse,1,,art_history,high-art-history,How do ancient works of art play a role in contemporary society?,article_open,2026-04-14T13:29:49.116Z,Classical_Realism,Classical Realism,,2620,link_click,,,,,,,,,,
1,Wikipedia_Exp_14.04,Wikipedia_Exp_13.04,49,Male,sg_1776172371177_3voub3,diffuse,1,,art_history,high-art-history,How do ancient works of art play a role in contemporary society?,answer_snapshot_cursor_leave,2026-04-14T13:29:58.620Z,,,,,,,"One of the most direct ways ancient works of art play a role in contemporary society is through its influence on current art styles and themes.

For example, classical realism is a contemporary style combining elements of 19th century neoclassicism and realism.    While Neoclassicism ""emerged as a Western cultural movement in the decorative and visual arts, literature, theatre, music, and architecture that drew inspiration from the art and culture of classical antiquity.""  Ie, there's a direct lineage here.  ",514,,,,,,,cursor_leave
1,Wikipedia_Exp_14.04,Wikipedia_Exp_13.04,49,Male,sg_1776172371177_3voub3,diffuse,1,,art_history,high-art-history,How do ancient works of art play a role in contemporary society?,back_navigation,2026-04-14T13:29:58.755Z,Contemporary_art,,Classical_Realism,,,,,,,,,,,,
1,Wikipedia_Exp_14.04,Wikipedia_Exp_13.04,49,Male,sg_1776172371177_3voub3,diffuse,1,,art_history,high-art-history,How do ancient works of art play a role in contemporary society?,article_open,2026-04-14T13:29:58.960Z,Contemporary_art,Contemporary art,,4804,back,,,,,,,,,,
1,Wikipedia_Exp_14.04,Wikipedia_Exp_13.04,49,Male,sg_1776172371177_3voub3,diffuse,1,,art_history,high-art-history,How do ancient works of art play a role in contemporary society?,link_click,2026-04-14T13:30:04.859Z,Classical_Realism,,Contemporary_art,,,,,,,,,,,,
1,Wikipedia_Exp_14.04,Wikipedia_Exp_13.04,49,Male,sg_1776172371177_3voub3,diffuse,1,,art_history,high-art-history,How do ancient works of art play a role in contemporary society?,article_open,2026-04-14T13:30:05.049Z,Classical_Realism,Classical Realism,,2620,link_click,,,,,,,,,,
1,Wikipedia_Exp_14.04,Wikipedia_Exp_13.04,49,Male,sg_1776172371177_3voub3,diffuse,1,,art_history,high-art-history,How do ancient works of art play a role in contemporary society?,answer_snapshot_cursor_leave,2026-04-14T13:30:31.053Z,,,,,,,"One of the most direct ways ancient works of art play a role in contemporary society is through its influence on current art styles and themes.

For example, classical realism is a contemporary style combining elements of 19th century neoclassicism and realism.    While Neoclassicism ""emerged as a Western cultural movement in the decorative and visual arts, literature, theatre, music, and architecture that drew inspiration from the art and culture of classical antiquity.""  Ie, there's a direct lineage here.  An active Neoclassical today is Richard T. Scott",562,,,,,,,cursor_leave
1,Wikipedia_Exp_14.04,Wikipedia_Exp_13.04,49,Male,sg_1776172371177_3voub3,diffuse,1,,art_history,high-art-history,How do ancient works of art play a role in contemporary society?,link_click,2026-04-14T13:30:34.140Z,Richard_T._Scott,,Classical_Realism,,,,,,,,,,,,
1,Wikipedia_Exp_14.04,Wikipedia_Exp_13.04,49,Male,sg_1776172371177_3voub3,diffuse,1,,art_history,high-art-history,How do ancient works of art play a role in contemporary society?,article_open,2026-04-14T13:30:34.708Z,Richard_T._Scott,Richard T. Scott,,785,link_click,,,,,,,,,,
1,Wikipedia_Exp_14.04,Wikipedia_Exp_13.04,49,Male,sg_1776172371177_3voub3,diffuse,1,,art_history,high-art-history,How do ancient works of art play a role in contemporary society?,answer_snapshot,2026-04-14T13:30:39.621Z,,,,,,,"One of the most direct ways ancient works of art play a role in contemporary society is through its influence on current art styles and themes.

For example, classical realism is a contemporary style combining elements of 19th century neoclassicism and realism.    While Neoclassicism ""emerged as a Western cultural movement in the decorative and visual arts, literature, theatre, music, and architecture that drew inspiration from the art and culture of classical antiquity.""  Ie, there's a direct lineage here.  An active Neoclassical today is Richard T. Scott.  ",565,,,,,,,debounce
1,Wikipedia_Exp_14.04,Wikipedia_Exp_13.04,49,Male,sg_1776172371177_3voub3,diffuse,1,,art_history,high-art-history,How do ancient works of art play a role in contemporary society?,answer_snapshot_cursor_leave,2026-04-14T13:30:53.901Z,,,,,,,"One of the most direct ways ancient works of art play a role in contemporary society is through its influence on current art styles and themes.

For example, classical realism is a contemporary style combining elements of 19th century neoclassicism and realism.    While Neoclassicism ""emerged as a Western cultural movement in the decorative and visual arts, literature, theatre, music, and architecture that drew inspiration from the art and culture of classical antiquity.""  Ie, there's a direct lineage here.  An active Neoclassical today is Richard T. Scott.  ",565,,,,,,,cursor_leave
1,Wikipedia_Exp_14.04,Wikipedia_Exp_13.04,49,Male,sg_1776172371177_3voub3,diffuse,1,,art_history,high-art-history,How do ancient works of art play a role in contemporary society?,answer_snapshot,2026-04-14T13:31:04.029Z,,,,,,,"One of the most direct ways ancient works of art play a role in contemporary society is through its influence on current art styles and themes.

For example, classical realism is a contemporary style combining elements of 19th century neoclassicism and realism.    While Neoclassicism ""emerged as a Western cultural movement in the decorative and visual arts, literature, theatre, music, and architecture that drew inspiration from the art and culture of classical antiquity.""  Ie, there's a direct lineage here.  An active Neoclassical today is Richard T. Scott.

Richard T. Scott",581,,,,,,,debounce
1,Wikipedia_Exp_14.04,Wikipedia_Exp_13.04,49,Male,sg_1776172371177_3voub3,diffuse,1,,art_history,high-art-history,How do ancient works of art play a role in contemporary society?,paste,2026-04-14T13:31:05.668Z,,,,,,,,,,,"In 2010, Scott told the New York Times that Facebook was censoring classical paintings of nudes, which had been deleted from the accounts of many painters as well as established institutions such as the New York Academy of Art",226,,,
1,Wikipedia_Exp_14.04,Wikipedia_Exp_13.04,49,Male,sg_1776172371177_3voub3,diffuse,1,,art_history,high-art-history,How do ancient works of art play a role in contemporary society?,answer_snapshot,2026-04-14T13:31:07.998Z,,,,,,,"One of the most direct ways ancient works of art play a role in contemporary society is through its influence on current art styles and themes.

For example, classical realism is a contemporary style combining elements of 19th century neoclassicism and realism.    While Neoclassicism ""emerged as a Western cultural movement in the decorative and visual arts, literature, theatre, music, and architecture that drew inspiration from the art and culture of classical antiquity.""  Ie, there's a direct lineage here.  An active Neoclassical today is Richard T. Scott.

Richard T. Scott ""In 2010, Scott told the New York Times that Facebook was censoring classical paintings of nudes, which had been deleted from the accounts of many painters as well as established institutions such as the New York Academy of Art""",810,,,,,,,debounce
1,Wikipedia_Exp_14.04,Wikipedia_Exp_13.04,49,Male,sg_1776172371177_3voub3,diffuse,1,,art_history,high-art-history,How do ancient works of art play a role in contemporary society?,answer_snapshot,2026-04-14T13:31:11.140Z,,,,,,,"One of the most direct ways ancient works of art play a role in contemporary society is through its influence on current art styles and themes.

For example, classical realism is a contemporary style combining elements of 19th century neoclassicism and realism.    While Neoclassicism ""emerged as a Western cultural movement in the decorative and visual arts, literature, theatre, music, and architecture that drew inspiration from the art and culture of classical antiquity.""  Ie, there's a direct lineage here.  An active Neoclassical today is Richard T. Scott.

""In 2010, Scott told the New York Times that Facebook was censoring classical paintings of nudes, which had been deleted from the accounts of many painters as well as established institutions such as the New York Academy of Art""",793,,,,,,,debounce
1,Wikipedia_Exp_14.04,Wikipedia_Exp_13.04,49,Male,sg_1776172371177_3voub3,diffuse,1,,art_history,high-art-history,How do ancient works of art play a role in contemporary society?,answer_snapshot,2026-04-14T13:31:41.124Z,,,,,,,"One of the most direct ways ancient works of art play a role in contemporary society is through its influence on current art styles and themes.

For example, classical realism is a contemporary style combining elements of 19th century neoclassicism and realism.    While Neoclassicism ""emerged as a Western cultural movement in the decorative and visual arts, literature, theatre, music, and architecture that drew inspiration from the art and culture of classical antiquity.""  Ie, there's a direct lineage here.  An active Neoclassical today is Richard T. Scott.

""In 2010, Scott told the New York Times that Facebook was censoring classical paintings of nudes, which had been deleted from the accounts of many painters as well as established institutions such as the New York Academy of Art"".  I expect his involvement in this painting has made particularly sensitive to this issue, ",885,,,,,,,debounce
1,Wikipedia_Exp_14.04,Wikipedia_Exp_13.04,49,Male,sg_1776172371177_3voub3,diffuse,1,,art_history,high-art-history,How do ancient works of art play a role in contemporary society?,answer_snapshot,2026-04-14T13:32:14.254Z,,,,,,,"One of the most direct ways ancient works of art play a role in contemporary society is through its influence on current art styles and themes.

For example, classical realism is a contemporary style combining elements of 19th century neoclassicism and realism.    While Neoclassicism ""emerged as a Western cultural movement in the decorative and visual arts, literature, theatre, music, and architecture that drew inspiration from the art and culture of classical antiquity.""  Ie, there's a direct lineage here.  An active Neoclassical today is Richard T. Scott.

""In 2010, Scott told the New York Times that Facebook was censoring classical paintings of nudes, which had been deleted from the accounts of many painters as well as established institutions such as the New York Academy of Art"".  I expect his involvement in this painting has made particularly sensitive to this issue.

The bottom line is that classical paintings still play a role in the modern censorship debate.",980,,,,,,,debounce
1,Wikipedia_Exp_14.04,Wikipedia_Exp_13.04,49,Male,sg_1776172371177_3voub3,diffuse,1,,art_history,high-art-history,How do ancient works of art play a role in contemporary society?,answer_snapshot,2026-04-14T13:32:56.925Z,,,,,,,"One of the most direct ways ancient works of art play a role in contemporary society is through its influence on current art styles and themes.

For example, classical realism is a contemporary style combining elements of 19th century neoclassicism and realism.    While Neoclassicism ""emerged as a Western cultural movement in the decorative and visual arts, literature, theatre, music, and architecture that drew inspiration from the art and culture of classical antiquity.""  Ie, there's a direct lineage here.  An active Neoclassical today is Richard T. Scott.

""In 2010, Scott told the New York Times that Facebook was censoring classical paintings of nudes, which had been deleted from the accounts of many painters as well as established institutions such as the New York Academy of Art"".  I expect his involvement in this painting has made particularly sensitive to this issue.

His statements and influence show that classical paintings still play a role in the modern censorship debate.",995,,,,,,,debounce
1,Wikipedia_Exp_14.04,Wikipedia_Exp_13.04,49,Male,sg_1776172371177_3voub3,diffuse,1,,art_history,high-art-history,How do ancient works of art play a role in contemporary society?,answer_snapshot,2026-04-14T13:33:07.391Z,,,,,,,"One of the most direct ways ancient works of art play a role in contemporary society is through its influence on current art styles and themes.

For example, classical realism is a contemporary style combining elements of 19th century neoclassicism and realism.    While Neoclassicism ""emerged as a Western cultural movement in the decorative and visual arts, literature, theatre, music, and architecture that drew inspiration from the art and culture of classical antiquity.""  Ie, there's a direct lineage here.  An active Neoclassical today is Richard T. Scott.

""In 2010, Scott told the New York Times that Facebook was censoring classical paintings of nudes, which had been deleted from the accounts of many painters as well as established institutions such as the New York Academy of Art"".  I expect his involvement in this painting has made particularly sensitive to this issue.

His statements and influence show that classical paintings still play a role in current censorship debates.",993,,,,,,,debounce
1,Wikipedia_Exp_14.04,Wikipedia_Exp_13.04,49,Male,sg_1776172371177_3voub3,diffuse,1,,art_history,high-art-history,How do ancient works of art play a role in contemporary society?,answer_snapshot,2026-04-14T13:33:16.843Z,,,,,,,"One of the most direct ways ancient works of art play a role in contemporary society is through its influence on current art styles and themes.

For example, classical realism is a contemporary style combining elements of 19th century neoclassicism and realism.    While Neoclassicism ""emerged as a Western cultural movement in the decorative and visual arts, literature, theatre, music, and architecture that drew inspiration from the art and culture of classical antiquity.""  Ie, there's a direct lineage here.  An active Neoclassical today is Richard T. Scott.

""In 2010, Scott told the New York Times that Facebook was censoring classical paintings of nudes, which had been deleted from the accounts of many painters as well as established institutions such as the New York Academy of Art"".  I expect his involvement in this painting has made particularly sensitive to this issue.

His statements and influence show that classical paintings still play a role in current censorship debates.",993,,,,,,,submit
1,Wikipedia_Exp_14.04,Wikipedia_Exp_13.04,49,Male,sg_1776172371177_3voub3,diffuse,1,,art_history,high-art-history,How do ancient works of art play a role in contemporary society?,task_end,2026-04-14T13:33:16.843Z,,,,,,,,,"One of the most direct ways ancient works of art play a role in contemporary society is through its influence on current art styles and themes.

For example, classical realism is a contemporary style combining elements of 19th century neoclassicism and realism.    While Neoclassicism ""emerged as a Western cultural movement in the decorative and visual arts, literature, theatre, music, and architecture that drew inspiration from the art and culture of classical antiquity.""  Ie, there's a direct lineage here.  An active Neoclassical today is Richard T. Scott.

""In 2010, Scott told the New York Times that Facebook was censoring classical paintings of nudes, which had been deleted from the accounts of many painters as well as established institutions such as the New York Academy of Art"".  I expect his involvement in this painting has made particularly sensitive to this issue.

His statements and influence show that classical paintings still play a role in current censorship debates.",993,,,,,
1,Wikipedia_Exp_14.04,Wikipedia_Exp_13.04,49,Male,sg_1776172371177_3voub3,diffuse,2,,psychology,high-psychology,What brain mechanisms help people make scientific discoveries?,familiarity_rating,2026-04-14T13:33:38.828Z,,,,,,,,,,,,,2,3,
1,Wikipedia_Exp_14.04,Wikipedia_Exp_13.04,49,Male,sg_1776172371177_3voub3,diffuse,2,,psychology,high-psychology,What brain mechanisms help people make scientific discoveries?,task_start,2026-04-14T13:33:39.383Z,,,,,,,,,,,,,,,
1,Wikipedia_Exp_14.04,Wikipedia_Exp_13.04,49,Male,sg_1776172371177_3voub3,diffuse,2,,psychology,high-psychology,What brain mechanisms help people make scientific discoveries?,search,2026-04-14T13:33:43.158Z,,,,,,b,,,,,,,,,
1,Wikipedia_Exp_14.04,Wikipedia_Exp_13.04,49,Male,sg_1776172371177_3voub3,diffuse,2,,psychology,high-psychology,What brain mechanisms help people make scientific discoveries?,search,2026-04-14T13:33:43.789Z,,,,,,brain,,,,,,,,,
1,Wikipedia_Exp_14.04,Wikipedia_Exp_13.04,49,Male,sg_1776172371177_3voub3,diffuse,2,,psychology,high-psychology,What brain mechanisms help people make scientific discoveries?,search,2026-04-14T13:33:44.383Z,,,,,,brain,,,,,,,,,
1,Wikipedia_Exp_14.04,Wikipedia_Exp_13.04,49,Male,sg_1776172371177_3voub3,diffuse,2,,psychology,high-psychology,What brain mechanisms help people make scientific discoveries?,article_open,2026-04-14T13:33:47.896Z,Brain,Brain,,17706,search,,,,,,,,,,
1,Wikipedia_Exp_14.04,Wikipedia_Exp_13.04,49,Male,sg_1776172371177_3voub3,diffuse,2,,psychology,high-psychology,What brain mechanisms help people make scientific discoveries?,search,2026-04-14T13:33:50.187Z,,,,,,c,,,,,,,,,
1,Wikipedia_Exp_14.04,Wikipedia_Exp_13.04,49,Male,sg_1776172371177_3voub3,diffuse,2,,psychology,high-psychology,What brain mechanisms help people make scientific discoveries?,search,2026-04-14T13:33:51.128Z,,,,,,curiosity,,,,,,,,,
1,Wikipedia_Exp_14.04,Wikipedia_Exp_13.04,49,Male,sg_1776172371177_3voub3,diffuse,2,,psychology,high-psychology,What brain mechanisms help people make scientific discoveries?,article_open,2026-04-14T13:33:53.594Z,Curiosity,Curiosity,,6195,search,,,,,,,,,,
1,Wikipedia_Exp_14.04,Wikipedia_Exp_13.04,49,Male,sg_1776172371177_3voub3,diffuse,2,,psychology,high-psychology,What brain mechanisms help people make scientific discoveries?,answer_snapshot,2026-04-14T13:34:38.405Z,,,,,,,,0,,,,,,,debounce
1,Wikipedia_Exp_14.04,Wikipedia_Exp_13.04,49,Male,sg_1776172371177_3voub3,diffuse,2,,psychology,high-psychology,What brain mechanisms help people make scientific discoveries?,answer_snapshot,2026-04-14T13:34:43.678Z,,,,,,,,0,,,,,,,debounce
1,Wikipedia_Exp_14.04,Wikipedia_Exp_13.04,49,Male,sg_1776172371177_3voub3,diffuse,2,,psychology,high-psychology,What brain mechanisms help people make scientific discoveries?,search,2026-04-14T13:34:46.388Z,,,,,,s,,,,,,,,,
1,Wikipedia_Exp_14.04,Wikipedia_Exp_13.04,49,Male,sg_1776172371177_3voub3,diffuse,2,,psychology,high-psychology,What brain mechanisms help people make scientific discoveries?,search,2026-04-14T13:34:46.935Z,,,,,,science,,,,,,,,,
1,Wikipedia_Exp_14.04,Wikipedia_Exp_13.04,49,Male,sg_1776172371177_3voub3,diffuse,2,,psychology,high-psychology,What brain mechanisms help people make scientific discoveries?,article_open,2026-04-14T13:34:51.929Z,Science,Science,,18765,search,,,,,,,,,,
1,Wikipedia_Exp_14.04,Wikipedia_Exp_13.04,49,Male,sg_1776172371177_3voub3,diffuse,2,,psychology,high-psychology,What brain mechanisms help people make scientific discoveries?,answer_snapshot_cursor_leave,2026-04-14T13:34:57.542Z,,,,,,,"From Wikipedia, ",16,,,,,,,cursor_leave
1,Wikipedia_Exp_14.04,Wikipedia_Exp_13.04,49,Male,sg_1776172371177_3voub3,diffuse,2,,psychology,high-psychology,What brain mechanisms help people make scientific discoveries?,paste,2026-04-14T13:35:14.373Z,,,,,,,,,,,New knowledge in science is advanced by research from scientists who are motivated by curiosity about the world and a desire to solve problems.,143,,,
1,Wikipedia_Exp_14.04,Wikipedia_Exp_13.04,49,Male,sg_1776172371177_3voub3,diffuse,2,,psychology,high-psychology,What brain mechanisms help people make scientific discoveries?,answer_snapshot,2026-04-14T13:35:19.005Z,,,,,,,"From Wikipedia, ""New knowledge in science is advanced by research from scientists who are motivated by curiosity about the world and a desire to solve problems.""

",163,,,,,,,debounce
1,Wikipedia_Exp_14.04,Wikipedia_Exp_13.04,49,Male,sg_1776172371177_3voub3,diffuse,2,,psychology,high-psychology,What brain mechanisms help people make scientific discoveries?,answer_snapshot,2026-04-14T13:35:35.445Z,,,,,,,"From Wikipedia, ""New knowledge in science is advanced by research from scientists who are motivated by curiosity about the world and a desire to solve problems.""

The fundamental scientific drive, it seems, is curiosity.  ",222,,,,,,,debounce
1,Wikipedia_Exp_14.04,Wikipedia_Exp_13.04,49,Male,sg_1776172371177_3voub3,diffuse,2,,psychology,high-psychology,What brain mechanisms help people make scientific discoveries?,answer_snapshot_cursor_leave,2026-04-14T13:35:36.758Z,,,,,,,"From Wikipedia, ""New knowledge in science is advanced by research from scientists who are motivated by curiosity about the world and a desire to solve problems.""

The fundamental scientific drive, it seems, is curiosity.  ",222,,,,,,,cursor_leave
1,Wikipedia_Exp_14.04,Wikipedia_Exp_13.04,49,Male,sg_1776172371177_3voub3,diffuse,2,,psychology,high-psychology,What brain mechanisms help people make scientific discoveries?,search,2026-04-14T13:35:38.773Z,,,,,,curiosity,,,,,,,,,
1,Wikipedia_Exp_14.04,Wikipedia_Exp_13.04,49,Male,sg_1776172371177_3voub3,diffuse,2,,psychology,high-psychology,What brain mechanisms help people make scientific discoveries?,article_open,2026-04-14T13:35:39.981Z,Curiosity,Curiosity,,6195,search,,,,,,,,,,
1,Wikipedia_Exp_14.04,Wikipedia_Exp_13.04,49,Male,sg_1776172371177_3voub3,diffuse,2,,psychology,high-psychology,What brain mechanisms help people make scientific discoveries?,paste,2026-04-14T13:36:07.030Z,,,,,,,,,,,"Although curiosity is widely regarded, its root causes are largely empirically unknown. However, some studies have provided insight into the neurological mechanisms that make up what is known as the reward pathway[22] which may influence characteristics associated with curiosity, such as learning, memory, and motivation.",322,,,
1,Wikipedia_Exp_14.04,Wikipedia_Exp_13.04,49,Male,sg_1776172371177_3voub3,diffuse,2,,psychology,high-psychology,What brain mechanisms help people make scientific discoveries?,answer_snapshot,2026-04-14T13:36:09.613Z,,,,,,,"From Wikipedia, ""New knowledge in science is advanced by research from scientists who are motivated by curiosity about the world and a desire to solve problems.""

The fundamental scientific drive, it seems, is curiosity.  Again from Wikipedia, ""Although curiosity is widely regarded, its root causes are largely empirically unknown. However, some studies have provided insight into the neurological mechanisms that make up what is known as the reward pathway[22] which may influence characteristics associated with curiosity, such as learning, memory, and motivation.""",568,,,,,,,debounce
1,Wikipedia_Exp_14.04,Wikipedia_Exp_13.04,49,Male,sg_1776172371177_3voub3,diffuse,2,,psychology,high-psychology,What brain mechanisms help people make scientific discoveries?,answer_snapshot,2026-04-14T13:36:27.974Z,,,,,,,"From Wikipedia, ""New knowledge in science is advanced by research from scientists who are motivated by curiosity about the world and a desire to solve problems.""

The fundamental scientific drive, it seems, is curiosity.  Again from Wikipedia, ""Although curiosity is widely regarded, its root causes are largely empirically unknown. However, some studies have provided insight into the neurological mechanisms that make up what is known as the reward pathway which may influence characteristics associated with curiosity, such as learning, memory, and motivation.""

In ",569,,,,,,,debounce
1,Wikipedia_Exp_14.04,Wikipedia_Exp_13.04,49,Male,sg_1776172371177_3voub3,diffuse,2,,psychology,high-psychology,What brain mechanisms help people make scientific discoveries?,answer_snapshot,2026-04-14T13:36:30.630Z,,,,,,,"From Wikipedia, ""New knowledge in science is advanced by research from scientists who are motivated by curiosity about the world and a desire to solve problems.""

The fundamental scientific drive, it seems, is curiosity.  Again from Wikipedia, ""Although curiosity is widely regarded, its root causes are largely empirically unknown. However, some studies have provided insight into the neurological mechanisms that make up what is known as the reward pathway which may influence characteristics associated with curiosity, such as learning, memory, and motivation.""

",566,,,,,,,debounce
1,Wikipedia_Exp_14.04,Wikipedia_Exp_13.04,49,Male,sg_1776172371177_3voub3,diffuse,2,,psychology,high-psychology,What brain mechanisms help people make scientific discoveries?,answer_snapshot,2026-04-14T13:36:52.334Z,,,,,,,"From Wikipedia, ""New knowledge in science is advanced by research from scientists who are motivated by curiosity about the world and a desire to solve problems.""

The fundamental scientific drive, it seems, is curiosity.  Again from Wikipedia, ""Although curiosity is widely regarded, its root causes are largely empirically unknown. However, some studies have provided insight into the neurological mechanisms that make up what is known as the reward pathway which may influence characteristics associated with curiosity, such as learning, memory, and motivation.""

So while we don't know sp",591,,,,,,,debounce
1,Wikipedia_Exp_14.04,Wikipedia_Exp_13.04,49,Male,sg_1776172371177_3voub3,diffuse,2,,psychology,high-psychology,What brain mechanisms help people make scientific discoveries?,answer_snapshot,2026-04-14T13:37:04.871Z,,,,,,,"From Wikipedia, ""New knowledge in science is advanced by research from scientists who are motivated by curiosity about the world and a desire to solve problems.""

The fundamental scientific drive, it seems, is curiosity.  Again from Wikipedia, ""Although curiosity is widely regarded, its root causes are largely empirically unknown. However, some studies have provided insight into the neurological mechanisms that make up what is known as the reward pathway which may influence characteristics associated with curiosity, such as learning, memory, and motivation.""

So while we don't have a full accounting of the mechanisms of curiosity, ",639,,,,,,,debounce
1,Wikipedia_Exp_14.04,Wikipedia_Exp_13.04,49,Male,sg_1776172371177_3voub3,diffuse,2,,psychology,high-psychology,What brain mechanisms help people make scientific discoveries?,answer_snapshot,2026-04-14T13:37:13.149Z,,,,,,,"From Wikipedia, ""New knowledge in science is advanced by research from scientists who are motivated by curiosity about the world and a desire to solve problems.""

The fundamental scientific drive, it seems, is curiosity.  Again from Wikipedia, ""Although curiosity is widely regarded, its root causes are largely empirically unknown. However, some studies have provided insight into the neurological mechanisms that make up what is known as the reward pathway which may influence characteristics associated with curiosity, such as learning, memory, and motivation.""

So while we don't have a full accounting of the mechanisms of curiosity, we do have ",650,,,,,,,debounce
1,Wikipedia_Exp_14.04,Wikipedia_Exp_13.04,49,Male,sg_1776172371177_3voub3,diffuse,2,,psychology,high-psychology,What brain mechanisms help people make scientific discoveries?,answer_snapshot_cursor_leave,2026-04-14T13:37:32.934Z,,,,,,,"From Wikipedia, ""New knowledge in science is advanced by research from scientists who are motivated by curiosity about the world and a desire to solve problems.""

The fundamental scientific drive, it seems, is curiosity.  Again from Wikipedia, ""Although curiosity is widely regarded, its root causes are largely empirically unknown. However, some studies have provided insight into the neurological mechanisms that make up what is known as the reward pathway which may influence characteristics associated with curiosity, such as learning, memory, and motivation.""

So while we don't have a full accounting of the mechanisms of curiosity, we do have ",650,,,,,,,cursor_leave
1,Wikipedia_Exp_14.04,Wikipedia_Exp_13.04,49,Male,sg_1776172371177_3voub3,diffuse,2,,psychology,high-psychology,What brain mechanisms help people make scientific discoveries?,search,2026-04-14T13:37:36.214Z,,,,,,mechanism,,,,,,,,,
1,Wikipedia_Exp_14.04,Wikipedia_Exp_13.04,49,Male,sg_1776172371177_3voub3,diffuse,2,,psychology,high-psychology,What brain mechanisms help people make scientific discoveries?,article_open,2026-04-14T13:37:38.659Z,Mechanism,Mechanism,,241,search,,,,,,,,,,
1,Wikipedia_Exp_14.04,Wikipedia_Exp_13.04,49,Male,sg_1776172371177_3voub3,diffuse,2,,psychology,high-psychology,What brain mechanisms help people make scientific discoveries?,link_click,2026-04-14T13:37:42.940Z,Mechanism_(biology),,Mechanism,,,,,,,,,,,,
1,Wikipedia_Exp_14.04,Wikipedia_Exp_13.04,49,Male,sg_1776172371177_3voub3,diffuse,2,,psychology,high-psychology,What brain mechanisms help people make scientific discoveries?,article_open,2026-04-14T13:37:43.424Z,Mechanism_(biology),Mechanism (biology),,963,link_click,,,,,,,,,,
1,Wikipedia_Exp_14.04,Wikipedia_Exp_13.04,49,Male,sg_1776172371177_3voub3,diffuse,2,,psychology,high-psychology,What brain mechanisms help people make scientific discoveries?,back_navigation,2026-04-14T13:37:47.764Z,Mechanism,,Mechanism_(biology),,,,,,,,,,,,
1,Wikipedia_Exp_14.04,Wikipedia_Exp_13.04,49,Male,sg_1776172371177_3voub3,diffuse,2,,psychology,high-psychology,What brain mechanisms help people make scientific discoveries?,article_open,2026-04-14T13:37:47.894Z,Mechanism,Mechanism,,241,back,,,,,,,,,,
1,Wikipedia_Exp_14.04,Wikipedia_Exp_13.04,49,Male,sg_1776172371177_3voub3,diffuse,2,,psychology,high-psychology,What brain mechanisms help people make scientific discoveries?,back_navigation,2026-04-14T13:37:48.492Z,Curiosity,,Mechanism,,,,,,,,,,,,
1,Wikipedia_Exp_14.04,Wikipedia_Exp_13.04,49,Male,sg_1776172371177_3voub3,diffuse,2,,psychology,high-psychology,What brain mechanisms help people make scientific discoveries?,article_open,2026-04-14T13:37:48.688Z,Curiosity,Curiosity,,6195,back,,,,,,,,,,
1,Wikipedia_Exp_14.04,Wikipedia_Exp_13.04,49,Male,sg_1776172371177_3voub3,diffuse,2,,psychology,high-psychology,What brain mechanisms help people make scientific discoveries?,answer_snapshot,2026-04-14T13:38:17.447Z,,,,,,,"From Wikipedia, ""New knowledge in science is advanced by research from scientists who are motivated by curiosity about the world and a desire to solve problems.""

The fundamental scientific drive, it seems, is curiosity.  Again from Wikipedia, ""Although curiosity is widely regarded, its root causes are largely empirically unknown. However, some studies have provided insight into the neurological mechanisms that make up what is known as the reward pathway which may influence characteristics associated with curiosity, such as learning, memory, and motivation.""

So while we don't have a full accounting of the mechanisms of curiosity, we do have at least a partial accounting of some of the subsystems.  ",708,,,,,,,debounce
1,Wikipedia_Exp_14.04,Wikipedia_Exp_13.04,49,Male,sg_1776172371177_3voub3,diffuse,2,,psychology,high-psychology,What brain mechanisms help people make scientific discoveries?,answer_snapshot,2026-04-14T13:38:24.038Z,,,,,,,"From Wikipedia, ""New knowledge in science is advanced by research from scientists who are motivated by curiosity about the world and a desire to solve problems.""

The fundamental scientific drive, it seems, is curiosity.  Again from Wikipedia, ""Although curiosity is widely regarded, its root causes are largely empirically unknown. However, some studies have provided insight into the neurological mechanisms that make up what is known as the reward pathway which may influence characteristics associated with curiosity, such as learning, memory, and motivation.""

So while we don't have a full accounting of the mechanisms of curiosity, we do have at least a partial accounting of some of the subsystems.  The reward pathway in particular is ",744,,,,,,,debounce
1,Wikipedia_Exp_14.04,Wikipedia_Exp_13.04,49,Male,sg_1776172371177_3voub3,diffuse,2,,psychology,high-psychology,What brain mechanisms help people make scientific discoveries?,answer_snapshot,2026-04-14T13:38:27.445Z,,,,,,,"From Wikipedia, ""New knowledge in science is advanced by research from scientists who are motivated by curiosity about the world and a desire to solve problems.""

The fundamental scientific drive, it seems, is curiosity.  Again from Wikipedia, ""Although curiosity is widely regarded, its root causes are largely empirically unknown. However, some studies have provided insight into the neurological mechanisms that make up what is known as the reward pathway which may influence characteristics associated with curiosity, such as learning, memory, and motivation.""

So while we don't have a full accounting of the mechanisms of curiosity, we do have at least a partial accounting of some of the subsystems.  The reward pathway in particular is driven by ",754,,,,,,,debounce
1,Wikipedia_Exp_14.04,Wikipedia_Exp_13.04,49,Male,sg_1776172371177_3voub3,diffuse,2,,psychology,high-psychology,What brain mechanisms help people make scientific discoveries?,answer_snapshot_cursor_leave,2026-04-14T13:38:29.318Z,,,,,,,"From Wikipedia, ""New knowledge in science is advanced by research from scientists who are motivated by curiosity about the world and a desire to solve problems.""

The fundamental scientific drive, it seems, is curiosity.  Again from Wikipedia, ""Although curiosity is widely regarded, its root causes are largely empirically unknown. However, some studies have provided insight into the neurological mechanisms that make up what is known as the reward pathway which may influence characteristics associated with curiosity, such as learning, memory, and motivation.""

So while we don't have a full accounting of the mechanisms of curiosity, we do have at least a partial accounting of some of the subsystems.  The reward pathway in particular is driven by ",754,,,,,,,cursor_leave
1,Wikipedia_Exp_14.04,Wikipedia_Exp_13.04,49,Male,sg_1776172371177_3voub3,diffuse,2,,psychology,high-psychology,What brain mechanisms help people make scientific discoveries?,answer_snapshot,2026-04-14T13:39:16.350Z,,,,,,,"From Wikipedia, ""New knowledge in science is advanced by research from scientists who are motivated by curiosity about the world and a desire to solve problems.""

The fundamental scientific drive, it seems, is curiosity.  Again from Wikipedia, ""Although curiosity is widely regarded, its root causes are largely empirically unknown. However, some studies have provided insight into the neurological mechanisms that make up what is known as the reward pathway which may influence characteristics associated with curiosity, such as learning, memory, and motivation.""

So while we don't have a full accounting of the mechanisms of curiosity, we do have at least a partial accounting of some of the subsystems.  ",708,,,,,,,debounce
1,Wikipedia_Exp_14.04,Wikipedia_Exp_13.04,49,Male,sg_1776172371177_3voub3,diffuse,2,,psychology,high-psychology,What brain mechanisms help people make scientific discoveries?,answer_snapshot,2026-04-14T13:39:29.173Z,,,,,,,"From Wikipedia, ""New knowledge in science is advanced by research from scientists who are motivated by curiosity about the world and a desire to solve problems.""

The fundamental scientific drive, it seems, is curiosity.  Again from Wikipedia, ""Although curiosity is widely regarded, its root causes are largely empirically unknown. However, some studies have provided insight into the neurological mechanisms that make up what is known as the reward pathway which may influence characteristics associated with curiosity, such as learning, memory, and motivation.""

So while we don't have a full accounting of the mechanisms of curiosity, we do have at least a partial accounting of some of the subsystems.  In we have the reward pathway, which ",745,,,,,,,debounce
1,Wikipedia_Exp_14.04,Wikipedia_Exp_13.04,49,Male,sg_1776172371177_3voub3,diffuse,2,,psychology,high-psychology,What brain mechanisms help people make scientific discoveries?,answer_snapshot,2026-04-14T13:39:34.854Z,,,,,,,"From Wikipedia, ""New knowledge in science is advanced by research from scientists who are motivated by curiosity about the world and a desire to solve problems.""

The fundamental scientific drive, it seems, is curiosity.  Again from Wikipedia, ""Although curiosity is widely regarded, its root causes are largely empirically unknown. However, some studies have provided insight into the neurological mechanisms that make up what is known as the reward pathway which may influence characteristics associated with curiosity, such as learning, memory, and motivation.""

So while we don't have a full accounting of the mechanisms of curiosity, we do have at least a partial accounting of some of the subsystems.  In we have the reward pathway, which can be ",752,,,,,,,debounce
1,Wikipedia_Exp_14.04,Wikipedia_Exp_13.04,49,Male,sg_1776172371177_3voub3,diffuse,2,,psychology,high-psychology,What brain mechanisms help people make scientific discoveries?,answer_snapshot,2026-04-14T13:39:40.166Z,,,,,,,"From Wikipedia, ""New knowledge in science is advanced by research from scientists who are motivated by curiosity about the world and a desire to solve problems.""

The fundamental scientific drive, it seems, is curiosity.  Again from Wikipedia, ""Although curiosity is widely regarded, its root causes are largely empirically unknown. However, some studies have provided insight into the neurological mechanisms that make up what is known as the reward pathway which may influence characteristics associated with curiosity, such as learning, memory, and motivation.""

So while we don't have a full accounting of the mechanisms of curiosity, we do have at least a partial accounting of some of the subsystems.  In we have the reward pathway, which can be examined ",761,,,,,,,debounce
1,Wikipedia_Exp_14.04,Wikipedia_Exp_13.04,49,Male,sg_1776172371177_3voub3,diffuse,2,,psychology,high-psychology,What brain mechanisms help people make scientific discoveries?,answer_snapshot,2026-04-14T13:39:54.614Z,,,,,,,"From Wikipedia, ""New knowledge in science is advanced by research from scientists who are motivated by curiosity about the world and a desire to solve problems.""

The fundamental scientific drive, it seems, is curiosity.  Again from Wikipedia, ""Although curiosity is widely regarded, its root causes are largely empirically unknown. However, some studies have provided insight into the neurological mechanisms that make up what is known as the reward pathway which may influence characteristics associated with curiosity, such as learning, memory, and motivation.""

So while we don't have a full accounting of the mechanisms of curiosity, we do have at least a partial accounting of some of the subsystems.  In we have the reward pathway, which can be examined in terms of ""nucleus accumbens",791,,,,,,,debounce
1,Wikipedia_Exp_14.04,Wikipedia_Exp_13.04,49,Male,sg_1776172371177_3voub3,diffuse,2,,psychology,high-psychology,What brain mechanisms help people make scientific discoveries?,answer_snapshot,2026-04-14T13:40:00.159Z,,,,,,,"From Wikipedia, ""New knowledge in science is advanced by research from scientists who are motivated by curiosity about the world and a desire to solve problems.""

The fundamental scientific drive, it seems, is curiosity.  Again from Wikipedia, ""Although curiosity is widely regarded, its root causes are largely empirically unknown. However, some studies have provided insight into the neurological mechanisms that make up what is known as the reward pathway which may influence characteristics associated with curiosity, such as learning, memory, and motivation.""

So while we don't have a full accounting of the mechanisms of curiosity, we do have at least a partial accounting of some of the subsystems.  In we have the reward pathway, which can be examined in terms of ""nucleus accumbens"".",793,,,,,,,debounce
1,Wikipedia_Exp_14.04,Wikipedia_Exp_13.04,49,Male,sg_1776172371177_3voub3,diffuse,2,,psychology,high-psychology,What brain mechanisms help people make scientific discoveries?,answer_snapshot,2026-04-14T13:40:06.839Z,,,,,,,"From Wikipedia, ""New knowledge in science is advanced by research from scientists who are motivated by curiosity about the world and a desire to solve problems.""

The fundamental scientific drive, it seems, is curiosity.  Again from Wikipedia, ""Although curiosity is widely regarded, its root causes are largely empirically unknown. However, some studies have provided insight into the neurological mechanisms that make up what is known as the reward pathway which may influence characteristics associated with curiosity, such as learning, memory, and motivation.""

So while we don't have a full accounting of the mechanisms of curiosity, we do have at least a partial accounting of some of the subsystems.  In we have the reward pathway, which can be examined in terms of nucleus accumbens"".",792,,,,,,,debounce
1,Wikipedia_Exp_14.04,Wikipedia_Exp_13.04,49,Male,sg_1776172371177_3voub3,diffuse,2,,psychology,high-psychology,What brain mechanisms help people make scientific discoveries?,answer_snapshot_cursor_leave,2026-04-14T13:40:10.366Z,,,,,,,"From Wikipedia, ""New knowledge in science is advanced by research from scientists who are motivated by curiosity about the world and a desire to solve problems.""

The fundamental scientific drive, it seems, is curiosity.  Again from Wikipedia, ""Although curiosity is widely regarded, its root causes are largely empirically unknown. However, some studies have provided insight into the neurological mechanisms that make up what is known as the reward pathway which may influence characteristics associated with curiosity, such as learning, memory, and motivation.""

So while we don't have a full accounting of the mechanisms of curiosity, we do have at least a partial accounting of some of the subsystems.  In we have the reward pathway, which can be examined in terms of nucleus accumbens"".",792,,,,,,,cursor_leave
1,Wikipedia_Exp_14.04,Wikipedia_Exp_13.04,49,Male,sg_1776172371177_3voub3,diffuse,2,,psychology,high-psychology,What brain mechanisms help people make scientific discoveries?,link_click,2026-04-14T13:40:10.460Z,Nucleus_accumbens,,Curiosity,,,,,,,,,,,,
1,Wikipedia_Exp_14.04,Wikipedia_Exp_13.04,49,Male,sg_1776172371177_3voub3,diffuse,2,,psychology,high-psychology,What brain mechanisms help people make scientific discoveries?,article_open,2026-04-14T13:40:12.965Z,Nucleus_accumbens,Nucleus accumbens,,11143,link_click,,,,,,,,,,
1,Wikipedia_Exp_14.04,Wikipedia_Exp_13.04,49,Male,sg_1776172371177_3voub3,diffuse,2,,psychology,high-psychology,What brain mechanisms help people make scientific discoveries?,back_navigation,2026-04-14T13:40:22.172Z,Curiosity,,Nucleus_accumbens,,,,,,,,,,,,
1,Wikipedia_Exp_14.04,Wikipedia_Exp_13.04,49,Male,sg_1776172371177_3voub3,diffuse,2,,psychology,high-psychology,What brain mechanisms help people make scientific discoveries?,article_open,2026-04-14T13:40:22.402Z,Curiosity,Curiosity,,6195,back,,,,,,,,,,
1,Wikipedia_Exp_14.04,Wikipedia_Exp_13.04,49,Male,sg_1776172371177_3voub3,diffuse,2,,psychology,high-psychology,What brain mechanisms help people make scientific discoveries?,answer_snapshot,2026-04-14T13:40:33.943Z,,,,,,,"From Wikipedia, ""New knowledge in science is advanced by research from scientists who are motivated by curiosity about the world and a desire to solve problems.""

The fundamental scientific drive, it seems, is curiosity.  Again from Wikipedia, ""Although curiosity is widely regarded, its root causes are largely empirically unknown. However, some studies have provided insight into the neurological mechanisms that make up what is known as the reward pathway which may influence characteristics associated with curiosity, such as learning, memory, and motivation.""

So while we don't have a full accounting of the mechanisms of curiosity, we do have at least a partial accounting of some of the subsystems.  In we have the reward pathway, which can be examined in terms ",770,,,,,,,debounce
1,Wikipedia_Exp_14.04,Wikipedia_Exp_13.04,49,Male,sg_1776172371177_3voub3,diffuse,2,,psychology,high-psychology,What brain mechanisms help people make scientific discoveries?,answer_snapshot,2026-04-14T13:41:03.222Z,,,,,,,"From Wikipedia, ""New knowledge in science is advanced by research from scientists who are motivated by curiosity about the world and a desire to solve problems.""

The fundamental scientific drive, it seems, is curiosity.  Again from Wikipedia, ""Although curiosity is widely regarded, its root causes are largely empirically unknown. However, some studies have provided insight into the neurological mechanisms that make up what is known as the reward pathway which may influence characteristics associated with curiosity, such as learning, memory, and motivation.""

So while we don't have a full accounting of the mechanisms of curiosity, we do have at least a partial accounting of some of the subsystems.  One such system, the reward pathway, i",746,,,,,,,debounce
1,Wikipedia_Exp_14.04,Wikipedia_Exp_13.04,49,Male,sg_1776172371177_3voub3,diffuse,2,,psychology,high-psychology,What brain mechanisms help people make scientific discoveries?,answer_snapshot,2026-04-14T13:41:13.887Z,,,,,,,"From Wikipedia, ""New knowledge in science is advanced by research from scientists who are motivated by curiosity about the world and a desire to solve problems.""

The fundamental scientific drive, it seems, is curiosity.  Again from Wikipedia, ""Although curiosity is widely regarded, its root causes are largely empirically unknown. However, some studies have provided insight into the neurological mechanisms that make up what is known as the reward pathway which may influence characteristics associated with curiosity, such as learning, memory, and motivation.""

So while we don't have a full accounting of the mechanisms of curiosity, we do have at least a partial accounting of some of the subsystems.  One such system, the reward pathway, is governed by the frontal cortex, the nuc",787,,,,,,,debounce
1,Wikipedia_Exp_14.04,Wikipedia_Exp_13.04,49,Male,sg_1776172371177_3voub3,diffuse,2,,psychology,high-psychology,What brain mechanisms help people make scientific discoveries?,answer_snapshot,2026-04-14T13:41:19.271Z,,,,,,,"From Wikipedia, ""New knowledge in science is advanced by research from scientists who are motivated by curiosity about the world and a desire to solve problems.""

The fundamental scientific drive, it seems, is curiosity.  Again from Wikipedia, ""Although curiosity is widely regarded, its root causes are largely empirically unknown. However, some studies have provided insight into the neurological mechanisms that make up what is known as the reward pathway which may influence characteristics associated with curiosity, such as learning, memory, and motivation.""

So while we don't have a full accounting of the mechanisms of curiosity, we do have at least a partial accounting of some of the subsystems.  One such system, the reward pathway, is governed by the frontal cortex, the nucleus accumbens, ",803,,,,,,,debounce
1,Wikipedia_Exp_14.04,Wikipedia_Exp_13.04,49,Male,sg_1776172371177_3voub3,diffuse,2,,psychology,high-psychology,What brain mechanisms help people make scientific discoveries?,answer_snapshot,2026-04-14T13:41:36.599Z,,,,,,,"From Wikipedia, ""New knowledge in science is advanced by research from scientists who are motivated by curiosity about the world and a desire to solve problems.""

The fundamental scientific drive, it seems, is curiosity.  Again from Wikipedia, ""Although curiosity is widely regarded, its root causes are largely empirically unknown. However, some studies have provided insight into the neurological mechanisms that make up what is known as the reward pathway which may influence characteristics associated with curiosity, such as learning, memory, and motivation.""

So while we don't have a full accounting of the mechanisms of curiosity, we do have at least a partial accounting of some of the subsystems.  One such system, the reward pathway, is governed by the frontal cortex, the nucleus accumbens, and several other aspects.  The ",835,,,,,,,debounce
1,Wikipedia_Exp_14.04,Wikipedia_Exp_13.04,49,Male,sg_1776172371177_3voub3,diffuse,2,,psychology,high-psychology,What brain mechanisms help people make scientific discoveries?,answer_snapshot,2026-04-14T13:41:46.510Z,,,,,,,"From Wikipedia, ""New knowledge in science is advanced by research from scientists who are motivated by curiosity about the world and a desire to solve problems.""

The fundamental scientific drive, it seems, is curiosity.  Again from Wikipedia, ""Although curiosity is widely regarded, its root causes are largely empirically unknown. However, some studies have provided insight into the neurological mechanisms that make up what is known as the reward pathway which may influence characteristics associated with curiosity, such as learning, memory, and motivation.""

So while we don't have a full accounting of the mechanisms of curiosity, we do have at least a partial accounting of some of the subsystems.  One such system, the reward pathway, is governed by the frontal cortex, the nucleus accumbens, and several other aspects",828,,,,,,,debounce
1,Wikipedia_Exp_14.04,Wikipedia_Exp_13.04,49,Male,sg_1776172371177_3voub3,diffuse,2,,psychology,high-psychology,What brain mechanisms help people make scientific discoveries?,answer_snapshot,2026-04-14T13:41:53.374Z,,,,,,,"From Wikipedia, ""New knowledge in science is advanced by research from scientists who are motivated by curiosity about the world and a desire to solve problems.""

The fundamental scientific drive, it seems, is curiosity.  Again from Wikipedia, ""Although curiosity is widely regarded, its root causes are largely empirically unknown. However, some studies have provided insight into the neurological mechanisms that make up what is known as the reward pathway which may influence characteristics associated with curiosity, such as learning, memory, and motivation.""

So while we don't have a full accounting of the mechanisms of curiosity, we do have at least a partial accounting of some of the subsystems.  One such system, the reward pathway, is governed by the frontal cortex, the nucleus accumbens, and several other aspects.

Another mechanism ",849,,,,,,,debounce
1,Wikipedia_Exp_14.04,Wikipedia_Exp_13.04,49,Male,sg_1776172371177_3voub3,diffuse,2,,psychology,high-psychology,What brain mechanisms help people make scientific discoveries?,answer_snapshot,2026-04-14T13:42:00.759Z,,,,,,,"From Wikipedia, ""New knowledge in science is advanced by research from scientists who are motivated by curiosity about the world and a desire to solve problems.""

The fundamental scientific drive, it seems, is curiosity.  Again from Wikipedia, ""Although curiosity is widely regarded, its root causes are largely empirically unknown. However, some studies have provided insight into the neurological mechanisms that make up what is known as the reward pathway which may influence characteristics associated with curiosity, such as learning, memory, and motivation.""

So while we don't have a full accounting of the mechanisms of curiosity, we do have at least a partial accounting of some of the subsystems.  One such system, the reward pathway, is governed by the frontal cortex, the nucleus accumbens, and several other aspects.

Another mechanism is attention.   ",865,,,,,,,debounce
1,Wikipedia_Exp_14.04,Wikipedia_Exp_13.04,49,Male,sg_1776172371177_3voub3,diffuse,2,,psychology,high-psychology,What brain mechanisms help people make scientific discoveries?,answer_snapshot,2026-04-14T13:42:09.463Z,,,,,,,"From Wikipedia, ""New knowledge in science is advanced by research from scientists who are motivated by curiosity about the world and a desire to solve problems.""

The fundamental scientific drive, it seems, is curiosity.  Again from Wikipedia, ""Although curiosity is widely regarded, its root causes are largely empirically unknown. However, some studies have provided insight into the neurological mechanisms that make up what is known as the reward pathway which may influence characteristics associated with curiosity, such as learning, memory, and motivation.""

So while we don't have a full accounting of the mechanisms of curiosity, we do have at least a partial accounting of some of the subsystems.  One such system, the reward pathway, is governed by the frontal cortex, the nucleus accumbens, and several other aspects, alongside neurotransmitters and 

Another mechanism is attention.   ",898,,,,,,,debounce
1,Wikipedia_Exp_14.04,Wikipedia_Exp_13.04,49,Male,sg_1776172371177_3voub3,diffuse,2,,psychology,high-psychology,What brain mechanisms help people make scientific discoveries?,answer_snapshot,2026-04-14T13:42:14.902Z,,,,,,,"From Wikipedia, ""New knowledge in science is advanced by research from scientists who are motivated by curiosity about the world and a desire to solve problems.""

The fundamental scientific drive, it seems, is curiosity.  Again from Wikipedia, ""Although curiosity is widely regarded, its root causes are largely empirically unknown. However, some studies have provided insight into the neurological mechanisms that make up what is known as the reward pathway which may influence characteristics associated with curiosity, such as learning, memory, and motivation.""

So while we don't have a full accounting of the mechanisms of curiosity, we do have at least a partial accounting of some of the subsystems.  One such system, the reward pathway, is governed by the frontal cortex, the nucleus accumbens, and several other aspects, alongside neurotransmitters such as dopamine.

Another mechanism is attention.   ",911,,,,,,,debounce
1,Wikipedia_Exp_14.04,Wikipedia_Exp_13.04,49,Male,sg_1776172371177_3voub3,diffuse,2,,psychology,high-psychology,What brain mechanisms help people make scientific discoveries?,answer_snapshot,2026-04-14T13:42:18.815Z,,,,,,,"From Wikipedia, ""New knowledge in science is advanced by research from scientists who are motivated by curiosity about the world and a desire to solve problems.""

The fundamental scientific drive, it seems, is curiosity.  Again from Wikipedia, ""Although curiosity is widely regarded, its root causes are largely empirically unknown. However, some studies have provided insight into the neurological mechanisms that make up what is known as the reward pathway which may influence characteristics associated with curiosity, such as learning, memory, and motivation.""

So while we don't have a full accounting of the mechanisms of curiosity, we do have at least a partial accounting of some of the subsystems.  One such system, the reward pathway, is governed by the frontal cortex, the nucleus accumbens, and several other regions, alongside neurotransmitters such as dopamine.

Another mechanism is attention.   ",911,,,,,,,debounce
1,Wikipedia_Exp_14.04,Wikipedia_Exp_13.04,49,Male,sg_1776172371177_3voub3,diffuse,2,,psychology,high-psychology,What brain mechanisms help people make scientific discoveries?,answer_snapshot,2026-04-14T13:42:27.710Z,,,,,,,"From Wikipedia, ""New knowledge in science is advanced by research from scientists who are motivated by curiosity about the world and a desire to solve problems.""

The fundamental scientific drive, it seems, is curiosity.  Again from Wikipedia, ""Although curiosity is widely regarded, its root causes are largely empirically unknown. However, some studies have provided insight into the neurological mechanisms that make up what is known as the reward pathway which may influence characteristics associated with curiosity, such as learning, memory, and motivation.""

So while we don't have a full accounting of the mechanisms of curiosity, we do have at least a partial accounting of some of the subsystems.  One such system, the reward pathway, is governed by the frontal cortex, the nucleus accumbens, and several other regions, alongside neurotransmitters such as dopamine, serotonin and opiods.

Another mechanism is attention.   ",933,,,,,,,debounce
1,Wikipedia_Exp_14.04,Wikipedia_Exp_13.04,49,Male,sg_1776172371177_3voub3,diffuse,2,,psychology,high-psychology,What brain mechanisms help people make scientific discoveries?,answer_snapshot,2026-04-14T13:42:43.791Z,,,,,,,"From Wikipedia, ""New knowledge in science is advanced by research from scientists who are motivated by curiosity about the world and a desire to solve problems.""

The fundamental scientific drive, it seems, is curiosity.  Again from Wikipedia, ""Although curiosity is widely regarded, its root causes are largely empirically unknown. However, some studies have provided insight into the neurological mechanisms that make up what is known as the reward pathway which may influence characteristics associated with curiosity, such as learning, memory, and motivation.""

So while we don't have a full accounting of the mechanisms of curiosity, we do have at least a partial accounting of some of the subsystems.  One such system, the reward pathway, is governed by the frontal cortex, the nucleus accumbens, and several other regions, alongside neurotransmitters such as dopamine, serotonin and opiods.

Another mechanism is attention, selective focus.  ",949,,,,,,,debounce
1,Wikipedia_Exp_14.04,Wikipedia_Exp_13.04,49,Male,sg_1776172371177_3voub3,diffuse,2,,psychology,high-psychology,What brain mechanisms help people make scientific discoveries?,answer_snapshot_cursor_leave,2026-04-14T13:43:24.142Z,,,,,,,"From Wikipedia, ""New knowledge in science is advanced by research from scientists who are motivated by curiosity about the world and a desire to solve problems.""

The fundamental scientific drive, it seems, is curiosity.  Again from Wikipedia, ""Although curiosity is widely regarded, its root causes are largely empirically unknown. However, some studies have provided insight into the neurological mechanisms that make up what is known as the reward pathway which may influence characteristics associated with curiosity, such as learning, memory, and motivation.""

So while we don't have a full accounting of the mechanisms of curiosity, we do have at least a partial accounting of some of the subsystems.  One such system, the reward pathway, is governed by the frontal cortex, the nucleus accumbens, and several other regions, alongside neurotransmitters such as dopamine, serotonin and opiods.

Another mechanism is attention, selective focus.  ",949,,,,,,,cursor_leave
1,Wikipedia_Exp_14.04,Wikipedia_Exp_13.04,49,Male,sg_1776172371177_3voub3,diffuse,2,,psychology,high-psychology,What brain mechanisms help people make scientific discoveries?,link_click,2026-04-14T13:43:24.276Z,Attention,,Curiosity,,,,,,,,,,,,
1,Wikipedia_Exp_14.04,Wikipedia_Exp_13.04,49,Male,sg_1776172371177_3voub3,diffuse,2,,psychology,high-psychology,What brain mechanisms help people make scientific discoveries?,article_open,2026-04-14T13:43:26.933Z,Attention,Attention,,9304,link_click,,,,,,,,,,
1,Wikipedia_Exp_14.04,Wikipedia_Exp_13.04,49,Male,sg_1776172371177_3voub3,diffuse,2,,psychology,high-psychology,What brain mechanisms help people make scientific discoveries?,back_navigation,2026-04-14T13:43:29.813Z,Curiosity,,Attention,,,,,,,,,,,,
1,Wikipedia_Exp_14.04,Wikipedia_Exp_13.04,49,Male,sg_1776172371177_3voub3,diffuse,2,,psychology,high-psychology,What brain mechanisms help people make scientific discoveries?,article_open,2026-04-14T13:43:29.998Z,Curiosity,Curiosity,,6195,back,,,,,,,,,,
1,Wikipedia_Exp_14.04,Wikipedia_Exp_13.04,49,Male,sg_1776172371177_3voub3,diffuse,2,,psychology,high-psychology,What brain mechanisms help people make scientific discoveries?,answer_snapshot,2026-04-14T13:43:40.078Z,,,,,,,"From Wikipedia, ""New knowledge in science is advanced by research from scientists who are motivated by curiosity about the world and a desire to solve problems.""

The fundamental scientific drive, it seems, is curiosity.  Again from Wikipedia, ""Although curiosity is widely regarded, its root causes are largely empirically unknown. However, some studies have provided insight into the neurological mechanisms that make up what is known as the reward pathway which may influence characteristics associated with curiosity, such as learning, memory, and motivation.""

So while we don't have a full accounting of the mechanisms of curiosity, we do have at least a partial accounting of some of the subsystems.  One such system, the reward pathway, is governed by the frontal cortex, the nucleus accumbens, and several other regions, alongside neurotransmitters such as dopamine, serotonin and opiods.

Another mechanism is attention, selective focus.",947,,,,,,,debounce
1,Wikipedia_Exp_14.04,Wikipedia_Exp_13.04,49,Male,sg_1776172371177_3voub3,diffuse,2,,psychology,high-psychology,What brain mechanisms help people make scientific discoveries?,answer_snapshot,2026-04-14T13:43:43.580Z,,,,,,,"From Wikipedia, ""New knowledge in science is advanced by research from scientists who are motivated by curiosity about the world and a desire to solve problems.""

The fundamental scientific drive, it seems, is curiosity.  Again from Wikipedia, ""Although curiosity is widely regarded, its root causes are largely empirically unknown. However, some studies have provided insight into the neurological mechanisms that make up what is known as the reward pathway which may influence characteristics associated with curiosity, such as learning, memory, and motivation.""

So while we don't have a full accounting of the mechanisms of curiosity, we do have at least a partial accounting of some of the subsystems.  One such system, the reward pathway, is governed by the frontal cortex, the nucleus accumbens, and several other regions, alongside neurotransmitters such as dopamine, serotonin and opiods.

Another mechanism is attention, selective focus.",947,,,,,,,submit
1,Wikipedia_Exp_14.04,Wikipedia_Exp_13.04,49,Male,sg_1776172371177_3voub3,diffuse,2,,psychology,high-psychology,What brain mechanisms help people make scientific discoveries?,task_end,2026-04-14T13:43:43.581Z,,,,,,,,,"From Wikipedia, ""New knowledge in science is advanced by research from scientists who are motivated by curiosity about the world and a desire to solve problems.""

The fundamental scientific drive, it seems, is curiosity.  Again from Wikipedia, ""Although curiosity is widely regarded, its root causes are largely empirically unknown. However, some studies have provided insight into the neurological mechanisms that make up what is known as the reward pathway which may influence characteristics associated with curiosity, such as learning, memory, and motivation.""

So while we don't have a full accounting of the mechanisms of curiosity, we do have at least a partial accounting of some of the subsystems.  One such system, the reward pathway, is governed by the frontal cortex, the nucleus accumbens, and several other regions, alongside neurotransmitters such as dopamine, serotonin and opiods.

Another mechanism is attention, selective focus.",947,,,,,
2,Wikipedia_Exp_14.04,Wikipedia_Exp_13.04,33,Female,sg_1776172391075_2kvlx8,diffuse,0,1,practice,practice-capybaras,What do Capybaras eat?,attention_check_pass,2026-04-14T13:14:16.615Z,,,,,,,,,,,,,,,attempt_1
2,Wikipedia_Exp_14.04,Wikipedia_Exp_13.04,33,Female,sg_1776172391075_2kvlx8,diffuse,0,1,practice,practice-capybaras,What do Capybaras eat?,familiarity_rating,2026-04-14T13:14:22.901Z,,,,,,,,,,,,,1,1,
2,Wikipedia_Exp_14.04,Wikipedia_Exp_13.04,33,Female,sg_1776172391075_2kvlx8,diffuse,0,1,practice,practice-capybaras,What do Capybaras eat?,task_start,2026-04-14T13:14:23.000Z,,,,,,,,,,,,,,,
2,Wikipedia_Exp_14.04,Wikipedia_Exp_13.04,33,Female,sg_1776172391075_2kvlx8,diffuse,0,1,practice,practice-capybaras,What do Capybaras eat?,article_open,2026-04-14T13:14:25.916Z,Capybara,Capybara,,4650,,,,,,,,,,,
2,Wikipedia_Exp_14.04,Wikipedia_Exp_13.04,33,Female,sg_1776172391075_2kvlx8,diffuse,0,1,practice,practice-capybaras,What do Capybaras eat?,paste,2026-04-14T13:15:07.436Z,,,,,,,,,,,"Capybaras are herbivores, grazing mainly on grasses and aquatic plants,[14][24] as well as fruit and tree bark.[15] They are very selective feeders[25] and feed on the leaves of one species and disregard other species surrounding it. They eat a greater variety of plants during the dry season, as fewer plants are available.",324,,,
2,Wikipedia_Exp_14.04,Wikipedia_Exp_13.04,33,Female,sg_1776172391075_2kvlx8,diffuse,0,1,practice,practice-capybaras,What do Capybaras eat?,answer_snapshot,2026-04-14T13:15:09.439Z,,,,,,,"Capybaras are herbivores, grazing mainly on grasses and aquatic plants,[14][24] as well as fruit and tree bark.[15] They are very selective feeders[25] and feed on the leaves of one species and disregard other species surrounding it. They eat a greater variety of plants during the dry season, as fewer plants are available.",324,,,,,,,debounce
2,Wikipedia_Exp_14.04,Wikipedia_Exp_13.04,33,Female,sg_1776172391075_2kvlx8,diffuse,0,1,practice,practice-capybaras,What do Capybaras eat?,answer_snapshot,2026-04-14T13:15:17.665Z,,,,,,,"Capybaras are herbivores, grazing mainly on grasses and aquatic plants,  as well as fruit and tree bark. They are very selective feeders[25] and feed on the leaves of one species and disregard other species surrounding it. They eat a greater variety of plants during the dry season, as fewer plants are available.",313,,,,,,,debounce
2,Wikipedia_Exp_14.04,Wikipedia_Exp_13.04,33,Female,sg_1776172391075_2kvlx8,diffuse,0,1,practice,practice-capybaras,What do Capybaras eat?,answer_snapshot,2026-04-14T13:15:22.658Z,,,,,,,"Capybaras are herbivores, grazing mainly on grasses and aquatic plants,  as well as fruit and tree bark. They are very selective feeder and feed on the leaves of one species and disregard other species surrounding it. They eat a greater variety of plants during the dry season, as fewer plants are available.",308,,,,,,,debounce
2,Wikipedia_Exp_14.04,Wikipedia_Exp_13.04,33,Female,sg_1776172391075_2kvlx8,diffuse,0,1,practice,practice-capybaras,What do Capybaras eat?,answer_snapshot_cursor_leave,2026-04-14T13:15:30.515Z,,,,,,,"Capybaras are herbivores, grazing mainly on grasses and aquatic plants,  as well as fruit and tree bark. They are very selective feeder and feed on the leaves of one species and disregard other species surrounding it. They eat a greater variety of plants during the dry season, as fewer plants are available.",308,,,,,,,cursor_leave
2,Wikipedia_Exp_14.04,Wikipedia_Exp_13.04,33,Female,sg_1776172391075_2kvlx8,diffuse,0,1,practice,practice-capybaras,What do Capybaras eat?,answer_snapshot,2026-04-14T13:15:30.592Z,,,,,,,"Capybaras are herbivores, grazing mainly on grasses and aquatic plants,  as well as fruit and tree bark. They are very selective feeder and feed on the leaves of one species and disregard other species surrounding it. They eat a greater variety of plants during the dry season, as fewer plants are available.",308,,,,,,,submit
2,Wikipedia_Exp_14.04,Wikipedia_Exp_13.04,33,Female,sg_1776172391075_2kvlx8,diffuse,0,1,practice,practice-capybaras,What do Capybaras eat?,task_end,2026-04-14T13:15:30.592Z,,,,,,,,,"Capybaras are herbivores, grazing mainly on grasses and aquatic plants,  as well as fruit and tree bark. They are very selective feeder and feed on the leaves of one species and disregard other species surrounding it. They eat a greater variety of plants during the dry season, as fewer plants are available.",308,,,,,
2,Wikipedia_Exp_14.04,Wikipedia_Exp_13.04,33,Female,sg_1776172391075_2kvlx8,diffuse,1,,psychology,high-psychology,What brain mechanisms help people make scientific discoveries?,familiarity_rating,2026-04-14T13:15:40.095Z,,,,,,,,,,,,,1,5,
2,Wikipedia_Exp_14.04,Wikipedia_Exp_13.04,33,Female,sg_1776172391075_2kvlx8,diffuse,1,,psychology,high-psychology,What brain mechanisms help people make scientific discoveries?,task_start,2026-04-14T13:15:40.307Z,,,,,,,,,,,,,,,
2,Wikipedia_Exp_14.04,Wikipedia_Exp_13.04,33,Female,sg_1776172391075_2kvlx8,diffuse,1,,psychology,high-psychology,What brain mechanisms help people make scientific discoveries?,search,2026-04-14T13:15:45.681Z,,,,,,what ,,,,,,,,,
2,Wikipedia_Exp_14.04,Wikipedia_Exp_13.04,33,Female,sg_1776172391075_2kvlx8,diffuse,1,,psychology,high-psychology,What brain mechanisms help people make scientific discoveries?,search,2026-04-14T13:15:47.645Z,,,,,,what brain ,,,,,,,,,
2,Wikipedia_Exp_14.04,Wikipedia_Exp_13.04,33,Female,sg_1776172391075_2kvlx8,diffuse,1,,psychology,high-psychology,What brain mechanisms help people make scientific discoveries?,search,2026-04-14T13:15:48.164Z,,,,,,what brain me,,,,,,,,,
2,Wikipedia_Exp_14.04,Wikipedia_Exp_13.04,33,Female,sg_1776172391075_2kvlx8,diffuse,1,,psychology,high-psychology,What brain mechanisms help people make scientific discoveries?,search,2026-04-14T13:15:49.850Z,,,,,,what brain mechanisms ,,,,,,,,,
2,Wikipedia_Exp_14.04,Wikipedia_Exp_13.04,33,Female,sg_1776172391075_2kvlx8,diffuse,1,,psychology,high-psychology,What brain mechanisms help people make scientific discoveries?,search,2026-04-14T13:15:50.368Z,,,,,,what brain mechanisms h,,,,,,,,,
2,Wikipedia_Exp_14.04,Wikipedia_Exp_13.04,33,Female,sg_1776172391075_2kvlx8,diffuse,1,,psychology,high-psychology,What brain mechanisms help people make scientific discoveries?,search,2026-04-14T13:15:51.313Z,,,,,,what brain mechanisms help ,,,,,,,,,
2,Wikipedia_Exp_14.04,Wikipedia_Exp_13.04,33,Female,sg_1776172391075_2kvlx8,diffuse,1,,psychology,high-psychology,What brain mechanisms help people make scientific discoveries?,search,2026-04-14T13:15:54.200Z,,,,,,what brain mechanisms help people make ,,,,,,,,,
2,Wikipedia_Exp_14.04,Wikipedia_Exp_13.04,33,Female,sg_1776172391075_2kvlx8,diffuse,1,,psychology,high-psychology,What brain mechanisms help people make scientific discoveries?,search,2026-04-14T13:15:55.158Z,,,,,,what brain mechanisms help people make sci,,,,,,,,,
2,Wikipedia_Exp_14.04,Wikipedia_Exp_13.04,33,Female,sg_1776172391075_2kvlx8,diffuse,1,,psychology,high-psychology,What brain mechanisms help people make scientific discoveries?,search,2026-04-14T13:15:58.245Z,,,,,,what brain mechanisms help people make scientific dis,,,,,,,,,
2,Wikipedia_Exp_14.04,Wikipedia_Exp_13.04,33,Female,sg_1776172391075_2kvlx8,diffuse,1,,psychology,high-psychology,What brain mechanisms help people make scientific discoveries?,search,2026-04-14T13:16:00.269Z,,,,,,what brain mechanisms help people make scientific discovers,,,,,,,,,
2,Wikipedia_Exp_14.04,Wikipedia_Exp_13.04,33,Female,sg_1776172391075_2kvlx8,diffuse,1,,psychology,high-psychology,What brain mechanisms help people make scientific discoveries?,search,2026-04-14T13:16:01.522Z,,,,,,what brain mechanisms help people make scientific discover,,,,,,,,,
2,Wikipedia_Exp_14.04,Wikipedia_Exp_13.04,33,Female,sg_1776172391075_2kvlx8,diffuse,1,,psychology,high-psychology,What brain mechanisms help people make scientific discoveries?,search,2026-04-14T13:16:01.947Z,,,,,,what brain mechanisms help people make scientific discoverie,,,,,,,,,
2,Wikipedia_Exp_14.04,Wikipedia_Exp_13.04,33,Female,sg_1776172391075_2kvlx8,diffuse,1,,psychology,high-psychology,What brain mechanisms help people make scientific discoveries?,search,2026-04-14T13:16:04.196Z,,,,,,what brain mechanisms help people make scientific discoveries,,,,,,,,,
2,Wikipedia_Exp_14.04,Wikipedia_Exp_13.04,33,Female,sg_1776172391075_2kvlx8,diffuse,1,,psychology,high-psychology,What brain mechanisms help people make scientific discoveries?,search,2026-04-14T13:16:04.946Z,,,,,,what brain mechanisms help people make scientific discoveries,,,,,,,,,
2,Wikipedia_Exp_14.04,Wikipedia_Exp_13.04,33,Female,sg_1776172391075_2kvlx8,diffuse,1,,psychology,high-psychology,What brain mechanisms help people make scientific discoveries?,article_open,2026-04-14T13:16:11.575Z,Role_of_chance_in_scientific_discoveries,Role of chance in scientific discoveries,,2029,search,,,,,,,,,,
2,Wikipedia_Exp_14.04,Wikipedia_Exp_13.04,33,Female,sg_1776172391075_2kvlx8,diffuse,1,,psychology,high-psychology,What brain mechanisms help people make scientific discoveries?,paste,2026-04-14T13:16:25.095Z,,,,,,,,,,,Psychologist Kevin Dunbar and colleagues estimate that between 30% and 50% of all scientific discoveries are accidental in some sense,133,,,
2,Wikipedia_Exp_14.04,Wikipedia_Exp_13.04,33,Female,sg_1776172391075_2kvlx8,diffuse,1,,psychology,high-psychology,What brain mechanisms help people make scientific discoveries?,answer_snapshot,2026-04-14T13:16:27.098Z,,,,,,,Psychologist Kevin Dunbar and colleagues estimate that between 30% and 50% of all scientific discoveries are accidental in some sense,133,,,,,,,debounce
2,Wikipedia_Exp_14.04,Wikipedia_Exp_13.04,33,Female,sg_1776172391075_2kvlx8,diffuse,1,,psychology,high-psychology,What brain mechanisms help people make scientific discoveries?,answer_snapshot_cursor_leave,2026-04-14T13:16:27.360Z,,,,,,,Psychologist Kevin Dunbar and colleagues estimate that between 30% and 50% of all scientific discoveries are accidental in some sense,133,,,,,,,cursor_leave
2,Wikipedia_Exp_14.04,Wikipedia_Exp_13.04,33,Female,sg_1776172391075_2kvlx8,diffuse,1,,psychology,high-psychology,What brain mechanisms help people make scientific discoveries?,search,2026-04-14T13:16:29.764Z,,,,,,brain ,,,,,,,,,
2,Wikipedia_Exp_14.04,Wikipedia_Exp_13.04,33,Female,sg_1776172391075_2kvlx8,diffuse,1,,psychology,high-psychology,What brain mechanisms help people make scientific discoveries?,search,2026-04-14T13:16:30.502Z,,,,,,brain me,,,,,,,,,
2,Wikipedia_Exp_14.04,Wikipedia_Exp_13.04,33,Female,sg_1776172391075_2kvlx8,diffuse,1,,psychology,high-psychology,What brain mechanisms help people make scientific discoveries?,search,2026-04-14T13:16:31.222Z,,,,,,brain mechan,,,,,,,,,
2,Wikipedia_Exp_14.04,Wikipedia_Exp_13.04,33,Female,sg_1776172391075_2kvlx8,diffuse,1,,psychology,high-psychology,What brain mechanisms help people make scientific discoveries?,search,2026-04-14T13:16:34.072Z,,,,,,brain mechani,,,,,,,,,
2,Wikipedia_Exp_14.04,Wikipedia_Exp_13.04,33,Female,sg_1776172391075_2kvlx8,diffuse,1,,psychology,high-psychology,What brain mechanisms help people make scientific discoveries?,search,2026-04-14T13:16:36.923Z,,,,,,brain mechanisms ,,,,,,,,,
2,Wikipedia_Exp_14.04,Wikipedia_Exp_13.04,33,Female,sg_1776172391075_2kvlx8,diffuse,1,,psychology,high-psychology,What brain mechanisms help people make scientific discoveries?,search,2026-04-14T13:16:38.497Z,,,,,,brain mechanisms i,,,,,,,,,
2,Wikipedia_Exp_14.04,Wikipedia_Exp_13.04,33,Female,sg_1776172391075_2kvlx8,diffuse,1,,psychology,high-psychology,What brain mechanisms help people make scientific discoveries?,search,2026-04-14T13:16:38.890Z,,,,,,brain mechanisms in,,,,,,,,,
2,Wikipedia_Exp_14.04,Wikipedia_Exp_13.04,33,Female,sg_1776172391075_2kvlx8,diffuse,1,,psychology,high-psychology,What brain mechanisms help people make scientific discoveries?,search,2026-04-14T13:16:39.951Z,,,,,,brain mechanisms in ,,,,,,,,,
2,Wikipedia_Exp_14.04,Wikipedia_Exp_13.04,33,Female,sg_1776172391075_2kvlx8,diffuse,1,,psychology,high-psychology,What brain mechanisms help people make scientific discoveries?,paste,2026-04-14T13:17:54.753Z,,,,,,,,,,,"fMRI investigation found that unexpected findings were associated with particular brain activity. Unexpected findings were found to activate the prefrontal cortex as well as the left hemisphere in general. This suggests that unexpected findings provoke more attention, and the brain applies more linguistic, conscious systems to help explain those findings. This supports the idea that scientists are using particular abilities that exist to some extent in all humans",467,,,
2,Wikipedia_Exp_14.04,Wikipedia_Exp_13.04,33,Female,sg_1776172391075_2kvlx8,diffuse,1,,psychology,high-psychology,What brain mechanisms help people make scientific discoveries?,answer_snapshot,2026-04-14T13:17:56.756Z,,,,,,,"Psychologist Kevin Dunbar and colleagues estimate that between 30% and 50% of all scientific discoveries are accidental in some sense. fMRI investigation found that unexpected findings were associated with particular brain activity. Unexpected findings were found to activate the prefrontal cortex as well as the left hemisphere in general. This suggests that unexpected findings provoke more attention, and the brain applies more linguistic, conscious systems to help explain those findings. This supports the idea that scientists are using particular abilities that exist to some extent in all humans",602,,,,,,,debounce
2,Wikipedia_Exp_14.04,Wikipedia_Exp_13.04,33,Female,sg_1776172391075_2kvlx8,diffuse,1,,psychology,high-psychology,What brain mechanisms help people make scientific discoveries?,answer_snapshot,2026-04-14T13:18:10.288Z,,,,,,,"Psychologist Kevin Dunbar and colleagues estimate that between 30% and 50% of all scientific discoveries are accidental in some sense or are luck . fMRI investigation found that unexpected findings were associated with particular brain activity. Unexpected findings were found to activate the prefrontal cortex as well as the left hemisphere in general. This suggests that unexpected findings provoke more attention, and the brain applies more linguistic, conscious systems to help explain those findings. This supports the idea that scientists are using particular abilities that exist to some extent in all humans",615,,,,,,,debounce
2,Wikipedia_Exp_14.04,Wikipedia_Exp_13.04,33,Female,sg_1776172391075_2kvlx8,diffuse,1,,psychology,high-psychology,What brain mechanisms help people make scientific discoveries?,answer_snapshot,2026-04-14T13:18:18.878Z,,,,,,,"Psychologist Kevin Dunbar and colleagues estimate that between 30% and 50% of all scientific discoveries are accidental in some sense or are purely luck. fMRI investigation found that unexpected findings were associated with particular brain activity. Unexpected findings were found to activate the prefrontal cortex as well as the left hemisphere in general. This suggests that unexpected findings provoke more attention, and the brain applies more linguistic, conscious systems to help explain those findings. This supports the idea that scientists are using particular abilities that exist to some extent in all humans",621,,,,,,,debounce
2,Wikipedia_Exp_14.04,Wikipedia_Exp_13.04,33,Female,sg_1776172391075_2kvlx8,diffuse,1,,psychology,high-psychology,What brain mechanisms help people make scientific discoveries?,answer_snapshot,2026-04-14T13:18:33.538Z,,,,,,,"Psychologist Kevin Dunbar and colleagues estimate that between 30% and 50% of all scientific discoveries are accidental in some sense or are purely luck. fMRI investigation found that  Unexpected findings were found to activate the prefrontal cortex as well as the left hemisphere in general. This suggests that unexpected findings provoke more attention, and the brain applies more linguistic, conscious systems to help explain those findings. This supports the idea that scientists are using particular abilities that exist to some extent in all humans",554,,,,,,,debounce
2,Wikipedia_Exp_14.04,Wikipedia_Exp_13.04,33,Female,sg_1776172391075_2kvlx8,diffuse,1,,psychology,high-psychology,What brain mechanisms help people make scientific discoveries?,answer_snapshot,2026-04-14T13:18:42.333Z,,,,,,,"Psychologist Kevin Dunbar and colleagues estimate that between 30% and 50% of all scientific discoveries are accidental in some sense or are purely luck. fMRI investigation found that  activate the prefrontal cortex as well as the left hemisphere in general. This suggests that unexpected findings provoke more attention, and the brain applies more linguistic, conscious systems to help explain those findings. This supports the idea that scientists are using particular abilities that exist to some extent in all humans",520,,,,,,,debounce
2,Wikipedia_Exp_14.04,Wikipedia_Exp_13.04,33,Female,sg_1776172391075_2kvlx8,diffuse,1,,psychology,high-psychology,What brain mechanisms help people make scientific discoveries?,answer_snapshot,2026-04-14T13:18:47.031Z,,,,,,,"Psychologist Kevin Dunbar and colleagues estimate that between 30% and 50% of all scientific discoveries are accidental in some sense or are purely luck. fMRI investigation found that activate the prefrontal cortex as well as the left hemisphere in general. This suggests that unexpected findings provoke more attention, and the brain applies more linguistic, conscious systems to help explain those findings. This supports the idea that scientists are using particular abilities that exist to some extent in all humans",519,,,,,,,debounce
2,Wikipedia_Exp_14.04,Wikipedia_Exp_13.04,33,Female,sg_1776172391075_2kvlx8,diffuse,1,,psychology,high-psychology,What brain mechanisms help people make scientific discoveries?,answer_snapshot,2026-04-14T13:18:55.750Z,,,,,,,"Psychologist Kevin Dunbar and colleagues estimate that between 30% and 50% of all scientific discoveries are accidental in some sense or are purely luck. fMRI investigation found that activate the prefrontal cortex as well as the left hemisphere in general is responsible for . This suggests that unexpected findings provoke more attention, and the brain applies more linguistic, conscious systems to help explain those findings. This supports the idea that scientists are using particular abilities that exist to some extent in all humans",539,,,,,,,debounce
2,Wikipedia_Exp_14.04,Wikipedia_Exp_13.04,33,Female,sg_1776172391075_2kvlx8,diffuse,1,,psychology,high-psychology,What brain mechanisms help people make scientific discoveries?,answer_snapshot,2026-04-14T13:19:12.487Z,,,,,,,"Psychologist Kevin Dunbar and colleagues estimate that between 30% and 50% of all scientific discoveries are accidental in some sense or are purely luck. fMRI investigation found that activate the prefrontal cortex as well as the left hemisphere in general is activite during research and discovery. This suggests that unexpected findings provoke more attention, and the brain applies more linguistic, conscious systems to help explain those findings. This supports the idea that scientists are using particular abilities that exist to some extent in all humans",561,,,,,,,debounce
2,Wikipedia_Exp_14.04,Wikipedia_Exp_13.04,33,Female,sg_1776172391075_2kvlx8,diffuse,1,,psychology,high-psychology,What brain mechanisms help people make scientific discoveries?,answer_snapshot,2026-04-14T13:19:15.419Z,,,,,,,"Psychologist Kevin Dunbar and colleagues estimate that between 30% and 50% of all scientific discoveries are accidental in some sense or are purely luck. fMRI investigation found that activate the prefrontal cortex as well as the left hemisphere in general is activate during research and discovery. This suggests that unexpected findings provoke more attention, and the brain applies more linguistic, conscious systems to help explain those findings. This supports the idea that scientists are using particular abilities that exist to some extent in all humans",561,,,,,,,debounce
2,Wikipedia_Exp_14.04,Wikipedia_Exp_13.04,33,Female,sg_1776172391075_2kvlx8,diffuse,1,,psychology,high-psychology,What brain mechanisms help people make scientific discoveries?,answer_snapshot,2026-04-14T13:19:38.029Z,,,,,,,"Psychologist Kevin Dunbar and colleagues estimate that between 30% and 50% of all scientific discoveries are accidental in some sense or are purely luck. fMRI investigation found that activate the prefrontal cortex as well as the left hemisphere in general is activate during unexpected findings during research. This suggests that unexpected findings provoke more attention, and the brain applies more linguistic, conscious systems to help explain those findings. This supports the idea that scientists are using particular abilities that exist to some extent in all humans",574,,,,,,,debounce
2,Wikipedia_Exp_14.04,Wikipedia_Exp_13.04,33,Female,sg_1776172391075_2kvlx8,diffuse,1,,psychology,high-psychology,What brain mechanisms help people make scientific discoveries?,answer_snapshot_cursor_leave,2026-04-14T13:20:00.562Z,,,,,,,"Psychologist Kevin Dunbar and colleagues estimate that between 30% and 50% of all scientific discoveries are accidental in some sense or are purely luck. fMRI investigation found that activate the prefrontal cortex as well as the left hemisphere in general is activate during unexpected findings during research. This suggests that unexpected findings provoke more attention, and the brain applies more linguistic, conscious systems to help explain those findings. This supports the idea that scientists are using particular abilities that exist to some extent in all humans",574,,,,,,,cursor_leave
2,Wikipedia_Exp_14.04,Wikipedia_Exp_13.04,33,Female,sg_1776172391075_2kvlx8,diffuse,1,,psychology,high-psychology,What brain mechanisms help people make scientific discoveries?,answer_snapshot,2026-04-14T13:25:40.978Z,,,,,,,"Psychologist Kevin Dunbar and colleagues estimate that between 30% and 50% of all scientific discoveries are accidental in some sense or are purely luck. fMRI investigation found that activate the prefrontal cortex as well as the left hemisphere in general is activate during unexpected findings during research. This suggests that unexpected findings provoke more attention, and the brain applies more linguistic, conscious systems to help explain those findings. This supports the idea that scientists are using particular abilities that exist to some extent in all humans",574,,,,,,,submit
2,Wikipedia_Exp_14.04,Wikipedia_Exp_13.04,33,Female,sg_1776172391075_2kvlx8,diffuse,1,,psychology,high-psychology,What brain mechanisms help people make scientific discoveries?,task_end,2026-04-14T13:25:40.979Z,,,,,,,,,"Psychologist Kevin Dunbar and colleagues estimate that between 30% and 50% of all scientific discoveries are accidental in some sense or are purely luck. fMRI investigation found that activate the prefrontal cortex as well as the left hemisphere in general is activate during unexpected findings during research. This suggests that unexpected findings provoke more attention, and the brain applies more linguistic, conscious systems to help explain those findings. This supports the idea that scientists are using particular abilities that exist to some extent in all humans",574,,,,,
2,Wikipedia_Exp_14.04,Wikipedia_Exp_13.04,33,Female,sg_1776172391075_2kvlx8,diffuse,2,,art_history,high-art-history,How do ancient works of art play a role in contemporary society?,familiarity_rating,2026-04-14T13:25:48.230Z,,,,,,,,,,,,,1,1,
2,Wikipedia_Exp_14.04,Wikipedia_Exp_13.04,33,Female,sg_1776172391075_2kvlx8,diffuse,2,,art_history,high-art-history,How do ancient works of art play a role in contemporary society?,task_start,2026-04-14T13:25:48.566Z,,,,,,,,,,,,,,,
2,Wikipedia_Exp_14.04,Wikipedia_Exp_13.04,33,Female,sg_1776172391075_2kvlx8,diffuse,2,,art_history,high-art-history,How do ancient works of art play a role in contemporary society?,search,2026-04-14T13:25:54.734Z,,,,,,How do ancient works of art play a role in contemporary society?,,,,,,,,,
2,Wikipedia_Exp_14.04,Wikipedia_Exp_13.04,33,Female,sg_1776172391075_2kvlx8,diffuse,2,,art_history,high-art-history,How do ancient works of art play a role in contemporary society?,search,2026-04-14T13:25:55.450Z,,,,,,How do ancient works of art play a role in contemporary society?,,,,,,,,,
2,Wikipedia_Exp_14.04,Wikipedia_Exp_13.04,33,Female,sg_1776172391075_2kvlx8,diffuse,2,,art_history,high-art-history,How do ancient works of art play a role in contemporary society?,article_open,2026-04-14T13:26:01.715Z,Metropolitan_Museum_of_Art,Metropolitan Museum of Art,,25318,search,,,,,,,,,,
2,Wikipedia_Exp_14.04,Wikipedia_Exp_13.04,33,Female,sg_1776172391075_2kvlx8,diffuse,2,,art_history,high-art-history,How do ancient works of art play a role in contemporary society?,search,2026-04-14T13:26:14.478Z,,,,,,a,,,,,,,,,
2,Wikipedia_Exp_14.04,Wikipedia_Exp_13.04,33,Female,sg_1776172391075_2kvlx8,diffuse,2,,art_history,high-art-history,How do ancient works of art play a role in contemporary society?,search,2026-04-14T13:26:14.733Z,,,,,,art ,,,,,,,,,
2,Wikipedia_Exp_14.04,Wikipedia_Exp_13.04,33,Female,sg_1776172391075_2kvlx8,diffuse,2,,art_history,high-art-history,How do ancient works of art play a role in contemporary society?,search,2026-04-14T13:26:16.486Z,,,,,,art un con,,,,,,,,,
2,Wikipedia_Exp_14.04,Wikipedia_Exp_13.04,33,Female,sg_1776172391075_2kvlx8,diffuse,2,,art_history,high-art-history,How do ancient works of art play a role in contemporary society?,search,2026-04-14T13:26:17.279Z,,,,,,art un conte,,,,,,,,,
2,Wikipedia_Exp_14.04,Wikipedia_Exp_13.04,33,Female,sg_1776172391075_2kvlx8,diffuse,2,,art_history,high-art-history,How do ancient works of art play a role in contemporary society?,search,2026-04-14T13:26:18.132Z,,,,,,art un contempo,,,,,,,,,
2,Wikipedia_Exp_14.04,Wikipedia_Exp_13.04,33,Female,sg_1776172391075_2kvlx8,diffuse,2,,art_history,high-art-history,How do ancient works of art play a role in contemporary society?,search,2026-04-14T13:26:18.370Z,,,,,,art un contempor,,,,,,,,,
2,Wikipedia_Exp_14.04,Wikipedia_Exp_13.04,33,Female,sg_1776172391075_2kvlx8,diffuse,2,,art_history,high-art-history,How do ancient works of art play a role in contemporary society?,search,2026-04-14T13:26:18.887Z,,,,,,art un contempora,,,,,,,,,
2,Wikipedia_Exp_14.04,Wikipedia_Exp_13.04,33,Female,sg_1776172391075_2kvlx8,diffuse,2,,art_history,high-art-history,How do ancient works of art play a role in contemporary society?,search,2026-04-14T13:26:19.549Z,,,,,,art un contemporary,,,,,,,,,
2,Wikipedia_Exp_14.04,Wikipedia_Exp_13.04,33,Female,sg_1776172391075_2kvlx8,diffuse,2,,art_history,high-art-history,How do ancient works of art play a role in contemporary society?,search,2026-04-14T13:26:21.995Z,,,,,,art un contemporary ,,,,,,,,,
2,Wikipedia_Exp_14.04,Wikipedia_Exp_13.04,33,Female,sg_1776172391075_2kvlx8,diffuse,2,,art_history,high-art-history,How do ancient works of art play a role in contemporary society?,search,2026-04-14T13:26:23.049Z,,,,,,art un contemporary s,,,,,,,,,
2,Wikipedia_Exp_14.04,Wikipedia_Exp_13.04,33,Female,sg_1776172391075_2kvlx8,diffuse,2,,art_history,high-art-history,How do ancient works of art play a role in contemporary society?,search,2026-04-14T13:26:23.579Z,,,,,,art un contemporary so,,,,,,,,,
2,Wikipedia_Exp_14.04,Wikipedia_Exp_13.04,33,Female,sg_1776172391075_2kvlx8,diffuse,2,,art_history,high-art-history,How do ancient works of art play a role in contemporary society?,search,2026-04-14T13:26:23.655Z,,,,,,art un contemporary soc,,,,,,,,,
2,Wikipedia_Exp_14.04,Wikipedia_Exp_13.04,33,Female,sg_1776172391075_2kvlx8,diffuse,2,,art_history,high-art-history,How do ancient works of art play a role in contemporary society?,search,2026-04-14T13:26:23.969Z,,,,,,art un contemporary soci,,,,,,,,,
2,Wikipedia_Exp_14.04,Wikipedia_Exp_13.04,33,Female,sg_1776172391075_2kvlx8,diffuse,2,,art_history,high-art-history,How do ancient works of art play a role in contemporary society?,search,2026-04-14T13:26:24.263Z,,,,,,art un contemporary socie,,,,,,,,,
2,Wikipedia_Exp_14.04,Wikipedia_Exp_13.04,33,Female,sg_1776172391075_2kvlx8,diffuse,2,,art_history,high-art-history,How do ancient works of art play a role in contemporary society?,search,2026-04-14T13:26:24.891Z,,,,,,art un contemporary society,,,,,,,,,
2,Wikipedia_Exp_14.04,Wikipedia_Exp_13.04,33,Female,sg_1776172391075_2kvlx8,diffuse,2,,art_history,high-art-history,How do ancient works of art play a role in contemporary society?,search,2026-04-14T13:26:25.366Z,,,,,,art un contemporary society,,,,,,,,,
2,Wikipedia_Exp_14.04,Wikipedia_Exp_13.04,33,Female,sg_1776172391075_2kvlx8,diffuse,2,,art_history,high-art-history,How do ancient works of art play a role in contemporary society?,article_open,2026-04-14T13:26:39.590Z,Art,Art,,16998,search,,,,,,,,,,
2,Wikipedia_Exp_14.04,Wikipedia_Exp_13.04,33,Female,sg_1776172391075_2kvlx8,diffuse,2,,art_history,high-art-history,How do ancient works of art play a role in contemporary society?,link_click,2026-04-14T13:27:31.887Z,Contemporary_art,,Art,,,,,,,,,,,,
2,Wikipedia_Exp_14.04,Wikipedia_Exp_13.04,33,Female,sg_1776172391075_2kvlx8,diffuse,2,,art_history,high-art-history,How do ancient works of art play a role in contemporary society?,article_open,2026-04-14T13:27:32.004Z,Contemporary_art,Contemporary art,,4804,link_click,,,,,,,,,,
2,Wikipedia_Exp_14.04,Wikipedia_Exp_13.04,33,Female,sg_1776172391075_2kvlx8,diffuse,2,,art_history,high-art-history,How do ancient works of art play a role in contemporary society?,back_navigation,2026-04-14T13:28:17.715Z,Art,,Contemporary_art,,,,,,,,,,,,
2,Wikipedia_Exp_14.04,Wikipedia_Exp_13.04,33,Female,sg_1776172391075_2kvlx8,diffuse,2,,art_history,high-art-history,How do ancient works of art play a role in contemporary society?,article_open,2026-04-14T13:28:17.989Z,Art,Art,,16998,back,,,,,,,,,,
2,Wikipedia_Exp_14.04,Wikipedia_Exp_13.04,33,Female,sg_1776172391075_2kvlx8,diffuse,2,,art_history,high-art-history,How do ancient works of art play a role in contemporary society?,search,2026-04-14T13:28:40.566Z,,,,,,society a,,,,,,,,,
2,Wikipedia_Exp_14.04,Wikipedia_Exp_13.04,33,Female,sg_1776172391075_2kvlx8,diffuse,2,,art_history,high-art-history,How do ancient works of art play a role in contemporary society?,search,2026-04-14T13:28:41.645Z,,,,,,society and art,,,,,,,,,
2,Wikipedia_Exp_14.04,Wikipedia_Exp_13.04,33,Female,sg_1776172391075_2kvlx8,diffuse,2,,art_history,high-art-history,How do ancient works of art play a role in contemporary society?,paste,2026-04-14T13:31:27.068Z,,,,,,,,,,,"Since ancient times, much of the finest art has represented a deliberate display of wealth or power, often achieved by using massive scale and expensive materials. Much art has been commissioned by political rulers or religious establishments, with more modest versions only available to the most wealthy in society",315,,,
2,Wikipedia_Exp_14.04,Wikipedia_Exp_13.04,33,Female,sg_1776172391075_2kvlx8,diffuse,2,,art_history,high-art-history,How do ancient works of art play a role in contemporary society?,answer_snapshot,2026-04-14T13:31:29.072Z,,,,,,,"Since ancient times, much of the finest art has represented a deliberate display of wealth or power, often achieved by using massive scale and expensive materials. Much art has been commissioned by political rulers or religious establishments, with more modest versions only available to the most wealthy in society",315,,,,,,,debounce
2,Wikipedia_Exp_14.04,Wikipedia_Exp_13.04,33,Female,sg_1776172391075_2kvlx8,diffuse,2,,art_history,high-art-history,How do ancient works of art play a role in contemporary society?,answer_snapshot_cursor_leave,2026-04-14T13:31:47.074Z,,,,,,,"Since ancient times, much of the finest art has represented a deliberate display of wealth or power, often achieved by using massive scale and expensive materials. Much art has been commissioned by political rulers or religious establishments, with more modest versions only available to the most wealthy in society",315,,,,,,,cursor_leave
2,Wikipedia_Exp_14.04,Wikipedia_Exp_13.04,33,Female,sg_1776172391075_2kvlx8,diffuse,2,,art_history,high-art-history,How do ancient works of art play a role in contemporary society?,paste,2026-04-14T13:31:54.681Z,,,,,,,,,,,"Nevertheless, there have been many periods where art of very high quality was available, in terms of ownership, across large parts of society, above all in cheap media such as pottery, which persists in the ground, and perishable media such as textiles and wood. ",263,,,
2,Wikipedia_Exp_14.04,Wikipedia_Exp_13.04,33,Female,sg_1776172391075_2kvlx8,diffuse,2,,art_history,high-art-history,How do ancient works of art play a role in contemporary society?,answer_snapshot,2026-04-14T13:31:56.684Z,,,,,,,"Since ancient times, much of the finest art has represented a deliberate display of wealth or power, often achieved by using massive scale and expensive materials. Much art has been commissioned by political rulers or religious establishments, with more modest versions only available to the most wealthy in society. Nevertheless, there have been many periods where art of very high quality was available, in terms of ownership, across large parts of society, above all in cheap media such as pottery, which persists in the ground, and perishable media such as textiles and wood. ",580,,,,,,,debounce
2,Wikipedia_Exp_14.04,Wikipedia_Exp_13.04,33,Female,sg_1776172391075_2kvlx8,diffuse,2,,art_history,high-art-history,How do ancient works of art play a role in contemporary society?,answer_snapshot_cursor_leave,2026-04-14T13:32:19.343Z,,,,,,,"Since ancient times, much of the finest art has represented a deliberate display of wealth or power, often achieved by using massive scale and expensive materials. Much art has been commissioned by political rulers or religious establishments, with more modest versions only available to the most wealthy in society. Nevertheless, there have been many periods where art of very high quality was available, in terms of ownership, across large parts of society, above all in cheap media such as pottery, which persists in the ground, and perishable media such as textiles and wood. ",580,,,,,,,cursor_leave
2,Wikipedia_Exp_14.04,Wikipedia_Exp_13.04,33,Female,sg_1776172391075_2kvlx8,diffuse,2,,art_history,high-art-history,How do ancient works of art play a role in contemporary society?,search,2026-04-14T13:32:32.579Z,,,,,, modersociety and art,,,,,,,,,
2,Wikipedia_Exp_14.04,Wikipedia_Exp_13.04,33,Female,sg_1776172391075_2kvlx8,diffuse,2,,art_history,high-art-history,How do ancient works of art play a role in contemporary society?,search,2026-04-14T13:32:33.124Z,,,,,, modern society and art,,,,,,,,,
2,Wikipedia_Exp_14.04,Wikipedia_Exp_13.04,33,Female,sg_1776172391075_2kvlx8,diffuse,2,,art_history,high-art-history,How do ancient works of art play a role in contemporary society?,search,2026-04-14T13:32:33.630Z,,,,,, modern society and art,,,,,,,,,
2,Wikipedia_Exp_14.04,Wikipedia_Exp_13.04,33,Female,sg_1776172391075_2kvlx8,diffuse,2,,art_history,high-art-history,How do ancient works of art play a role in contemporary society?,article_open,2026-04-14T13:32:38.995Z,Museum_of_Modern_Art,Museum of Modern Art,,15148,search,,,,,,,,,,
2,Wikipedia_Exp_14.04,Wikipedia_Exp_13.04,33,Female,sg_1776172391075_2kvlx8,diffuse,2,,art_history,high-art-history,How do ancient works of art play a role in contemporary society?,search,2026-04-14T13:32:58.271Z,,,,,,a,,,,,,,,,
2,Wikipedia_Exp_14.04,Wikipedia_Exp_13.04,33,Female,sg_1776172391075_2kvlx8,diffuse,2,,art_history,high-art-history,How do ancient works of art play a role in contemporary society?,search,2026-04-14T13:32:58.424Z,,,,,,art,,,,,,,,,
2,Wikipedia_Exp_14.04,Wikipedia_Exp_13.04,33,Female,sg_1776172391075_2kvlx8,diffuse,2,,art_history,high-art-history,How do ancient works of art play a role in contemporary society?,article_open,2026-04-14T13:32:59.451Z,Art,Art,,16998,search,,,,,,,,,,
2,Wikipedia_Exp_14.04,Wikipedia_Exp_13.04,33,Female,sg_1776172391075_2kvlx8,diffuse,2,,art_history,high-art-history,How do ancient works of art play a role in contemporary society?,search,2026-04-14T13:33:06.264Z,,,,,,art and society,,,,,,,,,
2,Wikipedia_Exp_14.04,Wikipedia_Exp_13.04,33,Female,sg_1776172391075_2kvlx8,diffuse,2,,art_history,high-art-history,How do ancient works of art play a role in contemporary society?,article_open,2026-04-14T13:33:17.779Z,Contemporary_Art_Society,Contemporary Art Society,,2501,search,,,,,,,,,,
2,Wikipedia_Exp_14.04,Wikipedia_Exp_13.04,33,Female,sg_1776172391075_2kvlx8,diffuse,2,,art_history,high-art-history,How do ancient works of art play a role in contemporary society?,answer_snapshot,2026-04-14T13:35:49.390Z,,,,,,,"Since ancient times, much of the finest art has represented a deliberate display of wealth or power, often achieved by using massive scale and expensive materials. Much art has been commissioned by political rulers or religious establishments, with more modest versions only available to the most wealthy in society. Nevertheless, there have been many periods where art of very high quality was available, in terms of ownership, across large parts of society, above all in cheap media such as pottery, which persists in the ground, and perishable media such as textiles and wood. ",580,,,,,,,submit
2,Wikipedia_Exp_14.04,Wikipedia_Exp_13.04,33,Female,sg_1776172391075_2kvlx8,diffuse,2,,art_history,high-art-history,How do ancient works of art play a role in contemporary society?,task_end,2026-04-14T13:35:49.390Z,,,,,,,,,"Since ancient times, much of the finest art has represented a deliberate display of wealth or power, often achieved by using massive scale and expensive materials. Much art has been commissioned by political rulers or religious establishments, with more modest versions only available to the most wealthy in society. Nevertheless, there have been many periods where art of very high quality was available, in terms of ownership, across large parts of society, above all in cheap media such as pottery, which persists in the ground, and perishable media such as textiles and wood. ",580,,,,,
4,Wikipedia_Exp_14.04,Wikipedia_Exp_13.04,49,Male,sg_1776172667605_1klnnx,clumpy,0,1,practice,practice-capybaras,What do Capybaras eat?,attention_check_pass,2026-04-14T13:19:17.758Z,,,,,,,,,,,,,,,attempt_1
4,Wikipedia_Exp_14.04,Wikipedia_Exp_13.04,49,Male,sg_1776172667605_1klnnx,clumpy,0,1,practice,practice-capybaras,What do Capybaras eat?,familiarity_rating,2026-04-14T13:19:36.662Z,,,,,,,,,,,,,3,6,
4,Wikipedia_Exp_14.04,Wikipedia_Exp_13.04,49,Male,sg_1776172667605_1klnnx,clumpy,0,1,practice,practice-capybaras,What do Capybaras eat?,task_start,2026-04-14T13:19:36.815Z,,,,,,,,,,,,,,,
4,Wikipedia_Exp_14.04,Wikipedia_Exp_13.04,49,Male,sg_1776172667605_1klnnx,clumpy,0,1,practice,practice-capybaras,What do Capybaras eat?,article_open,2026-04-14T13:19:37.295Z,Capybara,Capybara,,4650,,,,,,,,,,,
4,Wikipedia_Exp_14.04,Wikipedia_Exp_13.04,49,Male,sg_1776172667605_1klnnx,clumpy,0,1,practice,practice-capybaras,What do Capybaras eat?,answer_snapshot,2026-04-14T13:21:20.686Z,,,,,,,Cap,3,,,,,,,debounce
4,Wikipedia_Exp_14.04,Wikipedia_Exp_13.04,49,Male,sg_1776172667605_1klnnx,clumpy,0,1,practice,practice-capybaras,What do Capybaras eat?,answer_snapshot,2026-04-14T13:21:25.085Z,,,,,,,Capybras ,9,,,,,,,debounce
4,Wikipedia_Exp_14.04,Wikipedia_Exp_13.04,49,Male,sg_1776172667605_1klnnx,clumpy,0,1,practice,practice-capybaras,What do Capybaras eat?,answer_snapshot,2026-04-14T13:21:34.988Z,,,,,,,Capybaras ,10,,,,,,,debounce
4,Wikipedia_Exp_14.04,Wikipedia_Exp_13.04,49,Male,sg_1776172667605_1klnnx,clumpy,0,1,practice,practice-capybaras,What do Capybaras eat?,answer_snapshot,2026-04-14T13:21:50.897Z,,,,,,,Capybaras are a semiaquatic ,28,,,,,,,debounce
4,Wikipedia_Exp_14.04,Wikipedia_Exp_13.04,49,Male,sg_1776172667605_1klnnx,clumpy,0,1,practice,practice-capybaras,What do Capybaras eat?,answer_snapshot,2026-04-14T13:21:55.414Z,,,,,,,Capybaras are a semiaquatic herb,32,,,,,,,debounce
4,Wikipedia_Exp_14.04,Wikipedia_Exp_13.04,49,Male,sg_1776172667605_1klnnx,clumpy,0,1,practice,practice-capybaras,What do Capybaras eat?,answer_snapshot,2026-04-14T13:21:59.445Z,,,,,,,Capybaras are a semiaquatic herbivore ,38,,,,,,,debounce
4,Wikipedia_Exp_14.04,Wikipedia_Exp_13.04,49,Male,sg_1776172667605_1klnnx,clumpy,0,1,practice,practice-capybaras,What do Capybaras eat?,answer_snapshot,2026-04-14T13:22:07.127Z,,,,,,,Capybaras are a semiaquatic herbivore that inhabits ,52,,,,,,,debounce
4,Wikipedia_Exp_14.04,Wikipedia_Exp_13.04,49,Male,sg_1776172667605_1klnnx,clumpy,0,1,practice,practice-capybaras,What do Capybaras eat?,answer_snapshot,2026-04-14T13:22:16.118Z,,,,,,,Capybaras are a semiaquatic herbivore that inhabits savannas and en,67,,,,,,,debounce
4,Wikipedia_Exp_14.04,Wikipedia_Exp_13.04,49,Male,sg_1776172667605_1klnnx,clumpy,0,1,practice,practice-capybaras,What do Capybaras eat?,answer_snapshot,2026-04-14T13:22:39.855Z,,,,,,,"Capybaras are a semiaquatic herbivore that inhabits savannas and dense forests, living near and in bodies of water ",115,,,,,,,debounce
4,Wikipedia_Exp_14.04,Wikipedia_Exp_13.04,49,Male,sg_1776172667605_1klnnx,clumpy,0,1,practice,practice-capybaras,What do Capybaras eat?,answer_snapshot,2026-04-14T13:22:47.969Z,,,,,,,"Capybaras are a semiaquatic herbivore that inhabits savannas and dense forests, living near and in bodies of water and feeding ",127,,,,,,,debounce
4,Wikipedia_Exp_14.04,Wikipedia_Exp_13.04,49,Male,sg_1776172667605_1klnnx,clumpy,0,1,practice,practice-capybaras,What do Capybaras eat?,answer_snapshot,2026-04-14T13:22:53.335Z,,,,,,,"Capybaras are a semiaquatic herbivore that inhabits savannas and dense forests, living near and in bodies of water and feeding mainly on ",137,,,,,,,debounce
4,Wikipedia_Exp_14.04,Wikipedia_Exp_13.04,49,Male,sg_1776172667605_1klnnx,clumpy,0,1,practice,practice-capybaras,What do Capybaras eat?,answer_snapshot,2026-04-14T13:23:09.363Z,,,,,,,"Capybaras are a semiaquatic herbivore that inhabits savannas and dense forests, living near and in bodies of water and feeding mainly on grasses and aquatic plants.
",165,,,,,,,debounce
4,Wikipedia_Exp_14.04,Wikipedia_Exp_13.04,49,Male,sg_1776172667605_1klnnx,clumpy,0,1,practice,practice-capybaras,What do Capybaras eat?,answer_snapshot,2026-04-14T13:23:53.822Z,,,,,,,"Capybaras are a semiaquatic herbivore that inhabits savannas and dense forests, living near and in bodies of water and feeding mainly on grasses and aquatic plants as well as 
",176,,,,,,,debounce
4,Wikipedia_Exp_14.04,Wikipedia_Exp_13.04,49,Male,sg_1776172667605_1klnnx,clumpy,0,1,practice,practice-capybaras,What do Capybaras eat?,answer_snapshot,2026-04-14T13:24:03.637Z,,,,,,,"Capybaras are a semiaquatic herbivore that inhabits savannas and dense forests, living near and in bodies of water and feeding mainly on grasses and aquatic plants as well as fruit and tree bark. 
",197,,,,,,,debounce
4,Wikipedia_Exp_14.04,Wikipedia_Exp_13.04,49,Male,sg_1776172667605_1klnnx,clumpy,0,1,practice,practice-capybaras,What do Capybaras eat?,answer_snapshot,2026-04-14T13:24:21.017Z,,,,,,,"Capybaras are a semiaquatic herbivore that inhabits savannas and dense forests, living near and in bodies of water and feeding mainly on grasses and aquatic plants as well as fruit and tree bark. They are very selective eaters 
",228,,,,,,,debounce
4,Wikipedia_Exp_14.04,Wikipedia_Exp_13.04,49,Male,sg_1776172667605_1klnnx,clumpy,0,1,practice,practice-capybaras,What do Capybaras eat?,answer_snapshot,2026-04-14T13:24:56.266Z,,,,,,,"Capybaras are a semiaquatic herbivore that inhabits savannas and dense forests, living near and in bodies of water and feeding mainly on grasses and aquatic plants as well as fruit and tree bark. They are very selective feeders and feed on the leaves of one species and disregard 
",281,,,,,,,debounce
4,Wikipedia_Exp_14.04,Wikipedia_Exp_13.04,49,Male,sg_1776172667605_1klnnx,clumpy,0,1,practice,practice-capybaras,What do Capybaras eat?,answer_snapshot,2026-04-14T13:25:00.685Z,,,,,,,"Capybaras are a semiaquatic herbivore that inhabits savannas and dense forests, living near and in bodies of water and feeding mainly on grasses and aquatic plants as well as fruit and tree bark. They are very selective feeders and feed on the leaves of one species and disregard other 
",287,,,,,,,debounce
4,Wikipedia_Exp_14.04,Wikipedia_Exp_13.04,49,Male,sg_1776172667605_1klnnx,clumpy,0,1,practice,practice-capybaras,What do Capybaras eat?,answer_snapshot,2026-04-14T13:25:10.642Z,,,,,,,"Capybaras are a semiaquatic herbivore that inhabits savannas and dense forests, living near and in bodies of water and feeding mainly on grasses and aquatic plants as well as fruit and tree bark. They are very selective feeders and feed on the leaves of one species and disregard other species surrounding it 
",310,,,,,,,debounce
4,Wikipedia_Exp_14.04,Wikipedia_Exp_13.04,49,Male,sg_1776172667605_1klnnx,clumpy,0,1,practice,practice-capybaras,What do Capybaras eat?,answer_snapshot,2026-04-14T13:25:13.255Z,,,,,,,"Capybaras are a semiaquatic herbivore that inhabits savannas and dense forests, living near and in bodies of water and feeding mainly on grasses and aquatic plants as well as fruit and tree bark. They are very selective feeders and feed on the leaves of one species and disregard other species surrounding it .
",311,,,,,,,debounce
4,Wikipedia_Exp_14.04,Wikipedia_Exp_13.04,49,Male,sg_1776172667605_1klnnx,clumpy,0,1,practice,practice-capybaras,What do Capybaras eat?,answer_snapshot,2026-04-14T13:25:59.305Z,,,,,,,"Capybaras are a semiaquatic herbivore that inhabits savannas and dense forests, living near and in bodies of water and feeding mainly on grasses and aquatic plants as well as fruit and tree bark. They are very selective feeders and feed on the leaves of one species and disregard other species surrounding it .They eat a greater variety of 
",341,,,,,,,debounce
4,Wikipedia_Exp_14.04,Wikipedia_Exp_13.04,49,Male,sg_1776172667605_1klnnx,clumpy,0,1,practice,practice-capybaras,What do Capybaras eat?,answer_snapshot,2026-04-14T13:26:12.455Z,,,,,,,"Capybaras are a semiaquatic herbivore that inhabits savannas and dense forests, living near and in bodies of water and feeding mainly on grasses and aquatic plants as well as fruit and tree bark. They are very selective feeders and feed on the leaves of one species and disregard other species surrounding it .They eat a greater variety of plants during the dry season
",369,,,,,,,debounce
4,Wikipedia_Exp_14.04,Wikipedia_Exp_13.04,49,Male,sg_1776172667605_1klnnx,clumpy,0,1,practice,practice-capybaras,What do Capybaras eat?,answer_snapshot,2026-04-14T13:26:25.603Z,,,,,,,"Capybaras are a semiaquatic herbivore that inhabits savannas and dense forests, living near and in bodies of water and feeding mainly on grasses and aquatic plants as well as fruit and tree bark. They are very selective feeders and feed on the leaves of one species and disregard other species surrounding it .They eat a greater variety of plants during the dry season, as fewer plants are available
",400,,,,,,,debounce
4,Wikipedia_Exp_14.04,Wikipedia_Exp_13.04,49,Male,sg_1776172667605_1klnnx,clumpy,0,1,practice,practice-capybaras,What do Capybaras eat?,answer_snapshot,2026-04-14T13:26:40.539Z,,,,,,,"Capybaras are a semiaquatic herbivore that inhabits savannas and dense forests, living near and in bodies of water and feeding mainly on grasses and aquatic plants as well as fruit and tree bark. They are very selective feeders and feed on the leaves of one species and disregard other species surrounding it .They eat a greater variety of plants during the dry season, as fewer plants are available. While 
",408,,,,,,,debounce
4,Wikipedia_Exp_14.04,Wikipedia_Exp_13.04,49,Male,sg_1776172667605_1klnnx,clumpy,0,1,practice,practice-capybaras,What do Capybaras eat?,answer_snapshot,2026-04-14T13:26:45.755Z,,,,,,,"Capybaras are a semiaquatic herbivore that inhabits savannas and dense forests, living near and in bodies of water and feeding mainly on grasses and aquatic plants as well as fruit and tree bark. They are very selective feeders and feed on the leaves of one species and disregard other species surrounding it .They eat a greater variety of plants during the dry season, as fewer plants are available. While they eat 
",417,,,,,,,debounce
4,Wikipedia_Exp_14.04,Wikipedia_Exp_13.04,49,Male,sg_1776172667605_1klnnx,clumpy,0,1,practice,practice-capybaras,What do Capybaras eat?,answer_snapshot,2026-04-14T13:27:07.149Z,,,,,,,"Capybaras are a semiaquatic herbivore that inhabits savannas and dense forests, living near and in bodies of water and feeding mainly on grasses and aquatic plants as well as fruit and tree bark. They are very selective feeders and feed on the leaves of one species and disregard other species surrounding it .They eat a greater variety of plants during the dry season, as fewer plants are available. While they eat grass during the wet season, they have to switch 
",466,,,,,,,debounce
4,Wikipedia_Exp_14.04,Wikipedia_Exp_13.04,49,Male,sg_1776172667605_1klnnx,clumpy,0,1,practice,practice-capybaras,What do Capybaras eat?,answer_snapshot,2026-04-14T13:27:17.022Z,,,,,,,"Capybaras are a semiaquatic herbivore that inhabits savannas and dense forests, living near and in bodies of water and feeding mainly on grasses and aquatic plants as well as fruit and tree bark. They are very selective feeders and feed on the leaves of one species and disregard other species surrounding it .They eat a greater variety of plants during the dry season, as fewer plants are available. While they eat grass during the wet season, they have to switch to more abundant 
",483,,,,,,,debounce
4,Wikipedia_Exp_14.04,Wikipedia_Exp_13.04,49,Male,sg_1776172667605_1klnnx,clumpy,0,1,practice,practice-capybaras,What do Capybaras eat?,answer_snapshot,2026-04-14T13:27:32.833Z,,,,,,,"Capybaras are a semiaquatic herbivore that inhabits savannas and dense forests, living near and in bodies of water and feeding mainly on grasses and aquatic plants as well as fruit and tree bark. They are very selective feeders and feed on the leaves of one species and disregard other species surrounding it .They eat a greater variety of plants during the dry season, as fewer plants are available. While they eat grass during the wet season, they have to switch to more abundant reeds during the dry season.
",511,,,,,,,debounce
4,Wikipedia_Exp_14.04,Wikipedia_Exp_13.04,49,Male,sg_1776172667605_1klnnx,clumpy,0,1,practice,practice-capybaras,What do Capybaras eat?,answer_snapshot_cursor_leave,2026-04-14T13:28:01.585Z,,,,,,,"Capybaras are a semiaquatic herbivore that inhabits savannas and dense forests, living near and in bodies of water and feeding mainly on grasses and aquatic plants as well as fruit and tree bark. They are very selective feeders and feed on the leaves of one species and disregard other species surrounding it .They eat a greater variety of plants during the dry season, as fewer plants are available. While they eat grass during the wet season, they have to switch to more abundant reeds during the dry season.
",511,,,,,,,cursor_leave
4,Wikipedia_Exp_14.04,Wikipedia_Exp_13.04,49,Male,sg_1776172667605_1klnnx,clumpy,0,1,practice,practice-capybaras,What do Capybaras eat?,link_click,2026-04-14T13:28:01.734Z,Josephoartigasia_monesi,,Capybara,,,,,,,,,,,,
4,Wikipedia_Exp_14.04,Wikipedia_Exp_13.04,49,Male,sg_1776172667605_1klnnx,clumpy,0,1,practice,practice-capybaras,What do Capybaras eat?,article_open,2026-04-14T13:28:03.201Z,Josephoartigasia_monesi,Josephoartigasia,,5300,link_click,,,,,,,,,,
4,Wikipedia_Exp_14.04,Wikipedia_Exp_13.04,49,Male,sg_1776172667605_1klnnx,clumpy,0,1,practice,practice-capybaras,What do Capybaras eat?,answer_snapshot,2026-04-14T13:29:21.790Z,,,,,,,"Capybaras are a semiaquatic herbivore that inhabits savannas and dense forests, living near and in bodies of water and feeding mainly on grasses and aquatic plants as well as fruit and tree bark. They are very selective feeders and feed on the leaves of one species and disregard other species surrounding it .They eat a greater variety of plants during the dry season, as fewer plants are available. While they eat grass during the wet season, they have to switch to more abundant reeds during the dry season.
",511,,,,,,,submit
4,Wikipedia_Exp_14.04,Wikipedia_Exp_13.04,49,Male,sg_1776172667605_1klnnx,clumpy,0,1,practice,practice-capybaras,What do Capybaras eat?,task_end,2026-04-14T13:29:21.790Z,,,,,,,,,"Capybaras are a semiaquatic herbivore that inhabits savannas and dense forests, living near and in bodies of water and feeding mainly on grasses and aquatic plants as well as fruit and tree bark. They are very selective feeders and feed on the leaves of one species and disregard other species surrounding it .They eat a greater variety of plants during the dry season, as fewer plants are available. While they eat grass during the wet season, they have to switch to more abundant reeds during the dry season.
",511,,,,,
4,Wikipedia_Exp_14.04,Wikipedia_Exp_13.04,49,Male,sg_1776172667605_1klnnx,clumpy,1,,art_history,high-art-history,How do ancient works of art play a role in contemporary society?,familiarity_rating,2026-04-14T13:29:39.718Z,,,,,,,,,,,,,1,4,
4,Wikipedia_Exp_14.04,Wikipedia_Exp_13.04,49,Male,sg_1776172667605_1klnnx,clumpy,1,,art_history,high-art-history,How do ancient works of art play a role in contemporary society?,task_start,2026-04-14T13:29:39.897Z,,,,,,,,,,,,,,,
4,Wikipedia_Exp_14.04,Wikipedia_Exp_13.04,49,Male,sg_1776172667605_1klnnx,clumpy,1,,art_history,high-art-history,How do ancient works of art play a role in contemporary society?,search,2026-04-14T13:30:03.817Z,,,,,,an,,,,,,,,,
4,Wikipedia_Exp_14.04,Wikipedia_Exp_13.04,49,Male,sg_1776172667605_1klnnx,clumpy,1,,art_history,high-art-history,How do ancient works of art play a role in contemporary society?,search,2026-04-14T13:30:04.329Z,,,,,,anci,,,,,,,,,
4,Wikipedia_Exp_14.04,Wikipedia_Exp_13.04,49,Male,sg_1776172667605_1klnnx,clumpy,1,,art_history,high-art-history,How do ancient works of art play a role in contemporary society?,search,2026-04-14T13:30:04.720Z,,,,,,ancien,,,,,,,,,
4,Wikipedia_Exp_14.04,Wikipedia_Exp_13.04,49,Male,sg_1776172667605_1klnnx,clumpy,1,,art_history,high-art-history,How do ancient works of art play a role in contemporary society?,search,2026-04-14T13:30:05.371Z,,,,,,ancient,,,,,,,,,
4,Wikipedia_Exp_14.04,Wikipedia_Exp_13.04,49,Male,sg_1776172667605_1klnnx,clumpy,1,,art_history,high-art-history,How do ancient works of art play a role in contemporary society?,search,2026-04-14T13:30:05.752Z,,,,,,ancient ,,,,,,,,,
4,Wikipedia_Exp_14.04,Wikipedia_Exp_13.04,49,Male,sg_1776172667605_1klnnx,clumpy,1,,art_history,high-art-history,How do ancient works of art play a role in contemporary society?,search,2026-04-14T13:30:09.659Z,,,,,,ancient a,,,,,,,,,
4,Wikipedia_Exp_14.04,Wikipedia_Exp_13.04,49,Male,sg_1776172667605_1klnnx,clumpy,1,,art_history,high-art-history,How do ancient works of art play a role in contemporary society?,search,2026-04-14T13:30:09.936Z,,,,,,ancient ar,,,,,,,,,
4,Wikipedia_Exp_14.04,Wikipedia_Exp_13.04,49,Male,sg_1776172667605_1klnnx,clumpy,1,,art_history,high-art-history,How do ancient works of art play a role in contemporary society?,search,2026-04-14T13:30:10.556Z,,,,,,ancient art ,,,,,,,,,
4,Wikipedia_Exp_14.04,Wikipedia_Exp_13.04,49,Male,sg_1776172667605_1klnnx,clumpy,1,,art_history,high-art-history,How do ancient works of art play a role in contemporary society?,search,2026-04-14T13:30:16.735Z,,,,,,ancient art i,,,,,,,,,
4,Wikipedia_Exp_14.04,Wikipedia_Exp_13.04,49,Male,sg_1776172667605_1klnnx,clumpy,1,,art_history,high-art-history,How do ancient works of art play a role in contemporary society?,search,2026-04-14T13:30:17.098Z,,,,,,ancient art in,,,,,,,,,
4,Wikipedia_Exp_14.04,Wikipedia_Exp_13.04,49,Male,sg_1776172667605_1klnnx,clumpy,1,,art_history,high-art-history,How do ancient works of art play a role in contemporary society?,search,2026-04-14T13:30:17.613Z,,,,,,ancient art in ,,,,,,,,,
4,Wikipedia_Exp_14.04,Wikipedia_Exp_13.04,49,Male,sg_1776172667605_1klnnx,clumpy,1,,art_history,high-art-history,How do ancient works of art play a role in contemporary society?,search,2026-04-14T13:30:19.203Z,,,,,,ancient art in moder,,,,,,,,,
4,Wikipedia_Exp_14.04,Wikipedia_Exp_13.04,49,Male,sg_1776172667605_1klnnx,clumpy,1,,art_history,high-art-history,How do ancient works of art play a role in contemporary society?,search,2026-04-14T13:30:19.820Z,,,,,,ancient art in modern ,,,,,,,,,
4,Wikipedia_Exp_14.04,Wikipedia_Exp_13.04,49,Male,sg_1776172667605_1klnnx,clumpy,1,,art_history,high-art-history,How do ancient works of art play a role in contemporary society?,search,2026-04-14T13:30:20.315Z,,,,,,ancient art in modern s,,,,,,,,,
4,Wikipedia_Exp_14.04,Wikipedia_Exp_13.04,49,Male,sg_1776172667605_1klnnx,clumpy,1,,art_history,high-art-history,How do ancient works of art play a role in contemporary society?,search,2026-04-14T13:30:20.754Z,,,,,,ancient art in modern so,,,,,,,,,
4,Wikipedia_Exp_14.04,Wikipedia_Exp_13.04,49,Male,sg_1776172667605_1klnnx,clumpy,1,,art_history,high-art-history,How do ancient works of art play a role in contemporary society?,search,2026-04-14T13:30:21.605Z,,,,,,ancient art in modern soci,,,,,,,,,
4,Wikipedia_Exp_14.04,Wikipedia_Exp_13.04,49,Male,sg_1776172667605_1klnnx,clumpy,1,,art_history,high-art-history,How do ancient works of art play a role in contemporary society?,search,2026-04-14T13:30:22.674Z,,,,,,ancient art in modern society,,,,,,,,,
4,Wikipedia_Exp_14.04,Wikipedia_Exp_13.04,49,Male,sg_1776172667605_1klnnx,clumpy,1,,art_history,high-art-history,How do ancient works of art play a role in contemporary society?,search,2026-04-14T13:30:41.667Z,,,,,,ancient art in modern societ,,,,,,,,,
4,Wikipedia_Exp_14.04,Wikipedia_Exp_13.04,49,Male,sg_1776172667605_1klnnx,clumpy,1,,art_history,high-art-history,How do ancient works of art play a role in contemporary society?,search,2026-04-14T13:30:42.512Z,,,,,,ancient art in mode,,,,,,,,,
4,Wikipedia_Exp_14.04,Wikipedia_Exp_13.04,49,Male,sg_1776172667605_1klnnx,clumpy,1,,art_history,high-art-history,How do ancient works of art play a role in contemporary society?,search,2026-04-14T13:30:42.938Z,,,,,,ancient art in mo,,,,,,,,,
4,Wikipedia_Exp_14.04,Wikipedia_Exp_13.04,49,Male,sg_1776172667605_1klnnx,clumpy,1,,art_history,high-art-history,How do ancient works of art play a role in contemporary society?,search,2026-04-14T13:30:44.209Z,,,,,,ancient art,,,,,,,,,
4,Wikipedia_Exp_14.04,Wikipedia_Exp_13.04,49,Male,sg_1776172667605_1klnnx,clumpy,1,,art_history,high-art-history,How do ancient works of art play a role in contemporary society?,search,2026-04-14T13:30:44.729Z,,,,,,ancient a,,,,,,,,,
4,Wikipedia_Exp_14.04,Wikipedia_Exp_13.04,49,Male,sg_1776172667605_1klnnx,clumpy,1,,art_history,high-art-history,How do ancient works of art play a role in contemporary society?,article_open,2026-04-14T13:30:48.715Z,Ancient_Greek,Ancient Greek,,7751,search,,,,,,,,,,
4,Wikipedia_Exp_14.04,Wikipedia_Exp_13.04,49,Male,sg_1776172667605_1klnnx,clumpy,1,,art_history,high-art-history,How do ancient works of art play a role in contemporary society?,search,2026-04-14T13:30:54.168Z,,,,,,anci,,,,,,,,,
4,Wikipedia_Exp_14.04,Wikipedia_Exp_13.04,49,Male,sg_1776172667605_1klnnx,clumpy,1,,art_history,high-art-history,How do ancient works of art play a role in contemporary society?,search,2026-04-14T13:30:54.387Z,,,,,,ancie,,,,,,,,,
4,Wikipedia_Exp_14.04,Wikipedia_Exp_13.04,49,Male,sg_1776172667605_1klnnx,clumpy,1,,art_history,high-art-history,How do ancient works of art play a role in contemporary society?,search,2026-04-14T13:30:55.296Z,,,,,,ancient ,,,,,,,,,
4,Wikipedia_Exp_14.04,Wikipedia_Exp_13.04,49,Male,sg_1776172667605_1klnnx,clumpy,1,,art_history,high-art-history,How do ancient works of art play a role in contemporary society?,search,2026-04-14T13:30:55.713Z,,,,,,ancient a,,,,,,,,,
4,Wikipedia_Exp_14.04,Wikipedia_Exp_13.04,49,Male,sg_1776172667605_1klnnx,clumpy,1,,art_history,high-art-history,How do ancient works of art play a role in contemporary society?,search,2026-04-14T13:30:56.071Z,,,,,,ancient ar,,,,,,,,,
4,Wikipedia_Exp_14.04,Wikipedia_Exp_13.04,49,Male,sg_1776172667605_1klnnx,clumpy,1,,art_history,high-art-history,How do ancient works of art play a role in contemporary society?,search,2026-04-14T13:30:56.500Z,,,,,,ancient art,,,,,,,,,
4,Wikipedia_Exp_14.04,Wikipedia_Exp_13.04,49,Male,sg_1776172667605_1klnnx,clumpy,1,,art_history,high-art-history,How do ancient works of art play a role in contemporary society?,search,2026-04-14T13:30:56.898Z,,,,,,ancient art ,,,,,,,,,
4,Wikipedia_Exp_14.04,Wikipedia_Exp_13.04,49,Male,sg_1776172667605_1klnnx,clumpy,1,,art_history,high-art-history,How do ancient works of art play a role in contemporary society?,article_open,2026-04-14T13:30:59.167Z,Ancient_art,Ancient art,,9179,search,,,,,,,,,,
4,Wikipedia_Exp_14.04,Wikipedia_Exp_13.04,49,Male,sg_1776172667605_1klnnx,clumpy,1,,art_history,high-art-history,How do ancient works of art play a role in contemporary society?,link_click,2026-04-14T13:31:38.886Z,Contemporary_art,,Ancient_art,,,,,,,,,,,,
4,Wikipedia_Exp_14.04,Wikipedia_Exp_13.04,49,Male,sg_1776172667605_1klnnx,clumpy,1,,art_history,high-art-history,How do ancient works of art play a role in contemporary society?,article_open,2026-04-14T13:31:39.099Z,Contemporary_art,Contemporary art,,4804,link_click,,,,,,,,,,
4,Wikipedia_Exp_14.04,Wikipedia_Exp_13.04,49,Male,sg_1776172667605_1klnnx,clumpy,1,,art_history,high-art-history,How do ancient works of art play a role in contemporary society?,link_click,2026-04-14T13:33:36.998Z,Art_history,,Contemporary_art,,,,,,,,,,,,
4,Wikipedia_Exp_14.04,Wikipedia_Exp_13.04,49,Male,sg_1776172667605_1klnnx,clumpy,1,,art_history,high-art-history,How do ancient works of art play a role in contemporary society?,article_open,2026-04-14T13:33:38.627Z,Art_history,Art history,,4903,link_click,,,,,,,,,,
4,Wikipedia_Exp_14.04,Wikipedia_Exp_13.04,49,Male,sg_1776172667605_1klnnx,clumpy,1,,art_history,high-art-history,How do ancient works of art play a role in contemporary society?,paste,2026-04-14T13:34:43.516Z,,,,,,,,,,,"Art historians employ a number of methods in their research so they can examine work in the context of its time. This is professionally done in a manner which respects its creator's motivations and imperatives; with consideration of the desires and prejudices of its patrons and sponsors. A comparative analysis of themes and approaches of the creator's colleagues and teachers along with consideration of iconography and symbolism is part of the examination. In short, this approach examines the work of art in the context of the world within which it was created",564,,,
4,Wikipedia_Exp_14.04,Wikipedia_Exp_13.04,49,Male,sg_1776172667605_1klnnx,clumpy,1,,art_history,high-art-history,How do ancient works of art play a role in contemporary society?,answer_snapshot,2026-04-14T13:34:45.518Z,,,,,,,"Art historians employ a number of methods in their research so they can examine work in the context of its time. This is professionally done in a manner which respects its creator's motivations and imperatives; with consideration of the desires and prejudices of its patrons and sponsors. A comparative analysis of themes and approaches of the creator's colleagues and teachers along with consideration of iconography and symbolism is part of the examination. In short, this approach examines the work of art in the context of the world within which it was created",564,,,,,,,debounce
4,Wikipedia_Exp_14.04,Wikipedia_Exp_13.04,49,Male,sg_1776172667605_1klnnx,clumpy,1,,art_history,high-art-history,How do ancient works of art play a role in contemporary society?,answer_snapshot_cursor_leave,2026-04-14T13:35:42.815Z,,,,,,,"Art historians employ a number of methods in their research so they can examine work in the context of its time. This is professionally done in a manner which respects its creator's motivations and imperatives; with consideration of the desires and prejudices of its patrons and sponsors. A comparative analysis of themes and approaches of the creator's colleagues and teachers along with consideration of iconography and symbolism is part of the examination. In short, this approach examines the work of art in the context of the world within which it was created",564,,,,,,,cursor_leave
4,Wikipedia_Exp_14.04,Wikipedia_Exp_13.04,49,Male,sg_1776172667605_1klnnx,clumpy,1,,art_history,high-art-history,How do ancient works of art play a role in contemporary society?,back_navigation,2026-04-14T13:35:42.958Z,Contemporary_art,,Art_history,,,,,,,,,,,,
4,Wikipedia_Exp_14.04,Wikipedia_Exp_13.04,49,Male,sg_1776172667605_1klnnx,clumpy,1,,art_history,high-art-history,How do ancient works of art play a role in contemporary society?,article_open,2026-04-14T13:35:43.176Z,Contemporary_art,Contemporary art,,4804,back,,,,,,,,,,
4,Wikipedia_Exp_14.04,Wikipedia_Exp_13.04,49,Male,sg_1776172667605_1klnnx,clumpy,1,,art_history,high-art-history,How do ancient works of art play a role in contemporary society?,back_navigation,2026-04-14T13:35:53.774Z,Ancient_art,,Contemporary_art,,,,,,,,,,,,
4,Wikipedia_Exp_14.04,Wikipedia_Exp_13.04,49,Male,sg_1776172667605_1klnnx,clumpy,1,,art_history,high-art-history,How do ancient works of art play a role in contemporary society?,article_open,2026-04-14T13:35:54.008Z,Ancient_art,Ancient art,,9179,back,,,,,,,,,,
4,Wikipedia_Exp_14.04,Wikipedia_Exp_13.04,49,Male,sg_1776172667605_1klnnx,clumpy,1,,art_history,high-art-history,How do ancient works of art play a role in contemporary society?,back_navigation,2026-04-14T13:35:56.109Z,Ancient_Greek,,Ancient_art,,,,,,,,,,,,
4,Wikipedia_Exp_14.04,Wikipedia_Exp_13.04,49,Male,sg_1776172667605_1klnnx,clumpy,1,,art_history,high-art-history,How do ancient works of art play a role in contemporary society?,article_open,2026-04-14T13:35:56.402Z,Ancient_Greek,Ancient Greek,,7751,back,,,,,,,,,,
4,Wikipedia_Exp_14.04,Wikipedia_Exp_13.04,49,Male,sg_1776172667605_1klnnx,clumpy,1,,art_history,high-art-history,How do ancient works of art play a role in contemporary society?,search,2026-04-14T13:36:06.669Z,,,,,,anc,,,,,,,,,
4,Wikipedia_Exp_14.04,Wikipedia_Exp_13.04,49,Male,sg_1776172667605_1klnnx,clumpy,1,,art_history,high-art-history,How do ancient works of art play a role in contemporary society?,search,2026-04-14T13:36:07.070Z,,,,,,anci,,,,,,,,,
4,Wikipedia_Exp_14.04,Wikipedia_Exp_13.04,49,Male,sg_1776172667605_1klnnx,clumpy,1,,art_history,high-art-history,How do ancient works of art play a role in contemporary society?,search,2026-04-14T13:36:07.191Z,,,,,,ancie,,,,,,,,,
4,Wikipedia_Exp_14.04,Wikipedia_Exp_13.04,49,Male,sg_1776172667605_1klnnx,clumpy,1,,art_history,high-art-history,How do ancient works of art play a role in contemporary society?,search,2026-04-14T13:36:09.017Z,,,,,,ancient art ,,,,,,,,,
4,Wikipedia_Exp_14.04,Wikipedia_Exp_13.04,49,Male,sg_1776172667605_1klnnx,clumpy,1,,art_history,high-art-history,How do ancient works of art play a role in contemporary society?,search,2026-04-14T13:36:11.123Z,,,,,,ancient art i,,,,,,,,,
4,Wikipedia_Exp_14.04,Wikipedia_Exp_13.04,49,Male,sg_1776172667605_1klnnx,clumpy,1,,art_history,high-art-history,How do ancient works of art play a role in contemporary society?,search,2026-04-14T13:36:11.415Z,,,,,,ancient art in,,,,,,,,,
4,Wikipedia_Exp_14.04,Wikipedia_Exp_13.04,49,Male,sg_1776172667605_1klnnx,clumpy,1,,art_history,high-art-history,How do ancient works of art play a role in contemporary society?,search,2026-04-14T13:36:11.845Z,,,,,,ancient art in ,,,,,,,,,
4,Wikipedia_Exp_14.04,Wikipedia_Exp_13.04,49,Male,sg_1776172667605_1klnnx,clumpy,1,,art_history,high-art-history,How do ancient works of art play a role in contemporary society?,search,2026-04-14T13:36:12.292Z,,,,,,ancient art in m,,,,,,,,,
4,Wikipedia_Exp_14.04,Wikipedia_Exp_13.04,49,Male,sg_1776172667605_1klnnx,clumpy,1,,art_history,high-art-history,How do ancient works of art play a role in contemporary society?,search,2026-04-14T13:36:12.753Z,,,,,,ancient art in mo,,,,,,,,,
4,Wikipedia_Exp_14.04,Wikipedia_Exp_13.04,49,Male,sg_1776172667605_1klnnx,clumpy,1,,art_history,high-art-history,How do ancient works of art play a role in contemporary society?,search,2026-04-14T13:36:13.046Z,,,,,,ancient art in mod,,,,,,,,,
4,Wikipedia_Exp_14.04,Wikipedia_Exp_13.04,49,Male,sg_1776172667605_1klnnx,clumpy,1,,art_history,high-art-history,How do ancient works of art play a role in contemporary society?,search,2026-04-14T13:36:13.621Z,,,,,,ancient art in moder,,,,,,,,,
4,Wikipedia_Exp_14.04,Wikipedia_Exp_13.04,49,Male,sg_1776172667605_1klnnx,clumpy,1,,art_history,high-art-history,How do ancient works of art play a role in contemporary society?,search,2026-04-14T13:36:14.052Z,,,,,,ancient art in modern,,,,,,,,,
4,Wikipedia_Exp_14.04,Wikipedia_Exp_13.04,49,Male,sg_1776172667605_1klnnx,clumpy,1,,art_history,high-art-history,How do ancient works of art play a role in contemporary society?,search,2026-04-14T13:36:16.909Z,,,,,,ancient art in modern ,,,,,,,,,
4,Wikipedia_Exp_14.04,Wikipedia_Exp_13.04,49,Male,sg_1776172667605_1klnnx,clumpy,1,,art_history,high-art-history,How do ancient works of art play a role in contemporary society?,search,2026-04-14T13:36:18.498Z,,,,,,ancient art in modern time,,,,,,,,,
4,Wikipedia_Exp_14.04,Wikipedia_Exp_13.04,49,Male,sg_1776172667605_1klnnx,clumpy,1,,art_history,high-art-history,How do ancient works of art play a role in contemporary society?,search,2026-04-14T13:36:19.382Z,,,,,,ancient art in modern times,,,,,,,,,
4,Wikipedia_Exp_14.04,Wikipedia_Exp_13.04,49,Male,sg_1776172667605_1klnnx,clumpy,1,,art_history,high-art-history,How do ancient works of art play a role in contemporary society?,article_open,2026-04-14T13:36:35.281Z,The_Story_of_Art,The Story of Art,,1809,search,,,,,,,,,,
4,Wikipedia_Exp_14.04,Wikipedia_Exp_13.04,49,Male,sg_1776172667605_1klnnx,clumpy,1,,art_history,high-art-history,How do ancient works of art play a role in contemporary society?,back_navigation,2026-04-14T13:37:10.870Z,Ancient_Greek,,The_Story_of_Art,,,,,,,,,,,,
4,Wikipedia_Exp_14.04,Wikipedia_Exp_13.04,49,Male,sg_1776172667605_1klnnx,clumpy,1,,art_history,high-art-history,How do ancient works of art play a role in contemporary society?,article_open,2026-04-14T13:37:11.143Z,Ancient_Greek,Ancient Greek,,7751,back,,,,,,,,,,
4,Wikipedia_Exp_14.04,Wikipedia_Exp_13.04,49,Male,sg_1776172667605_1klnnx,clumpy,1,,art_history,high-art-history,How do ancient works of art play a role in contemporary society?,article_open,2026-04-14T13:37:20.125Z,Ancient_Greek_art,Ancient Greek art,,16241,search,,,,,,,,,,
4,Wikipedia_Exp_14.04,Wikipedia_Exp_13.04,49,Male,sg_1776172667605_1klnnx,clumpy,1,,art_history,high-art-history,How do ancient works of art play a role in contemporary society?,search,2026-04-14T13:37:31.117Z,,,,,,an,,,,,,,,,
4,Wikipedia_Exp_14.04,Wikipedia_Exp_13.04,49,Male,sg_1776172667605_1klnnx,clumpy,1,,art_history,high-art-history,How do ancient works of art play a role in contemporary society?,search,2026-04-14T13:37:31.433Z,,,,,,anci,,,,,,,,,
4,Wikipedia_Exp_14.04,Wikipedia_Exp_13.04,49,Male,sg_1776172667605_1klnnx,clumpy,1,,art_history,high-art-history,How do ancient works of art play a role in contemporary society?,search,2026-04-14T13:37:32.676Z,,,,,,ancient ,,,,,,,,,
4,Wikipedia_Exp_14.04,Wikipedia_Exp_13.04,49,Male,sg_1776172667605_1klnnx,clumpy,1,,art_history,high-art-history,How do ancient works of art play a role in contemporary society?,search,2026-04-14T13:37:33.171Z,,,,,,ancient a,,,,,,,,,
4,Wikipedia_Exp_14.04,Wikipedia_Exp_13.04,49,Male,sg_1776172667605_1klnnx,clumpy,1,,art_history,high-art-history,How do ancient works of art play a role in contemporary society?,search,2026-04-14T13:37:34.150Z,,,,,,ancient art ,,,,,,,,,
4,Wikipedia_Exp_14.04,Wikipedia_Exp_13.04,49,Male,sg_1776172667605_1klnnx,clumpy,1,,art_history,high-art-history,How do ancient works of art play a role in contemporary society?,search,2026-04-14T13:37:35.150Z,,,,,,ancient art ,,,,,,,,,
4,Wikipedia_Exp_14.04,Wikipedia_Exp_13.04,49,Male,sg_1776172667605_1klnnx,clumpy,1,,art_history,high-art-history,How do ancient works of art play a role in contemporary society?,article_open,2026-04-14T13:37:39.881Z,Ancient_art,Ancient art,,9179,search,,,,,,,,,,
4,Wikipedia_Exp_14.04,Wikipedia_Exp_13.04,49,Male,sg_1776172667605_1klnnx,clumpy,1,,art_history,high-art-history,How do ancient works of art play a role in contemporary society?,link_click,2026-04-14T13:38:42.462Z,Periods_in_Western_art_history,,Ancient_art,,,,,,,,,,,,
4,Wikipedia_Exp_14.04,Wikipedia_Exp_13.04,49,Male,sg_1776172667605_1klnnx,clumpy,1,,art_history,high-art-history,How do ancient works of art play a role in contemporary society?,article_open,2026-04-14T13:38:43.700Z,Periods_in_Western_art_history,Periods in Western art history,,2983,link_click,,,,,,,,,,
4,Wikipedia_Exp_14.04,Wikipedia_Exp_13.04,49,Male,sg_1776172667605_1klnnx,clumpy,1,,art_history,high-art-history,How do ancient works of art play a role in contemporary society?,link_click,2026-04-14T13:39:07.246Z,Contemporary_art,,Periods_in_Western_art_history,,,,,,,,,,,,
4,Wikipedia_Exp_14.04,Wikipedia_Exp_13.04,49,Male,sg_1776172667605_1klnnx,clumpy,1,,art_history,high-art-history,How do ancient works of art play a role in contemporary society?,article_open,2026-04-14T13:39:07.463Z,Contemporary_art,Contemporary art,,4804,link_click,,,,,,,,,,
4,Wikipedia_Exp_14.04,Wikipedia_Exp_13.04,49,Male,sg_1776172667605_1klnnx,clumpy,1,,art_history,high-art-history,How do ancient works of art play a role in contemporary society?,answer_snapshot,2026-04-14T13:39:43.070Z,,,,,,,"Art historians employ a number of methods in their research so they can examine work in the context of its time. This is professionally done in a manner which respects its creator's motivations and imperatives; with consideration of the desires and prejudices of its patrons and sponsors. A comparative analysis of themes and approaches of the creator's colleagues and teachers along with consideration of iconography and symbolism is part of the examination. In short, this approach examines the work of art in the context of the world within which it was created",564,,,,,,,submit
4,Wikipedia_Exp_14.04,Wikipedia_Exp_13.04,49,Male,sg_1776172667605_1klnnx,clumpy,1,,art_history,high-art-history,How do ancient works of art play a role in contemporary society?,task_end,2026-04-14T13:39:43.070Z,,,,,,,,,"Art historians employ a number of methods in their research so they can examine work in the context of its time. This is professionally done in a manner which respects its creator's motivations and imperatives; with consideration of the desires and prejudices of its patrons and sponsors. A comparative analysis of themes and approaches of the creator's colleagues and teachers along with consideration of iconography and symbolism is part of the examination. In short, this approach examines the work of art in the context of the world within which it was created",564,,,,,
4,Wikipedia_Exp_14.04,Wikipedia_Exp_13.04,49,Male,sg_1776172667605_1klnnx,clumpy,2,,psychology,high-psychology,What brain mechanisms help people make scientific discoveries?,familiarity_rating,2026-04-14T13:40:09.038Z,,,,,,,,,,,,,1,4,
4,Wikipedia_Exp_14.04,Wikipedia_Exp_13.04,49,Male,sg_1776172667605_1klnnx,clumpy,2,,psychology,high-psychology,What brain mechanisms help people make scientific discoveries?,task_start,2026-04-14T13:40:09.204Z,,,,,,,,,,,,,,,
4,Wikipedia_Exp_14.04,Wikipedia_Exp_13.04,49,Male,sg_1776172667605_1klnnx,clumpy,2,,psychology,high-psychology,What brain mechanisms help people make scientific discoveries?,search,2026-04-14T13:40:15.691Z,,,,,,b,,,,,,,,,
4,Wikipedia_Exp_14.04,Wikipedia_Exp_13.04,49,Male,sg_1776172667605_1klnnx,clumpy,2,,psychology,high-psychology,What brain mechanisms help people make scientific discoveries?,search,2026-04-14T13:40:16.146Z,,,,,,br,,,,,,,,,
4,Wikipedia_Exp_14.04,Wikipedia_Exp_13.04,49,Male,sg_1776172667605_1klnnx,clumpy,2,,psychology,high-psychology,What brain mechanisms help people make scientific discoveries?,search,2026-04-14T13:40:17.125Z,,,,,,brain,,,,,,,,,
4,Wikipedia_Exp_14.04,Wikipedia_Exp_13.04,49,Male,sg_1776172667605_1klnnx,clumpy,2,,psychology,high-psychology,What brain mechanisms help people make scientific discoveries?,search,2026-04-14T13:40:17.545Z,,,,,,brain ,,,,,,,,,
4,Wikipedia_Exp_14.04,Wikipedia_Exp_13.04,49,Male,sg_1776172667605_1klnnx,clumpy,2,,psychology,high-psychology,What brain mechanisms help people make scientific discoveries?,search,2026-04-14T13:40:18.189Z,,,,,,brain me,,,,,,,,,
4,Wikipedia_Exp_14.04,Wikipedia_Exp_13.04,49,Male,sg_1776172667605_1klnnx,clumpy,2,,psychology,high-psychology,What brain mechanisms help people make scientific discoveries?,search,2026-04-14T13:40:19.124Z,,,,,,brain mecha,,,,,,,,,
4,Wikipedia_Exp_14.04,Wikipedia_Exp_13.04,49,Male,sg_1776172667605_1klnnx,clumpy,2,,psychology,high-psychology,What brain mechanisms help people make scientific discoveries?,search,2026-04-14T13:40:19.609Z,,,,,,brain mechan,,,,,,,,,
4,Wikipedia_Exp_14.04,Wikipedia_Exp_13.04,49,Male,sg_1776172667605_1klnnx,clumpy,2,,psychology,high-psychology,What brain mechanisms help people make scientific discoveries?,search,2026-04-14T13:40:20.099Z,,,,,,brain mechani,,,,,,,,,
4,Wikipedia_Exp_14.04,Wikipedia_Exp_13.04,49,Male,sg_1776172667605_1klnnx,clumpy,2,,psychology,high-psychology,What brain mechanisms help people make scientific discoveries?,search,2026-04-14T13:40:21.178Z,,,,,,brain mechanisms,,,,,,,,,
4,Wikipedia_Exp_14.04,Wikipedia_Exp_13.04,49,Male,sg_1776172667605_1klnnx,clumpy,2,,psychology,high-psychology,What brain mechanisms help people make scientific discoveries?,article_open,2026-04-14T13:41:28.440Z,Mesolimbic_pathway,Mesolimbic pathway,,4127,search,,,,,,,,,,
4,Wikipedia_Exp_14.04,Wikipedia_Exp_13.04,49,Male,sg_1776172667605_1klnnx,clumpy,2,,psychology,high-psychology,What brain mechanisms help people make scientific discoveries?,link_click,2026-04-14T13:42:16.262Z,Mesocortical_pathway,,Mesolimbic_pathway,,,,,,,,,,,,
4,Wikipedia_Exp_14.04,Wikipedia_Exp_13.04,49,Male,sg_1776172667605_1klnnx,clumpy,2,,psychology,high-psychology,What brain mechanisms help people make scientific discoveries?,article_open,2026-04-14T13:42:16.879Z,Mesocortical_pathway,Mesocortical pathway,,583,link_click,,,,,,,,,,
4,Wikipedia_Exp_14.04,Wikipedia_Exp_13.04,49,Male,sg_1776172667605_1klnnx,clumpy,2,,psychology,high-psychology,What brain mechanisms help people make scientific discoveries?,back_navigation,2026-04-14T13:42:32.966Z,Mesolimbic_pathway,,Mesocortical_pathway,,,,,,,,,,,,
4,Wikipedia_Exp_14.04,Wikipedia_Exp_13.04,49,Male,sg_1776172667605_1klnnx,clumpy,2,,psychology,high-psychology,What brain mechanisms help people make scientific discoveries?,article_open,2026-04-14T13:42:33.152Z,Mesolimbic_pathway,Mesolimbic pathway,,4127,back,,,,,,,,,,
4,Wikipedia_Exp_14.04,Wikipedia_Exp_13.04,49,Male,sg_1776172667605_1klnnx,clumpy,2,,psychology,high-psychology,What brain mechanisms help people make scientific discoveries?,link_click,2026-04-14T13:42:36.662Z,Nigrostriatal_pathway,,Mesolimbic_pathway,,,,,,,,,,,,
4,Wikipedia_Exp_14.04,Wikipedia_Exp_13.04,49,Male,sg_1776172667605_1klnnx,clumpy,2,,psychology,high-psychology,What brain mechanisms help people make scientific discoveries?,article_open,2026-04-14T13:42:38.183Z,Nigrostriatal_pathway,Nigrostriatal pathway,,4095,link_click,,,,,,,,,,
4,Wikipedia_Exp_14.04,Wikipedia_Exp_13.04,49,Male,sg_1776172667605_1klnnx,clumpy,2,,psychology,high-psychology,What brain mechanisms help people make scientific discoveries?,link_click,2026-04-14T13:43:43.382Z,Tuberoinfundibular_pathway,,Nigrostriatal_pathway,,,,,,,,,,,,
4,Wikipedia_Exp_14.04,Wikipedia_Exp_13.04,49,Male,sg_1776172667605_1klnnx,clumpy,2,,psychology,high-psychology,What brain mechanisms help people make scientific discoveries?,article_open,2026-04-14T13:43:43.937Z,Tuberoinfundibular_pathway,Tuberoinfundibular pathway,,371,link_click,,,,,,,,,,
4,Wikipedia_Exp_14.04,Wikipedia_Exp_13.04,49,Male,sg_1776172667605_1klnnx,clumpy,2,,psychology,high-psychology,What brain mechanisms help people make scientific discoveries?,link_click,2026-04-14T13:44:00.405Z,Mesocortical_pathway,,Tuberoinfundibular_pathway,,,,,,,,,,,,
4,Wikipedia_Exp_14.04,Wikipedia_Exp_13.04,49,Male,sg_1776172667605_1klnnx,clumpy,2,,psychology,high-psychology,What brain mechanisms help people make scientific discoveries?,article_open,2026-04-14T13:44:00.572Z,Mesocortical_pathway,Mesocortical pathway,,583,link_click,,,,,,,,,,
4,Wikipedia_Exp_14.04,Wikipedia_Exp_13.04,49,Male,sg_1776172667605_1klnnx,clumpy,2,,psychology,high-psychology,What brain mechanisms help people make scientific discoveries?,back_navigation,2026-04-14T13:44:04.141Z,Tuberoinfundibular_pathway,,Mesocortical_pathway,,,,,,,,,,,,
4,Wikipedia_Exp_14.04,Wikipedia_Exp_13.04,49,Male,sg_1776172667605_1klnnx,clumpy,2,,psychology,high-psychology,What brain mechanisms help people make scientific discoveries?,article_open,2026-04-14T13:44:04.319Z,Tuberoinfundibular_pathway,Tuberoinfundibular pathway,,371,back,,,,,,,,,,
4,Wikipedia_Exp_14.04,Wikipedia_Exp_13.04,49,Male,sg_1776172667605_1klnnx,clumpy,2,,psychology,high-psychology,What brain mechanisms help people make scientific discoveries?,back_navigation,2026-04-14T13:44:04.790Z,Nigrostriatal_pathway,,Tuberoinfundibular_pathway,,,,,,,,,,,,
4,Wikipedia_Exp_14.04,Wikipedia_Exp_13.04,49,Male,sg_1776172667605_1klnnx,clumpy,2,,psychology,high-psychology,What brain mechanisms help people make scientific discoveries?,article_open,2026-04-14T13:44:05.023Z,Nigrostriatal_pathway,Nigrostriatal pathway,,4095,back,,,,,,,,,,
4,Wikipedia_Exp_14.04,Wikipedia_Exp_13.04,49,Male,sg_1776172667605_1klnnx,clumpy,2,,psychology,high-psychology,What brain mechanisms help people make scientific discoveries?,back_navigation,2026-04-14T13:44:05.526Z,Mesolimbic_pathway,,Nigrostriatal_pathway,,,,,,,,,,,,
4,Wikipedia_Exp_14.04,Wikipedia_Exp_13.04,49,Male,sg_1776172667605_1klnnx,clumpy,2,,psychology,high-psychology,What brain mechanisms help people make scientific discoveries?,article_open,2026-04-14T13:44:05.771Z,Mesolimbic_pathway,Mesolimbic pathway,,4127,back,,,,,,,,,,
4,Wikipedia_Exp_14.04,Wikipedia_Exp_13.04,49,Male,sg_1776172667605_1klnnx,clumpy,2,,psychology,high-psychology,What brain mechanisms help people make scientific discoveries?,link_click,2026-04-14T13:44:44.838Z,Incentive_salience,,Mesolimbic_pathway,,,,,,,,,,,,
4,Wikipedia_Exp_14.04,Wikipedia_Exp_13.04,49,Male,sg_1776172667605_1klnnx,clumpy,2,,psychology,high-psychology,What brain mechanisms help people make scientific discoveries?,article_open,2026-04-14T13:44:45.999Z,Incentive_salience,Motivational salience,,4900,link_click,,,,,,,,,,
4,Wikipedia_Exp_14.04,Wikipedia_Exp_13.04,49,Male,sg_1776172667605_1klnnx,clumpy,2,,psychology,high-psychology,What brain mechanisms help people make scientific discoveries?,paste,2026-04-14T13:46:34.484Z,,,,,,,,,,,"Motivational salience is a cognitive process and a form of attention that motivates or propels an individual's behavior towards or away from a particular object, perceived event or outcome.[1] Motivational salience regulates the intensity of behaviors that facilitate the attainment of a particular goal, the amount of time and energy that an individual is willing to expend to attain a particular goal, and the amount of risk that an individual is willing to accept while working to attain a particular goal.[1]

Motivational salience is composed of two component processes that are defined by their attractive or aversive effects on an individual's behavior relative to a particular stimulus: incentive salience and aversive salience.[1] Incentive salience is the attractive form of motivational salience that causes approach behavior, and is associated with operant reinforcement, desirable outcomes, and pleasurable stimuli.[2][3] Aversive salience (sometimes known as fearful salience[4]) is the aversive form of motivational salience that causes avoidance behavior, and is associated with operant punishment, undesirable outcomes, and unpleasant stimuli.[5]",1165,,,
4,Wikipedia_Exp_14.04,Wikipedia_Exp_13.04,49,Male,sg_1776172667605_1klnnx,clumpy,2,,psychology,high-psychology,What brain mechanisms help people make scientific discoveries?,answer_snapshot,2026-04-14T13:46:36.502Z,,,,,,,"Motivational salience is a cognitive process and a form of attention that motivates or propels an individual's behavior towards or away from a particular object, perceived event or outcome.[1] Motivational salience regulates the intensity of behaviors that facilitate the attainment of a particular goal, the amount of time and energy that an individual is willing to expend to attain a particular goal, and the amount of risk that an individual is willing to accept while working to attain a particular goal.[1]

Motivational salience is composed of two component processes that are defined by their attractive or aversive effects on an individual's behavior relative to a particular stimulus: incentive salience and aversive salience.[1] Incentive salience is the attractive form of motivational salience that causes approach behavior, and is associated with operant reinforcement, desirable outcomes, and pleasurable stimuli.[2][3] Aversive salience (sometimes known as fearful salience[4]) is the aversive form of motivational salience that causes avoidance behavior, and is associated with operant punishment, undesirable outcomes, and unpleasant stimuli.[5]",1163,,,,,,,debounce
4,Wikipedia_Exp_14.04,Wikipedia_Exp_13.04,49,Male,sg_1776172667605_1klnnx,clumpy,2,,psychology,high-psychology,What brain mechanisms help people make scientific discoveries?,answer_snapshot_cursor_leave,2026-04-14T13:47:07.622Z,,,,,,,"Motivational salience is a cognitive process and a form of attention that motivates or propels an individual's behavior towards or away from a particular object, perceived event or outcome.[1] Motivational salience regulates the intensity of behaviors that facilitate the attainment of a particular goal, the amount of time and energy that an individual is willing to expend to attain a particular goal, and the amount of risk that an individual is willing to accept while working to attain a particular goal.[1]

Motivational salience is composed of two component processes that are defined by their attractive or aversive effects on an individual's behavior relative to a particular stimulus: incentive salience and aversive salience.[1] Incentive salience is the attractive form of motivational salience that causes approach behavior, and is associated with operant reinforcement, desirable outcomes, and pleasurable stimuli.[2][3] Aversive salience (sometimes known as fearful salience[4]) is the aversive form of motivational salience that causes avoidance behavior, and is associated with operant punishment, undesirable outcomes, and unpleasant stimuli.[5]",1163,,,,,,,cursor_leave
4,Wikipedia_Exp_14.04,Wikipedia_Exp_13.04,49,Male,sg_1776172667605_1klnnx,clumpy,2,,psychology,high-psychology,What brain mechanisms help people make scientific discoveries?,link_click,2026-04-14T13:47:07.790Z,Cognitive_process,,Incentive_salience,,,,,,,,,,,,
4,Wikipedia_Exp_14.04,Wikipedia_Exp_13.04,49,Male,sg_1776172667605_1klnnx,clumpy,2,,psychology,high-psychology,What brain mechanisms help people make scientific discoveries?,article_open,2026-04-14T13:47:11.254Z,Cognitive_process,Cognition,,15828,link_click,,,,,,,,,,
4,Wikipedia_Exp_14.04,Wikipedia_Exp_13.04,49,Male,sg_1776172667605_1klnnx,clumpy,2,,psychology,high-psychology,What brain mechanisms help people make scientific discoveries?,back_navigation,2026-04-14T13:47:31.486Z,Incentive_salience,,Cognitive_process,,,,,,,,,,,,
4,Wikipedia_Exp_14.04,Wikipedia_Exp_13.04,49,Male,sg_1776172667605_1klnnx,clumpy,2,,psychology,high-psychology,What brain mechanisms help people make scientific discoveries?,article_open,2026-04-14T13:47:31.700Z,Incentive_salience,Motivational salience,,4900,back,,,,,,,,,,
4,Wikipedia_Exp_14.04,Wikipedia_Exp_13.04,49,Male,sg_1776172667605_1klnnx,clumpy,2,,psychology,high-psychology,What brain mechanisms help people make scientific discoveries?,search,2026-04-14T13:47:39.935Z,,,,,,S,,,,,,,,,
4,Wikipedia_Exp_14.04,Wikipedia_Exp_13.04,49,Male,sg_1776172667605_1klnnx,clumpy,2,,psychology,high-psychology,What brain mechanisms help people make scientific discoveries?,search,2026-04-14T13:47:40.488Z,,,,,,Sc,,,,,,,,,
4,Wikipedia_Exp_14.04,Wikipedia_Exp_13.04,49,Male,sg_1776172667605_1klnnx,clumpy,2,,psychology,high-psychology,What brain mechanisms help people make scientific discoveries?,search,2026-04-14T13:47:41.332Z,,,,,,Scienti,,,,,,,,,
4,Wikipedia_Exp_14.04,Wikipedia_Exp_13.04,49,Male,sg_1776172667605_1klnnx,clumpy,2,,psychology,high-psychology,What brain mechanisms help people make scientific discoveries?,search,2026-04-14T13:47:42.690Z,,,,,,Scientific ,,,,,,,,,
4,Wikipedia_Exp_14.04,Wikipedia_Exp_13.04,49,Male,sg_1776172667605_1klnnx,clumpy,2,,psychology,high-psychology,What brain mechanisms help people make scientific discoveries?,search,2026-04-14T13:47:43.707Z,,,,,,Scientific di,,,,,,,,,
4,Wikipedia_Exp_14.04,Wikipedia_Exp_13.04,49,Male,sg_1776172667605_1klnnx,clumpy,2,,psychology,high-psychology,What brain mechanisms help people make scientific discoveries?,search,2026-04-14T13:47:44.097Z,,,,,,Scientific dis,,,,,,,,,
4,Wikipedia_Exp_14.04,Wikipedia_Exp_13.04,49,Male,sg_1776172667605_1klnnx,clumpy,2,,psychology,high-psychology,What brain mechanisms help people make scientific discoveries?,search,2026-04-14T13:47:44.506Z,,,,,,Scientific disc,,,,,,,,,
4,Wikipedia_Exp_14.04,Wikipedia_Exp_13.04,49,Male,sg_1776172667605_1klnnx,clumpy,2,,psychology,high-psychology,What brain mechanisms help people make scientific discoveries?,search,2026-04-14T13:47:44.860Z,,,,,,Scientific disco,,,,,,,,,
4,Wikipedia_Exp_14.04,Wikipedia_Exp_13.04,49,Male,sg_1776172667605_1klnnx,clumpy,2,,psychology,high-psychology,What brain mechanisms help people make scientific discoveries?,search,2026-04-14T13:47:45.762Z,,,,,,Scientific discover,,,,,,,,,
4,Wikipedia_Exp_14.04,Wikipedia_Exp_13.04,49,Male,sg_1776172667605_1klnnx,clumpy,2,,psychology,high-psychology,What brain mechanisms help people make scientific discoveries?,search,2026-04-14T13:47:46.563Z,,,,,,Scientific discoveries,,,,,,,,,
4,Wikipedia_Exp_14.04,Wikipedia_Exp_13.04,49,Male,sg_1776172667605_1klnnx,clumpy,2,,psychology,high-psychology,What brain mechanisms help people make scientific discoveries?,article_open,2026-04-14T13:48:14.519Z,Discovery_(observation),Discovery (observation),,1723,search,,,,,,,,,,
4,Wikipedia_Exp_14.04,Wikipedia_Exp_13.04,49,Male,sg_1776172667605_1klnnx,clumpy,2,,psychology,high-psychology,What brain mechanisms help people make scientific discoveries?,link_click,2026-04-14T13:48:36.902Z,Revelation,,Discovery_(observation),,,,,,,,,,,,
4,Wikipedia_Exp_14.04,Wikipedia_Exp_13.04,49,Male,sg_1776172667605_1klnnx,clumpy,2,,psychology,high-psychology,What brain mechanisms help people make scientific discoveries?,article_open,2026-04-14T13:48:38.454Z,Revelation,Revelation,,8339,link_click,,,,,,,,,,
4,Wikipedia_Exp_14.04,Wikipedia_Exp_13.04,49,Male,sg_1776172667605_1klnnx,clumpy,2,,psychology,high-psychology,What brain mechanisms help people make scientific discoveries?,back_navigation,2026-04-14T13:48:44.246Z,Discovery_(observation),,Revelation,,,,,,,,,,,,
4,Wikipedia_Exp_14.04,Wikipedia_Exp_13.04,49,Male,sg_1776172667605_1klnnx,clumpy,2,,psychology,high-psychology,What brain mechanisms help people make scientific discoveries?,article_open,2026-04-14T13:48:44.482Z,Discovery_(observation),Discovery (observation),,1723,back,,,,,,,,,,
4,Wikipedia_Exp_14.04,Wikipedia_Exp_13.04,49,Male,sg_1776172667605_1klnnx,clumpy,2,,psychology,high-psychology,What brain mechanisms help people make scientific discoveries?,back_navigation,2026-04-14T13:49:09.134Z,Incentive_salience,,Discovery_(observation),,,,,,,,,,,,
4,Wikipedia_Exp_14.04,Wikipedia_Exp_13.04,49,Male,sg_1776172667605_1klnnx,clumpy,2,,psychology,high-psychology,What brain mechanisms help people make scientific discoveries?,article_open,2026-04-14T13:49:09.329Z,Incentive_salience,Motivational salience,,4900,back,,,,,,,,,,
4,Wikipedia_Exp_14.04,Wikipedia_Exp_13.04,49,Male,sg_1776172667605_1klnnx,clumpy,2,,psychology,high-psychology,What brain mechanisms help people make scientific discoveries?,search,2026-04-14T13:49:16.782Z,,,,,,b,,,,,,,,,
4,Wikipedia_Exp_14.04,Wikipedia_Exp_13.04,49,Male,sg_1776172667605_1klnnx,clumpy,2,,psychology,high-psychology,What brain mechanisms help people make scientific discoveries?,search,2026-04-14T13:49:20.237Z,,,,,,br,,,,,,,,,
4,Wikipedia_Exp_14.04,Wikipedia_Exp_13.04,49,Male,sg_1776172667605_1klnnx,clumpy,2,,psychology,high-psychology,What brain mechanisms help people make scientific discoveries?,search,2026-04-14T13:49:20.633Z,,,,,,bra,,,,,,,,,
4,Wikipedia_Exp_14.04,Wikipedia_Exp_13.04,49,Male,sg_1776172667605_1klnnx,clumpy,2,,psychology,high-psychology,What brain mechanisms help people make scientific discoveries?,search,2026-04-14T13:49:20.976Z,,,,,,brai,,,,,,,,,
4,Wikipedia_Exp_14.04,Wikipedia_Exp_13.04,49,Male,sg_1776172667605_1klnnx,clumpy,2,,psychology,high-psychology,What brain mechanisms help people make scientific discoveries?,search,2026-04-14T13:49:21.603Z,,,,,,brain,,,,,,,,,
4,Wikipedia_Exp_14.04,Wikipedia_Exp_13.04,49,Male,sg_1776172667605_1klnnx,clumpy,2,,psychology,high-psychology,What brain mechanisms help people make scientific discoveries?,search,2026-04-14T13:49:22.282Z,,,,,,brain ,,,,,,,,,
4,Wikipedia_Exp_14.04,Wikipedia_Exp_13.04,49,Male,sg_1776172667605_1klnnx,clumpy,2,,psychology,high-psychology,What brain mechanisms help people make scientific discoveries?,search,2026-04-14T13:49:25.378Z,,,,,,brain fun,,,,,,,,,
4,Wikipedia_Exp_14.04,Wikipedia_Exp_13.04,49,Male,sg_1776172667605_1klnnx,clumpy,2,,psychology,high-psychology,What brain mechanisms help people make scientific discoveries?,search,2026-04-14T13:49:25.917Z,,,,,,brain func,,,,,,,,,
4,Wikipedia_Exp_14.04,Wikipedia_Exp_13.04,49,Male,sg_1776172667605_1klnnx,clumpy,2,,psychology,high-psychology,What brain mechanisms help people make scientific discoveries?,search,2026-04-14T13:49:27.030Z,,,,,,brain function,,,,,,,,,
4,Wikipedia_Exp_14.04,Wikipedia_Exp_13.04,49,Male,sg_1776172667605_1klnnx,clumpy,2,,psychology,high-psychology,What brain mechanisms help people make scientific discoveries?,search,2026-04-14T13:49:31.434Z,,,,,,brain function ,,,,,,,,,
4,Wikipedia_Exp_14.04,Wikipedia_Exp_13.04,49,Male,sg_1776172667605_1klnnx,clumpy,2,,psychology,high-psychology,What brain mechanisms help people make scientific discoveries?,search,2026-04-14T13:49:34.189Z,,,,,,brain function for,,,,,,,,,
4,Wikipedia_Exp_14.04,Wikipedia_Exp_13.04,49,Male,sg_1776172667605_1klnnx,clumpy,2,,psychology,high-psychology,What brain mechanisms help people make scientific discoveries?,search,2026-04-14T13:49:34.625Z,,,,,,brain function for ,,,,,,,,,
4,Wikipedia_Exp_14.04,Wikipedia_Exp_13.04,49,Male,sg_1776172667605_1klnnx,clumpy,2,,psychology,high-psychology,What brain mechanisms help people make scientific discoveries?,search,2026-04-14T13:49:35.858Z,,,,,,brain function for s,,,,,,,,,
4,Wikipedia_Exp_14.04,Wikipedia_Exp_13.04,49,Male,sg_1776172667605_1klnnx,clumpy,2,,psychology,high-psychology,What brain mechanisms help people make scientific discoveries?,search,2026-04-14T13:49:36.150Z,,,,,,brain function for si,,,,,,,,,
4,Wikipedia_Exp_14.04,Wikipedia_Exp_13.04,49,Male,sg_1776172667605_1klnnx,clumpy,2,,psychology,high-psychology,What brain mechanisms help people make scientific discoveries?,search,2026-04-14T13:49:37.254Z,,,,,,brain function for sien,,,,,,,,,
4,Wikipedia_Exp_14.04,Wikipedia_Exp_13.04,49,Male,sg_1776172667605_1klnnx,clumpy,2,,psychology,high-psychology,What brain mechanisms help people make scientific discoveries?,search,2026-04-14T13:49:38.215Z,,,,,,brain function for sientig,,,,,,,,,
4,Wikipedia_Exp_14.04,Wikipedia_Exp_13.04,49,Male,sg_1776172667605_1klnnx,clumpy,2,,psychology,high-psychology,What brain mechanisms help people make scientific discoveries?,search,2026-04-14T13:49:39.650Z,,,,,,brain function for sientif,,,,,,,,,
4,Wikipedia_Exp_14.04,Wikipedia_Exp_13.04,49,Male,sg_1776172667605_1klnnx,clumpy,2,,psychology,high-psychology,What brain mechanisms help people make scientific discoveries?,search,2026-04-14T13:49:40.495Z,,,,,,brain function for sientific ,,,,,,,,,
4,Wikipedia_Exp_14.04,Wikipedia_Exp_13.04,49,Male,sg_1776172667605_1klnnx,clumpy,2,,psychology,high-psychology,What brain mechanisms help people make scientific discoveries?,search,2026-04-14T13:49:41.040Z,,,,,,brain function for sientific d,,,,,,,,,
4,Wikipedia_Exp_14.04,Wikipedia_Exp_13.04,49,Male,sg_1776172667605_1klnnx,clumpy,2,,psychology,high-psychology,What brain mechanisms help people make scientific discoveries?,search,2026-04-14T13:49:41.462Z,,,,,,brain function for sientific di,,,,,,,,,
4,Wikipedia_Exp_14.04,Wikipedia_Exp_13.04,49,Male,sg_1776172667605_1klnnx,clumpy,2,,psychology,high-psychology,What brain mechanisms help people make scientific discoveries?,search,2026-04-14T13:49:41.761Z,,,,,,brain function for sientific dis,,,,,,,,,
4,Wikipedia_Exp_14.04,Wikipedia_Exp_13.04,49,Male,sg_1776172667605_1klnnx,clumpy,2,,psychology,high-psychology,What brain mechanisms help people make scientific discoveries?,search,2026-04-14T13:49:42.100Z,,,,,,brain function for sientific disc,,,,,,,,,
4,Wikipedia_Exp_14.04,Wikipedia_Exp_13.04,49,Male,sg_1776172667605_1klnnx,clumpy,2,,psychology,high-psychology,What brain mechanisms help people make scientific discoveries?,search,2026-04-14T13:49:42.451Z,,,,,,brain function for sientific disco,,,,,,,,,
4,Wikipedia_Exp_14.04,Wikipedia_Exp_13.04,49,Male,sg_1776172667605_1klnnx,clumpy,2,,psychology,high-psychology,What brain mechanisms help people make scientific discoveries?,search,2026-04-14T13:49:43.367Z,,,,,,brain function for sientific discover,,,,,,,,,
4,Wikipedia_Exp_14.04,Wikipedia_Exp_13.04,49,Male,sg_1776172667605_1klnnx,clumpy,2,,psychology,high-psychology,What brain mechanisms help people make scientific discoveries?,search,2026-04-14T13:49:44.155Z,,,,,,brain function for sientific discoveries,,,,,,,,,
4,Wikipedia_Exp_14.04,Wikipedia_Exp_13.04,49,Male,sg_1776172667605_1klnnx,clumpy,2,,psychology,high-psychology,What brain mechanisms help people make scientific discoveries?,search,2026-04-14T13:49:48.324Z,,,,,,brain function for sientific dis,,,,,,,,,
4,Wikipedia_Exp_14.04,Wikipedia_Exp_13.04,49,Male,sg_1776172667605_1klnnx,clumpy,2,,psychology,high-psychology,What brain mechanisms help people make scientific discoveries?,search,2026-04-14T13:49:49.890Z,,,,,,brain function for s,,,,,,,,,
4,Wikipedia_Exp_14.04,Wikipedia_Exp_13.04,49,Male,sg_1776172667605_1klnnx,clumpy,2,,psychology,high-psychology,What brain mechanisms help people make scientific discoveries?,search,2026-04-14T13:49:51.227Z,,,,,,brain function for sci,,,,,,,,,
4,Wikipedia_Exp_14.04,Wikipedia_Exp_13.04,49,Male,sg_1776172667605_1klnnx,clumpy,2,,psychology,high-psychology,What brain mechanisms help people make scientific discoveries?,search,2026-04-14T13:49:51.859Z,,,,,,brain function for scien,,,,,,,,,
4,Wikipedia_Exp_14.04,Wikipedia_Exp_13.04,49,Male,sg_1776172667605_1klnnx,clumpy,2,,psychology,high-psychology,What brain mechanisms help people make scientific discoveries?,search,2026-04-14T13:49:52.358Z,,,,,,brain function for scienti,,,,,,,,,
4,Wikipedia_Exp_14.04,Wikipedia_Exp_13.04,49,Male,sg_1776172667605_1klnnx,clumpy,2,,psychology,high-psychology,What brain mechanisms help people make scientific discoveries?,search,2026-04-14T13:49:53.073Z,,,,,,brain function for scientifi,,,,,,,,,
4,Wikipedia_Exp_14.04,Wikipedia_Exp_13.04,49,Male,sg_1776172667605_1klnnx,clumpy,2,,psychology,high-psychology,What brain mechanisms help people make scientific discoveries?,search,2026-04-14T13:49:53.682Z,,,,,,brain function for scientific,,,,,,,,,
4,Wikipedia_Exp_14.04,Wikipedia_Exp_13.04,49,Male,sg_1776172667605_1klnnx,clumpy,2,,psychology,high-psychology,What brain mechanisms help people make scientific discoveries?,search,2026-04-14T13:49:54.126Z,,,,,,brain function for scientific ,,,,,,,,,
4,Wikipedia_Exp_14.04,Wikipedia_Exp_13.04,49,Male,sg_1776172667605_1klnnx,clumpy,2,,psychology,high-psychology,What brain mechanisms help people make scientific discoveries?,search,2026-04-14T13:49:55.028Z,,,,,,brain function for scientific d,,,,,,,,,
4,Wikipedia_Exp_14.04,Wikipedia_Exp_13.04,49,Male,sg_1776172667605_1klnnx,clumpy,2,,psychology,high-psychology,What brain mechanisms help people make scientific discoveries?,search,2026-04-14T13:49:55.314Z,,,,,,brain function for scientific di,,,,,,,,,
4,Wikipedia_Exp_14.04,Wikipedia_Exp_13.04,49,Male,sg_1776172667605_1klnnx,clumpy,2,,psychology,high-psychology,What brain mechanisms help people make scientific discoveries?,search,2026-04-14T13:49:56.250Z,,,,,,brain function for scientific disco,,,,,,,,,
4,Wikipedia_Exp_14.04,Wikipedia_Exp_13.04,49,Male,sg_1776172667605_1klnnx,clumpy,2,,psychology,high-psychology,What brain mechanisms help people make scientific discoveries?,search,2026-04-14T13:49:57.051Z,,,,,,brain function for scientific discover,,,,,,,,,
4,Wikipedia_Exp_14.04,Wikipedia_Exp_13.04,49,Male,sg_1776172667605_1klnnx,clumpy,2,,psychology,high-psychology,What brain mechanisms help people make scientific discoveries?,search,2026-04-14T13:49:57.253Z,,,,,,brain function for scientific discoveri,,,,,,,,,
4,Wikipedia_Exp_14.04,Wikipedia_Exp_13.04,49,Male,sg_1776172667605_1klnnx,clumpy,2,,psychology,high-psychology,What brain mechanisms help people make scientific discoveries?,search,2026-04-14T13:49:57.785Z,,,,,,brain function for scientific discoverie,,,,,,,,,
4,Wikipedia_Exp_14.04,Wikipedia_Exp_13.04,49,Male,sg_1776172667605_1klnnx,clumpy,2,,psychology,high-psychology,What brain mechanisms help people make scientific discoveries?,search,2026-04-14T13:49:58.190Z,,,,,,brain function for scientific discoveries,,,,,,,,,
4,Wikipedia_Exp_14.04,Wikipedia_Exp_13.04,49,Male,sg_1776172667605_1klnnx,clumpy,2,,psychology,high-psychology,What brain mechanisms help people make scientific discoveries?,article_open,2026-04-14T13:50:05.474Z,Neuroscience,Neuroscience,,11159,search,,,,,,,,,,
4,Wikipedia_Exp_14.04,Wikipedia_Exp_13.04,49,Male,sg_1776172667605_1klnnx,clumpy,2,,psychology,high-psychology,What brain mechanisms help people make scientific discoveries?,answer_snapshot,2026-04-14T13:50:11.774Z,,,,,,,"Motivational salience is a cognitive process and a form of attention that motivates or propels an individual's behavior towards or away from a particular object, perceived event or outcome.[1] Motivational salience regulates the intensity of behaviors that facilitate the attainment of a particular goal, the amount of time and energy that an individual is willing to expend to attain a particular goal, and the amount of risk that an individual is willing to accept while working to attain a particular goal.[1]

Motivational salience is composed of two component processes that are defined by their attractive or aversive effects on an individual's behavior relative to a particular stimulus: incentive salience and aversive salience.[1] Incentive salience is the attractive form of motivational salience that causes approach behavior, and is associated with operant reinforcement, desirable outcomes, and pleasurable stimuli.[2][3] Aversive salience (sometimes known as fearful salience[4]) is the aversive form of motivational salience that causes avoidance behavior, and is associated with operant punishment, undesirable outcomes, and unpleasant stimuli.[5]",1163,,,,,,,submit
4,Wikipedia_Exp_14.04,Wikipedia_Exp_13.04,49,Male,sg_1776172667605_1klnnx,clumpy,2,,psychology,high-psychology,What brain mechanisms help people make scientific discoveries?,task_end,2026-04-14T13:50:11.774Z,,,,,,,,,"Motivational salience is a cognitive process and a form of attention that motivates or propels an individual's behavior towards or away from a particular object, perceived event or outcome.[1] Motivational salience regulates the intensity of behaviors that facilitate the attainment of a particular goal, the amount of time and energy that an individual is willing to expend to attain a particular goal, and the amount of risk that an individual is willing to accept while working to attain a particular goal.[1]

Motivational salience is composed of two component processes that are defined by their attractive or aversive effects on an individual's behavior relative to a particular stimulus: incentive salience and aversive salience.[1] Incentive salience is the attractive form of motivational salience that causes approach behavior, and is associated with operant reinforcement, desirable outcomes, and pleasurable stimuli.[2][3] Aversive salience (sometimes known as fearful salience[4]) is the aversive form of motivational salience that causes avoidance behavior, and is associated with operant punishment, undesirable outcomes, and unpleasant stimuli.[5]",1163,,,,,
5,Wikipedia_Exp_14.04,Wikipedia_Exp_13.04,41,Male,sg_1776172728651_xarmvr,diffuse,0,1,practice,practice-capybaras,What do Capybaras eat?,attention_check_pass,2026-04-14T13:19:55.007Z,,,,,,,,,,,,,,,attempt_1
5,Wikipedia_Exp_14.04,Wikipedia_Exp_13.04,41,Male,sg_1776172728651_xarmvr,diffuse,0,1,practice,practice-capybaras,What do Capybaras eat?,familiarity_rating,2026-04-14T13:20:03.646Z,,,,,,,,,,,,,2,4,
5,Wikipedia_Exp_14.04,Wikipedia_Exp_13.04,41,Male,sg_1776172728651_xarmvr,diffuse,0,1,practice,practice-capybaras,What do Capybaras eat?,task_start,2026-04-14T13:20:03.904Z,,,,,,,,,,,,,,,
5,Wikipedia_Exp_14.04,Wikipedia_Exp_13.04,41,Male,sg_1776172728651_xarmvr,diffuse,0,1,practice,practice-capybaras,What do Capybaras eat?,article_open,2026-04-14T13:20:05.095Z,Capybara,Capybara,,4650,,,,,,,,,,,
5,Wikipedia_Exp_14.04,Wikipedia_Exp_13.04,41,Male,sg_1776172728651_xarmvr,diffuse,0,1,practice,practice-capybaras,What do Capybaras eat?,answer_snapshot,2026-04-14T13:20:30.871Z,,,,,,,Capybaras are herbivores. ,26,,,,,,,debounce
5,Wikipedia_Exp_14.04,Wikipedia_Exp_13.04,41,Male,sg_1776172728651_xarmvr,diffuse,0,1,practice,practice-capybaras,What do Capybaras eat?,answer_snapshot,2026-04-14T13:20:42.974Z,,,,,,,Capybaras are herbivores. They graze on grasses and aquatic plants. ,68,,,,,,,debounce
5,Wikipedia_Exp_14.04,Wikipedia_Exp_13.04,41,Male,sg_1776172728651_xarmvr,diffuse,0,1,practice,practice-capybaras,What do Capybaras eat?,answer_snapshot,2026-04-14T13:20:59.959Z,,,,,,,Capybaras are herbivores. They graze on grasses and aquatic plants. They also eat fruits and tree bark. ,104,,,,,,,debounce
5,Wikipedia_Exp_14.04,Wikipedia_Exp_13.04,41,Male,sg_1776172728651_xarmvr,diffuse,0,1,practice,practice-capybaras,What do Capybaras eat?,answer_snapshot,2026-04-14T13:21:57.549Z,,,,,,,Capybaras are herbivores. They graze on grasses and aquatic plants. They also eat fruits and tree bark. They are picky eaters who will eat leaves of one species while leaving other species surrounding it untouched. ,215,,,,,,,debounce
5,Wikipedia_Exp_14.04,Wikipedia_Exp_13.04,41,Male,sg_1776172728651_xarmvr,diffuse,0,1,practice,practice-capybaras,What do Capybaras eat?,answer_snapshot_cursor_leave,2026-04-14T13:21:57.798Z,,,,,,,Capybaras are herbivores. They graze on grasses and aquatic plants. They also eat fruits and tree bark. They are picky eaters who will eat leaves of one species while leaving other species surrounding it untouched. ,215,,,,,,,cursor_leave
5,Wikipedia_Exp_14.04,Wikipedia_Exp_13.04,41,Male,sg_1776172728651_xarmvr,diffuse,0,1,practice,practice-capybaras,What do Capybaras eat?,search,2026-04-14T13:22:07.397Z,,,,,,capybara diet,,,,,,,,,
5,Wikipedia_Exp_14.04,Wikipedia_Exp_13.04,41,Male,sg_1776172728651_xarmvr,diffuse,0,1,practice,practice-capybaras,What do Capybaras eat?,answer_snapshot,2026-04-14T13:23:03.029Z,,,,,,,"Capybaras are herbivores. They graze on grasses and aquatic plants. They also eat fruits and tree bark. They are picky eaters who will eat leaves of one species while leaving other species surrounding it untouched. However, during the dry season when fewer plants are available, they eat a greater variety. ",307,,,,,,,debounce
5,Wikipedia_Exp_14.04,Wikipedia_Exp_13.04,41,Male,sg_1776172728651_xarmvr,diffuse,0,1,practice,practice-capybaras,What do Capybaras eat?,answer_snapshot_cursor_leave,2026-04-14T13:23:06.291Z,,,,,,,"Capybaras are herbivores. They graze on grasses and aquatic plants. They also eat fruits and tree bark. They are picky eaters who will eat leaves of one species while leaving other species surrounding it untouched. However, during the dry season when fewer plants are available, they eat a greater variety. ",307,,,,,,,cursor_leave
5,Wikipedia_Exp_14.04,Wikipedia_Exp_13.04,41,Male,sg_1776172728651_xarmvr,diffuse,0,1,practice,practice-capybaras,What do Capybaras eat?,answer_snapshot,2026-04-14T13:23:06.507Z,,,,,,,"Capybaras are herbivores. They graze on grasses and aquatic plants. They also eat fruits and tree bark. They are picky eaters who will eat leaves of one species while leaving other species surrounding it untouched. However, during the dry season when fewer plants are available, they eat a greater variety. ",307,,,,,,,submit
5,Wikipedia_Exp_14.04,Wikipedia_Exp_13.04,41,Male,sg_1776172728651_xarmvr,diffuse,0,1,practice,practice-capybaras,What do Capybaras eat?,task_end,2026-04-14T13:23:06.507Z,,,,,,,,,"Capybaras are herbivores. They graze on grasses and aquatic plants. They also eat fruits and tree bark. They are picky eaters who will eat leaves of one species while leaving other species surrounding it untouched. However, during the dry season when fewer plants are available, they eat a greater variety. ",307,,,,,
5,Wikipedia_Exp_14.04,Wikipedia_Exp_13.04,41,Male,sg_1776172728651_xarmvr,diffuse,1,,psychology,high-psychology,What brain mechanisms help people make scientific discoveries?,familiarity_rating,2026-04-14T13:23:22.078Z,,,,,,,,,,,,,2,3,
5,Wikipedia_Exp_14.04,Wikipedia_Exp_13.04,41,Male,sg_1776172728651_xarmvr,diffuse,1,,psychology,high-psychology,What brain mechanisms help people make scientific discoveries?,task_start,2026-04-14T13:23:22.309Z,,,,,,,,,,,,,,,
5,Wikipedia_Exp_14.04,Wikipedia_Exp_13.04,41,Male,sg_1776172728651_xarmvr,diffuse,1,,psychology,high-psychology,What brain mechanisms help people make scientific discoveries?,search,2026-04-14T13:23:31.793Z,,,,,,What brain mechanisms help people make scientific discoveries?,,,,,,,,,
5,Wikipedia_Exp_14.04,Wikipedia_Exp_13.04,41,Male,sg_1776172728651_xarmvr,diffuse,1,,psychology,high-psychology,What brain mechanisms help people make scientific discoveries?,article_open,2026-04-14T13:23:46.343Z,Role_of_chance_in_scientific_discoveries,Role of chance in scientific discoveries,,2029,search,,,,,,,,,,
5,Wikipedia_Exp_14.04,Wikipedia_Exp_13.04,41,Male,sg_1776172728651_xarmvr,diffuse,1,,psychology,high-psychology,What brain mechanisms help people make scientific discoveries?,answer_snapshot,2026-04-14T13:24:26.940Z,,,,,,,Studies have found that ,24,,,,,,,debounce
5,Wikipedia_Exp_14.04,Wikipedia_Exp_13.04,41,Male,sg_1776172728651_xarmvr,diffuse,1,,psychology,high-psychology,What brain mechanisms help people make scientific discoveries?,answer_snapshot,2026-04-14T13:24:35.363Z,,,,,,,Studies have found that the left hemisphere of the brain is ,60,,,,,,,debounce
5,Wikipedia_Exp_14.04,Wikipedia_Exp_13.04,41,Male,sg_1776172728651_xarmvr,diffuse,1,,psychology,high-psychology,What brain mechanisms help people make scientific discoveries?,answer_snapshot,2026-04-14T13:24:44.875Z,,,,,,,Studies have found that the left hemisphere of the brain is important in scientific discoveries. ,97,,,,,,,debounce
5,Wikipedia_Exp_14.04,Wikipedia_Exp_13.04,41,Male,sg_1776172728651_xarmvr,diffuse,1,,psychology,high-psychology,What brain mechanisms help people make scientific discoveries?,answer_snapshot,2026-04-14T13:24:55.372Z,,,,,,,Studies have found that the left hemisphere of the brain is important in scientific discoveries. IMRI investigation found that ,127,,,,,,,debounce
5,Wikipedia_Exp_14.04,Wikipedia_Exp_13.04,41,Male,sg_1776172728651_xarmvr,diffuse,1,,psychology,high-psychology,What brain mechanisms help people make scientific discoveries?,answer_snapshot,2026-04-14T13:25:18.283Z,,,,,,,Studies have found that the left hemisphere of the brain is important in scientific discoveries. IMRI investigation found that unexpected findings activated the prefrontal cortex of the brain. ,193,,,,,,,debounce
5,Wikipedia_Exp_14.04,Wikipedia_Exp_13.04,41,Male,sg_1776172728651_xarmvr,diffuse,1,,psychology,high-psychology,What brain mechanisms help people make scientific discoveries?,answer_snapshot_cursor_leave,2026-04-14T13:25:21.705Z,,,,,,,Studies have found that the left hemisphere of the brain is important in scientific discoveries. IMRI investigation found that unexpected findings activated the prefrontal cortex of the brain. ,193,,,,,,,cursor_leave
5,Wikipedia_Exp_14.04,Wikipedia_Exp_13.04,41,Male,sg_1776172728651_xarmvr,diffuse,1,,psychology,high-psychology,What brain mechanisms help people make scientific discoveries?,article_open,2026-04-14T13:26:11.336Z,Creativity,Creativity,,21991,search,,,,,,,,,,
5,Wikipedia_Exp_14.04,Wikipedia_Exp_13.04,41,Male,sg_1776172728651_xarmvr,diffuse,1,,psychology,high-psychology,What brain mechanisms help people make scientific discoveries?,answer_snapshot,2026-04-14T13:26:36.425Z,,,,,,,"Studies have found that the left hemisphere of the brain is important in scientific discoveries. IMRI investigation found that unexpected findings activated the prefrontal cortex of the brain. Further to this, ",210,,,,,,,debounce
5,Wikipedia_Exp_14.04,Wikipedia_Exp_13.04,41,Male,sg_1776172728651_xarmvr,diffuse,1,,psychology,high-psychology,What brain mechanisms help people make scientific discoveries?,answer_snapshot_cursor_leave,2026-04-14T13:27:10.187Z,,,,,,,"Studies have found that the left hemisphere of the brain is important in scientific discoveries. IMRI investigation found that unexpected findings activated the prefrontal cortex of the brain. Further to this, ",210,,,,,,,cursor_leave
5,Wikipedia_Exp_14.04,Wikipedia_Exp_13.04,41,Male,sg_1776172728651_xarmvr,diffuse,1,,psychology,high-psychology,What brain mechanisms help people make scientific discoveries?,paste,2026-04-14T13:27:16.711Z,,,,,,,,,,,"e default and executive control networks in the brain cooperate during creative tasks, suggesting a complex interaction between these networks in facilitating everyday imaginative thought",187,,,
5,Wikipedia_Exp_14.04,Wikipedia_Exp_13.04,41,Male,sg_1776172728651_xarmvr,diffuse,1,,psychology,high-psychology,What brain mechanisms help people make scientific discoveries?,answer_snapshot,2026-04-14T13:27:18.726Z,,,,,,,"Studies have found that the left hemisphere of the brain is important in scientific discoveries. IMRI investigation found that unexpected findings activated the prefrontal cortex of the brain. Further to this, te default and executive control networks in the brain cooperate during creative tasks, suggesting a complex interaction between these networks in facilitating everyday imaginative thought",398,,,,,,,debounce
5,Wikipedia_Exp_14.04,Wikipedia_Exp_13.04,41,Male,sg_1776172728651_xarmvr,diffuse,1,,psychology,high-psychology,What brain mechanisms help people make scientific discoveries?,answer_snapshot,2026-04-14T13:27:21.554Z,,,,,,,"Studies have found that the left hemisphere of the brain is important in scientific discoveries. IMRI investigation found that unexpected findings activated the prefrontal cortex of the brain. Further to this, the default and executive control networks in the brain cooperate during creative tasks, suggesting a complex interaction between these networks in facilitating everyday imaginative thought",399,,,,,,,debounce
5,Wikipedia_Exp_14.04,Wikipedia_Exp_13.04,41,Male,sg_1776172728651_xarmvr,diffuse,1,,psychology,high-psychology,What brain mechanisms help people make scientific discoveries?,answer_snapshot_cursor_leave,2026-04-14T13:27:24.199Z,,,,,,,"Studies have found that the left hemisphere of the brain is important in scientific discoveries. IMRI investigation found that unexpected findings activated the prefrontal cortex of the brain. Further to this, the default and executive control networks in the brain cooperate during creative tasks, suggesting a complex interaction between these networks in facilitating everyday imaginative thought",399,,,,,,,cursor_leave
5,Wikipedia_Exp_14.04,Wikipedia_Exp_13.04,41,Male,sg_1776172728651_xarmvr,diffuse,1,,psychology,high-psychology,What brain mechanisms help people make scientific discoveries?,search,2026-04-14T13:27:29.380Z,,,,,,What brain mechanisms help people make scientific discoveries?,,,,,,,,,
5,Wikipedia_Exp_14.04,Wikipedia_Exp_13.04,41,Male,sg_1776172728651_xarmvr,diffuse,1,,psychology,high-psychology,What brain mechanisms help people make scientific discoveries?,article_open,2026-04-14T13:27:51.685Z,Human_brain,Human brain,,25482,search,,,,,,,,,,
5,Wikipedia_Exp_14.04,Wikipedia_Exp_13.04,41,Male,sg_1776172728651_xarmvr,diffuse,1,,psychology,high-psychology,What brain mechanisms help people make scientific discoveries?,article_open,2026-04-14T13:28:27.579Z,Role_of_chance_in_scientific_discoveries,Role of chance in scientific discoveries,,2029,search,,,,,,,,,,
5,Wikipedia_Exp_14.04,Wikipedia_Exp_13.04,41,Male,sg_1776172728651_xarmvr,diffuse,1,,psychology,high-psychology,What brain mechanisms help people make scientific discoveries?,article_open,2026-04-14T13:29:01.401Z,Quantum_mind,Quantum mind,,9567,search,,,,,,,,,,
5,Wikipedia_Exp_14.04,Wikipedia_Exp_13.04,41,Male,sg_1776172728651_xarmvr,diffuse,1,,psychology,high-psychology,What brain mechanisms help people make scientific discoveries?,search,2026-04-14T13:30:23.675Z,,,,,,inventioin,,,,,,,,,
5,Wikipedia_Exp_14.04,Wikipedia_Exp_13.04,41,Male,sg_1776172728651_xarmvr,diffuse,1,,psychology,high-psychology,What brain mechanisms help people make scientific discoveries?,search,2026-04-14T13:30:24.065Z,,,,,,inventioi,,,,,,,,,
5,Wikipedia_Exp_14.04,Wikipedia_Exp_13.04,41,Male,sg_1776172728651_xarmvr,diffuse,1,,psychology,high-psychology,What brain mechanisms help people make scientific discoveries?,search,2026-04-14T13:30:25.103Z,,,,,,invent,,,,,,,,,
5,Wikipedia_Exp_14.04,Wikipedia_Exp_13.04,41,Male,sg_1776172728651_xarmvr,diffuse,1,,psychology,high-psychology,What brain mechanisms help people make scientific discoveries?,search,2026-04-14T13:30:26.123Z,,,,,,inventer,,,,,,,,,
5,Wikipedia_Exp_14.04,Wikipedia_Exp_13.04,41,Male,sg_1776172728651_xarmvr,diffuse,1,,psychology,high-psychology,What brain mechanisms help people make scientific discoveries?,search,2026-04-14T13:30:27.885Z,,,,,,inventors,,,,,,,,,
5,Wikipedia_Exp_14.04,Wikipedia_Exp_13.04,41,Male,sg_1776172728651_xarmvr,diffuse,1,,psychology,high-psychology,What brain mechanisms help people make scientific discoveries?,article_open,2026-04-14T13:30:34.670Z,Invention,Invention,,4300,search,,,,,,,,,,
5,Wikipedia_Exp_14.04,Wikipedia_Exp_13.04,41,Male,sg_1776172728651_xarmvr,diffuse,1,,psychology,high-psychology,What brain mechanisms help people make scientific discoveries?,search,2026-04-14T13:30:54.159Z,,,,,,What brain mechanisms help people make scientific discoveries?,,,,,,,,,
5,Wikipedia_Exp_14.04,Wikipedia_Exp_13.04,41,Male,sg_1776172728651_xarmvr,diffuse,1,,psychology,high-psychology,What brain mechanisms help people make scientific discoveries?,search,2026-04-14T13:30:55.271Z,,,,,,What brain mechanisms help people make scientific discoveries?,,,,,,,,,
5,Wikipedia_Exp_14.04,Wikipedia_Exp_13.04,41,Male,sg_1776172728651_xarmvr,diffuse,1,,psychology,high-psychology,What brain mechanisms help people make scientific discoveries?,article_open,2026-04-14T13:31:14.469Z,Creativity,Creativity,,21991,search,,,,,,,,,,
5,Wikipedia_Exp_14.04,Wikipedia_Exp_13.04,41,Male,sg_1776172728651_xarmvr,diffuse,1,,psychology,high-psychology,What brain mechanisms help people make scientific discoveries?,answer_snapshot,2026-04-14T13:32:47.265Z,,,,,,,"The parts of the brain that help in scientific discoveries and creativity are still not fully understood. However, studies have found that the left hemisphere of the brain is important in scientific discoveries. IMRI investigation found that unexpected findings activated the prefrontal cortex of the brain. Further to this, the default and executive control networks in the brain cooperate during creative tasks, suggesting a complex interaction between these networks in facilitating everyday imaginative thought",514,,,,,,,debounce
5,Wikipedia_Exp_14.04,Wikipedia_Exp_13.04,41,Male,sg_1776172728651_xarmvr,diffuse,1,,psychology,high-psychology,What brain mechanisms help people make scientific discoveries?,answer_snapshot_cursor_leave,2026-04-14T13:32:52.139Z,,,,,,,"The parts of the brain that help in scientific discoveries and creativity are still not fully understood. However, studies have found that the left hemisphere of the brain is important in scientific discoveries. IMRI investigation found that unexpected findings activated the prefrontal cortex of the brain. Further to this, the default and executive control networks in the brain cooperate during creative tasks, suggesting a complex interaction between these networks in facilitating everyday imaginative thought",514,,,,,,,cursor_leave
5,Wikipedia_Exp_14.04,Wikipedia_Exp_13.04,41,Male,sg_1776172728651_xarmvr,diffuse,1,,psychology,high-psychology,What brain mechanisms help people make scientific discoveries?,answer_snapshot,2026-04-14T13:33:25.879Z,,,,,,,"The parts of the brain that help in scientific discoveries and creativity are still not fully understood. However, studies have found that the left hemisphere of the brain is important in scientific discoveries. IMRI investigation found that unexpected findings activated the prefrontal cortex of the brain. Further to this, the default and executive control networks in the brain cooperate during creative tasks, suggesting a complex interaction between these networks in facilitating everyday imaginative thought",514,,,,,,,submit
5,Wikipedia_Exp_14.04,Wikipedia_Exp_13.04,41,Male,sg_1776172728651_xarmvr,diffuse,1,,psychology,high-psychology,What brain mechanisms help people make scientific discoveries?,task_end,2026-04-14T13:33:25.879Z,,,,,,,,,"The parts of the brain that help in scientific discoveries and creativity are still not fully understood. However, studies have found that the left hemisphere of the brain is important in scientific discoveries. IMRI investigation found that unexpected findings activated the prefrontal cortex of the brain. Further to this, the default and executive control networks in the brain cooperate during creative tasks, suggesting a complex interaction between these networks in facilitating everyday imaginative thought",514,,,,,
5,Wikipedia_Exp_14.04,Wikipedia_Exp_13.04,41,Male,sg_1776172728651_xarmvr,diffuse,2,,art_history,high-art-history,How do ancient works of art play a role in contemporary society?,familiarity_rating,2026-04-14T13:33:40.829Z,,,,,,,,,,,,,1,2,
5,Wikipedia_Exp_14.04,Wikipedia_Exp_13.04,41,Male,sg_1776172728651_xarmvr,diffuse,2,,art_history,high-art-history,How do ancient works of art play a role in contemporary society?,task_start,2026-04-14T13:33:41.860Z,,,,,,,,,,,,,,,
5,Wikipedia_Exp_14.04,Wikipedia_Exp_13.04,41,Male,sg_1776172728651_xarmvr,diffuse,2,,art_history,high-art-history,How do ancient works of art play a role in contemporary society?,search,2026-04-14T13:33:48.239Z,,,,,,How do ancient works of art play a role in contemporary society?,,,,,,,,,
5,Wikipedia_Exp_14.04,Wikipedia_Exp_13.04,41,Male,sg_1776172728651_xarmvr,diffuse,2,,art_history,high-art-history,How do ancient works of art play a role in contemporary society?,search,2026-04-14T13:33:49.573Z,,,,,,How do ancient works of art play a role in contemporary society?,,,,,,,,,
5,Wikipedia_Exp_14.04,Wikipedia_Exp_13.04,41,Male,sg_1776172728651_xarmvr,diffuse,2,,art_history,high-art-history,How do ancient works of art play a role in contemporary society?,article_open,2026-04-14T13:34:17.369Z,Metropolitan_Museum_of_Art,Metropolitan Museum of Art,,25318,search,,,,,,,,,,
5,Wikipedia_Exp_14.04,Wikipedia_Exp_13.04,41,Male,sg_1776172728651_xarmvr,diffuse,2,,art_history,high-art-history,How do ancient works of art play a role in contemporary society?,search,2026-04-14T13:34:32.793Z,,,,,,How do ancient works of art play a role in contemporary society?,,,,,,,,,
5,Wikipedia_Exp_14.04,Wikipedia_Exp_13.04,41,Male,sg_1776172728651_xarmvr,diffuse,2,,art_history,high-art-history,How do ancient works of art play a role in contemporary society?,search,2026-04-14T13:34:33.557Z,,,,,,How do ancient works of art play a role in contemporary society?,,,,,,,,,
5,Wikipedia_Exp_14.04,Wikipedia_Exp_13.04,41,Male,sg_1776172728651_xarmvr,diffuse,2,,art_history,high-art-history,How do ancient works of art play a role in contemporary society?,search,2026-04-14T13:35:01.061Z,,,,,,How do ancient works of art play a role in cosociety?,,,,,,,,,
5,Wikipedia_Exp_14.04,Wikipedia_Exp_13.04,41,Male,sg_1776172728651_xarmvr,diffuse,2,,art_history,high-art-history,How do ancient works of art play a role in contemporary society?,search,2026-04-14T13:35:01.427Z,,,,,,How do ancient works of art play a role in csociety?,,,,,,,,,
5,Wikipedia_Exp_14.04,Wikipedia_Exp_13.04,41,Male,sg_1776172728651_xarmvr,diffuse,2,,art_history,high-art-history,How do ancient works of art play a role in contemporary society?,search,2026-04-14T13:35:02.938Z,,,,,,How do ancient works of art play a role in society?,,,,,,,,,
5,Wikipedia_Exp_14.04,Wikipedia_Exp_13.04,41,Male,sg_1776172728651_xarmvr,diffuse,2,,art_history,high-art-history,How do ancient works of art play a role in contemporary society?,search,2026-04-14T13:35:04.200Z,,,,,,How do ancient works of art play a role in modern society?,,,,,,,,,
5,Wikipedia_Exp_14.04,Wikipedia_Exp_13.04,41,Male,sg_1776172728651_xarmvr,diffuse,2,,art_history,high-art-history,How do ancient works of art play a role in contemporary society?,search,2026-04-14T13:35:04.923Z,,,,,,How do ancient works of art play a role in modern society?,,,,,,,,,
5,Wikipedia_Exp_14.04,Wikipedia_Exp_13.04,41,Male,sg_1776172728651_xarmvr,diffuse,2,,art_history,high-art-history,How do ancient works of art play a role in contemporary society?,answer_snapshot,2026-04-14T13:35:55.258Z,,,,,,,Ancient works of art play an important role in modern society. One of the main roles of ancient art is to inspire and educate the public. ,138,,,,,,,debounce
5,Wikipedia_Exp_14.04,Wikipedia_Exp_13.04,41,Male,sg_1776172728651_xarmvr,diffuse,2,,art_history,high-art-history,How do ancient works of art play a role in contemporary society?,answer_snapshot_cursor_leave,2026-04-14T13:36:02.982Z,,,,,,,Ancient works of art play an important role in modern society. One of the main roles of ancient art is to inspire and educate the public. ,138,,,,,,,cursor_leave
5,Wikipedia_Exp_14.04,Wikipedia_Exp_13.04,41,Male,sg_1776172728651_xarmvr,diffuse,2,,art_history,high-art-history,How do ancient works of art play a role in contemporary society?,answer_snapshot_cursor_leave,2026-04-14T13:36:29.191Z,,,,,,,Ancient works of art play an important role in modern society. One of the main roles of ancient art is to inspire and educate the public. This art sparks the imagination and raises our natural sense of wonder and curiosity. ,224,,,,,,,cursor_leave
5,Wikipedia_Exp_14.04,Wikipedia_Exp_13.04,41,Male,sg_1776172728651_xarmvr,diffuse,2,,art_history,high-art-history,How do ancient works of art play a role in contemporary society?,article_open,2026-04-14T13:36:36.175Z,Homosexuality_in_ancient_Rome,Homosexuality in ancient Rome,,15402,search,,,,,,,,,,
5,Wikipedia_Exp_14.04,Wikipedia_Exp_13.04,41,Male,sg_1776172728651_xarmvr,diffuse,2,,art_history,high-art-history,How do ancient works of art play a role in contemporary society?,answer_snapshot,2026-04-14T13:36:42.445Z,,,,,,,Ancient works of art play an important role in modern society. One of the main roles of ancient art is to inspire and educate the public. This art sparks the imagination and raises our natural sense of wonder and curiosity. Ancient art can also educate us ,256,,,,,,,debounce
5,Wikipedia_Exp_14.04,Wikipedia_Exp_13.04,41,Male,sg_1776172728651_xarmvr,diffuse,2,,art_history,high-art-history,How do ancient works of art play a role in contemporary society?,answer_snapshot,2026-04-14T13:36:52.474Z,,,,,,,Ancient works of art play an important role in modern society. One of the main roles of ancient art is to inspire and educate the public. This art sparks the imagination and raises our natural sense of wonder and curiosity. Ancient art can also educate us on ancient views ,273,,,,,,,debounce
5,Wikipedia_Exp_14.04,Wikipedia_Exp_13.04,41,Male,sg_1776172728651_xarmvr,diffuse,2,,art_history,high-art-history,How do ancient works of art play a role in contemporary society?,answer_snapshot_cursor_leave,2026-04-14T13:37:03.401Z,,,,,,,Ancient works of art play an important role in modern society. One of the main roles of ancient art is to inspire and educate the public. This art sparks the imagination and raises our natural sense of wonder and curiosity. Ancient art can also educate us on ancient views of topics such as homosexuality. ,306,,,,,,,cursor_leave
5,Wikipedia_Exp_14.04,Wikipedia_Exp_13.04,41,Male,sg_1776172728651_xarmvr,diffuse,2,,art_history,high-art-history,How do ancient works of art play a role in contemporary society?,answer_snapshot,2026-04-14T13:37:35.036Z,,,,,,,Ancient works of art play an important role in modern society. One of the main roles of ancient art is to inspire and educate the public. This art sparks the imagination and raises our natural sense of wonder and curiosity. Ancient art can also educate us on ancient views of topics such as homosexuality and ancient attitudes to the naked human body. ,352,,,,,,,debounce
5,Wikipedia_Exp_14.04,Wikipedia_Exp_13.04,41,Male,sg_1776172728651_xarmvr,diffuse,2,,art_history,high-art-history,How do ancient works of art play a role in contemporary society?,answer_snapshot_cursor_leave,2026-04-14T13:37:35.236Z,,,,,,,Ancient works of art play an important role in modern society. One of the main roles of ancient art is to inspire and educate the public. This art sparks the imagination and raises our natural sense of wonder and curiosity. Ancient art can also educate us on ancient views of topics such as homosexuality and ancient attitudes to the naked human body. ,352,,,,,,,cursor_leave
5,Wikipedia_Exp_14.04,Wikipedia_Exp_13.04,41,Male,sg_1776172728651_xarmvr,diffuse,2,,art_history,high-art-history,How do ancient works of art play a role in contemporary society?,answer_snapshot,2026-04-14T13:37:55.814Z,,,,,,,"Ancient works of art play an important role in modern society. One of the main roles of ancient art is to inspire and educate the public. This art sparks the imagination and raises our natural sense of wonder and curiosity. Ancient art can also educate us on ancient views of topics such as sexuality, homosexuality and ancient attitudes to the naked human body. ",363,,,,,,,debounce
5,Wikipedia_Exp_14.04,Wikipedia_Exp_13.04,41,Male,sg_1776172728651_xarmvr,diffuse,2,,art_history,high-art-history,How do ancient works of art play a role in contemporary society?,answer_snapshot_cursor_leave,2026-04-14T13:37:57.885Z,,,,,,,"Ancient works of art play an important role in modern society. One of the main roles of ancient art is to inspire and educate the public. This art sparks the imagination and raises our natural sense of wonder and curiosity. Ancient art can also educate us on ancient views of topics such as sexuality, homosexuality, and ancient attitudes to the naked human body. ",364,,,,,,,cursor_leave
5,Wikipedia_Exp_14.04,Wikipedia_Exp_13.04,41,Male,sg_1776172728651_xarmvr,diffuse,2,,art_history,high-art-history,How do ancient works of art play a role in contemporary society?,search,2026-04-14T13:38:05.225Z,,,,,,art inm,,,,,,,,,
5,Wikipedia_Exp_14.04,Wikipedia_Exp_13.04,41,Male,sg_1776172728651_xarmvr,diffuse,2,,art_history,high-art-history,How do ancient works of art play a role in contemporary society?,search,2026-04-14T13:38:08.790Z,,,,,,art in modern society,,,,,,,,,
5,Wikipedia_Exp_14.04,Wikipedia_Exp_13.04,41,Male,sg_1776172728651_xarmvr,diffuse,2,,art_history,high-art-history,How do ancient works of art play a role in contemporary society?,article_open,2026-04-14T13:38:23.188Z,Art,Art,,16998,search,,,,,,,,,,
5,Wikipedia_Exp_14.04,Wikipedia_Exp_13.04,41,Male,sg_1776172728651_xarmvr,diffuse,2,,art_history,high-art-history,How do ancient works of art play a role in contemporary society?,search,2026-04-14T13:38:51.730Z,,,,,,How do ancient works of art play a role in contemporary society?,,,,,,,,,
5,Wikipedia_Exp_14.04,Wikipedia_Exp_13.04,41,Male,sg_1776172728651_xarmvr,diffuse,2,,art_history,high-art-history,How do ancient works of art play a role in contemporary society?,article_open,2026-04-14T13:38:56.412Z,Metropolitan_Museum_of_Art,Metropolitan Museum of Art,,25318,search,,,,,,,,,,
5,Wikipedia_Exp_14.04,Wikipedia_Exp_13.04,41,Male,sg_1776172728651_xarmvr,diffuse,2,,art_history,high-art-history,How do ancient works of art play a role in contemporary society?,answer_snapshot,2026-04-14T13:39:55.245Z,,,,,,,"Ancient works of art play an important role in modern society. One of the main roles of ancient art is to inspire and educate the public. This art sparks the imagination and raises our natural sense of wonder and curiosity. Ancient art can also educate us on ancient views of topics such as sexuality, homosexuality, and ancient attitudes to the naked human body. Ancient art can also give us deeper insight into topics still important to contemporary society, such as Christianity, Islam, ",490,,,,,,,debounce
5,Wikipedia_Exp_14.04,Wikipedia_Exp_13.04,41,Male,sg_1776172728651_xarmvr,diffuse,2,,art_history,high-art-history,How do ancient works of art play a role in contemporary society?,answer_snapshot_cursor_leave,2026-04-14T13:40:04.171Z,,,,,,,"Ancient works of art play an important role in modern society. One of the main roles of ancient art is to inspire and educate the public. This art sparks the imagination and raises our natural sense of wonder and curiosity. Ancient art can also educate us on ancient views of topics such as sexuality, homosexuality, and ancient attitudes to the naked human body. Ancient art can also give us deeper insight into topics still important to contemporary society, such as Christianity, Islam, and other places of worship. ",519,,,,,,,cursor_leave
5,Wikipedia_Exp_14.04,Wikipedia_Exp_13.04,41,Male,sg_1776172728651_xarmvr,diffuse,2,,art_history,high-art-history,How do ancient works of art play a role in contemporary society?,answer_snapshot_cursor_leave,2026-04-14T13:40:26.227Z,,,,,,,"Ancient works of art play an important role in modern society. One of the main roles of ancient art is to inspire and educate the public. This art sparks the imagination and raises our natural sense of wonder and curiosity. Ancient art can also educate us on ancient views of topics such as sexuality, homosexuality, and ancient attitudes to the naked human body. Ancient art can also give us deeper insight into topics still important to contemporary society, such as Christianity, Islam, and other places of worship. It can put us in touch with our roots and our ancestors and how they viewed the wider world. ",612,,,,,,,cursor_leave
5,Wikipedia_Exp_14.04,Wikipedia_Exp_13.04,41,Male,sg_1776172728651_xarmvr,diffuse,2,,art_history,high-art-history,How do ancient works of art play a role in contemporary society?,answer_snapshot,2026-04-14T13:40:59.142Z,,,,,,,"Ancient works of art play an important role in modern society. One of the main roles of ancient art is to inspire and educate the public. This art sparks the imagination and raises our natural sense of wonder and curiosity. Ancient art can also educate us on ancient views of topics such as sexuality, homosexuality, and ancient attitudes to the naked human body. Ancient art can also give us deeper insight into topics still important to contemporary society, such as Christianity, Islam, and other places of worship. It can put us in touch with our roots and our ancestors and how they viewed the wider world. How ancient art changed throughout each historical period offers a unique insight into ",699,,,,,,,debounce
5,Wikipedia_Exp_14.04,Wikipedia_Exp_13.04,41,Male,sg_1776172728651_xarmvr,diffuse,2,,art_history,high-art-history,How do ancient works of art play a role in contemporary society?,answer_snapshot,2026-04-14T13:41:10.261Z,,,,,,,"Ancient works of art play an important role in modern society. One of the main roles of ancient art is to inspire and educate the public. This art sparks the imagination and raises our natural sense of wonder and curiosity. Ancient art can also educate us on ancient views of topics such as sexuality, homosexuality, and ancient attitudes to the naked human body. Ancient art can also give us deeper insight into topics still important to contemporary society, such as Christianity, Islam, and other places of worship. It can put us in touch with our roots and our ancestors and how they viewed the wider world. How ancient art changed throughout each historical period offers a unique insight into views and beliefs ",717,,,,,,,debounce
5,Wikipedia_Exp_14.04,Wikipedia_Exp_13.04,41,Male,sg_1776172728651_xarmvr,diffuse,2,,art_history,high-art-history,How do ancient works of art play a role in contemporary society?,answer_snapshot,2026-04-14T13:41:22.053Z,,,,,,,"Ancient works of art play an important role in modern society. One of the main roles of ancient art is to inspire and educate the public. This art sparks the imagination and raises our natural sense of wonder and curiosity. Ancient art can also educate us on ancient views of topics such as sexuality, homosexuality, and ancient attitudes to the naked human body. Ancient art can also give us deeper insight into topics still important to contemporary society, such as Christianity, Islam, and other places of worship. It can put us in touch with our roots and our ancestors and how they viewed the wider world. How ancient art changed throughout each historical period offers a unique insight into views and beliefs of the time, which gives us greater understanding ",767,,,,,,,debounce
5,Wikipedia_Exp_14.04,Wikipedia_Exp_13.04,41,Male,sg_1776172728651_xarmvr,diffuse,2,,art_history,high-art-history,How do ancient works of art play a role in contemporary society?,answer_snapshot,2026-04-14T13:41:31.963Z,,,,,,,"Ancient works of art play an important role in modern society. One of the main roles of ancient art is to inspire and educate the public. This art sparks the imagination and raises our natural sense of wonder and curiosity. Ancient art can also educate us on ancient views of topics such as sexuality, homosexuality, and ancient attitudes to the naked human body. Ancient art can also give us deeper insight into topics still important to contemporary society, such as Christianity, Islam, and other places of worship. It can put us in touch with our roots and our ancestors and how they viewed the wider world. How ancient art changed throughout each historical period offers a unique insight into views and beliefs of the time, which gives us greater understanding of our own history. ",787,,,,,,,debounce
5,Wikipedia_Exp_14.04,Wikipedia_Exp_13.04,41,Male,sg_1776172728651_xarmvr,diffuse,2,,art_history,high-art-history,How do ancient works of art play a role in contemporary society?,answer_snapshot_cursor_leave,2026-04-14T13:41:32.628Z,,,,,,,"Ancient works of art play an important role in modern society. One of the main roles of ancient art is to inspire and educate the public. This art sparks the imagination and raises our natural sense of wonder and curiosity. Ancient art can also educate us on ancient views of topics such as sexuality, homosexuality, and ancient attitudes to the naked human body. Ancient art can also give us deeper insight into topics still important to contemporary society, such as Christianity, Islam, and other places of worship. It can put us in touch with our roots and our ancestors and how they viewed the wider world. How ancient art changed throughout each historical period offers a unique insight into views and beliefs of the time, which gives us greater understanding of our own history. ",787,,,,,,,cursor_leave
5,Wikipedia_Exp_14.04,Wikipedia_Exp_13.04,41,Male,sg_1776172728651_xarmvr,diffuse,2,,art_history,high-art-history,How do ancient works of art play a role in contemporary society?,search,2026-04-14T13:41:45.050Z,,,,,,How do ancient works of art play a role in contemporary society?,,,,,,,,,
5,Wikipedia_Exp_14.04,Wikipedia_Exp_13.04,41,Male,sg_1776172728651_xarmvr,diffuse,2,,art_history,high-art-history,How do ancient works of art play a role in contemporary society?,answer_snapshot,2026-04-14T13:41:59.273Z,,,,,,,"Ancient works of art play an important role in modern society. One of the main roles of ancient art is to inspire and educate the public. This art sparks the imagination and raises our natural sense of wonder and curiosity. Ancient art can also educate us on ancient views of topics such as sexuality, homosexuality, and ancient attitudes to the naked human body. Ancient art can also give us deeper insight into topics still important to contemporary society, such as Christianity, Islam, and other places of worship. It can put us in touch with our roots and our ancestors and how they viewed the wider world. How ancient art changed throughout each historical period offers a unique insight into views and beliefs of the time, which gives us greater understanding of our own history. Overall, the biggest role that ancient ",826,,,,,,,debounce
5,Wikipedia_Exp_14.04,Wikipedia_Exp_13.04,41,Male,sg_1776172728651_xarmvr,diffuse,2,,art_history,high-art-history,How do ancient works of art play a role in contemporary society?,answer_snapshot,2026-04-14T13:42:04.027Z,,,,,,,"Ancient works of art play an important role in modern society. One of the main roles of ancient art is to inspire and educate the public. This art sparks the imagination and raises our natural sense of wonder and curiosity. Ancient art can also educate us on ancient views of topics such as sexuality, homosexuality, and ancient attitudes to the naked human body. Ancient art can also give us deeper insight into topics still important to contemporary society, such as Christianity, Islam, and other places of worship. It can put us in touch with our roots and our ancestors and how they viewed the wider world. How ancient art changed throughout each historical period offers a unique insight into views and beliefs of the time, which gives us greater understanding of our own history. Overall, the biggest role that ancient works of art ",839,,,,,,,debounce
5,Wikipedia_Exp_14.04,Wikipedia_Exp_13.04,41,Male,sg_1776172728651_xarmvr,diffuse,2,,art_history,high-art-history,How do ancient works of art play a role in contemporary society?,answer_snapshot,2026-04-14T13:42:22.863Z,,,,,,,"Ancient works of art play an important role in modern society. One of the main roles of ancient art is to inspire and educate the public. This art sparks the imagination and raises our natural sense of wonder and curiosity. Ancient art can also educate us on ancient views of topics such as sexuality, homosexuality, and ancient attitudes to the naked human body. Ancient art can also give us deeper insight into topics still important to contemporary society, such as Christianity, Islam, and other places of worship. It can put us in touch with our roots and our ancestors and how they viewed the wider world. How ancient art changed throughout each historical period offers a unique insight into views and beliefs of the time, which gives us greater understanding of our own history. Overall, the biggest role that ancient works of art play in contemporary society is one of inspiration. ",891,,,,,,,debounce
5,Wikipedia_Exp_14.04,Wikipedia_Exp_13.04,41,Male,sg_1776172728651_xarmvr,diffuse,2,,art_history,high-art-history,How do ancient works of art play a role in contemporary society?,answer_snapshot_cursor_leave,2026-04-14T13:42:26.269Z,,,,,,,"Ancient works of art play an important role in modern society. One of the main roles of ancient art is to inspire and educate the public. This art sparks the imagination and raises our natural sense of wonder and curiosity. Ancient art can also educate us on ancient views of topics such as sexuality, homosexuality, and ancient attitudes to the naked human body. Ancient art can also give us deeper insight into topics still important to contemporary society, such as Christianity, Islam, and other places of worship. It can put us in touch with our roots and our ancestors and how they viewed the wider world. How ancient art changed throughout each historical period offers a unique insight into views and beliefs of the time, which gives us greater understanding of our own history. Overall, the biggest role that ancient works of art play in contemporary society is one of inspiration. ",891,,,,,,,cursor_leave
5,Wikipedia_Exp_14.04,Wikipedia_Exp_13.04,41,Male,sg_1776172728651_xarmvr,diffuse,2,,art_history,high-art-history,How do ancient works of art play a role in contemporary society?,answer_snapshot_cursor_leave,2026-04-14T13:42:27.745Z,,,,,,,"Ancient works of art play an important role in modern society. One of the main roles of ancient art is to inspire and educate the public. This art sparks the imagination and raises our natural sense of wonder and curiosity. Ancient art can also educate us on ancient views of topics such as sexuality, homosexuality, and ancient attitudes to the naked human body. Ancient art can also give us deeper insight into topics still important to contemporary society, such as Christianity, Islam, and other places of worship. It can put us in touch with our roots and our ancestors and how they viewed the wider world. How ancient art changed throughout each historical period offers a unique insight into views and beliefs of the time, which gives us greater understanding of our own history. Overall, the biggest role that ancient works of art play in contemporary society is one of inspiration. ",891,,,,,,,cursor_leave
5,Wikipedia_Exp_14.04,Wikipedia_Exp_13.04,41,Male,sg_1776172728651_xarmvr,diffuse,2,,art_history,high-art-history,How do ancient works of art play a role in contemporary society?,answer_snapshot,2026-04-14T13:42:49.336Z,,,,,,,"Ancient works of art play an important role in modern society. One of the main roles of ancient art is to inspire and educate the public. This art sparks the imagination and raises our natural sense of wonder and curiosity. Ancient art can also educate us on ancient views of topics such as sexuality, homosexuality, and ancient attitudes to the naked human body. Ancient art can also give us deeper insight into topics still important to contemporary society, such as Christianity, Islam, and places of worship. It can put us in touch with our roots and our ancestors and how they viewed the wider world. How ancient art changed throughout each historical period offers a unique insight into views and beliefs of the time, which gives us greater understanding of our own history. Overall, the biggest role that ancient works of art play in contemporary society is one of inspiration. ",885,,,,,,,debounce
5,Wikipedia_Exp_14.04,Wikipedia_Exp_13.04,41,Male,sg_1776172728651_xarmvr,diffuse,2,,art_history,high-art-history,How do ancient works of art play a role in contemporary society?,answer_snapshot_cursor_leave,2026-04-14T13:42:59.366Z,,,,,,,"Ancient works of art play an important role in modern society. One of the main roles of ancient art is to inspire and educate the public. This art sparks the imagination and raises our natural sense of wonder and curiosity. Ancient art can also educate us on ancient views of topics such as sexuality, homosexuality, and ancient attitudes to the naked human body. Ancient art can also give us deeper insight into topics still important to contemporary society, such as Christianity, Islam, and places of worship. It can put us in touch with our roots and our ancestors and how they viewed the wider world. How ancient art changed throughout each historical period offers a unique insight into views and beliefs of the time, which gives us greater understanding of our own history. Overall, the biggest role that ancient works of art play in contemporary society is one of inspiration. ",885,,,,,,,cursor_leave
5,Wikipedia_Exp_14.04,Wikipedia_Exp_13.04,41,Male,sg_1776172728651_xarmvr,diffuse,2,,art_history,high-art-history,How do ancient works of art play a role in contemporary society?,answer_snapshot,2026-04-14T13:43:43.939Z,,,,,,,"Ancient works of art play an important role in modern society. One of the main roles of ancient art is to inspire and educate the public. This art sparks the imagination and raises our natural sense of wonder and curiosity. Ancient art can also educate us on ancient views of topics such as sexuality, homosexuality, and ancient attitudes to the naked human body. Ancient art can also give us deeper insight into topics still important to contemporary society, such as Christianity, Islam, and places of worship. It can put us in touch with our roots and our ancestors and how they viewed the wider world. How ancient art changed throughout each historical period offers a unique insight into views and beliefs of the time, which gives us greater understanding of our own history. Overall, the biggest role that ancient works of art play in contemporary society is one of inspiration. ",885,,,,,,,submit
5,Wikipedia_Exp_14.04,Wikipedia_Exp_13.04,41,Male,sg_1776172728651_xarmvr,diffuse,2,,art_history,high-art-history,How do ancient works of art play a role in contemporary society?,task_end,2026-04-14T13:43:43.939Z,,,,,,,,,"Ancient works of art play an important role in modern society. One of the main roles of ancient art is to inspire and educate the public. This art sparks the imagination and raises our natural sense of wonder and curiosity. Ancient art can also educate us on ancient views of topics such as sexuality, homosexuality, and ancient attitudes to the naked human body. Ancient art can also give us deeper insight into topics still important to contemporary society, such as Christianity, Islam, and places of worship. It can put us in touch with our roots and our ancestors and how they viewed the wider world. How ancient art changed throughout each historical period offers a unique insight into views and beliefs of the time, which gives us greater understanding of our own history. Overall, the biggest role that ancient works of art play in contemporary society is one of inspiration. ",885,,,,,
8,Wikipedia_Exp_14.04,Wikipedia_Exp_13.04,29,Male,sg_1776172775255_phz2jb,clumpy,0,1,practice,practice-capybaras,What do Capybaras eat?,attention_check_pass,2026-04-14T13:20:07.257Z,,,,,,,,,,,,,,,attempt_1
8,Wikipedia_Exp_14.04,Wikipedia_Exp_13.04,29,Male,sg_1776172775255_phz2jb,clumpy,0,1,practice,practice-capybaras,What do Capybaras eat?,familiarity_rating,2026-04-14T13:20:13.065Z,,,,,,,,,,,,,1,4,
8,Wikipedia_Exp_14.04,Wikipedia_Exp_13.04,29,Male,sg_1776172775255_phz2jb,clumpy,0,1,practice,practice-capybaras,What do Capybaras eat?,task_start,2026-04-14T13:20:13.122Z,,,,,,,,,,,,,,,
8,Wikipedia_Exp_14.04,Wikipedia_Exp_13.04,29,Male,sg_1776172775255_phz2jb,clumpy,0,1,practice,practice-capybaras,What do Capybaras eat?,article_open,2026-04-14T13:20:13.254Z,Capybara,Capybara,,4650,,,,,,,,,,,
8,Wikipedia_Exp_14.04,Wikipedia_Exp_13.04,29,Male,sg_1776172775255_phz2jb,clumpy,0,1,practice,practice-capybaras,What do Capybaras eat?,answer_snapshot,2026-04-14T13:20:29.228Z,,,,,,,The capybara ,13,,,,,,,debounce
8,Wikipedia_Exp_14.04,Wikipedia_Exp_13.04,29,Male,sg_1776172775255_phz2jb,clumpy,0,1,practice,practice-capybaras,What do Capybaras eat?,answer_snapshot,2026-04-14T13:20:34.543Z,,,,,,,The capybara is a herbivore,27,,,,,,,debounce
8,Wikipedia_Exp_14.04,Wikipedia_Exp_13.04,29,Male,sg_1776172775255_phz2jb,clumpy,0,1,practice,practice-capybaras,What do Capybaras eat?,answer_snapshot_cursor_leave,2026-04-14T13:20:35.982Z,,,,,,,The capybara is a herbivore,27,,,,,,,cursor_leave
8,Wikipedia_Exp_14.04,Wikipedia_Exp_13.04,29,Male,sg_1776172775255_phz2jb,clumpy,0,1,practice,practice-capybaras,What do Capybaras eat?,link_click,2026-04-14T13:20:38.351Z,Herbivore,,Capybara,,,,,,,,,,,,
8,Wikipedia_Exp_14.04,Wikipedia_Exp_13.04,29,Male,sg_1776172775255_phz2jb,clumpy,0,1,practice,practice-capybaras,What do Capybaras eat?,article_open,2026-04-14T13:20:40.379Z,Herbivore,Herbivore,,8051,link_click,,,,,,,,,,
8,Wikipedia_Exp_14.04,Wikipedia_Exp_13.04,29,Male,sg_1776172775255_phz2jb,clumpy,0,1,practice,practice-capybaras,What do Capybaras eat?,answer_snapshot,2026-04-14T13:20:51.119Z,,,,,,,"The capybara is a herbivore, ",29,,,,,,,debounce
8,Wikipedia_Exp_14.04,Wikipedia_Exp_13.04,29,Male,sg_1776172775255_phz2jb,clumpy,0,1,practice,practice-capybaras,What do Capybaras eat?,answer_snapshot,2026-04-14T13:21:17.899Z,,,,,,,"The capybara is a herbivore, meaning it is an animal that evolve to consume plant material",90,,,,,,,debounce
8,Wikipedia_Exp_14.04,Wikipedia_Exp_13.04,29,Male,sg_1776172775255_phz2jb,clumpy,0,1,practice,practice-capybaras,What do Capybaras eat?,answer_snapshot_cursor_leave,2026-04-14T13:21:41.436Z,,,,,,,"The capybara is a herbivore, meaning it is an animal that evolve to consume plant material",90,,,,,,,cursor_leave
8,Wikipedia_Exp_14.04,Wikipedia_Exp_13.04,29,Male,sg_1776172775255_phz2jb,clumpy,0,1,practice,practice-capybaras,What do Capybaras eat?,back_navigation,2026-04-14T13:21:42.028Z,Capybara,,Herbivore,,,,,,,,,,,,
8,Wikipedia_Exp_14.04,Wikipedia_Exp_13.04,29,Male,sg_1776172775255_phz2jb,clumpy,0,1,practice,practice-capybaras,What do Capybaras eat?,article_open,2026-04-14T13:21:42.131Z,Capybara,Capybara,,4650,back,,,,,,,,,,
8,Wikipedia_Exp_14.04,Wikipedia_Exp_13.04,29,Male,sg_1776172775255_phz2jb,clumpy,0,1,practice,practice-capybaras,What do Capybaras eat?,answer_snapshot,2026-04-14T13:22:03.676Z,,,,,,,"The capybara is a herbivore, meaning it is an animal that evolve to consume plant material. They graze mostly on grasses and aquatic plants",139,,,,,,,debounce
8,Wikipedia_Exp_14.04,Wikipedia_Exp_13.04,29,Male,sg_1776172775255_phz2jb,clumpy,0,1,practice,practice-capybaras,What do Capybaras eat?,answer_snapshot,2026-04-14T13:22:14.731Z,,,,,,,"The capybara is a herbivore, meaning it is an animal that evolve to consume plant material. They graze mostly on grasses and aquatic plants",139,,,,,,,debounce
8,Wikipedia_Exp_14.04,Wikipedia_Exp_13.04,29,Male,sg_1776172775255_phz2jb,clumpy,0,1,practice,practice-capybaras,What do Capybaras eat?,answer_snapshot,2026-04-14T13:22:28.392Z,,,,,,,"The capybara is a herbivore, meaning it is an animal that evolve to consume plant material. They graze mostly on grasses and aquatic plants, tree bark as well as fruit. ",169,,,,,,,debounce
8,Wikipedia_Exp_14.04,Wikipedia_Exp_13.04,29,Male,sg_1776172775255_phz2jb,clumpy,0,1,practice,practice-capybaras,What do Capybaras eat?,answer_snapshot,2026-04-14T13:23:50.597Z,,,,,,,"The capybara is a herbivore, meaning it is an animal that evolve to consume plant material. They graze mostly on grasses and aquatic plants, tree bark as well as fruit. Their jaw is not perpendicular, so they ",209,,,,,,,debounce
8,Wikipedia_Exp_14.04,Wikipedia_Exp_13.04,29,Male,sg_1776172775255_phz2jb,clumpy,0,1,practice,practice-capybaras,What do Capybaras eat?,answer_snapshot_cursor_leave,2026-04-14T13:24:17.621Z,,,,,,,"The capybara is a herbivore, meaning it is an animal that evolve to consume plant material. They graze mostly on grasses and aquatic plants, tree bark as well as fruit. Their jaw is not perpendicular, so they chew food by grinding their teeth side to side, as opposed to side to side. They are autocophagous, meaning the eat their own feces.",341,,,,,,,cursor_leave
8,Wikipedia_Exp_14.04,Wikipedia_Exp_13.04,29,Male,sg_1776172775255_phz2jb,clumpy,0,1,practice,practice-capybaras,What do Capybaras eat?,answer_snapshot,2026-04-14T13:24:17.684Z,,,,,,,"The capybara is a herbivore, meaning it is an animal that evolve to consume plant material. They graze mostly on grasses and aquatic plants, tree bark as well as fruit. Their jaw is not perpendicular, so they chew food by grinding their teeth side to side, as opposed to side to side. They are autocophagous, meaning the eat their own feces.",341,,,,,,,submit
8,Wikipedia_Exp_14.04,Wikipedia_Exp_13.04,29,Male,sg_1776172775255_phz2jb,clumpy,0,1,practice,practice-capybaras,What do Capybaras eat?,task_end,2026-04-14T13:24:17.684Z,,,,,,,,,"The capybara is a herbivore, meaning it is an animal that evolve to consume plant material. They graze mostly on grasses and aquatic plants, tree bark as well as fruit. Their jaw is not perpendicular, so they chew food by grinding their teeth side to side, as opposed to side to side. They are autocophagous, meaning the eat their own feces.",341,,,,,
8,Wikipedia_Exp_14.04,Wikipedia_Exp_13.04,29,Male,sg_1776172775255_phz2jb,clumpy,1,,psychology,high-psychology,What brain mechanisms help people make scientific discoveries?,familiarity_rating,2026-04-14T13:24:26.068Z,,,,,,,,,,,,,3,4,
8,Wikipedia_Exp_14.04,Wikipedia_Exp_13.04,29,Male,sg_1776172775255_phz2jb,clumpy,1,,psychology,high-psychology,What brain mechanisms help people make scientific discoveries?,task_start,2026-04-14T13:24:26.172Z,,,,,,,,,,,,,,,
8,Wikipedia_Exp_14.04,Wikipedia_Exp_13.04,29,Male,sg_1776172775255_phz2jb,clumpy,1,,psychology,high-psychology,What brain mechanisms help people make scientific discoveries?,search,2026-04-14T13:24:36.686Z,,,,,,brain mechani,,,,,,,,,
8,Wikipedia_Exp_14.04,Wikipedia_Exp_13.04,29,Male,sg_1776172775255_phz2jb,clumpy,1,,psychology,high-psychology,What brain mechanisms help people make scientific discoveries?,search,2026-04-14T13:24:38.311Z,,,,,,brain mechanisms,,,,,,,,,
8,Wikipedia_Exp_14.04,Wikipedia_Exp_13.04,29,Male,sg_1776172775255_phz2jb,clumpy,1,,psychology,high-psychology,What brain mechanisms help people make scientific discoveries?,article_open,2026-04-14T13:24:42.615Z,Neuroscience,Neuroscience,,11159,search,,,,,,,,,,
8,Wikipedia_Exp_14.04,Wikipedia_Exp_13.04,29,Male,sg_1776172775255_phz2jb,clumpy,1,,psychology,high-psychology,What brain mechanisms help people make scientific discoveries?,link_click,2026-04-14T13:25:11.683Z,List_of_biology_awards,,Neuroscience,,,,,,,,,,,,
8,Wikipedia_Exp_14.04,Wikipedia_Exp_13.04,29,Male,sg_1776172775255_phz2jb,clumpy,1,,psychology,high-psychology,What brain mechanisms help people make scientific discoveries?,article_open,2026-04-14T13:25:13.148Z,List_of_biology_awards,List of biology awards,,6973,link_click,,,,,,,,,,
8,Wikipedia_Exp_14.04,Wikipedia_Exp_13.04,29,Male,sg_1776172775255_phz2jb,clumpy,1,,psychology,high-psychology,What brain mechanisms help people make scientific discoveries?,search,2026-04-14T13:25:38.481Z,,,,,,brain ,,,,,,,,,
8,Wikipedia_Exp_14.04,Wikipedia_Exp_13.04,29,Male,sg_1776172775255_phz2jb,clumpy,1,,psychology,high-psychology,What brain mechanisms help people make scientific discoveries?,search,2026-04-14T13:25:41.242Z,,,,,,scien,,,,,,,,,
8,Wikipedia_Exp_14.04,Wikipedia_Exp_13.04,29,Male,sg_1776172775255_phz2jb,clumpy,1,,psychology,high-psychology,What brain mechanisms help people make scientific discoveries?,search,2026-04-14T13:25:42.706Z,,,,,,scientific d,,,,,,,,,
8,Wikipedia_Exp_14.04,Wikipedia_Exp_13.04,29,Male,sg_1776172775255_phz2jb,clumpy,1,,psychology,high-psychology,What brain mechanisms help people make scientific discoveries?,search,2026-04-14T13:25:44.416Z,,,,,,scientific discover,,,,,,,,,
8,Wikipedia_Exp_14.04,Wikipedia_Exp_13.04,29,Male,sg_1776172775255_phz2jb,clumpy,1,,psychology,high-psychology,What brain mechanisms help people make scientific discoveries?,search,2026-04-14T13:25:44.616Z,,,,,,scientific disv,,,,,,,,,
8,Wikipedia_Exp_14.04,Wikipedia_Exp_13.04,29,Male,sg_1776172775255_phz2jb,clumpy,1,,psychology,high-psychology,What brain mechanisms help people make scientific discoveries?,search,2026-04-14T13:25:46.156Z,,,,,,scientific discoveries,,,,,,,,,
8,Wikipedia_Exp_14.04,Wikipedia_Exp_13.04,29,Male,sg_1776172775255_phz2jb,clumpy,1,,psychology,high-psychology,What brain mechanisms help people make scientific discoveries?,article_open,2026-04-14T13:25:49.909Z,Discovery_(observation),Discovery (observation),,1723,search,,,,,,,,,,
8,Wikipedia_Exp_14.04,Wikipedia_Exp_13.04,29,Male,sg_1776172775255_phz2jb,clumpy,1,,psychology,high-psychology,What brain mechanisms help people make scientific discoveries?,answer_snapshot,2026-04-14T13:26:07.288Z,,,,,,,Discovery is the observation of new phenomena,45,,,,,,,debounce
8,Wikipedia_Exp_14.04,Wikipedia_Exp_13.04,29,Male,sg_1776172775255_phz2jb,clumpy,1,,psychology,high-psychology,What brain mechanisms help people make scientific discoveries?,answer_snapshot,2026-04-14T13:26:18.920Z,,,,,,,Discovery is the observation of new phenomena that help explain ,64,,,,,,,debounce
8,Wikipedia_Exp_14.04,Wikipedia_Exp_13.04,29,Male,sg_1776172775255_phz2jb,clumpy,1,,psychology,high-psychology,What brain mechanisms help people make scientific discoveries?,answer_snapshot,2026-04-14T13:26:34.987Z,,,,,,,Discovery is the observation of new phenomena.,46,,,,,,,debounce
8,Wikipedia_Exp_14.04,Wikipedia_Exp_13.04,29,Male,sg_1776172775255_phz2jb,clumpy,1,,psychology,high-psychology,What brain mechanisms help people make scientific discoveries?,answer_snapshot_cursor_leave,2026-04-14T13:27:04.003Z,,,,,,,Discovery is the observation of new phenomena.,46,,,,,,,cursor_leave
8,Wikipedia_Exp_14.04,Wikipedia_Exp_13.04,29,Male,sg_1776172775255_phz2jb,clumpy,1,,psychology,high-psychology,What brain mechanisms help people make scientific discoveries?,link_click,2026-04-14T13:27:04.080Z,Standard_deviation#Table,,Discovery_(observation),,,,,,,,,,,,
8,Wikipedia_Exp_14.04,Wikipedia_Exp_13.04,29,Male,sg_1776172775255_phz2jb,clumpy,1,,psychology,high-psychology,What brain mechanisms help people make scientific discoveries?,article_open,2026-04-14T13:27:05.798Z,Standard_deviation#Table,Standard deviation,,10216,link_click,,,,,,,,,,
8,Wikipedia_Exp_14.04,Wikipedia_Exp_13.04,29,Male,sg_1776172775255_phz2jb,clumpy,1,,psychology,high-psychology,What brain mechanisms help people make scientific discoveries?,answer_snapshot,2026-04-14T13:27:09.309Z,,,,,,,Discovery is the observation of new phenomena. ,47,,,,,,,debounce
8,Wikipedia_Exp_14.04,Wikipedia_Exp_13.04,29,Male,sg_1776172775255_phz2jb,clumpy,1,,psychology,high-psychology,What brain mechanisms help people make scientific discoveries?,answer_snapshot_cursor_leave,2026-04-14T13:27:11.548Z,,,,,,,Discovery is the observation of new phenomena. ,47,,,,,,,cursor_leave
8,Wikipedia_Exp_14.04,Wikipedia_Exp_13.04,29,Male,sg_1776172775255_phz2jb,clumpy,1,,psychology,high-psychology,What brain mechanisms help people make scientific discoveries?,back_navigation,2026-04-14T13:27:11.618Z,Discovery_(observation),,Standard_deviation#Table,,,,,,,,,,,,
8,Wikipedia_Exp_14.04,Wikipedia_Exp_13.04,29,Male,sg_1776172775255_phz2jb,clumpy,1,,psychology,high-psychology,What brain mechanisms help people make scientific discoveries?,article_open,2026-04-14T13:27:11.768Z,Discovery_(observation),Discovery (observation),,1723,back,,,,,,,,,,
8,Wikipedia_Exp_14.04,Wikipedia_Exp_13.04,29,Male,sg_1776172775255_phz2jb,clumpy,1,,psychology,high-psychology,What brain mechanisms help people make scientific discoveries?,back_navigation,2026-04-14T13:27:12.666Z,List_of_biology_awards,,Discovery_(observation),,,,,,,,,,,,
8,Wikipedia_Exp_14.04,Wikipedia_Exp_13.04,29,Male,sg_1776172775255_phz2jb,clumpy,1,,psychology,high-psychology,What brain mechanisms help people make scientific discoveries?,article_open,2026-04-14T13:27:12.848Z,List_of_biology_awards,List of biology awards,,6973,back,,,,,,,,,,
8,Wikipedia_Exp_14.04,Wikipedia_Exp_13.04,29,Male,sg_1776172775255_phz2jb,clumpy,1,,psychology,high-psychology,What brain mechanisms help people make scientific discoveries?,search,2026-04-14T13:27:19.309Z,,,,,,brain mechanisms,,,,,,,,,
8,Wikipedia_Exp_14.04,Wikipedia_Exp_13.04,29,Male,sg_1776172775255_phz2jb,clumpy,1,,psychology,high-psychology,What brain mechanisms help people make scientific discoveries?,search,2026-04-14T13:27:27.629Z,,,,,,brain mechanisms ,,,,,,,,,
8,Wikipedia_Exp_14.04,Wikipedia_Exp_13.04,29,Male,sg_1776172775255_phz2jb,clumpy,1,,psychology,high-psychology,What brain mechanisms help people make scientific discoveries?,search,2026-04-14T13:27:28.413Z,,,,,,brain mechanisms dis,,,,,,,,,
8,Wikipedia_Exp_14.04,Wikipedia_Exp_13.04,29,Male,sg_1776172775255_phz2jb,clumpy,1,,psychology,high-psychology,What brain mechanisms help people make scientific discoveries?,search,2026-04-14T13:27:29.717Z,,,,,,brain mechanisms discovery,,,,,,,,,
8,Wikipedia_Exp_14.04,Wikipedia_Exp_13.04,29,Male,sg_1776172775255_phz2jb,clumpy,1,,psychology,high-psychology,What brain mechanisms help people make scientific discoveries?,article_open,2026-04-14T13:27:34.296Z,Discovery_science,Discovery science,,2869,search,,,,,,,,,,
8,Wikipedia_Exp_14.04,Wikipedia_Exp_13.04,29,Male,sg_1776172775255_phz2jb,clumpy,1,,psychology,high-psychology,What brain mechanisms help people make scientific discoveries?,answer_snapshot_cursor_leave,2026-04-14T13:28:29.545Z,,,,,,,Discovery is the observation of new phenomena. ,47,,,,,,,cursor_leave
8,Wikipedia_Exp_14.04,Wikipedia_Exp_13.04,29,Male,sg_1776172775255_phz2jb,clumpy,1,,psychology,high-psychology,What brain mechanisms help people make scientific discoveries?,link_click,2026-04-14T13:28:29.627Z,Pathophysiology,,Discovery_science,,,,,,,,,,,,
8,Wikipedia_Exp_14.04,Wikipedia_Exp_13.04,29,Male,sg_1776172775255_phz2jb,clumpy,1,,psychology,high-psychology,What brain mechanisms help people make scientific discoveries?,article_open,2026-04-14T13:28:30.443Z,Pathophysiology,Pathophysiology,,3676,link_click,,,,,,,,,,
8,Wikipedia_Exp_14.04,Wikipedia_Exp_13.04,29,Male,sg_1776172775255_phz2jb,clumpy,1,,psychology,high-psychology,What brain mechanisms help people make scientific discoveries?,back_navigation,2026-04-14T13:28:36.233Z,Discovery_science,,Pathophysiology,,,,,,,,,,,,
8,Wikipedia_Exp_14.04,Wikipedia_Exp_13.04,29,Male,sg_1776172775255_phz2jb,clumpy,1,,psychology,high-psychology,What brain mechanisms help people make scientific discoveries?,article_open,2026-04-14T13:28:36.317Z,Discovery_science,Discovery science,,2869,back,,,,,,,,,,
8,Wikipedia_Exp_14.04,Wikipedia_Exp_13.04,29,Male,sg_1776172775255_phz2jb,clumpy,1,,psychology,high-psychology,What brain mechanisms help people make scientific discoveries?,answer_snapshot,2026-04-14T13:29:10.579Z,,,,,,,Discovery is the observation of new phenomena. Discovery science involes inductive reasoning or using observations to make generalisations. ,140,,,,,,,debounce
8,Wikipedia_Exp_14.04,Wikipedia_Exp_13.04,29,Male,sg_1776172775255_phz2jb,clumpy,1,,psychology,high-psychology,What brain mechanisms help people make scientific discoveries?,answer_snapshot_cursor_leave,2026-04-14T13:29:19.650Z,,,,,,,Discovery is the observation of new phenomena. Discovery science involes inductive reasoning or using observations to make generalisations. ,140,,,,,,,cursor_leave
8,Wikipedia_Exp_14.04,Wikipedia_Exp_13.04,29,Male,sg_1776172775255_phz2jb,clumpy,1,,psychology,high-psychology,What brain mechanisms help people make scientific discoveries?,link_click,2026-04-14T13:29:19.727Z,Pattern,,Discovery_science,,,,,,,,,,,,
8,Wikipedia_Exp_14.04,Wikipedia_Exp_13.04,29,Male,sg_1776172775255_phz2jb,clumpy,1,,psychology,high-psychology,What brain mechanisms help people make scientific discoveries?,article_open,2026-04-14T13:29:20.714Z,Pattern,Pattern,,3434,link_click,,,,,,,,,,
8,Wikipedia_Exp_14.04,Wikipedia_Exp_13.04,29,Male,sg_1776172775255_phz2jb,clumpy,1,,psychology,high-psychology,What brain mechanisms help people make scientific discoveries?,answer_snapshot,2026-04-14T13:30:12.642Z,,,,,,,Discovery is the observation of new phenomena. Discovery science involes inductive reasoning or using observations to make generalisations. Daniel Dennett's ,157,,,,,,,debounce
8,Wikipedia_Exp_14.04,Wikipedia_Exp_13.04,29,Male,sg_1776172775255_phz2jb,clumpy,1,,psychology,high-psychology,What brain mechanisms help people make scientific discoveries?,answer_snapshot,2026-04-14T13:30:28.204Z,,,,,,,Discovery is the observation of new phenomena. Discovery science involes inductive reasoning or using observations to make generalisations. Daniel Dennett's idea of real patters gives us an ontological framework,211,,,,,,,debounce
8,Wikipedia_Exp_14.04,Wikipedia_Exp_13.04,29,Male,sg_1776172775255_phz2jb,clumpy,1,,psychology,high-psychology,What brain mechanisms help people make scientific discoveries?,answer_snapshot,2026-04-14T13:30:48.411Z,,,,,,,Discovery is the observation of new phenomena. Discovery science involes inductive reasoning or using observations to make generalisations. Daniel Dennett's idea of real patters gives us an ontological framework that can discern the reality of patterns beyond mere human interpretation by exmaining their ,305,,,,,,,debounce
8,Wikipedia_Exp_14.04,Wikipedia_Exp_13.04,29,Male,sg_1776172775255_phz2jb,clumpy,1,,psychology,high-psychology,What brain mechanisms help people make scientific discoveries?,answer_snapshot,2026-04-14T13:30:56.367Z,,,,,,,Discovery is the observation of new phenomena. Discovery science involes inductive reasoning or using observations to make generalisations. Daniel Dennett's idea of real patters gives us an ontological framework that can discern the reality of patterns beyond mere human interpretation by prediciting ,301,,,,,,,debounce
8,Wikipedia_Exp_14.04,Wikipedia_Exp_13.04,29,Male,sg_1776172775255_phz2jb,clumpy,1,,psychology,high-psychology,What brain mechanisms help people make scientific discoveries?,answer_snapshot,2026-04-14T13:31:13.003Z,,,,,,,Discovery is the observation of new phenomena. Discovery science involes inductive reasoning or using observations to make generalisations. Daniel Dennett's idea of real patters gives us an ontological framework that can discern the reality of patterns beyond mere human interpretation by examining their predictive utility. ,325,,,,,,,debounce
8,Wikipedia_Exp_14.04,Wikipedia_Exp_13.04,29,Male,sg_1776172775255_phz2jb,clumpy,1,,psychology,high-psychology,What brain mechanisms help people make scientific discoveries?,answer_snapshot,2026-04-14T13:31:24.731Z,,,,,,,"Discovery is the observation of new phenomena. Discovery science involes inductive reasoning or using observations to make generalisations. Daniel Dennett's idea of real patters gives us an ontological framework that can discern the reality of patterns beyond mere human interpretation by examining their predictive utility. Simply, ",333,,,,,,,debounce
8,Wikipedia_Exp_14.04,Wikipedia_Exp_13.04,29,Male,sg_1776172775255_phz2jb,clumpy,1,,psychology,high-psychology,What brain mechanisms help people make scientific discoveries?,answer_snapshot,2026-04-14T13:31:39.904Z,,,,,,,"Discovery is the observation of new phenomena. Discovery science involes inductive reasoning or using observations to make generalisations. Daniel Dennett's idea of real patters gives us an ontological framework that can discern the reality of patterns beyond mere human interpretation by examining their predictive utility. Simply, a real pattern is something that allows for the prediction ",392,,,,,,,debounce
8,Wikipedia_Exp_14.04,Wikipedia_Exp_13.04,29,Male,sg_1776172775255_phz2jb,clumpy,1,,psychology,high-psychology,What brain mechanisms help people make scientific discoveries?,answer_snapshot,2026-04-14T13:31:44.439Z,,,,,,,"Discovery is the observation of new phenomena. Discovery science involes inductive reasoning or using observations to make generalisations. Daniel Dennett's idea of real patters gives us an ontological framework that can discern the reality of patterns beyond mere human interpretation by examining their predictive utility. Simply, a real pattern is something that allows for the prediction of ",395,,,,,,,debounce
8,Wikipedia_Exp_14.04,Wikipedia_Exp_13.04,29,Male,sg_1776172775255_phz2jb,clumpy,1,,psychology,high-psychology,What brain mechanisms help people make scientific discoveries?,answer_snapshot,2026-04-14T13:32:21.222Z,,,,,,,"Discovery is the observation of new phenomena. Discovery science involes inductive reasoning or using observations to make generalisations. Daniel Dennett's idea of real patters gives us an ontological framework that can discern the reality of patterns beyond mere human interpretation by examining their predictive utility. Simply, a real pattern is something that allows for prediction, like gravity, as it allows us to predict the movement of bodies such as the earth. ",472,,,,,,,debounce
8,Wikipedia_Exp_14.04,Wikipedia_Exp_13.04,29,Male,sg_1776172775255_phz2jb,clumpy,1,,psychology,high-psychology,What brain mechanisms help people make scientific discoveries?,answer_snapshot_cursor_leave,2026-04-14T13:32:30.186Z,,,,,,,"Discovery is the observation of new phenomena. Discovery science involes inductive reasoning or using observations to make generalisations. Daniel Dennett's idea of real patters gives us an ontological framework that can discern the reality of patterns beyond mere human interpretation by examining their predictive utility. Simply, a real pattern is something that allows for prediction, like gravity, as it allows us to predict the movement of bodies such as the earth. ",472,,,,,,,cursor_leave
8,Wikipedia_Exp_14.04,Wikipedia_Exp_13.04,29,Male,sg_1776172775255_phz2jb,clumpy,1,,psychology,high-psychology,What brain mechanisms help people make scientific discoveries?,link_click,2026-04-14T13:32:30.242Z,Pattern_theory,,Pattern,,,,,,,,,,,,
8,Wikipedia_Exp_14.04,Wikipedia_Exp_13.04,29,Male,sg_1776172775255_phz2jb,clumpy,1,,psychology,high-psychology,What brain mechanisms help people make scientific discoveries?,article_open,2026-04-14T13:32:30.739Z,Pattern_theory,Pattern theory,,467,link_click,,,,,,,,,,
8,Wikipedia_Exp_14.04,Wikipedia_Exp_13.04,29,Male,sg_1776172775255_phz2jb,clumpy,1,,psychology,high-psychology,What brain mechanisms help people make scientific discoveries?,article_open,2026-04-14T13:32:40.287Z,Brain_stimulation_reward,Brain stimulation reward,,6521,search,,,,,,,,,,
8,Wikipedia_Exp_14.04,Wikipedia_Exp_13.04,29,Male,sg_1776172775255_phz2jb,clumpy,1,,psychology,high-psychology,What brain mechanisms help people make scientific discoveries?,back_navigation,2026-04-14T13:32:53.665Z,Pattern_theory,,Brain_stimulation_reward,,,,,,,,,,,,
8,Wikipedia_Exp_14.04,Wikipedia_Exp_13.04,29,Male,sg_1776172775255_phz2jb,clumpy,1,,psychology,high-psychology,What brain mechanisms help people make scientific discoveries?,article_open,2026-04-14T13:32:53.738Z,Pattern_theory,Pattern theory,,467,back,,,,,,,,,,
8,Wikipedia_Exp_14.04,Wikipedia_Exp_13.04,29,Male,sg_1776172775255_phz2jb,clumpy,1,,psychology,high-psychology,What brain mechanisms help people make scientific discoveries?,back_navigation,2026-04-14T13:32:54.800Z,Pattern,,Pattern_theory,,,,,,,,,,,,
8,Wikipedia_Exp_14.04,Wikipedia_Exp_13.04,29,Male,sg_1776172775255_phz2jb,clumpy,1,,psychology,high-psychology,What brain mechanisms help people make scientific discoveries?,article_open,2026-04-14T13:32:54.911Z,Pattern,Pattern,,3434,back,,,,,,,,,,
8,Wikipedia_Exp_14.04,Wikipedia_Exp_13.04,29,Male,sg_1776172775255_phz2jb,clumpy,1,,psychology,high-psychology,What brain mechanisms help people make scientific discoveries?,back_navigation,2026-04-14T13:32:55.605Z,Discovery_science,,Pattern,,,,,,,,,,,,
8,Wikipedia_Exp_14.04,Wikipedia_Exp_13.04,29,Male,sg_1776172775255_phz2jb,clumpy,1,,psychology,high-psychology,What brain mechanisms help people make scientific discoveries?,article_open,2026-04-14T13:32:55.682Z,Discovery_science,Discovery science,,2869,back,,,,,,,,,,
8,Wikipedia_Exp_14.04,Wikipedia_Exp_13.04,29,Male,sg_1776172775255_phz2jb,clumpy,1,,psychology,high-psychology,What brain mechanisms help people make scientific discoveries?,back_navigation,2026-04-14T13:32:56.624Z,List_of_biology_awards,,Discovery_science,,,,,,,,,,,,
8,Wikipedia_Exp_14.04,Wikipedia_Exp_13.04,29,Male,sg_1776172775255_phz2jb,clumpy,1,,psychology,high-psychology,What brain mechanisms help people make scientific discoveries?,article_open,2026-04-14T13:32:56.743Z,List_of_biology_awards,List of biology awards,,6973,back,,,,,,,,,,
8,Wikipedia_Exp_14.04,Wikipedia_Exp_13.04,29,Male,sg_1776172775255_phz2jb,clumpy,1,,psychology,high-psychology,What brain mechanisms help people make scientific discoveries?,link_click,2026-04-14T13:33:06.709Z,History_of_biology,,List_of_biology_awards,,,,,,,,,,,,
8,Wikipedia_Exp_14.04,Wikipedia_Exp_13.04,29,Male,sg_1776172775255_phz2jb,clumpy,1,,psychology,high-psychology,What brain mechanisms help people make scientific discoveries?,article_open,2026-04-14T13:33:07.724Z,History_of_biology,History of biology,,12531,link_click,,,,,,,,,,
8,Wikipedia_Exp_14.04,Wikipedia_Exp_13.04,29,Male,sg_1776172775255_phz2jb,clumpy,1,,psychology,high-psychology,What brain mechanisms help people make scientific discoveries?,link_click,2026-04-14T13:33:15.332Z,Biology,,History_of_biology,,,,,,,,,,,,
8,Wikipedia_Exp_14.04,Wikipedia_Exp_13.04,29,Male,sg_1776172775255_phz2jb,clumpy,1,,psychology,high-psychology,What brain mechanisms help people make scientific discoveries?,article_open,2026-04-14T13:33:16.709Z,Biology,Biology,,5015,link_click,,,,,,,,,,
8,Wikipedia_Exp_14.04,Wikipedia_Exp_13.04,29,Male,sg_1776172775255_phz2jb,clumpy,1,,psychology,high-psychology,What brain mechanisms help people make scientific discoveries?,link_click,2026-04-14T13:33:22.285Z,Stimulus_(physiology),,Biology,,,,,,,,,,,,
8,Wikipedia_Exp_14.04,Wikipedia_Exp_13.04,29,Male,sg_1776172775255_phz2jb,clumpy,1,,psychology,high-psychology,What brain mechanisms help people make scientific discoveries?,article_open,2026-04-14T13:33:23.169Z,Stimulus_(physiology),Stimulus (physiology),,4596,link_click,,,,,,,,,,
8,Wikipedia_Exp_14.04,Wikipedia_Exp_13.04,29,Male,sg_1776172775255_phz2jb,clumpy,1,,psychology,high-psychology,What brain mechanisms help people make scientific discoveries?,link_click,2026-04-14T13:33:41.914Z,Neuroscience,,Stimulus_(physiology),,,,,,,,,,,,
8,Wikipedia_Exp_14.04,Wikipedia_Exp_13.04,29,Male,sg_1776172775255_phz2jb,clumpy,1,,psychology,high-psychology,What brain mechanisms help people make scientific discoveries?,article_open,2026-04-14T13:33:42.065Z,Neuroscience,Neuroscience,,11159,link_click,,,,,,,,,,
8,Wikipedia_Exp_14.04,Wikipedia_Exp_13.04,29,Male,sg_1776172775255_phz2jb,clumpy,1,,psychology,high-psychology,What brain mechanisms help people make scientific discoveries?,link_click,2026-04-14T13:33:46.895Z,Neuron,,Neuroscience,,,,,,,,,,,,
8,Wikipedia_Exp_14.04,Wikipedia_Exp_13.04,29,Male,sg_1776172775255_phz2jb,clumpy,1,,psychology,high-psychology,What brain mechanisms help people make scientific discoveries?,article_open,2026-04-14T13:33:48.178Z,Neuron,Neuron,,11030,link_click,,,,,,,,,,
8,Wikipedia_Exp_14.04,Wikipedia_Exp_13.04,29,Male,sg_1776172775255_phz2jb,clumpy,1,,psychology,high-psychology,What brain mechanisms help people make scientific discoveries?,answer_snapshot_cursor_leave,2026-04-14T13:34:35.762Z,,,,,,,"Discovery is the observation of new phenomena. Discovery science involes inductive reasoning or using observations to make generalisations. Daniel Dennett's idea of real patters gives us an ontological framework that can discern the reality of patterns beyond mere human interpretation by examining their predictive utility. Simply, a real pattern is something that allows for prediction, like gravity, as it allows us to predict the movement of bodies such as the earth. ",472,,,,,,,cursor_leave
8,Wikipedia_Exp_14.04,Wikipedia_Exp_13.04,29,Male,sg_1776172775255_phz2jb,clumpy,1,,psychology,high-psychology,What brain mechanisms help people make scientific discoveries?,answer_snapshot,2026-04-14T13:34:39.025Z,,,,,,,"Discovery is the observation of new phenomena. Discovery science involes inductive reasoning or using observations to make generalisations. Daniel Dennett's idea of real patters gives us an ontological framework that can discern the reality of patterns beyond mere human interpretation by examining their predictive utility. Simply, a real pattern is something that allows for prediction, like gravity, as it allows us to predict the movement of bodies such as the earth. ",472,,,,,,,submit
8,Wikipedia_Exp_14.04,Wikipedia_Exp_13.04,29,Male,sg_1776172775255_phz2jb,clumpy,1,,psychology,high-psychology,What brain mechanisms help people make scientific discoveries?,task_end,2026-04-14T13:34:39.025Z,,,,,,,,,"Discovery is the observation of new phenomena. Discovery science involes inductive reasoning or using observations to make generalisations. Daniel Dennett's idea of real patters gives us an ontological framework that can discern the reality of patterns beyond mere human interpretation by examining their predictive utility. Simply, a real pattern is something that allows for prediction, like gravity, as it allows us to predict the movement of bodies such as the earth. ",472,,,,,
8,Wikipedia_Exp_14.04,Wikipedia_Exp_13.04,29,Male,sg_1776172775255_phz2jb,clumpy,2,,art_history,high-art-history,How do ancient works of art play a role in contemporary society?,familiarity_rating,2026-04-14T13:34:49.510Z,,,,,,,,,,,,,1,1,
8,Wikipedia_Exp_14.04,Wikipedia_Exp_13.04,29,Male,sg_1776172775255_phz2jb,clumpy,2,,art_history,high-art-history,How do ancient works of art play a role in contemporary society?,task_start,2026-04-14T13:34:51.371Z,,,,,,,,,,,,,,,
8,Wikipedia_Exp_14.04,Wikipedia_Exp_13.04,29,Male,sg_1776172775255_phz2jb,clumpy,2,,art_history,high-art-history,How do ancient works of art play a role in contemporary society?,search,2026-04-14T13:35:00.282Z,,,,,,conte,,,,,,,,,
8,Wikipedia_Exp_14.04,Wikipedia_Exp_13.04,29,Male,sg_1776172775255_phz2jb,clumpy,2,,art_history,high-art-history,How do ancient works of art play a role in contemporary society?,search,2026-04-14T13:35:01.187Z,,,,,,contemp,,,,,,,,,
8,Wikipedia_Exp_14.04,Wikipedia_Exp_13.04,29,Male,sg_1776172775255_phz2jb,clumpy,2,,art_history,high-art-history,How do ancient works of art play a role in contemporary society?,search,2026-04-14T13:35:03.660Z,,,,,,contempor,,,,,,,,,
8,Wikipedia_Exp_14.04,Wikipedia_Exp_13.04,29,Male,sg_1776172775255_phz2jb,clumpy,2,,art_history,high-art-history,How do ancient works of art play a role in contemporary society?,search,2026-04-14T13:35:04.634Z,,,,,,contemporary so,,,,,,,,,
8,Wikipedia_Exp_14.04,Wikipedia_Exp_13.04,29,Male,sg_1776172775255_phz2jb,clumpy,2,,art_history,high-art-history,How do ancient works of art play a role in contemporary society?,search,2026-04-14T13:35:05.735Z,,,,,,contemporary society,,,,,,,,,
8,Wikipedia_Exp_14.04,Wikipedia_Exp_13.04,29,Male,sg_1776172775255_phz2jb,clumpy,2,,art_history,high-art-history,How do ancient works of art play a role in contemporary society?,article_open,2026-04-14T13:35:10.520Z,Contemporary_Art_Society,Contemporary Art Society,,2501,search,,,,,,,,,,
8,Wikipedia_Exp_14.04,Wikipedia_Exp_13.04,29,Male,sg_1776172775255_phz2jb,clumpy,2,,art_history,high-art-history,How do ancient works of art play a role in contemporary society?,search,2026-04-14T13:35:28.258Z,,,,,,con,,,,,,,,,
8,Wikipedia_Exp_14.04,Wikipedia_Exp_13.04,29,Male,sg_1776172775255_phz2jb,clumpy,2,,art_history,high-art-history,How do ancient works of art play a role in contemporary society?,search,2026-04-14T13:35:28.996Z,,,,,,contem,,,,,,,,,
8,Wikipedia_Exp_14.04,Wikipedia_Exp_13.04,29,Male,sg_1776172775255_phz2jb,clumpy,2,,art_history,high-art-history,How do ancient works of art play a role in contemporary society?,search,2026-04-14T13:35:29.527Z,,,,,,contemp,,,,,,,,,
8,Wikipedia_Exp_14.04,Wikipedia_Exp_13.04,29,Male,sg_1776172775255_phz2jb,clumpy,2,,art_history,high-art-history,How do ancient works of art play a role in contemporary society?,search,2026-04-14T13:35:30.831Z,,,,,,contemporary,,,,,,,,,
8,Wikipedia_Exp_14.04,Wikipedia_Exp_13.04,29,Male,sg_1776172775255_phz2jb,clumpy,2,,art_history,high-art-history,How do ancient works of art play a role in contemporary society?,article_open,2026-04-14T13:35:34.152Z,Contemporary_history,Contemporary history,,9713,search,,,,,,,,,,
8,Wikipedia_Exp_14.04,Wikipedia_Exp_13.04,29,Male,sg_1776172775255_phz2jb,clumpy,2,,art_history,high-art-history,How do ancient works of art play a role in contemporary society?,answer_snapshot,2026-04-14T13:36:05.507Z,,,,,,,Contemporary society refers ,28,,,,,,,debounce
8,Wikipedia_Exp_14.04,Wikipedia_Exp_13.04,29,Male,sg_1776172775255_phz2jb,clumpy,2,,art_history,high-art-history,How do ancient works of art play a role in contemporary society?,answer_snapshot,2026-04-14T13:36:12.904Z,,,,,,,Contemporary society refers to a subset of modern history that ,63,,,,,,,debounce
8,Wikipedia_Exp_14.04,Wikipedia_Exp_13.04,29,Male,sg_1776172775255_phz2jb,clumpy,2,,art_history,high-art-history,How do ancient works of art play a role in contemporary society?,answer_snapshot,2026-04-14T13:36:16.219Z,,,,,,,Contemporary society refers to a subset of modern history ,58,,,,,,,debounce
8,Wikipedia_Exp_14.04,Wikipedia_Exp_13.04,29,Male,sg_1776172775255_phz2jb,clumpy,2,,art_history,high-art-history,How do ancient works of art play a role in contemporary society?,answer_snapshot,2026-04-14T13:36:28.901Z,,,,,,,Contemporary society refers to a subset of modern history from about 1945 to the present. ,90,,,,,,,debounce
8,Wikipedia_Exp_14.04,Wikipedia_Exp_13.04,29,Male,sg_1776172775255_phz2jb,clumpy,2,,art_history,high-art-history,How do ancient works of art play a role in contemporary society?,answer_snapshot_cursor_leave,2026-04-14T13:36:40.920Z,,,,,,,Contemporary society refers to a subset of modern history from about 1945 to the present. ,90,,,,,,,cursor_leave
8,Wikipedia_Exp_14.04,Wikipedia_Exp_13.04,29,Male,sg_1776172775255_phz2jb,clumpy,2,,art_history,high-art-history,How do ancient works of art play a role in contemporary society?,link_click,2026-04-14T13:36:40.979Z,Sexual_revolution,,Contemporary_history,,,,,,,,,,,,
8,Wikipedia_Exp_14.04,Wikipedia_Exp_13.04,29,Male,sg_1776172775255_phz2jb,clumpy,2,,art_history,high-art-history,How do ancient works of art play a role in contemporary society?,article_open,2026-04-14T13:36:42.184Z,Sexual_revolution,Sexual revolution,,10195,link_click,,,,,,,,,,
8,Wikipedia_Exp_14.04,Wikipedia_Exp_13.04,29,Male,sg_1776172775255_phz2jb,clumpy,2,,art_history,high-art-history,How do ancient works of art play a role in contemporary society?,search,2026-04-14T13:37:22.650Z,,,,,,contemp,,,,,,,,,
8,Wikipedia_Exp_14.04,Wikipedia_Exp_13.04,29,Male,sg_1776172775255_phz2jb,clumpy,2,,art_history,high-art-history,How do ancient works of art play a role in contemporary society?,search,2026-04-14T13:37:25.004Z,,,,,,contemporary art,,,,,,,,,
8,Wikipedia_Exp_14.04,Wikipedia_Exp_13.04,29,Male,sg_1776172775255_phz2jb,clumpy,2,,art_history,high-art-history,How do ancient works of art play a role in contemporary society?,article_open,2026-04-14T13:37:31.553Z,Contemporary_art,Contemporary art,,4804,search,,,,,,,,,,
8,Wikipedia_Exp_14.04,Wikipedia_Exp_13.04,29,Male,sg_1776172775255_phz2jb,clumpy,2,,art_history,high-art-history,How do ancient works of art play a role in contemporary society?,answer_snapshot_cursor_leave,2026-04-14T13:37:46.758Z,,,,,,,Contemporary society refers to a subset of modern history from about 1945 to the present. ,90,,,,,,,cursor_leave
8,Wikipedia_Exp_14.04,Wikipedia_Exp_13.04,29,Male,sg_1776172775255_phz2jb,clumpy,2,,art_history,high-art-history,How do ancient works of art play a role in contemporary society?,search,2026-04-14T13:37:48.228Z,,,,,,anc,,,,,,,,,
8,Wikipedia_Exp_14.04,Wikipedia_Exp_13.04,29,Male,sg_1776172775255_phz2jb,clumpy,2,,art_history,high-art-history,How do ancient works of art play a role in contemporary society?,search,2026-04-14T13:37:48.988Z,,,,,,ancient,,,,,,,,,
8,Wikipedia_Exp_14.04,Wikipedia_Exp_13.04,29,Male,sg_1776172775255_phz2jb,clumpy,2,,art_history,high-art-history,How do ancient works of art play a role in contemporary society?,search,2026-04-14T13:37:52.679Z,,,,,,ancient art,,,,,,,,,
8,Wikipedia_Exp_14.04,Wikipedia_Exp_13.04,29,Male,sg_1776172775255_phz2jb,clumpy,2,,art_history,high-art-history,How do ancient works of art play a role in contemporary society?,article_open,2026-04-14T13:37:53.757Z,Ancient_art,Ancient art,,9179,search,,,,,,,,,,
8,Wikipedia_Exp_14.04,Wikipedia_Exp_13.04,29,Male,sg_1776172775255_phz2jb,clumpy,2,,art_history,high-art-history,How do ancient works of art play a role in contemporary society?,answer_snapshot,2026-04-14T13:39:17.907Z,,,,,,,Contemporary society refers to a subset of modern history from about 1945 to the present. Ancient,97,,,,,,,debounce
8,Wikipedia_Exp_14.04,Wikipedia_Exp_13.04,29,Male,sg_1776172775255_phz2jb,clumpy,2,,art_history,high-art-history,How do ancient works of art play a role in contemporary society?,answer_snapshot,2026-04-14T13:40:40.335Z,,,,,,,Contemporary society refers to a subset of modern history from about 1945 to the present. Ancient ,98,,,,,,,debounce
8,Wikipedia_Exp_14.04,Wikipedia_Exp_13.04,29,Male,sg_1776172775255_phz2jb,clumpy,2,,art_history,high-art-history,How do ancient works of art play a role in contemporary society?,answer_snapshot_cursor_leave,2026-04-14T13:40:45.281Z,,,,,,,Contemporary society refers to a subset of modern history from about 1945 to the present. Ancient ,98,,,,,,,cursor_leave
8,Wikipedia_Exp_14.04,Wikipedia_Exp_13.04,29,Male,sg_1776172775255_phz2jb,clumpy,2,,art_history,high-art-history,How do ancient works of art play a role in contemporary society?,search,2026-04-14T13:40:49.210Z,,,,,,modern impact of an,,,,,,,,,
8,Wikipedia_Exp_14.04,Wikipedia_Exp_13.04,29,Male,sg_1776172775255_phz2jb,clumpy,2,,art_history,high-art-history,How do ancient works of art play a role in contemporary society?,search,2026-04-14T13:40:50.789Z,,,,,,modern impact of ancei,,,,,,,,,
8,Wikipedia_Exp_14.04,Wikipedia_Exp_13.04,29,Male,sg_1776172775255_phz2jb,clumpy,2,,art_history,high-art-history,How do ancient works of art play a role in contemporary society?,search,2026-04-14T13:40:52.722Z,,,,,,modern impact of ancient art,,,,,,,,,
8,Wikipedia_Exp_14.04,Wikipedia_Exp_13.04,29,Male,sg_1776172775255_phz2jb,clumpy,2,,art_history,high-art-history,How do ancient works of art play a role in contemporary society?,answer_snapshot,2026-04-14T13:41:39.409Z,,,,,,,Contemporary society refers to a subset of modern history from about 1945 to the present. Ancient art ,102,,,,,,,debounce
8,Wikipedia_Exp_14.04,Wikipedia_Exp_13.04,29,Male,sg_1776172775255_phz2jb,clumpy,2,,art_history,high-art-history,How do ancient works of art play a role in contemporary society?,answer_snapshot,2026-04-14T13:41:51.210Z,,,,,,,Contemporary society refers to a subset of modern history from about 1945 to the present. Ancient art is ,105,,,,,,,debounce
8,Wikipedia_Exp_14.04,Wikipedia_Exp_13.04,29,Male,sg_1776172775255_phz2jb,clumpy,2,,art_history,high-art-history,How do ancient works of art play a role in contemporary society?,answer_snapshot,2026-04-14T13:41:59.127Z,,,,,,,Contemporary society refers to a subset of modern history from about 1945 to the present. Ancient art is the many types of art produced by ,139,,,,,,,debounce
8,Wikipedia_Exp_14.04,Wikipedia_Exp_13.04,29,Male,sg_1776172775255_phz2jb,clumpy,2,,art_history,high-art-history,How do ancient works of art play a role in contemporary society?,answer_snapshot,2026-04-14T13:42:04.986Z,,,,,,,Contemporary society refers to a subset of modern history from about 1945 to the present. Ancient art is the many types of art produced by ancient societies ,157,,,,,,,debounce
8,Wikipedia_Exp_14.04,Wikipedia_Exp_13.04,29,Male,sg_1776172775255_phz2jb,clumpy,2,,art_history,high-art-history,How do ancient works of art play a role in contemporary society?,answer_snapshot_cursor_leave,2026-04-14T13:42:09.366Z,,,,,,,Contemporary society refers to a subset of modern history from about 1945 to the present. Ancient art is the many types of art produced by ancient societies. ,158,,,,,,,cursor_leave
8,Wikipedia_Exp_14.04,Wikipedia_Exp_13.04,29,Male,sg_1776172775255_phz2jb,clumpy,2,,art_history,high-art-history,How do ancient works of art play a role in contemporary society?,search,2026-04-14T13:42:12.742Z,,,,,,ancient art,,,,,,,,,
8,Wikipedia_Exp_14.04,Wikipedia_Exp_13.04,29,Male,sg_1776172775255_phz2jb,clumpy,2,,art_history,high-art-history,How do ancient works of art play a role in contemporary society?,search,2026-04-14T13:42:21.916Z,,,,,,ancient ar,,,,,,,,,
8,Wikipedia_Exp_14.04,Wikipedia_Exp_13.04,29,Male,sg_1776172775255_phz2jb,clumpy,2,,art_history,high-art-history,How do ancient works of art play a role in contemporary society?,search,2026-04-14T13:42:29.300Z,,,,,,How do ancient works of art play a role in contemporary society,,,,,,,,,
8,Wikipedia_Exp_14.04,Wikipedia_Exp_13.04,29,Male,sg_1776172775255_phz2jb,clumpy,2,,art_history,high-art-history,How do ancient works of art play a role in contemporary society?,article_open,2026-04-14T13:42:31.319Z,Metropolitan_Museum_of_Art,Metropolitan Museum of Art,,25318,search,,,,,,,,,,
8,Wikipedia_Exp_14.04,Wikipedia_Exp_13.04,29,Male,sg_1776172775255_phz2jb,clumpy,2,,art_history,high-art-history,How do ancient works of art play a role in contemporary society?,answer_snapshot_cursor_leave,2026-04-14T13:43:24.038Z,,,,,,,Contemporary society refers to a subset of modern history from about 1945 to the present. Ancient art is the many types of art produced by ancient societies. ,158,,,,,,,cursor_leave
8,Wikipedia_Exp_14.04,Wikipedia_Exp_13.04,29,Male,sg_1776172775255_phz2jb,clumpy,2,,art_history,high-art-history,How do ancient works of art play a role in contemporary society?,search,2026-04-14T13:43:34.047Z,,,,,,an,,,,,,,,,
8,Wikipedia_Exp_14.04,Wikipedia_Exp_13.04,29,Male,sg_1776172775255_phz2jb,clumpy,2,,art_history,high-art-history,How do ancient works of art play a role in contemporary society?,search,2026-04-14T13:43:34.367Z,,,,,,ani,,,,,,,,,
8,Wikipedia_Exp_14.04,Wikipedia_Exp_13.04,29,Male,sg_1776172775255_phz2jb,clumpy,2,,art_history,high-art-history,How do ancient works of art play a role in contemporary society?,search,2026-04-14T13:43:35.377Z,,,,,,an,,,,,,,,,
8,Wikipedia_Exp_14.04,Wikipedia_Exp_13.04,29,Male,sg_1776172775255_phz2jb,clumpy,2,,art_history,high-art-history,How do ancient works of art play a role in contemporary society?,search,2026-04-14T13:43:37.401Z,,,,,,ancient art role,,,,,,,,,
8,Wikipedia_Exp_14.04,Wikipedia_Exp_13.04,29,Male,sg_1776172775255_phz2jb,clumpy,2,,art_history,high-art-history,How do ancient works of art play a role in contemporary society?,article_open,2026-04-14T13:43:55.133Z,Art_of_ancient_Egypt,Art of ancient Egypt,,21845,search,,,,,,,,,,
8,Wikipedia_Exp_14.04,Wikipedia_Exp_13.04,29,Male,sg_1776172775255_phz2jb,clumpy,2,,art_history,high-art-history,How do ancient works of art play a role in contemporary society?,answer_snapshot,2026-04-14T13:44:53.655Z,,,,,,,"Contemporary society refers to a subset of modern history from about 1945 to the present. Ancient art is the many types of art produced by ancient societies. To render a subject in art was to make it immortal, so the Egyptian art portrayed an idealised and unrealistic version of the world. ",291,,,,,,,debounce
8,Wikipedia_Exp_14.04,Wikipedia_Exp_13.04,29,Male,sg_1776172775255_phz2jb,clumpy,2,,art_history,high-art-history,How do ancient works of art play a role in contemporary society?,answer_snapshot_cursor_leave,2026-04-14T13:45:00.401Z,,,,,,,"Contemporary society refers to a subset of modern history from about 1945 to the present. Ancient art is the many types of art produced by ancient societies. To render a subject in art was to make it immortal, so the Egyptian art portrayed an idealised and unrealistic version of the world. I imagine this art inspires manyt",324,,,,,,,cursor_leave
8,Wikipedia_Exp_14.04,Wikipedia_Exp_13.04,29,Male,sg_1776172775255_phz2jb,clumpy,2,,art_history,high-art-history,How do ancient works of art play a role in contemporary society?,answer_snapshot,2026-04-14T13:45:02.074Z,,,,,,,"Contemporary society refers to a subset of modern history from about 1945 to the present. Ancient art is the many types of art produced by ancient societies. To render a subject in art was to make it immortal, so the Egyptian art portrayed an idealised and unrealistic version of the world. I imagine this art inspires manyt",324,,,,,,,submit
8,Wikipedia_Exp_14.04,Wikipedia_Exp_13.04,29,Male,sg_1776172775255_phz2jb,clumpy,2,,art_history,high-art-history,How do ancient works of art play a role in contemporary society?,task_end,2026-04-14T13:45:02.074Z,,,,,,,,,"Contemporary society refers to a subset of modern history from about 1945 to the present. Ancient art is the many types of art produced by ancient societies. To render a subject in art was to make it immortal, so the Egyptian art portrayed an idealised and unrealistic version of the world. I imagine this art inspires manyt",324,,,,,
10,Wikipedia_Exp_14.04,Wikipedia_Exp_13.04,27,Female,sg_1776173049411_uxap01,diffuse,0,1,practice,practice-capybaras,What do Capybaras eat?,attention_check_pass,2026-04-14T13:25:33.873Z,,,,,,,,,,,,,,,attempt_1
10,Wikipedia_Exp_14.04,Wikipedia_Exp_13.04,27,Female,sg_1776173049411_uxap01,diffuse,0,1,practice,practice-capybaras,What do Capybaras eat?,familiarity_rating,2026-04-14T13:25:40.844Z,,,,,,,,,,,,,1,2,
10,Wikipedia_Exp_14.04,Wikipedia_Exp_13.04,27,Female,sg_1776173049411_uxap01,diffuse,0,1,practice,practice-capybaras,What do Capybaras eat?,task_start,2026-04-14T13:25:40.946Z,,,,,,,,,,,,,,,
10,Wikipedia_Exp_14.04,Wikipedia_Exp_13.04,27,Female,sg_1776173049411_uxap01,diffuse,0,1,practice,practice-capybaras,What do Capybaras eat?,article_open,2026-04-14T13:25:41.335Z,Capybara,Capybara,,4650,,,,,,,,,,,
10,Wikipedia_Exp_14.04,Wikipedia_Exp_13.04,27,Female,sg_1776173049411_uxap01,diffuse,0,1,practice,practice-capybaras,What do Capybaras eat?,answer_snapshot,2026-04-14T13:26:55.966Z,,,,,,,Capybaras are berivores and graze mainly on grasses and acquatic plants as well as fruit and tree bark. They feed on the leaves of one species and disregard the other species surrounding it. ,191,,,,,,,debounce
10,Wikipedia_Exp_14.04,Wikipedia_Exp_13.04,27,Female,sg_1776173049411_uxap01,diffuse,0,1,practice,practice-capybaras,What do Capybaras eat?,answer_snapshot,2026-04-14T13:27:07.058Z,,,,,,,Capybaras are berivores and graze mainly on grasses and acquatic plants as well as fruit and tree bark. They feed on the leaves of one species and disregard the other species surrounding it. They eat grass during the wet season. ,229,,,,,,,debounce
10,Wikipedia_Exp_14.04,Wikipedia_Exp_13.04,27,Female,sg_1776173049411_uxap01,diffuse,0,1,practice,practice-capybaras,What do Capybaras eat?,answer_snapshot_cursor_leave,2026-04-14T13:27:19.111Z,,,,,,,Capybaras are herbivores and graze mainly on grasses and acquatic plants as well as fruit and tree bark. They feed on the leaves of one species and disregard the other species surrounding it. They eat grass during the wet season. ,230,,,,,,,cursor_leave
10,Wikipedia_Exp_14.04,Wikipedia_Exp_13.04,27,Female,sg_1776173049411_uxap01,diffuse,0,1,practice,practice-capybaras,What do Capybaras eat?,answer_snapshot,2026-04-14T13:27:19.190Z,,,,,,,Capybaras are herbivores and graze mainly on grasses and acquatic plants as well as fruit and tree bark. They feed on the leaves of one species and disregard the other species surrounding it. They eat grass during the wet season. ,230,,,,,,,submit
10,Wikipedia_Exp_14.04,Wikipedia_Exp_13.04,27,Female,sg_1776173049411_uxap01,diffuse,0,1,practice,practice-capybaras,What do Capybaras eat?,task_end,2026-04-14T13:27:19.190Z,,,,,,,,,Capybaras are herbivores and graze mainly on grasses and acquatic plants as well as fruit and tree bark. They feed on the leaves of one species and disregard the other species surrounding it. They eat grass during the wet season. ,230,,,,,
10,Wikipedia_Exp_14.04,Wikipedia_Exp_13.04,27,Female,sg_1776173049411_uxap01,diffuse,1,,psychology,high-psychology,What brain mechanisms help people make scientific discoveries?,familiarity_rating,2026-04-14T13:27:27.383Z,,,,,,,,,,,,,2,4,
10,Wikipedia_Exp_14.04,Wikipedia_Exp_13.04,27,Female,sg_1776173049411_uxap01,diffuse,1,,psychology,high-psychology,What brain mechanisms help people make scientific discoveries?,task_start,2026-04-14T13:27:27.461Z,,,,,,,,,,,,,,,
10,Wikipedia_Exp_14.04,Wikipedia_Exp_13.04,27,Female,sg_1776173049411_uxap01,diffuse,1,,psychology,high-psychology,What brain mechanisms help people make scientific discoveries?,search,2026-04-14T13:27:34.578Z,,,,,,w,,,,,,,,,
10,Wikipedia_Exp_14.04,Wikipedia_Exp_13.04,27,Female,sg_1776173049411_uxap01,diffuse,1,,psychology,high-psychology,What brain mechanisms help people make scientific discoveries?,search,2026-04-14T13:27:34.863Z,,,,,,wh,,,,,,,,,
10,Wikipedia_Exp_14.04,Wikipedia_Exp_13.04,27,Female,sg_1776173049411_uxap01,diffuse,1,,psychology,high-psychology,What brain mechanisms help people make scientific discoveries?,search,2026-04-14T13:27:36.342Z,,,,,,what ,,,,,,,,,
10,Wikipedia_Exp_14.04,Wikipedia_Exp_13.04,27,Female,sg_1776173049411_uxap01,diffuse,1,,psychology,high-psychology,What brain mechanisms help people make scientific discoveries?,search,2026-04-14T13:27:38.876Z,,,,,,what brain mech,,,,,,,,,
10,Wikipedia_Exp_14.04,Wikipedia_Exp_13.04,27,Female,sg_1776173049411_uxap01,diffuse,1,,psychology,high-psychology,What brain mechanisms help people make scientific discoveries?,search,2026-04-14T13:27:40.880Z,,,,,,what brain mecha,,,,,,,,,
10,Wikipedia_Exp_14.04,Wikipedia_Exp_13.04,27,Female,sg_1776173049411_uxap01,diffuse,1,,psychology,high-psychology,What brain mechanisms help people make scientific discoveries?,search,2026-04-14T13:27:41.390Z,,,,,,what brain mechan,,,,,,,,,
10,Wikipedia_Exp_14.04,Wikipedia_Exp_13.04,27,Female,sg_1776173049411_uxap01,diffuse,1,,psychology,high-psychology,What brain mechanisms help people make scientific discoveries?,search,2026-04-14T13:27:41.897Z,,,,,,what brain mechani,,,,,,,,,
10,Wikipedia_Exp_14.04,Wikipedia_Exp_13.04,27,Female,sg_1776173049411_uxap01,diffuse,1,,psychology,high-psychology,What brain mechanisms help people make scientific discoveries?,search,2026-04-14T13:27:46.568Z,,,,,,what brain mechanisms help people make scienti,,,,,,,,,
10,Wikipedia_Exp_14.04,Wikipedia_Exp_13.04,27,Female,sg_1776173049411_uxap01,diffuse,1,,psychology,high-psychology,What brain mechanisms help people make scientific discoveries?,search,2026-04-14T13:27:47.577Z,,,,,,what brain mechanisms help people make scientific ,,,,,,,,,
10,Wikipedia_Exp_14.04,Wikipedia_Exp_13.04,27,Female,sg_1776173049411_uxap01,diffuse,1,,psychology,high-psychology,What brain mechanisms help people make scientific discoveries?,search,2026-04-14T13:27:48.597Z,,,,,,what brain mechanisms help people make scientific discoe,,,,,,,,,
10,Wikipedia_Exp_14.04,Wikipedia_Exp_13.04,27,Female,sg_1776173049411_uxap01,diffuse,1,,psychology,high-psychology,What brain mechanisms help people make scientific discoveries?,search,2026-04-14T13:27:49.249Z,,,,,,what brain mechanisms help people make scientific discove,,,,,,,,,
10,Wikipedia_Exp_14.04,Wikipedia_Exp_13.04,27,Female,sg_1776173049411_uxap01,diffuse,1,,psychology,high-psychology,What brain mechanisms help people make scientific discoveries?,search,2026-04-14T13:27:50.478Z,,,,,,what brain mechanisms help people make scientific discoveries,,,,,,,,,
10,Wikipedia_Exp_14.04,Wikipedia_Exp_13.04,27,Female,sg_1776173049411_uxap01,diffuse,1,,psychology,high-psychology,What brain mechanisms help people make scientific discoveries?,search,2026-04-14T13:27:51.170Z,,,,,,what brain mechanisms help people make scientific discoveries,,,,,,,,,
10,Wikipedia_Exp_14.04,Wikipedia_Exp_13.04,27,Female,sg_1776173049411_uxap01,diffuse,1,,psychology,high-psychology,What brain mechanisms help people make scientific discoveries?,article_open,2026-04-14T13:27:52.403Z,Role_of_chance_in_scientific_discoveries,Role of chance in scientific discoveries,,2029,search,,,,,,,,,,
10,Wikipedia_Exp_14.04,Wikipedia_Exp_13.04,27,Female,sg_1776173049411_uxap01,diffuse,1,,psychology,high-psychology,What brain mechanisms help people make scientific discoveries?,article_open,2026-04-14T13:27:59.394Z,Quantum_mind,Quantum mind,,9567,search,,,,,,,,,,
10,Wikipedia_Exp_14.04,Wikipedia_Exp_13.04,27,Female,sg_1776173049411_uxap01,diffuse,1,,psychology,high-psychology,What brain mechanisms help people make scientific discoveries?,article_open,2026-04-14T13:28:14.682Z,Role_of_chance_in_scientific_discoveries,Role of chance in scientific discoveries,,2029,search,,,,,,,,,,
10,Wikipedia_Exp_14.04,Wikipedia_Exp_13.04,27,Female,sg_1776173049411_uxap01,diffuse,1,,psychology,high-psychology,What brain mechanisms help people make scientific discoveries?,answer_snapshot,2026-04-14T13:28:45.138Z,,,,,,,Unexpected findings ,20,,,,,,,debounce
10,Wikipedia_Exp_14.04,Wikipedia_Exp_13.04,27,Female,sg_1776173049411_uxap01,diffuse,1,,psychology,high-psychology,What brain mechanisms help people make scientific discoveries?,answer_snapshot,2026-04-14T13:29:50.920Z,,,,,,,"Unexpected findings during investigations were found to activate the prefrontal cortex as well as the left hemisphere in general. This suggests that unexpected findings provoke more attention, and the brain applies more linguistic, conscious systems to help explain those findings. ",282,,,,,,,debounce
10,Wikipedia_Exp_14.04,Wikipedia_Exp_13.04,27,Female,sg_1776173049411_uxap01,diffuse,1,,psychology,high-psychology,What brain mechanisms help people make scientific discoveries?,answer_snapshot_cursor_leave,2026-04-14T13:30:03.495Z,,,,,,,"Unexpected findings during investigations were found to activate the prefrontal cortex as well as the left hemisphere in general. This suggests that unexpected findings provoke more attention, and the brain applies more linguistic, conscious systems to help explain those findings. ",282,,,,,,,cursor_leave
10,Wikipedia_Exp_14.04,Wikipedia_Exp_13.04,27,Female,sg_1776173049411_uxap01,diffuse,1,,psychology,high-psychology,What brain mechanisms help people make scientific discoveries?,link_click,2026-04-14T13:30:03.556Z,Discovery_(observation),,Role_of_chance_in_scientific_discoveries,,,,,,,,,,,,
10,Wikipedia_Exp_14.04,Wikipedia_Exp_13.04,27,Female,sg_1776173049411_uxap01,diffuse,1,,psychology,high-psychology,What brain mechanisms help people make scientific discoveries?,article_open,2026-04-14T13:30:03.724Z,Discovery_(observation),Discovery (observation),,1723,link_click,,,,,,,,,,
10,Wikipedia_Exp_14.04,Wikipedia_Exp_13.04,27,Female,sg_1776173049411_uxap01,diffuse,1,,psychology,high-psychology,What brain mechanisms help people make scientific discoveries?,article_open,2026-04-14T13:30:33.544Z,Human_brain,Human brain,,25482,search,,,,,,,,,,
10,Wikipedia_Exp_14.04,Wikipedia_Exp_13.04,27,Female,sg_1776173049411_uxap01,diffuse,1,,psychology,high-psychology,What brain mechanisms help people make scientific discoveries?,search,2026-04-14T13:35:03.358Z,,,,,,sc,,,,,,,,,
10,Wikipedia_Exp_14.04,Wikipedia_Exp_13.04,27,Female,sg_1776173049411_uxap01,diffuse,1,,psychology,high-psychology,What brain mechanisms help people make scientific discoveries?,search,2026-04-14T13:35:04.210Z,,,,,,scientif ,,,,,,,,,
10,Wikipedia_Exp_14.04,Wikipedia_Exp_13.04,27,Female,sg_1776173049411_uxap01,diffuse,1,,psychology,high-psychology,What brain mechanisms help people make scientific discoveries?,search,2026-04-14T13:35:06.618Z,,,,,,scientific discoveries,,,,,,,,,
10,Wikipedia_Exp_14.04,Wikipedia_Exp_13.04,27,Female,sg_1776173049411_uxap01,diffuse,1,,psychology,high-psychology,What brain mechanisms help people make scientific discoveries?,article_open,2026-04-14T13:35:09.343Z,Discovery_(observation),Discovery (observation),,1723,search,,,,,,,,,,
10,Wikipedia_Exp_14.04,Wikipedia_Exp_13.04,27,Female,sg_1776173049411_uxap01,diffuse,1,,psychology,high-psychology,What brain mechanisms help people make scientific discoveries?,article_open,2026-04-14T13:35:48.482Z,Timeline_of_scientific_discoveries,Timeline of scientific discoveries,,11933,search,,,,,,,,,,
10,Wikipedia_Exp_14.04,Wikipedia_Exp_13.04,27,Female,sg_1776173049411_uxap01,diffuse,1,,psychology,high-psychology,What brain mechanisms help people make scientific discoveries?,article_open,2026-04-14T13:35:55.733Z,The_Logic_of_Scientific_Discovery,The Logic of Scientific Discovery,,1167,search,,,,,,,,,,
10,Wikipedia_Exp_14.04,Wikipedia_Exp_13.04,27,Female,sg_1776173049411_uxap01,diffuse,1,,psychology,high-psychology,What brain mechanisms help people make scientific discoveries?,answer_snapshot,2026-04-14T13:37:34.487Z,,,,,,,"Unexpected findings during investigations were found to activate the prefrontal cortex as well as the left hemisphere in general. This suggests that unexpected findings provoke more attention, and the brain applies more linguistic, conscious systems to help explain those findings. ",282,,,,,,,submit
10,Wikipedia_Exp_14.04,Wikipedia_Exp_13.04,27,Female,sg_1776173049411_uxap01,diffuse,1,,psychology,high-psychology,What brain mechanisms help people make scientific discoveries?,task_end,2026-04-14T13:37:34.488Z,,,,,,,,,"Unexpected findings during investigations were found to activate the prefrontal cortex as well as the left hemisphere in general. This suggests that unexpected findings provoke more attention, and the brain applies more linguistic, conscious systems to help explain those findings. ",282,,,,,
10,Wikipedia_Exp_14.04,Wikipedia_Exp_13.04,27,Female,sg_1776173049411_uxap01,diffuse,2,,art_history,high-art-history,How do ancient works of art play a role in contemporary society?,familiarity_rating,2026-04-14T13:37:42.577Z,,,,,,,,,,,,,1,1,
10,Wikipedia_Exp_14.04,Wikipedia_Exp_13.04,27,Female,sg_1776173049411_uxap01,diffuse,2,,art_history,high-art-history,How do ancient works of art play a role in contemporary society?,task_start,2026-04-14T13:37:42.723Z,,,,,,,,,,,,,,,
10,Wikipedia_Exp_14.04,Wikipedia_Exp_13.04,27,Female,sg_1776173049411_uxap01,diffuse,2,,art_history,high-art-history,How do ancient works of art play a role in contemporary society?,search,2026-04-14T13:37:46.145Z,,,,,,aci,,,,,,,,,
10,Wikipedia_Exp_14.04,Wikipedia_Exp_13.04,27,Female,sg_1776173049411_uxap01,diffuse,2,,art_history,high-art-history,How do ancient works of art play a role in contemporary society?,search,2026-04-14T13:37:46.875Z,,,,,,acient ,,,,,,,,,
10,Wikipedia_Exp_14.04,Wikipedia_Exp_13.04,27,Female,sg_1776173049411_uxap01,diffuse,2,,art_history,high-art-history,How do ancient works of art play a role in contemporary society?,search,2026-04-14T13:37:48.210Z,,,,,,acn,,,,,,,,,
10,Wikipedia_Exp_14.04,Wikipedia_Exp_13.04,27,Female,sg_1776173049411_uxap01,diffuse,2,,art_history,high-art-history,How do ancient works of art play a role in contemporary society?,search,2026-04-14T13:37:51.120Z,,,,,,ancient works of art ,,,,,,,,,
10,Wikipedia_Exp_14.04,Wikipedia_Exp_13.04,27,Female,sg_1776173049411_uxap01,diffuse,2,,art_history,high-art-history,How do ancient works of art play a role in contemporary society?,search,2026-04-14T13:37:52.977Z,,,,,,ancient works of art contemporar,,,,,,,,,
10,Wikipedia_Exp_14.04,Wikipedia_Exp_13.04,27,Female,sg_1776173049411_uxap01,diffuse,2,,art_history,high-art-history,How do ancient works of art play a role in contemporary society?,search,2026-04-14T13:37:53.703Z,,,,,,ancient works of art contemporary ,,,,,,,,,
10,Wikipedia_Exp_14.04,Wikipedia_Exp_13.04,27,Female,sg_1776173049411_uxap01,diffuse,2,,art_history,high-art-history,How do ancient works of art play a role in contemporary society?,search,2026-04-14T13:37:54.299Z,,,,,,ancient works of art contemporary sc,,,,,,,,,
10,Wikipedia_Exp_14.04,Wikipedia_Exp_13.04,27,Female,sg_1776173049411_uxap01,diffuse,2,,art_history,high-art-history,How do ancient works of art play a role in contemporary society?,search,2026-04-14T13:37:55.794Z,,,,,,ancient works of art contemporary society,,,,,,,,,
10,Wikipedia_Exp_14.04,Wikipedia_Exp_13.04,27,Female,sg_1776173049411_uxap01,diffuse,2,,art_history,high-art-history,How do ancient works of art play a role in contemporary society?,article_open,2026-04-14T13:37:57.679Z,Ancient_art,Ancient art,,9179,search,,,,,,,,,,
10,Wikipedia_Exp_14.04,Wikipedia_Exp_13.04,27,Female,sg_1776173049411_uxap01,diffuse,2,,art_history,high-art-history,How do ancient works of art play a role in contemporary society?,search,2026-04-14T13:38:41.588Z,,,,,,ancient works of ar,,,,,,,,,
10,Wikipedia_Exp_14.04,Wikipedia_Exp_13.04,27,Female,sg_1776173049411_uxap01,diffuse,2,,art_history,high-art-history,How do ancient works of art play a role in contemporary society?,search,2026-04-14T13:38:42.003Z,,,,,,ancient works of art,,,,,,,,,
10,Wikipedia_Exp_14.04,Wikipedia_Exp_13.04,27,Female,sg_1776173049411_uxap01,diffuse,2,,art_history,high-art-history,How do ancient works of art play a role in contemporary society?,answer_snapshot_cursor_leave,2026-04-14T13:40:29.673Z,,,,,,,Many of these ancient arts are still open to viewing by the public in contemporary society and many people often travel to view these pieces of art. ,149,,,,,,,cursor_leave
10,Wikipedia_Exp_14.04,Wikipedia_Exp_13.04,27,Female,sg_1776173049411_uxap01,diffuse,2,,art_history,high-art-history,How do ancient works of art play a role in contemporary society?,search,2026-04-14T13:40:32.248Z,,,,,,a,,,,,,,,,
10,Wikipedia_Exp_14.04,Wikipedia_Exp_13.04,27,Female,sg_1776173049411_uxap01,diffuse,2,,art_history,high-art-history,How do ancient works of art play a role in contemporary society?,search,2026-04-14T13:40:32.521Z,,,,,,art b,,,,,,,,,
10,Wikipedia_Exp_14.04,Wikipedia_Exp_13.04,27,Female,sg_1776173049411_uxap01,diffuse,2,,art_history,high-art-history,How do ancient works of art play a role in contemporary society?,search,2026-04-14T13:40:37.989Z,,,,,,art contempor,,,,,,,,,
10,Wikipedia_Exp_14.04,Wikipedia_Exp_13.04,27,Female,sg_1776173049411_uxap01,diffuse,2,,art_history,high-art-history,How do ancient works of art play a role in contemporary society?,search,2026-04-14T13:40:39.378Z,,,,,,art contemporary society,,,,,,,,,
10,Wikipedia_Exp_14.04,Wikipedia_Exp_13.04,27,Female,sg_1776173049411_uxap01,diffuse,2,,art_history,high-art-history,How do ancient works of art play a role in contemporary society?,article_open,2026-04-14T13:40:42.254Z,Contemporary_art,Contemporary art,,4804,search,,,,,,,,,,
10,Wikipedia_Exp_14.04,Wikipedia_Exp_13.04,27,Female,sg_1776173049411_uxap01,diffuse,2,,art_history,high-art-history,How do ancient works of art play a role in contemporary society?,answer_snapshot,2026-04-14T13:41:33.534Z,,,,,,,"Many of these ancient arts are still open to viewing by the public in contemporary society and many people often travel to view these pieces of art. Many contemporary art pieces are a dynamic combination of materials, methods, concepts and subjects from different eras - they challenged boundaries. ",299,,,,,,,debounce
10,Wikipedia_Exp_14.04,Wikipedia_Exp_13.04,27,Female,sg_1776173049411_uxap01,diffuse,2,,art_history,high-art-history,How do ancient works of art play a role in contemporary society?,answer_snapshot_cursor_leave,2026-04-14T13:41:46.781Z,,,,,,,"Many of these ancient arts are still open to viewing by the public in contemporary society and many people often travel to view these pieces of art. Many contemporary art pieces are a dynamic combination of materials, methods, concepts and subjects from different eras - they challenged boundaries. ",299,,,,,,,cursor_leave
10,Wikipedia_Exp_14.04,Wikipedia_Exp_13.04,27,Female,sg_1776173049411_uxap01,diffuse,2,,art_history,high-art-history,How do ancient works of art play a role in contemporary society?,search,2026-04-14T13:42:00.506Z,,,,,,c,,,,,,,,,
10,Wikipedia_Exp_14.04,Wikipedia_Exp_13.04,27,Female,sg_1776173049411_uxap01,diffuse,2,,art_history,high-art-history,How do ancient works of art play a role in contemporary society?,search,2026-04-14T13:42:00.925Z,,,,,,con,,,,,,,,,
10,Wikipedia_Exp_14.04,Wikipedia_Exp_13.04,27,Female,sg_1776173049411_uxap01,diffuse,2,,art_history,high-art-history,How do ancient works of art play a role in contemporary society?,search,2026-04-14T13:42:01.477Z,,,,,,conte,,,,,,,,,
10,Wikipedia_Exp_14.04,Wikipedia_Exp_13.04,27,Female,sg_1776173049411_uxap01,diffuse,2,,art_history,high-art-history,How do ancient works of art play a role in contemporary society?,search,2026-04-14T13:42:02.514Z,,,,,,contem,,,,,,,,,
10,Wikipedia_Exp_14.04,Wikipedia_Exp_13.04,27,Female,sg_1776173049411_uxap01,diffuse,2,,art_history,high-art-history,How do ancient works of art play a role in contemporary society?,search,2026-04-14T13:42:04.576Z,,,,,,contempo,,,,,,,,,
10,Wikipedia_Exp_14.04,Wikipedia_Exp_13.04,27,Female,sg_1776173049411_uxap01,diffuse,2,,art_history,high-art-history,How do ancient works of art play a role in contemporary society?,search,2026-04-14T13:42:05.220Z,,,,,,contempora,,,,,,,,,
10,Wikipedia_Exp_14.04,Wikipedia_Exp_13.04,27,Female,sg_1776173049411_uxap01,diffuse,2,,art_history,high-art-history,How do ancient works of art play a role in contemporary society?,search,2026-04-14T13:42:06.231Z,,,,,,contemporary ,,,,,,,,,
10,Wikipedia_Exp_14.04,Wikipedia_Exp_13.04,27,Female,sg_1776173049411_uxap01,diffuse,2,,art_history,high-art-history,How do ancient works of art play a role in contemporary society?,search,2026-04-14T13:42:07.694Z,,,,,,contemporary s,,,,,,,,,
10,Wikipedia_Exp_14.04,Wikipedia_Exp_13.04,27,Female,sg_1776173049411_uxap01,diffuse,2,,art_history,high-art-history,How do ancient works of art play a role in contemporary society?,search,2026-04-14T13:42:08.330Z,,,,,,contemporary so,,,,,,,,,
10,Wikipedia_Exp_14.04,Wikipedia_Exp_13.04,27,Female,sg_1776173049411_uxap01,diffuse,2,,art_history,high-art-history,How do ancient works of art play a role in contemporary society?,search,2026-04-14T13:42:08.580Z,,,,,,contemporary sov,,,,,,,,,
10,Wikipedia_Exp_14.04,Wikipedia_Exp_13.04,27,Female,sg_1776173049411_uxap01,diffuse,2,,art_history,high-art-history,How do ancient works of art play a role in contemporary society?,search,2026-04-14T13:42:09.351Z,,,,,,contemporary so,,,,,,,,,
10,Wikipedia_Exp_14.04,Wikipedia_Exp_13.04,27,Female,sg_1776173049411_uxap01,diffuse,2,,art_history,high-art-history,How do ancient works of art play a role in contemporary society?,search,2026-04-14T13:42:09.713Z,,,,,,contemporary soc,,,,,,,,,
10,Wikipedia_Exp_14.04,Wikipedia_Exp_13.04,27,Female,sg_1776173049411_uxap01,diffuse,2,,art_history,high-art-history,How do ancient works of art play a role in contemporary society?,search,2026-04-14T13:42:10.164Z,,,,,,contemporary soci,,,,,,,,,
10,Wikipedia_Exp_14.04,Wikipedia_Exp_13.04,27,Female,sg_1776173049411_uxap01,diffuse,2,,art_history,high-art-history,How do ancient works of art play a role in contemporary society?,search,2026-04-14T13:42:10.570Z,,,,,,contemporary socie,,,,,,,,,
10,Wikipedia_Exp_14.04,Wikipedia_Exp_13.04,27,Female,sg_1776173049411_uxap01,diffuse,2,,art_history,high-art-history,How do ancient works of art play a role in contemporary society?,search,2026-04-14T13:42:11.409Z,,,,,,contemporary society,,,,,,,,,
10,Wikipedia_Exp_14.04,Wikipedia_Exp_13.04,27,Female,sg_1776173049411_uxap01,diffuse,2,,art_history,high-art-history,How do ancient works of art play a role in contemporary society?,search,2026-04-14T13:42:12.680Z,,,,,,contemporary society,,,,,,,,,
10,Wikipedia_Exp_14.04,Wikipedia_Exp_13.04,27,Female,sg_1776173049411_uxap01,diffuse,2,,art_history,high-art-history,How do ancient works of art play a role in contemporary society?,search,2026-04-14T13:43:08.432Z,,,,,,ancient art,,,,,,,,,
10,Wikipedia_Exp_14.04,Wikipedia_Exp_13.04,27,Female,sg_1776173049411_uxap01,diffuse,2,,art_history,high-art-history,How do ancient works of art play a role in contemporary society?,search,2026-04-14T13:43:10.089Z,,,,,,ancient art,,,,,,,,,
10,Wikipedia_Exp_14.04,Wikipedia_Exp_13.04,27,Female,sg_1776173049411_uxap01,diffuse,2,,art_history,high-art-history,How do ancient works of art play a role in contemporary society?,article_open,2026-04-14T13:43:13.928Z,Ancient_art,Ancient art,,9179,search,,,,,,,,,,
10,Wikipedia_Exp_14.04,Wikipedia_Exp_13.04,27,Female,sg_1776173049411_uxap01,diffuse,2,,art_history,high-art-history,How do ancient works of art play a role in contemporary society?,link_click,2026-04-14T13:43:24.571Z,Modern_art,,Ancient_art,,,,,,,,,,,,
10,Wikipedia_Exp_14.04,Wikipedia_Exp_13.04,27,Female,sg_1776173049411_uxap01,diffuse,2,,art_history,high-art-history,How do ancient works of art play a role in contemporary society?,article_open,2026-04-14T13:43:26.564Z,Modern_art,Modern art,,7739,link_click,,,,,,,,,,
10,Wikipedia_Exp_14.04,Wikipedia_Exp_13.04,27,Female,sg_1776173049411_uxap01,diffuse,2,,art_history,high-art-history,How do ancient works of art play a role in contemporary society?,link_click,2026-04-14T13:43:30.739Z,Ancient_art,,Modern_art,,,,,,,,,,,,
10,Wikipedia_Exp_14.04,Wikipedia_Exp_13.04,27,Female,sg_1776173049411_uxap01,diffuse,2,,art_history,high-art-history,How do ancient works of art play a role in contemporary society?,article_open,2026-04-14T13:43:30.872Z,Ancient_art,Ancient art,,9179,link_click,,,,,,,,,,
10,Wikipedia_Exp_14.04,Wikipedia_Exp_13.04,27,Female,sg_1776173049411_uxap01,diffuse,2,,art_history,high-art-history,How do ancient works of art play a role in contemporary society?,answer_snapshot,2026-04-14T13:44:38.246Z,,,,,,,"Many of these ancient arts are still open to viewing by the public in contemporary society and many people often travel to view these pieces of art. Many contemporary art pieces are a dynamic combination of materials, methods, concepts and subjects from different eras - they challenged boundaries. A lot of the recurring images from ancient art is still seen in the modern world today. ",387,,,,,,,debounce
10,Wikipedia_Exp_14.04,Wikipedia_Exp_13.04,27,Female,sg_1776173049411_uxap01,diffuse,2,,art_history,high-art-history,How do ancient works of art play a role in contemporary society?,answer_snapshot_cursor_leave,2026-04-14T13:44:39.921Z,,,,,,,"Many of these ancient arts are still open to viewing by the public in contemporary society and many people often travel to view these pieces of art. Many contemporary art pieces are a dynamic combination of materials, methods, concepts and subjects from different eras - they challenged boundaries. A lot of the recurring images from ancient art is still seen in the modern world today. ",387,,,,,,,cursor_leave
10,Wikipedia_Exp_14.04,Wikipedia_Exp_13.04,27,Female,sg_1776173049411_uxap01,diffuse,2,,art_history,high-art-history,How do ancient works of art play a role in contemporary society?,search,2026-04-14T13:45:13.319Z,,,,,,art influence contemporary society,,,,,,,,,
10,Wikipedia_Exp_14.04,Wikipedia_Exp_13.04,27,Female,sg_1776173049411_uxap01,diffuse,2,,art_history,high-art-history,How do ancient works of art play a role in contemporary society?,article_open,2026-04-14T13:45:18.838Z,Contemporary_art,Contemporary art,,4804,search,,,,,,,,,,
10,Wikipedia_Exp_14.04,Wikipedia_Exp_13.04,27,Female,sg_1776173049411_uxap01,diffuse,2,,art_history,high-art-history,How do ancient works of art play a role in contemporary society?,search,2026-04-14T13:47:08.646Z,,,,,,How do ancient works of art play a role in contemporary society?,,,,,,,,,
10,Wikipedia_Exp_14.04,Wikipedia_Exp_13.04,27,Female,sg_1776173049411_uxap01,diffuse,2,,art_history,high-art-history,How do ancient works of art play a role in contemporary society?,search,2026-04-14T13:47:09.953Z,,,,,,How do ancient works of art play a role in contemporary society?,,,,,,,,,
10,Wikipedia_Exp_14.04,Wikipedia_Exp_13.04,27,Female,sg_1776173049411_uxap01,diffuse,2,,art_history,high-art-history,How do ancient works of art play a role in contemporary society?,article_open,2026-04-14T13:47:14.564Z,Metropolitan_Museum_of_Art,Metropolitan Museum of Art,,25318,search,,,,,,,,,,
10,Wikipedia_Exp_14.04,Wikipedia_Exp_13.04,27,Female,sg_1776173049411_uxap01,diffuse,2,,art_history,high-art-history,How do ancient works of art play a role in contemporary society?,paste,2026-04-14T13:47:27.766Z,,,,,,,,,,,"The Metropolitan Museum of Art, colloquially referred to as the Met, is an encyclopedic art museum in New York City. By floor area, it is the fourth-largest museum in the world and the largest art museum in the Americas. With 5,727,258 visitors in fiscal year 2025, it was the most-visited museum in the United States and the fourth-most visited art museum in the world.[7]",373,,,
10,Wikipedia_Exp_14.04,Wikipedia_Exp_13.04,27,Female,sg_1776173049411_uxap01,diffuse,2,,art_history,high-art-history,How do ancient works of art play a role in contemporary society?,answer_snapshot_cursor_leave,2026-04-14T13:47:29.681Z,,,,,,,"Many of these ancient arts are still open to viewing by the public in contemporary society and many people often travel to view these pieces of art. Many contemporary art pieces are a dynamic combination of materials, methods, concepts and subjects from different eras - they challenged boundaries. A lot of the recurring images from ancient art is still seen in the modern world today. 

The Metropolitan Museum of Art, colloquially referred to as the Met, is an encyclopedic art museum in New York City. By floor area, it is the fourth-largest museum in the world and the largest art museum in the Americas. With 5,727,258 visitors in fiscal year 2025, it was the most-visited museum in the United States and the fourth-most visited art museum in the world.[7]",762,,,,,,,cursor_leave
10,Wikipedia_Exp_14.04,Wikipedia_Exp_13.04,27,Female,sg_1776173049411_uxap01,diffuse,2,,art_history,high-art-history,How do ancient works of art play a role in contemporary society?,answer_snapshot_cursor_leave,2026-04-14T13:47:32.527Z,,,,,,,"Many of these ancient arts are still open to viewing by the public in contemporary society and many people often travel to view these pieces of art. Many contemporary art pieces are a dynamic combination of materials, methods, concepts and subjects from different eras - they challenged boundaries. A lot of the recurring images from ancient art is still seen in the modern world today. 

The Metropolitan Museum of Art, colloquially referred to as the Met, is an encyclopedic art museum in New York City. By floor area, it is the fourth-largest museum in the world and the largest art museum in the Americas. With 5,727,258 visitors in fiscal year 2025, it was the most-visited museum in the United States and the fourth-most visited art museum in the world.[7]",762,,,,,,,cursor_leave
10,Wikipedia_Exp_14.04,Wikipedia_Exp_13.04,27,Female,sg_1776173049411_uxap01,diffuse,2,,art_history,high-art-history,How do ancient works of art play a role in contemporary society?,article_open,2026-04-14T13:47:36.294Z,The_Work_of_Art_in_the_Age_of_Mechanical_Reproduction,The Work of Art in the Age of Mechanical Reproduction,,3684,search,,,,,,,,,,
10,Wikipedia_Exp_14.04,Wikipedia_Exp_13.04,27,Female,sg_1776173049411_uxap01,diffuse,2,,art_history,high-art-history,How do ancient works of art play a role in contemporary society?,answer_snapshot,2026-04-14T13:47:45.062Z,,,,,,,"Many of these ancient arts are still open to viewing by the public in contemporary society and many people often travel to view these pieces of art. Many contemporary art pieces are a dynamic combination of materials, methods, concepts and subjects from different eras - they challenged boundaries. A lot of the recurring images from ancient art is still seen in the modern world today. 

The Metropolitan Museum of Art, colloquially referred to as the Met, is an encyclopedic art museum in New York City. By floor area, it is the fourth-largest museum in the world and the largest art museum in the Americas. With 5,727,258 visitors in fiscal year 2025, it was the most-visited museum in the United States and the fourth-most visited art museum in the world.[7]",762,,,,,,,submit
10,Wikipedia_Exp_14.04,Wikipedia_Exp_13.04,27,Female,sg_1776173049411_uxap01,diffuse,2,,art_history,high-art-history,How do ancient works of art play a role in contemporary society?,task_end,2026-04-14T13:47:45.062Z,,,,,,,,,"Many of these ancient arts are still open to viewing by the public in contemporary society and many people often travel to view these pieces of art. Many contemporary art pieces are a dynamic combination of materials, methods, concepts and subjects from different eras - they challenged boundaries. A lot of the recurring images from ancient art is still seen in the modern world today. 

The Metropolitan Museum of Art, colloquially referred to as the Met, is an encyclopedic art museum in New York City. By floor area, it is the fourth-largest museum in the world and the largest art museum in the Americas. With 5,727,258 visitors in fiscal year 2025, it was the most-visited museum in the United States and the fourth-most visited art museum in the world.[7]",762,,,,,
11,Wikipedia_Exp_14.04,Wikipedia_Exp_13.04,34,Female,sg_1776173775880_mniv2f,diffuse,0,1,practice,practice-capybaras,What do Capybaras eat?,attention_check_pass,2026-04-14T13:37:36.118Z,,,,,,,,,,,,,,,attempt_1
11,Wikipedia_Exp_14.04,Wikipedia_Exp_13.04,34,Female,sg_1776173775880_mniv2f,diffuse,0,1,practice,practice-capybaras,What do Capybaras eat?,familiarity_rating,2026-04-14T13:37:50.103Z,,,,,,,,,,,,,2,6,
11,Wikipedia_Exp_14.04,Wikipedia_Exp_13.04,34,Female,sg_1776173775880_mniv2f,diffuse,0,1,practice,practice-capybaras,What do Capybaras eat?,task_start,2026-04-14T13:37:50.237Z,,,,,,,,,,,,,,,
11,Wikipedia_Exp_14.04,Wikipedia_Exp_13.04,34,Female,sg_1776173775880_mniv2f,diffuse,0,1,practice,practice-capybaras,What do Capybaras eat?,article_open,2026-04-14T13:37:50.464Z,Capybara,Capybara,,4650,,,,,,,,,,,
11,Wikipedia_Exp_14.04,Wikipedia_Exp_13.04,34,Female,sg_1776173775880_mniv2f,diffuse,0,1,practice,practice-capybaras,What do Capybaras eat?,answer_snapshot,2026-04-14T13:39:58.048Z,,,,,,,Capybaras ,10,,,,,,,debounce
11,Wikipedia_Exp_14.04,Wikipedia_Exp_13.04,34,Female,sg_1776173775880_mniv2f,diffuse,0,1,practice,practice-capybaras,What do Capybaras eat?,answer_snapshot,2026-04-14T13:40:01.446Z,,,,,,,Capybaras eat,13,,,,,,,debounce
11,Wikipedia_Exp_14.04,Wikipedia_Exp_13.04,34,Female,sg_1776173775880_mniv2f,diffuse,0,1,practice,practice-capybaras,What do Capybaras eat?,answer_snapshot,2026-04-14T13:40:12.313Z,,,,,,,Capybaras eat grasses and aquatic plants.,41,,,,,,,debounce
11,Wikipedia_Exp_14.04,Wikipedia_Exp_13.04,34,Female,sg_1776173775880_mniv2f,diffuse,0,1,practice,practice-capybaras,What do Capybaras eat?,answer_snapshot,2026-04-14T13:40:28.752Z,,,,,,,"Capybaras eat grasses, aquatic plants",37,,,,,,,debounce
11,Wikipedia_Exp_14.04,Wikipedia_Exp_13.04,34,Female,sg_1776173775880_mniv2f,diffuse,0,1,practice,practice-capybaras,What do Capybaras eat?,answer_snapshot,2026-04-14T13:40:34.354Z,,,,,,,"Capybaras eat grasses, aquatic plants ",38,,,,,,,debounce
11,Wikipedia_Exp_14.04,Wikipedia_Exp_13.04,34,Female,sg_1776173775880_mniv2f,diffuse,0,1,practice,practice-capybaras,What do Capybaras eat?,answer_snapshot,2026-04-14T13:40:37.501Z,,,,,,,"Capybaras eat grasses, aquatic plants and",41,,,,,,,debounce
11,Wikipedia_Exp_14.04,Wikipedia_Exp_13.04,34,Female,sg_1776173775880_mniv2f,diffuse,0,1,practice,practice-capybaras,What do Capybaras eat?,answer_snapshot,2026-04-14T13:40:42.209Z,,,,,,,"Capybaras eat grasses, aquatic plants",37,,,,,,,debounce
11,Wikipedia_Exp_14.04,Wikipedia_Exp_13.04,34,Female,sg_1776173775880_mniv2f,diffuse,0,1,practice,practice-capybaras,What do Capybaras eat?,answer_snapshot,2026-04-14T13:40:47.768Z,,,,,,,Capybaras eat grasses and aquatic plants,40,,,,,,,debounce
11,Wikipedia_Exp_14.04,Wikipedia_Exp_13.04,34,Female,sg_1776173775880_mniv2f,diffuse,0,1,practice,practice-capybaras,What do Capybaras eat?,answer_snapshot,2026-04-14T13:40:56.687Z,,,,,,,"Capybaras eat grasses and aquatic plants, along with fruit and tree bark. ",74,,,,,,,debounce
11,Wikipedia_Exp_14.04,Wikipedia_Exp_13.04,34,Female,sg_1776173775880_mniv2f,diffuse,0,1,practice,practice-capybaras,What do Capybaras eat?,answer_snapshot_cursor_leave,2026-04-14T13:41:00.232Z,,,,,,,"Capybaras eat grasses and aquatic plants, along with fruit and tree bark. ",74,,,,,,,cursor_leave
11,Wikipedia_Exp_14.04,Wikipedia_Exp_13.04,34,Female,sg_1776173775880_mniv2f,diffuse,0,1,practice,practice-capybaras,What do Capybaras eat?,link_click,2026-04-14T13:41:00.368Z,Aquatic_plants,,Capybara,,,,,,,,,,,,
11,Wikipedia_Exp_14.04,Wikipedia_Exp_13.04,34,Female,sg_1776173775880_mniv2f,diffuse,0,1,practice,practice-capybaras,What do Capybaras eat?,article_open,2026-04-14T13:41:00.816Z,Aquatic_plants,Aquatic plant,,6440,link_click,,,,,,,,,,
11,Wikipedia_Exp_14.04,Wikipedia_Exp_13.04,34,Female,sg_1776173775880_mniv2f,diffuse,0,1,practice,practice-capybaras,What do Capybaras eat?,search,2026-04-14T13:41:07.527Z,,,,,,what qua,,,,,,,,,
11,Wikipedia_Exp_14.04,Wikipedia_Exp_13.04,34,Female,sg_1776173775880_mniv2f,diffuse,0,1,practice,practice-capybaras,What do Capybaras eat?,search,2026-04-14T13:41:08.219Z,,,,,,what a,,,,,,,,,
11,Wikipedia_Exp_14.04,Wikipedia_Exp_13.04,34,Female,sg_1776173775880_mniv2f,diffuse,0,1,practice,practice-capybaras,What do Capybaras eat?,search,2026-04-14T13:41:10.993Z,,,,,,what aquatic plants do a,,,,,,,,,
11,Wikipedia_Exp_14.04,Wikipedia_Exp_13.04,34,Female,sg_1776173775880_mniv2f,diffuse,0,1,practice,practice-capybaras,What do Capybaras eat?,search,2026-04-14T13:41:11.694Z,,,,,,what aquatic plants do ca,,,,,,,,,
11,Wikipedia_Exp_14.04,Wikipedia_Exp_13.04,34,Female,sg_1776173775880_mniv2f,diffuse,0,1,practice,practice-capybaras,What do Capybaras eat?,search,2026-04-14T13:41:12.587Z,,,,,,what aquatic plants do caby,,,,,,,,,
11,Wikipedia_Exp_14.04,Wikipedia_Exp_13.04,34,Female,sg_1776173775880_mniv2f,diffuse,0,1,practice,practice-capybaras,What do Capybaras eat?,search,2026-04-14T13:41:15.597Z,,,,,,what aquatic plants do ca,,,,,,,,,
11,Wikipedia_Exp_14.04,Wikipedia_Exp_13.04,34,Female,sg_1776173775880_mniv2f,diffuse,0,1,practice,practice-capybaras,What do Capybaras eat?,search,2026-04-14T13:41:16.201Z,,,,,,what aquatic plants do cap,,,,,,,,,
11,Wikipedia_Exp_14.04,Wikipedia_Exp_13.04,34,Female,sg_1776173775880_mniv2f,diffuse,0,1,practice,practice-capybaras,What do Capybaras eat?,search,2026-04-14T13:41:17.217Z,,,,,,what aquatic plants do capybaras,,,,,,,,,
11,Wikipedia_Exp_14.04,Wikipedia_Exp_13.04,34,Female,sg_1776173775880_mniv2f,diffuse,0,1,practice,practice-capybaras,What do Capybaras eat?,search,2026-04-14T13:41:20.368Z,,,,,,what aquatic plants do capybaras eat,,,,,,,,,
11,Wikipedia_Exp_14.04,Wikipedia_Exp_13.04,34,Female,sg_1776173775880_mniv2f,diffuse,0,1,practice,practice-capybaras,What do Capybaras eat?,search,2026-04-14T13:41:25.127Z,,,,,,what aquatic plants do capybaras eat,,,,,,,,,
11,Wikipedia_Exp_14.04,Wikipedia_Exp_13.04,34,Female,sg_1776173775880_mniv2f,diffuse,0,1,practice,practice-capybaras,What do Capybaras eat?,article_open,2026-04-14T13:41:33.172Z,Capybara,Capybara,,4650,search,,,,,,,,,,
11,Wikipedia_Exp_14.04,Wikipedia_Exp_13.04,34,Female,sg_1776173775880_mniv2f,diffuse,0,1,practice,practice-capybaras,What do Capybaras eat?,answer_snapshot,2026-04-14T13:42:27.670Z,,,,,,,"Capybaras eat grasses and aquatic plants, along with fruit and tree bark. The switch from eating grass ",103,,,,,,,debounce
11,Wikipedia_Exp_14.04,Wikipedia_Exp_13.04,34,Female,sg_1776173775880_mniv2f,diffuse,0,1,practice,practice-capybaras,What do Capybaras eat?,answer_snapshot,2026-04-14T13:42:30.545Z,,,,,,,"Capybaras eat grasses and aquatic plants, along with fruit and tree bark. The switch from eating grass in",105,,,,,,,debounce
11,Wikipedia_Exp_14.04,Wikipedia_Exp_13.04,34,Female,sg_1776173775880_mniv2f,diffuse,0,1,practice,practice-capybaras,What do Capybaras eat?,answer_snapshot,2026-04-14T13:42:49.309Z,,,,,,,"Capybaras eat grasses and aquatic plants, along with fruit and tree bark. The switch from eating grass in the summer to reeds in the winter due to loss of nutritional value in the winter.",187,,,,,,,debounce
11,Wikipedia_Exp_14.04,Wikipedia_Exp_13.04,34,Female,sg_1776173775880_mniv2f,diffuse,0,1,practice,practice-capybaras,What do Capybaras eat?,answer_snapshot,2026-04-14T13:43:00.797Z,,,,,,,"Capybaras eat grasses and aquatic plants, along with fruit and tree bark. The switch from eating grass in the summer to reeds in the winter due to loss of nutritional value in the winter. They also eat their own feces",217,,,,,,,debounce
11,Wikipedia_Exp_14.04,Wikipedia_Exp_13.04,34,Female,sg_1776173775880_mniv2f,diffuse,0,1,practice,practice-capybaras,What do Capybaras eat?,answer_snapshot,2026-04-14T13:43:05.580Z,,,,,,,"Capybaras eat grasses and aquatic plants, along with fruit and tree bark. The switch from eating grass in the summer to reeds in the winter due to loss of nutritional value in the winter. They also eat their own feces as a ",223,,,,,,,debounce
11,Wikipedia_Exp_14.04,Wikipedia_Exp_13.04,34,Female,sg_1776173775880_mniv2f,diffuse,0,1,practice,practice-capybaras,What do Capybaras eat?,answer_snapshot,2026-04-14T13:43:15.514Z,,,,,,,"Capybaras eat grasses and aquatic plants, along with fruit and tree bark. The switch from eating grass in the summer to reeds in the winter due to loss of nutritional value in the winter. They also eat their own feces as a source of",232,,,,,,,debounce
11,Wikipedia_Exp_14.04,Wikipedia_Exp_13.04,34,Female,sg_1776173775880_mniv2f,diffuse,0,1,practice,practice-capybaras,What do Capybaras eat?,answer_snapshot,2026-04-14T13:43:22.789Z,,,,,,,"Capybaras eat grasses and aquatic plants, along with fruit and tree bark. The switch from eating grass in the summer to reeds in the winter due to loss of nutritional value in the winter. They also eat their own feces as a source of bacterial gut flora.",253,,,,,,,debounce
11,Wikipedia_Exp_14.04,Wikipedia_Exp_13.04,34,Female,sg_1776173775880_mniv2f,diffuse,0,1,practice,practice-capybaras,What do Capybaras eat?,answer_snapshot_cursor_leave,2026-04-14T13:43:22.987Z,,,,,,,"Capybaras eat grasses and aquatic plants, along with fruit and tree bark. The switch from eating grass in the summer to reeds in the winter due to loss of nutritional value in the winter. They also eat their own feces as a source of bacterial gut flora.",253,,,,,,,cursor_leave
11,Wikipedia_Exp_14.04,Wikipedia_Exp_13.04,34,Female,sg_1776173775880_mniv2f,diffuse,0,1,practice,practice-capybaras,What do Capybaras eat?,answer_snapshot,2026-04-14T13:43:23.126Z,,,,,,,"Capybaras eat grasses and aquatic plants, along with fruit and tree bark. The switch from eating grass in the summer to reeds in the winter due to loss of nutritional value in the winter. They also eat their own feces as a source of bacterial gut flora.",253,,,,,,,submit
11,Wikipedia_Exp_14.04,Wikipedia_Exp_13.04,34,Female,sg_1776173775880_mniv2f,diffuse,0,1,practice,practice-capybaras,What do Capybaras eat?,task_end,2026-04-14T13:43:23.126Z,,,,,,,,,"Capybaras eat grasses and aquatic plants, along with fruit and tree bark. The switch from eating grass in the summer to reeds in the winter due to loss of nutritional value in the winter. They also eat their own feces as a source of bacterial gut flora.",253,,,,,
11,Wikipedia_Exp_14.04,Wikipedia_Exp_13.04,34,Female,sg_1776173775880_mniv2f,diffuse,1,,psychology,high-psychology,What brain mechanisms help people make scientific discoveries?,familiarity_rating,2026-04-14T13:43:37.382Z,,,,,,,,,,,,,1,2,
11,Wikipedia_Exp_14.04,Wikipedia_Exp_13.04,34,Female,sg_1776173775880_mniv2f,diffuse,1,,psychology,high-psychology,What brain mechanisms help people make scientific discoveries?,task_start,2026-04-14T13:43:37.487Z,,,,,,,,,,,,,,,
11,Wikipedia_Exp_14.04,Wikipedia_Exp_13.04,34,Female,sg_1776173775880_mniv2f,diffuse,1,,psychology,high-psychology,What brain mechanisms help people make scientific discoveries?,search,2026-04-14T13:43:55.183Z,,,,,,the brain,,,,,,,,,
11,Wikipedia_Exp_14.04,Wikipedia_Exp_13.04,34,Female,sg_1776173775880_mniv2f,diffuse,1,,psychology,high-psychology,What brain mechanisms help people make scientific discoveries?,article_open,2026-04-14T13:44:08.581Z,Brain,Brain,,17706,search,,,,,,,,,,
11,Wikipedia_Exp_14.04,Wikipedia_Exp_13.04,34,Female,sg_1776173775880_mniv2f,diffuse,1,,psychology,high-psychology,What brain mechanisms help people make scientific discoveries?,paste,2026-04-14T13:45:33.995Z,,,,,,,,,,,"Synapses are the key functional elements of the brain.[11] The essential function of the brain is cell-to-cell communication, and synapses are the points at which communication occurs.",184,,,
11,Wikipedia_Exp_14.04,Wikipedia_Exp_13.04,34,Female,sg_1776173775880_mniv2f,diffuse,1,,psychology,high-psychology,What brain mechanisms help people make scientific discoveries?,answer_snapshot,2026-04-14T13:45:38.558Z,,,,,,,"Synapses are the key functional elements of the brain. The essential function of the brain is cell-to-cell communication, and synapses are the points at which communication occurs.",180,,,,,,,debounce
11,Wikipedia_Exp_14.04,Wikipedia_Exp_13.04,34,Female,sg_1776173775880_mniv2f,diffuse,1,,psychology,high-psychology,What brain mechanisms help people make scientific discoveries?,answer_snapshot,2026-04-14T13:45:46.769Z,,,,,,,"Synapses are the key functional elements of the brain. The essential function of the brain is cell-to-cell communication, and synapses are the points at which communication occurs. ",181,,,,,,,debounce
11,Wikipedia_Exp_14.04,Wikipedia_Exp_13.04,34,Female,sg_1776173775880_mniv2f,diffuse,1,,psychology,high-psychology,What brain mechanisms help people make scientific discoveries?,answer_snapshot_cursor_leave,2026-04-14T13:45:58.402Z,,,,,,,"Synapses are the key functional elements of the brain. The essential function of the brain is cell-to-cell communication, and synapses are the points at which communication occurs. ",181,,,,,,,cursor_leave
11,Wikipedia_Exp_14.04,Wikipedia_Exp_13.04,34,Female,sg_1776173775880_mniv2f,diffuse,1,,psychology,high-psychology,What brain mechanisms help people make scientific discoveries?,search,2026-04-14T13:46:26.226Z,,,,,,scien,,,,,,,,,
11,Wikipedia_Exp_14.04,Wikipedia_Exp_13.04,34,Female,sg_1776173775880_mniv2f,diffuse,1,,psychology,high-psychology,What brain mechanisms help people make scientific discoveries?,search,2026-04-14T13:46:26.950Z,,,,,,scientific,,,,,,,,,
11,Wikipedia_Exp_14.04,Wikipedia_Exp_13.04,34,Female,sg_1776173775880_mniv2f,diffuse,1,,psychology,high-psychology,What brain mechanisms help people make scientific discoveries?,search,2026-04-14T13:46:29.325Z,,,,,,scientific dis,,,,,,,,,
11,Wikipedia_Exp_14.04,Wikipedia_Exp_13.04,34,Female,sg_1776173775880_mniv2f,diffuse,1,,psychology,high-psychology,What brain mechanisms help people make scientific discoveries?,search,2026-04-14T13:46:32.272Z,,,,,,scientific discovery,,,,,,,,,
11,Wikipedia_Exp_14.04,Wikipedia_Exp_13.04,34,Female,sg_1776173775880_mniv2f,diffuse,1,,psychology,high-psychology,What brain mechanisms help people make scientific discoveries?,answer_snapshot,2026-04-14T13:48:52.602Z,,,,,,,"Synapses are the key functional elements of the brain. The essential function of the brain is cell-to-cell communication, and synapses are the points at which communication occurs. To make a scientific discovery these",217,,,,,,,debounce
11,Wikipedia_Exp_14.04,Wikipedia_Exp_13.04,34,Female,sg_1776173775880_mniv2f,diffuse,1,,psychology,high-psychology,What brain mechanisms help people make scientific discoveries?,answer_snapshot,2026-04-14T13:48:58.839Z,,,,,,,"Synapses are the key functional elements of the brain. The essential function of the brain is cell-to-cell communication, and synapses are the points at which communication occurs. To make a scientific discovery this me",219,,,,,,,debounce
11,Wikipedia_Exp_14.04,Wikipedia_Exp_13.04,34,Female,sg_1776173775880_mniv2f,diffuse,1,,psychology,high-psychology,What brain mechanisms help people make scientific discoveries?,answer_snapshot,2026-04-14T13:49:03.283Z,,,,,,,"Synapses are the key functional elements of the brain. The essential function of the brain is cell-to-cell communication, and synapses are the points at which communication occurs. To make a scientific discovery this mechanism",226,,,,,,,debounce
11,Wikipedia_Exp_14.04,Wikipedia_Exp_13.04,34,Female,sg_1776173775880_mniv2f,diffuse,1,,psychology,high-psychology,What brain mechanisms help people make scientific discoveries?,answer_snapshot,2026-04-14T13:49:17.198Z,,,,,,,"Synapses are the key functional elements of the brain. The essential function of the brain is cell-to-cell communication, and synapses are the points at which communication occurs. To make a scientific discovery the",215,,,,,,,debounce
11,Wikipedia_Exp_14.04,Wikipedia_Exp_13.04,34,Female,sg_1776173775880_mniv2f,diffuse,1,,psychology,high-psychology,What brain mechanisms help people make scientific discoveries?,answer_snapshot,2026-04-14T13:49:38.369Z,,,,,,,"Synapses are the key functional elements of the brain. The essential function of the brain is cell-to-cell communication, and synapses are the points at which communication occurs. To make a scientific discovery the use of Semantic memory will have to be used, which is the ability to learn facts and relationships",314,,,,,,,debounce
11,Wikipedia_Exp_14.04,Wikipedia_Exp_13.04,34,Female,sg_1776173775880_mniv2f,diffuse,1,,psychology,high-psychology,What brain mechanisms help people make scientific discoveries?,answer_snapshot,2026-04-14T13:49:50.292Z,,,,,,,"Synapses are the key functional elements of the brain. The essential function of the brain is cell-to-cell communication, and synapses are the points at which communication occurs. To make a scientific discovery the use of Semantic memory will have to be used, which is the ability to learn facts and relationships. These elements will be a ",341,,,,,,,debounce
11,Wikipedia_Exp_14.04,Wikipedia_Exp_13.04,34,Female,sg_1776173775880_mniv2f,diffuse,1,,psychology,high-psychology,What brain mechanisms help people make scientific discoveries?,answer_snapshot,2026-04-14T13:50:05.946Z,,,,,,,"Synapses are the key functional elements of the brain. The essential function of the brain is cell-to-cell communication, and synapses are the points at which communication occurs. To make a scientific discovery the use of Semantic memory will have to be used, which is the ability to learn facts and relationships. These elements will be a key",344,,,,,,,debounce
11,Wikipedia_Exp_14.04,Wikipedia_Exp_13.04,34,Female,sg_1776173775880_mniv2f,diffuse,1,,psychology,high-psychology,What brain mechanisms help people make scientific discoveries?,answer_snapshot,2026-04-14T13:50:19.547Z,,,,,,,"Synapses are the key functional elements of the brain. The essential function of the brain is cell-to-cell communication, and synapses are the points at which communication occurs. To make a scientific discovery the use of Semantic memory will have to be used, which is the ability to learn facts and relationships. These elements will play a key part in being able to ",369,,,,,,,debounce
11,Wikipedia_Exp_14.04,Wikipedia_Exp_13.04,34,Female,sg_1776173775880_mniv2f,diffuse,1,,psychology,high-psychology,What brain mechanisms help people make scientific discoveries?,answer_snapshot,2026-04-14T13:50:25.569Z,,,,,,,"Synapses are the key functional elements of the brain. The essential function of the brain is cell-to-cell communication, and synapses are the points at which communication occurs. To make a scientific discovery the use of Semantic memory will have to be used, which is the ability to learn facts and relationships. These elements will play a key part in being able to compare",376,,,,,,,debounce
11,Wikipedia_Exp_14.04,Wikipedia_Exp_13.04,34,Female,sg_1776173775880_mniv2f,diffuse,1,,psychology,high-psychology,What brain mechanisms help people make scientific discoveries?,answer_snapshot,2026-04-14T13:50:34.190Z,,,,,,,"Synapses are the key functional elements of the brain. The essential function of the brain is cell-to-cell communication, and synapses are the points at which communication occurs. To make a scientific discovery the use of Semantic memory will have to be used, which is the ability to learn facts and relationships. These elements will play a key part in being able to compare and discover new",393,,,,,,,debounce
11,Wikipedia_Exp_14.04,Wikipedia_Exp_13.04,34,Female,sg_1776173775880_mniv2f,diffuse,1,,psychology,high-psychology,What brain mechanisms help people make scientific discoveries?,answer_snapshot,2026-04-14T13:50:39.422Z,,,,,,,"Synapses are the key functional elements of the brain. The essential function of the brain is cell-to-cell communication, and synapses are the points at which communication occurs. To make a scientific discovery the use of Semantic memory will have to be used, which is the ability to learn facts and relationships. These elements will play a key part in being able to compare and discover new things in science.",412,,,,,,,debounce
11,Wikipedia_Exp_14.04,Wikipedia_Exp_13.04,34,Female,sg_1776173775880_mniv2f,diffuse,1,,psychology,high-psychology,What brain mechanisms help people make scientific discoveries?,answer_snapshot,2026-04-14T13:51:14.784Z,,,,,,,"To make a scientific discovery the use of Semantic memory will have to be used, which is the ability to learn facts and relationships. These elements will play a key part in being able to compare and discover new things in science.",231,,,,,,,debounce
11,Wikipedia_Exp_14.04,Wikipedia_Exp_13.04,34,Female,sg_1776173775880_mniv2f,diffuse,1,,psychology,high-psychology,What brain mechanisms help people make scientific discoveries?,paste,2026-04-14T13:51:24.161Z,,,,,,,,,,,"Synapses are the key functional elements of the brain. The essential function of the brain is cell-to-cell communication, and synapses are the points at which communication occurs.",180,,,
11,Wikipedia_Exp_14.04,Wikipedia_Exp_13.04,34,Female,sg_1776173775880_mniv2f,diffuse,1,,psychology,high-psychology,What brain mechanisms help people make scientific discoveries?,answer_snapshot,2026-04-14T13:51:26.175Z,,,,,,,"To make a scientific discovery the use of Semantic memory will have to be used, which is the ability to learn facts and relationships. These elements will play a key part in being able to compare and discover new things in science.

Going deeper into the brain the Synapses are the key functional elements of the brain. The essential function of the brain is cell-to-cell communication, and synapses are the points at which communication occurs.",445,,,,,,,debounce
11,Wikipedia_Exp_14.04,Wikipedia_Exp_13.04,34,Female,sg_1776173775880_mniv2f,diffuse,1,,psychology,high-psychology,What brain mechanisms help people make scientific discoveries?,answer_snapshot,2026-04-14T13:51:31.523Z,,,,,,,"To make a scientific discovery the use of Semantic memory will have to be used, which is the ability to learn facts and relationships. These elements will play a key part in being able to compare and discover new things in science.

Going deeper into the brain the synapses are the key functional elements of the brain. The essential function of the brain is cell-to-cell communication, and synapses are the points at which communication occurs.",445,,,,,,,debounce
11,Wikipedia_Exp_14.04,Wikipedia_Exp_13.04,34,Female,sg_1776173775880_mniv2f,diffuse,1,,psychology,high-psychology,What brain mechanisms help people make scientific discoveries?,answer_snapshot,2026-04-14T13:51:37.560Z,,,,,,,"To make a scientific discovery the use of Semantic memory will have to be used, which is the ability to learn facts and relationships. These elements will play a key part in being able to compare and discover new things in science.

Going deeper into the brain, the synapses are the key functional elements of the brain. The essential function of the brain is cell-to-cell communication, and synapses are the points at which communication occurs.",446,,,,,,,debounce
11,Wikipedia_Exp_14.04,Wikipedia_Exp_13.04,34,Female,sg_1776173775880_mniv2f,diffuse,1,,psychology,high-psychology,What brain mechanisms help people make scientific discoveries?,answer_snapshot,2026-04-14T13:51:45.179Z,,,,,,,"To make a scientific discovery the use of Semantic memory will have to be used, which is the ability to learn facts and relationships. These elements will play a key part in being able to compare and discover new things in science.

Going deeper into the brain, the synapses are the key functional elements of the brain. The essential function of the brain is cell-to-cell communication, and synapses are the points at which communication occurs. Without this",459,,,,,,,debounce
11,Wikipedia_Exp_14.04,Wikipedia_Exp_13.04,34,Female,sg_1776173775880_mniv2f,diffuse,1,,psychology,high-psychology,What brain mechanisms help people make scientific discoveries?,answer_snapshot,2026-04-14T13:52:01.653Z,,,,,,,"To make a scientific discovery the use of Semantic memory will have to be used, which is the ability to learn facts and relationships. These elements will play a key part in being able to compare and discover new things in science.

Going deeper into the brain, the synapses are the key functional elements of the brain. The essential function of the brain is cell-to-cell communication, and synapses are the points at which communication occurs. Without this the brain would not work at all and even beginning to think about science would not be possible.",556,,,,,,,debounce
11,Wikipedia_Exp_14.04,Wikipedia_Exp_13.04,34,Female,sg_1776173775880_mniv2f,diffuse,1,,psychology,high-psychology,What brain mechanisms help people make scientific discoveries?,answer_snapshot_cursor_leave,2026-04-14T13:52:07.998Z,,,,,,,"To make a scientific discovery the use of Semantic memory will have to be used, which is the ability to learn facts and relationships. These elements will play a key part in being able to compare and discover new things in science.

Going deeper into the brain, the synapses are the key functional elements of the brain. The essential function of the brain is cell-to-cell communication, and synapses are the points at which communication occurs. Without this the brain would not work at all and even beginning to think about science would not be possible.",556,,,,,,,cursor_leave
11,Wikipedia_Exp_14.04,Wikipedia_Exp_13.04,34,Female,sg_1776173775880_mniv2f,diffuse,1,,psychology,high-psychology,What brain mechanisms help people make scientific discoveries?,answer_snapshot,2026-04-14T13:52:27.562Z,,,,,,,"To make a scientific discovery the use of Semantic memory will have to be used, which is the ability to learn facts and relationships. These elements will play a key part in being able to compare and discover new findings in science.

Going deeper into the brain, the synapses are the key functional elements of the brain. The essential function of the brain is cell-to-cell communication, and synapses are the points at which communication occurs. Without this the brain would not work at all and even beginning to think about science would not be possible.",558,,,,,,,debounce
11,Wikipedia_Exp_14.04,Wikipedia_Exp_13.04,34,Female,sg_1776173775880_mniv2f,diffuse,1,,psychology,high-psychology,What brain mechanisms help people make scientific discoveries?,answer_snapshot,2026-04-14T13:52:44.609Z,,,,,,,"To make a scientific discovery the use of Semantic memory will have to be used, which is the ability to learn facts and relationships. These elements will play a key part in being able to compare and discover new findings in science.

Going deeper into the brain, the synapses are the key functional elements of the brain. The essential function of the brain is cell-to-cell communication, and synapses are the points at which communication occurs. Without this the brain would not work or even beginning to think about science would not be possible.",550,,,,,,,debounce
11,Wikipedia_Exp_14.04,Wikipedia_Exp_13.04,34,Female,sg_1776173775880_mniv2f,diffuse,1,,psychology,high-psychology,What brain mechanisms help people make scientific discoveries?,answer_snapshot,2026-04-14T13:52:48.738Z,,,,,,,"To make a scientific discovery the use of Semantic memory will have to be used, which is the ability to learn facts and relationships. These elements will play a key part in being able to compare and discover new findings in science.

Going deeper into the brain, the synapses are the key functional elements of the brain. The essential function of the brain is cell-to-cell communication, and synapses are the points at which communication occurs. Without this the brain would not work or even begin to think about science would not be possible.",546,,,,,,,debounce
11,Wikipedia_Exp_14.04,Wikipedia_Exp_13.04,34,Female,sg_1776173775880_mniv2f,diffuse,1,,psychology,high-psychology,What brain mechanisms help people make scientific discoveries?,answer_snapshot,2026-04-14T13:53:00.983Z,,,,,,,"To make a scientific discovery the use of Semantic memory will have to be used, which is the ability to learn facts and relationships. These elements will play a key part in being able to compare and discover new findings in science.

Going deeper into the brain, the synapses are the key functional elements of the brain. The essential function of the brain is cell-to-cell communication, and synapses are the points at which communication occurs. Without this the brain would not work or even begin to think about science.",524,,,,,,,debounce
11,Wikipedia_Exp_14.04,Wikipedia_Exp_13.04,34,Female,sg_1776173775880_mniv2f,diffuse,1,,psychology,high-psychology,What brain mechanisms help people make scientific discoveries?,answer_snapshot_cursor_leave,2026-04-14T13:53:09.212Z,,,,,,,"To make a scientific discovery the use of Semantic memory will have to be used, which is the ability to learn facts and relationships. These elements will play a key part in being able to compare and discover new findings in science.

Going deeper into the brain, the synapses are the key functional elements of the brain. The essential function of the brain is cell-to-cell communication, and synapses are the points at which communication occurs. Without this the brain would not work or even begin to think about science.",524,,,,,,,cursor_leave
11,Wikipedia_Exp_14.04,Wikipedia_Exp_13.04,34,Female,sg_1776173775880_mniv2f,diffuse,1,,psychology,high-psychology,What brain mechanisms help people make scientific discoveries?,article_open,2026-04-14T13:53:11.809Z,Timeline_of_scientific_discoveries,Timeline of scientific discoveries,,11933,search,,,,,,,,,,
11,Wikipedia_Exp_14.04,Wikipedia_Exp_13.04,34,Female,sg_1776173775880_mniv2f,diffuse,1,,psychology,high-psychology,What brain mechanisms help people make scientific discoveries?,article_open,2026-04-14T13:53:28.634Z,Discovery_(observation),Discovery (observation),,1723,search,,,,,,,,,,
11,Wikipedia_Exp_14.04,Wikipedia_Exp_13.04,34,Female,sg_1776173775880_mniv2f,diffuse,1,,psychology,high-psychology,What brain mechanisms help people make scientific discoveries?,answer_snapshot,2026-04-14T13:53:40.750Z,,,,,,,"To make a scientific discovery the use of Semantic memory will have to be used, which is the ability to learn facts and relationships. These elements will play a key part in being able to compare and discover new findings in science.

Going deeper into the brain, the synapses are the key functional elements of the brain. The essential function of the brain is cell-to-cell communication, and synapses are the points at which communication occurs. Without this the brain would not work or even begin to think about science.",524,,,,,,,submit
11,Wikipedia_Exp_14.04,Wikipedia_Exp_13.04,34,Female,sg_1776173775880_mniv2f,diffuse,1,,psychology,high-psychology,What brain mechanisms help people make scientific discoveries?,task_end,2026-04-14T13:53:40.750Z,,,,,,,,,"To make a scientific discovery the use of Semantic memory will have to be used, which is the ability to learn facts and relationships. These elements will play a key part in being able to compare and discover new findings in science.

Going deeper into the brain, the synapses are the key functional elements of the brain. The essential function of the brain is cell-to-cell communication, and synapses are the points at which communication occurs. Without this the brain would not work or even begin to think about science.",524,,,,,
11,Wikipedia_Exp_14.04,Wikipedia_Exp_13.04,34,Female,sg_1776173775880_mniv2f,diffuse,2,,art_history,high-art-history,How do ancient works of art play a role in contemporary society?,familiarity_rating,2026-04-14T13:53:57.585Z,,,,,,,,,,,,,2,3,
11,Wikipedia_Exp_14.04,Wikipedia_Exp_13.04,34,Female,sg_1776173775880_mniv2f,diffuse,2,,art_history,high-art-history,How do ancient works of art play a role in contemporary society?,task_start,2026-04-14T13:53:57.738Z,,,,,,,,,,,,,,,
11,Wikipedia_Exp_14.04,Wikipedia_Exp_13.04,34,Female,sg_1776173775880_mniv2f,diffuse,2,,art_history,high-art-history,How do ancient works of art play a role in contemporary society?,search,2026-04-14T13:54:02.915Z,,,,,,an,,,,,,,,,
11,Wikipedia_Exp_14.04,Wikipedia_Exp_13.04,34,Female,sg_1776173775880_mniv2f,diffuse,2,,art_history,high-art-history,How do ancient works of art play a role in contemporary society?,search,2026-04-14T13:54:03.504Z,,,,,,ancient ar,,,,,,,,,
11,Wikipedia_Exp_14.04,Wikipedia_Exp_13.04,34,Female,sg_1776173775880_mniv2f,diffuse,2,,art_history,high-art-history,How do ancient works of art play a role in contemporary society?,search,2026-04-14T13:54:04.160Z,,,,,,ancient art,,,,,,,,,
11,Wikipedia_Exp_14.04,Wikipedia_Exp_13.04,34,Female,sg_1776173775880_mniv2f,diffuse,2,,art_history,high-art-history,How do ancient works of art play a role in contemporary society?,search,2026-04-14T13:54:05.783Z,,,,,,ancient art in modern,,,,,,,,,
11,Wikipedia_Exp_14.04,Wikipedia_Exp_13.04,34,Female,sg_1776173775880_mniv2f,diffuse,2,,art_history,high-art-history,How do ancient works of art play a role in contemporary society?,article_open,2026-04-14T13:54:09.290Z,Ancient_art,Ancient art,,9179,search,,,,,,,,,,
11,Wikipedia_Exp_14.04,Wikipedia_Exp_13.04,34,Female,sg_1776173775880_mniv2f,diffuse,2,,art_history,high-art-history,How do ancient works of art play a role in contemporary society?,search,2026-04-14T13:54:27.019Z,,,,,,ancient,,,,,,,,,
11,Wikipedia_Exp_14.04,Wikipedia_Exp_13.04,34,Female,sg_1776173775880_mniv2f,diffuse,2,,art_history,high-art-history,How do ancient works of art play a role in contemporary society?,article_open,2026-04-14T13:54:36.370Z,Ancient_history,Ancient history,,15394,search,,,,,,,,,,
11,Wikipedia_Exp_14.04,Wikipedia_Exp_13.04,34,Female,sg_1776173775880_mniv2f,diffuse,2,,art_history,high-art-history,How do ancient works of art play a role in contemporary society?,search,2026-04-14T13:55:05.631Z,,,,,,ancient,,,,,,,,,
11,Wikipedia_Exp_14.04,Wikipedia_Exp_13.04,34,Female,sg_1776173775880_mniv2f,diffuse,2,,art_history,high-art-history,How do ancient works of art play a role in contemporary society?,search,2026-04-14T13:55:06.201Z,,,,,,ancient art,,,,,,,,,
11,Wikipedia_Exp_14.04,Wikipedia_Exp_13.04,34,Female,sg_1776173775880_mniv2f,diffuse,2,,art_history,high-art-history,How do ancient works of art play a role in contemporary society?,article_open,2026-04-14T13:55:13.984Z,Art_of_ancient_Egypt,Art of ancient Egypt,,21845,search,,,,,,,,,,
11,Wikipedia_Exp_14.04,Wikipedia_Exp_13.04,34,Female,sg_1776173775880_mniv2f,diffuse,2,,art_history,high-art-history,How do ancient works of art play a role in contemporary society?,search,2026-04-14T13:56:11.150Z,,,,,,museum,,,,,,,,,
11,Wikipedia_Exp_14.04,Wikipedia_Exp_13.04,34,Female,sg_1776173775880_mniv2f,diffuse,2,,art_history,high-art-history,How do ancient works of art play a role in contemporary society?,search,2026-04-14T13:56:12.323Z,,,,,,museums,,,,,,,,,
11,Wikipedia_Exp_14.04,Wikipedia_Exp_13.04,34,Female,sg_1776173775880_mniv2f,diffuse,2,,art_history,high-art-history,How do ancient works of art play a role in contemporary society?,article_open,2026-04-14T13:56:15.789Z,Museum,Museum,,13132,search,,,,,,,,,,
11,Wikipedia_Exp_14.04,Wikipedia_Exp_13.04,34,Female,sg_1776173775880_mniv2f,diffuse,2,,art_history,high-art-history,How do ancient works of art play a role in contemporary society?,answer_snapshot,2026-04-14T13:57:29.013Z,,,,,,,Ancient works of art play an important role in how we understand ,65,,,,,,,debounce
11,Wikipedia_Exp_14.04,Wikipedia_Exp_13.04,34,Female,sg_1776173775880_mniv2f,diffuse,2,,art_history,high-art-history,How do ancient works of art play a role in contemporary society?,answer_snapshot,2026-04-14T13:57:36.478Z,,,,,,,Ancient works of art play an important role in how we understand the past,73,,,,,,,debounce
11,Wikipedia_Exp_14.04,Wikipedia_Exp_13.04,34,Female,sg_1776173775880_mniv2f,diffuse,2,,art_history,high-art-history,How do ancient works of art play a role in contemporary society?,answer_snapshot,2026-04-14T13:57:41.326Z,,,,,,,Ancient works of art play an important role in how we understand the past. Many,79,,,,,,,debounce
11,Wikipedia_Exp_14.04,Wikipedia_Exp_13.04,34,Female,sg_1776173775880_mniv2f,diffuse,2,,art_history,high-art-history,How do ancient works of art play a role in contemporary society?,answer_snapshot,2026-04-14T13:57:52.470Z,,,,,,,Ancient works of art play an important role in how we understand the past. Many pieces of art from civilasations ,113,,,,,,,debounce
11,Wikipedia_Exp_14.04,Wikipedia_Exp_13.04,34,Female,sg_1776173775880_mniv2f,diffuse,2,,art_history,high-art-history,How do ancient works of art play a role in contemporary society?,answer_snapshot,2026-04-14T13:57:56.019Z,,,,,,,Ancient works of art play an important role in how we understand the past. Many pieces of art from civilizations ,113,,,,,,,debounce
11,Wikipedia_Exp_14.04,Wikipedia_Exp_13.04,34,Female,sg_1776173775880_mniv2f,diffuse,2,,art_history,high-art-history,How do ancient works of art play a role in contemporary society?,answer_snapshot,2026-04-14T13:58:02.017Z,,,,,,,Ancient works of art play an important role in how we understand the past. Many pieces of art from civilisations ,113,,,,,,,debounce
11,Wikipedia_Exp_14.04,Wikipedia_Exp_13.04,34,Female,sg_1776173775880_mniv2f,diffuse,2,,art_history,high-art-history,How do ancient works of art play a role in contemporary society?,answer_snapshot,2026-04-14T13:58:04.829Z,,,,,,,Ancient works of art play an important role in how we understand the past. Many pieces of art from civilisations such as ,121,,,,,,,debounce
11,Wikipedia_Exp_14.04,Wikipedia_Exp_13.04,34,Female,sg_1776173775880_mniv2f,diffuse,2,,art_history,high-art-history,How do ancient works of art play a role in contemporary society?,answer_snapshot,2026-04-14T13:58:34.306Z,,,,,,,"Ancient works of art play an important role in how we understand the past. Many pieces of art from civilisations such as the Eyptians,",134,,,,,,,debounce
11,Wikipedia_Exp_14.04,Wikipedia_Exp_13.04,34,Female,sg_1776173775880_mniv2f,diffuse,2,,art_history,high-art-history,How do ancient works of art play a role in contemporary society?,answer_snapshot,2026-04-14T13:58:40.616Z,,,,,,,"Ancient works of art play an important role in how we understand the past. Many pieces of art from civilisations such as the Eyptians, ancient greece",149,,,,,,,debounce
11,Wikipedia_Exp_14.04,Wikipedia_Exp_13.04,34,Female,sg_1776173775880_mniv2f,diffuse,2,,art_history,high-art-history,How do ancient works of art play a role in contemporary society?,answer_snapshot,2026-04-14T13:58:46.384Z,,,,,,,"Ancient works of art play an important role in how we understand the past. Many pieces of art from  such as the Eyptians, ancient greece",136,,,,,,,debounce
11,Wikipedia_Exp_14.04,Wikipedia_Exp_13.04,34,Female,sg_1776173775880_mniv2f,diffuse,2,,art_history,high-art-history,How do ancient works of art play a role in contemporary society?,answer_snapshot,2026-04-14T13:58:53.843Z,,,,,,,"Ancient works of art play an important role in how we understand the past. Many pieces of art from civilisations such as the Eyptians, ancient greece",149,,,,,,,debounce
11,Wikipedia_Exp_14.04,Wikipedia_Exp_13.04,34,Female,sg_1776173775880_mniv2f,diffuse,2,,art_history,high-art-history,How do ancient works of art play a role in contemporary society?,answer_snapshot,2026-04-14T13:58:59.657Z,,,,,,,"Ancient works of art play an important role in how we understand the past. Many pieces of art from civilisations such as the Egyptians, ancient greece",150,,,,,,,debounce
11,Wikipedia_Exp_14.04,Wikipedia_Exp_13.04,34,Female,sg_1776173775880_mniv2f,diffuse,2,,art_history,high-art-history,How do ancient works of art play a role in contemporary society?,answer_snapshot,2026-04-14T13:59:06.171Z,,,,,,,"Ancient works of art play an important role in how we understand the past. Many pieces of art from civilisations such as the Egyptians, ancient Greece",150,,,,,,,debounce
11,Wikipedia_Exp_14.04,Wikipedia_Exp_13.04,34,Female,sg_1776173775880_mniv2f,diffuse,2,,art_history,high-art-history,How do ancient works of art play a role in contemporary society?,answer_snapshot,2026-04-14T13:59:12.050Z,,,,,,,"Ancient works of art play an important role in how we understand the past. Many pieces of art from civilisations such as the Egyptians, ancient Greece ",151,,,,,,,debounce
11,Wikipedia_Exp_14.04,Wikipedia_Exp_13.04,34,Female,sg_1776173775880_mniv2f,diffuse,2,,art_history,high-art-history,How do ancient works of art play a role in contemporary society?,answer_snapshot_cursor_leave,2026-04-14T13:59:14.502Z,,,,,,,"Ancient works of art play an important role in how we understand the past. Many pieces of art from civilisations such as the Egyptians, ancient Greece ",151,,,,,,,cursor_leave
11,Wikipedia_Exp_14.04,Wikipedia_Exp_13.04,34,Female,sg_1776173775880_mniv2f,diffuse,2,,art_history,high-art-history,How do ancient works of art play a role in contemporary society?,search,2026-04-14T13:59:19.220Z,,,,,,ancient,,,,,,,,,
11,Wikipedia_Exp_14.04,Wikipedia_Exp_13.04,34,Female,sg_1776173775880_mniv2f,diffuse,2,,art_history,high-art-history,How do ancient works of art play a role in contemporary society?,search,2026-04-14T13:59:20.420Z,,,,,,ancient c,,,,,,,,,
11,Wikipedia_Exp_14.04,Wikipedia_Exp_13.04,34,Female,sg_1776173775880_mniv2f,diffuse,2,,art_history,high-art-history,How do ancient works of art play a role in contemporary society?,search,2026-04-14T13:59:21.219Z,,,,,,ancient civi,,,,,,,,,
11,Wikipedia_Exp_14.04,Wikipedia_Exp_13.04,34,Female,sg_1776173775880_mniv2f,diffuse,2,,art_history,high-art-history,How do ancient works of art play a role in contemporary society?,search,2026-04-14T13:59:21.781Z,,,,,,ancient civil,,,,,,,,,
11,Wikipedia_Exp_14.04,Wikipedia_Exp_13.04,34,Female,sg_1776173775880_mniv2f,diffuse,2,,art_history,high-art-history,How do ancient works of art play a role in contemporary society?,search,2026-04-14T13:59:23.233Z,,,,,,ancient civili,,,,,,,,,
11,Wikipedia_Exp_14.04,Wikipedia_Exp_13.04,34,Female,sg_1776173775880_mniv2f,diffuse,2,,art_history,high-art-history,How do ancient works of art play a role in contemporary society?,search,2026-04-14T13:59:26.914Z,,,,,,ancient civilisa,,,,,,,,,
11,Wikipedia_Exp_14.04,Wikipedia_Exp_13.04,34,Female,sg_1776173775880_mniv2f,diffuse,2,,art_history,high-art-history,How do ancient works of art play a role in contemporary society?,search,2026-04-14T13:59:27.760Z,,,,,,ancient civilisation,,,,,,,,,
11,Wikipedia_Exp_14.04,Wikipedia_Exp_13.04,34,Female,sg_1776173775880_mniv2f,diffuse,2,,art_history,high-art-history,How do ancient works of art play a role in contemporary society?,search,2026-04-14T13:59:28.533Z,,,,,,ancient civilisations,,,,,,,,,
11,Wikipedia_Exp_14.04,Wikipedia_Exp_13.04,34,Female,sg_1776173775880_mniv2f,diffuse,2,,art_history,high-art-history,How do ancient works of art play a role in contemporary society?,article_open,2026-04-14T13:59:30.940Z,Civilization,Civilization,,12270,search,,,,,,,,,,
11,Wikipedia_Exp_14.04,Wikipedia_Exp_13.04,34,Female,sg_1776173775880_mniv2f,diffuse,2,,art_history,high-art-history,How do ancient works of art play a role in contemporary society?,answer_snapshot,2026-04-14T13:59:44.626Z,,,,,,,"Ancient works of art play an important role in how we understand the past. Many pieces of art from civilisations such as ancient Egyptians, ancient Greece ",155,,,,,,,debounce
11,Wikipedia_Exp_14.04,Wikipedia_Exp_13.04,34,Female,sg_1776173775880_mniv2f,diffuse,2,,art_history,high-art-history,How do ancient works of art play a role in contemporary society?,answer_snapshot,2026-04-14T14:00:02.827Z,,,,,,,"Ancient works of art play an important role in how we understand the past. Many pieces of art from civilisations such as ancient Egyptians, ancient Greece and the Sumerians of Mesopotamia",187,,,,,,,debounce
11,Wikipedia_Exp_14.04,Wikipedia_Exp_13.04,34,Female,sg_1776173775880_mniv2f,diffuse,2,,art_history,high-art-history,How do ancient works of art play a role in contemporary society?,answer_snapshot,2026-04-14T14:00:13.780Z,,,,,,,"Ancient works of art play an important role in how we understand the past. Many pieces of art from civilisations such as ancient Egypt, ancient Greece and the Sumerians of Mesopotamia",183,,,,,,,debounce
11,Wikipedia_Exp_14.04,Wikipedia_Exp_13.04,34,Female,sg_1776173775880_mniv2f,diffuse,2,,art_history,high-art-history,How do ancient works of art play a role in contemporary society?,answer_snapshot,2026-04-14T14:00:19.560Z,,,,,,,"Ancient works of art play an important role in how we understand the past. Many pieces of art from civilisations such as ancient Egypt, ancient Greece and the Sumerians of Mesopotamia are",187,,,,,,,debounce
11,Wikipedia_Exp_14.04,Wikipedia_Exp_13.04,34,Female,sg_1776173775880_mniv2f,diffuse,2,,art_history,high-art-history,How do ancient works of art play a role in contemporary society?,answer_snapshot,2026-04-14T14:00:24.211Z,,,,,,,"Ancient works of art play an important role in how we understand the past. Many pieces of art from civilisations such as ancient Egypt, ancient Greece and the Sumerians of Mesopotamia are used to",195,,,,,,,debounce
11,Wikipedia_Exp_14.04,Wikipedia_Exp_13.04,34,Female,sg_1776173775880_mniv2f,diffuse,2,,art_history,high-art-history,How do ancient works of art play a role in contemporary society?,answer_snapshot,2026-04-14T14:00:46.550Z,,,,,,,"Ancient works of art play an important role in how we understand the past. Many pieces of art from civilisations such as ancient Egypt, ancient Greece and the Sumerians of Mesopotamia are used to piece together puzzles of how ",226,,,,,,,debounce
11,Wikipedia_Exp_14.04,Wikipedia_Exp_13.04,34,Female,sg_1776173775880_mniv2f,diffuse,2,,art_history,high-art-history,How do ancient works of art play a role in contemporary society?,answer_snapshot,2026-04-14T14:01:10.616Z,,,,,,,"Ancient works of art play an important role in how we understand the past. Many pieces of art from civilisations such as ancient Egypt, ancient Greece and the Sumerians of Mesopotamia are used to piece together puzzles of how life was in that time, and that ",258,,,,,,,debounce
11,Wikipedia_Exp_14.04,Wikipedia_Exp_13.04,34,Female,sg_1776173775880_mniv2f,diffuse,2,,art_history,high-art-history,How do ancient works of art play a role in contemporary society?,answer_snapshot,2026-04-14T14:01:18.624Z,,,,,,,"Ancient works of art play an important role in how we understand the past. Many pieces of art from civilisations such as ancient Egypt, ancient Greece and the Sumerians of Mesopotamia are used to piece together puzzles of how life was in that time, and that allows",264,,,,,,,debounce
11,Wikipedia_Exp_14.04,Wikipedia_Exp_13.04,34,Female,sg_1776173775880_mniv2f,diffuse,2,,art_history,high-art-history,How do ancient works of art play a role in contemporary society?,answer_snapshot,2026-04-14T14:01:24.395Z,,,,,,,"Ancient works of art play an important role in how we understand the past. Many pieces of art from civilisations such as ancient Egypt, ancient Greece and the Sumerians of Mesopotamia are used to piece together puzzles of how life was in that time, and that allows us to learn and grow",285,,,,,,,debounce
11,Wikipedia_Exp_14.04,Wikipedia_Exp_13.04,34,Female,sg_1776173775880_mniv2f,diffuse,2,,art_history,high-art-history,How do ancient works of art play a role in contemporary society?,answer_snapshot,2026-04-14T14:01:28.693Z,,,,,,,"Ancient works of art play an important role in how we understand the past. Many pieces of art from civilisations such as ancient Egypt, ancient Greece and the Sumerians of Mesopotamia are used to piece together puzzles of how life was in that time, and that allows us to learn and grow ",286,,,,,,,debounce
11,Wikipedia_Exp_14.04,Wikipedia_Exp_13.04,34,Female,sg_1776173775880_mniv2f,diffuse,2,,art_history,high-art-history,How do ancient works of art play a role in contemporary society?,answer_snapshot,2026-04-14T14:01:32.319Z,,,,,,,"Ancient works of art play an important role in how we understand the past. Many pieces of art from civilisations such as ancient Egypt, ancient Greece and the Sumerians of Mesopotamia are used to piece together puzzles of how life was in that time, and that allows us to learn and grow from",290,,,,,,,debounce
11,Wikipedia_Exp_14.04,Wikipedia_Exp_13.04,34,Female,sg_1776173775880_mniv2f,diffuse,2,,art_history,high-art-history,How do ancient works of art play a role in contemporary society?,answer_snapshot,2026-04-14T14:01:46.235Z,,,,,,,"Ancient works of art play an important role in how we understand the past. Many pieces of art from civilisations such as ancient Egypt, ancient Greece and the Sumerians of Mesopotamia are used to piece together puzzles of how life was in that time, and that allows us to grow from what they learnt ",298,,,,,,,debounce
11,Wikipedia_Exp_14.04,Wikipedia_Exp_13.04,34,Female,sg_1776173775880_mniv2f,diffuse,2,,art_history,high-art-history,How do ancient works of art play a role in contemporary society?,answer_snapshot,2026-04-14T14:02:05.824Z,,,,,,,"Ancient works of art play an important role in how we understand the past. Many pieces of art from civilisations such as ancient Egypt, ancient Greece and the Sumerians of Mesopotamia are used to piece together puzzles of how life was in that time, and that allows us to grow in contemporary society.",300,,,,,,,debounce
11,Wikipedia_Exp_14.04,Wikipedia_Exp_13.04,34,Female,sg_1776173775880_mniv2f,diffuse,2,,art_history,high-art-history,How do ancient works of art play a role in contemporary society?,answer_snapshot,2026-04-14T14:02:15.752Z,,,,,,,"Ancient works of art play an important role in how we understand the past. Many pieces of art from civilisations such as ancient Egypt, ancient Greece and the Sumerians of Mesopotamia are used to piece together puzzles of how life was in that time, and that allows us to grow in contemporary society. Learning from the past is important",336,,,,,,,debounce
11,Wikipedia_Exp_14.04,Wikipedia_Exp_13.04,34,Female,sg_1776173775880_mniv2f,diffuse,2,,art_history,high-art-history,How do ancient works of art play a role in contemporary society?,answer_snapshot,2026-04-14T14:02:30.103Z,,,,,,,"Ancient works of art play an important role in how we understand the past. Many pieces of art from civilisations such as ancient Egypt, ancient Greece and the Sumerians of Mesopotamia are used to piece together puzzles of how life was in that time, and that allows us to grow in contemporary society. Learning from the past is important for modern and future societies. ",370,,,,,,,debounce
11,Wikipedia_Exp_14.04,Wikipedia_Exp_13.04,34,Female,sg_1776173775880_mniv2f,diffuse,2,,art_history,high-art-history,How do ancient works of art play a role in contemporary society?,answer_snapshot,2026-04-14T14:02:59.132Z,,,,,,,"Ancient works of art play an important role in how we understand the past. Many pieces of art from civilisations such as ancient Egypt, ancient Greece and the Sumerians of Mesopotamia are used to piece together puzzles of how life was in that time, and that allows us to grow in contemporary society. Learning from the past is important for modern and future societies, allowing",378,,,,,,,debounce
11,Wikipedia_Exp_14.04,Wikipedia_Exp_13.04,34,Female,sg_1776173775880_mniv2f,diffuse,2,,art_history,high-art-history,How do ancient works of art play a role in contemporary society?,answer_snapshot,2026-04-14T14:03:02.593Z,,,,,,,"Ancient works of art play an important role in how we understand the past. Many pieces of art from civilisations such as ancient Egypt, ancient Greece and the Sumerians of Mesopotamia are used to piece together puzzles of how life was in that time, and that allows us to grow in contemporary society. Learning from the past is important for modern and future societies, allowing for",382,,,,,,,debounce
11,Wikipedia_Exp_14.04,Wikipedia_Exp_13.04,34,Female,sg_1776173775880_mniv2f,diffuse,2,,art_history,high-art-history,How do ancient works of art play a role in contemporary society?,answer_snapshot,2026-04-14T14:03:14.200Z,,,,,,,"Ancient works of art play an important role in how we understand the past. Many pieces of art from civilisations such as ancient Egypt, ancient Greece and the Sumerians of Mesopotamia are used to piece together puzzles of how life was in that time, and that allows us to grow in contemporary society. Learning from the past is important for modern and future societies, allowing for a broad understanding ",405,,,,,,,debounce
11,Wikipedia_Exp_14.04,Wikipedia_Exp_13.04,34,Female,sg_1776173775880_mniv2f,diffuse,2,,art_history,high-art-history,How do ancient works of art play a role in contemporary society?,answer_snapshot,2026-04-14T14:03:17.421Z,,,,,,,"Ancient works of art play an important role in how we understand the past. Many pieces of art from civilisations such as ancient Egypt, ancient Greece and the Sumerians of Mesopotamia are used to piece together puzzles of how life was in that time, and that allows us to grow in contemporary society. Learning from the past is important for modern and future societies, allowing for a broad understanding of humans",414,,,,,,,debounce
11,Wikipedia_Exp_14.04,Wikipedia_Exp_13.04,34,Female,sg_1776173775880_mniv2f,diffuse,2,,art_history,high-art-history,How do ancient works of art play a role in contemporary society?,answer_snapshot,2026-04-14T14:03:24.295Z,,,,,,,"Ancient works of art play an important role in how we understand the past. Many pieces of art from civilisations such as ancient Egypt, ancient Greece and the Sumerians of Mesopotamia are used to piece together puzzles of how life was in that time, and that allows us to grow in contemporary society. Learning from the past is important for modern and future societies, allowing for a broad understanding of humans and society as a whole.",438,,,,,,,debounce
11,Wikipedia_Exp_14.04,Wikipedia_Exp_13.04,34,Female,sg_1776173775880_mniv2f,diffuse,2,,art_history,high-art-history,How do ancient works of art play a role in contemporary society?,answer_snapshot,2026-04-14T14:04:00.410Z,,,,,,,"Ancient works of art play an important role in how we understand the past. Many pieces of art from civilisations such as ancient Egypt, ancient Greece and the Sumerians of Mesopotamia are used to piece together puzzles of how life was in that time, and that allows us to grow in contemporary society. Learning from the past is important for modern and future societies, allowing for a broad understanding of humans and society as a whole.",438,,,,,,,submit
11,Wikipedia_Exp_14.04,Wikipedia_Exp_13.04,34,Female,sg_1776173775880_mniv2f,diffuse,2,,art_history,high-art-history,How do ancient works of art play a role in contemporary society?,task_end,2026-04-14T14:04:00.410Z,,,,,,,,,"Ancient works of art play an important role in how we understand the past. Many pieces of art from civilisations such as ancient Egypt, ancient Greece and the Sumerians of Mesopotamia are used to piece together puzzles of how life was in that time, and that allows us to grow in contemporary society. Learning from the past is important for modern and future societies, allowing for a broad understanding of humans and society as a whole.",438,,,,,
