ID,RunningName,Version,Age,Gender,SessionGroup,Condition,TrialIndex,IsPractice,Domain,PromptId,Prompt,Action,Time,ArticleSlug,ArticleTitle,FromArticleSlug,ArticleWordCount,NavigationType,SearchQuery,AnswerText,AnswerLength,FinalAnswerText,FinalAnswerLength,PastedText,PastedTextLength,Rating,InterestRating,Trigger
1, Wikipedia_Exp_13.04,Wikipedia_Exp_13.04,40,Female,sg_1776078440359_ar34bw,diffuse,0,1,practice,practice-capybaras,What do Capybaras eat?,attention_check_pass,2026-04-13T11:08:16.164Z,,,,,,,,,,,,,,,attempt_1
1, Wikipedia_Exp_13.04,Wikipedia_Exp_13.04,40,Female,sg_1776078440359_ar34bw,diffuse,0,1,practice,practice-capybaras,What do Capybaras eat?,familiarity_rating,2026-04-13T11:08:21.757Z,,,,,,,,,,,,,1,6,
1, Wikipedia_Exp_13.04,Wikipedia_Exp_13.04,40,Female,sg_1776078440359_ar34bw,diffuse,0,1,practice,practice-capybaras,What do Capybaras eat?,article_open,2026-04-13T11:08:21.991Z,Capybara,Capybara,,4650,,,,,,,,,,,
1, Wikipedia_Exp_13.04,Wikipedia_Exp_13.04,40,Female,sg_1776078440359_ar34bw,diffuse,0,1,practice,practice-capybaras,What do Capybaras eat?,paste,2026-04-13T11:09:20.345Z,,,,,,,,,,," eat a greater variety of plants during the dry season, as fewer plants are available. While they eat grass during the wet season, they have to switch to more abundant reeds during the dry season",195,,,
1, Wikipedia_Exp_13.04,Wikipedia_Exp_13.04,40,Female,sg_1776078440359_ar34bw,diffuse,0,1,practice,practice-capybaras,What do Capybaras eat?,search,2026-04-13T11:09:37.698Z,,,,,,ca,,,,,,,,,
1, Wikipedia_Exp_13.04,Wikipedia_Exp_13.04,40,Female,sg_1776078440359_ar34bw,diffuse,0,1,practice,practice-capybaras,What do Capybaras eat?,search,2026-04-13T11:09:38.461Z,,,,,,capybara ,,,,,,,,,
1, Wikipedia_Exp_13.04,Wikipedia_Exp_13.04,40,Female,sg_1776078440359_ar34bw,diffuse,0,1,practice,practice-capybaras,What do Capybaras eat?,search,2026-04-13T11:09:39.483Z,,,,,,capybara diet,,,,,,,,,
1, Wikipedia_Exp_13.04,Wikipedia_Exp_13.04,40,Female,sg_1776078440359_ar34bw,diffuse,0,1,practice,practice-capybaras,What do Capybaras eat?,search,2026-04-13T11:09:39.753Z,,,,,,capybara diet,,,,,,,,,
1, Wikipedia_Exp_13.04,Wikipedia_Exp_13.04,40,Female,sg_1776078440359_ar34bw,diffuse,0,1,practice,practice-capybaras,What do Capybaras eat?,paste,2026-04-13T11:10:03.396Z,,,,,,,,,,,"Plants that capybaras eat during the summer lose their nutritional value in the winter, so they are not consumed at that time.[25] The capybara's jaw hinge is not perpendicular, so they chew food by grinding back-and-forth rather than side-to-side.",248,,,
1, Wikipedia_Exp_13.04,Wikipedia_Exp_13.04,40,Female,sg_1776078440359_ar34bw,diffuse,0,1,practice,practice-capybaras,What do Capybaras eat?,task_end,2026-04-13T11:10:19.045Z,,,,,,,,,"Capybaras eat a greater variety of plants during the dry season, as fewer plants are available. While they eat grass during the wet season, they have to switch to more abundant reeds during the dry season. Plants that capybaras eat during the summer lose their nutritional value in the winter, so they are not consumed at that time. The capybara's jaw hinge is not perpendicular, so they chew food by grinding back-and-forth rather than side-to-side.",450,,,,,
1, Wikipedia_Exp_13.04,Wikipedia_Exp_13.04,40,Female,sg_1776078440359_ar34bw,diffuse,1,,art_history,high-art-history,How do ancient works of art play a role in contemporary society?,familiarity_rating,2026-04-13T11:10:28.004Z,,,,,,,,,,,,,1,1,
1, Wikipedia_Exp_13.04,Wikipedia_Exp_13.04,40,Female,sg_1776078440359_ar34bw,diffuse,1,,art_history,high-art-history,How do ancient works of art play a role in contemporary society?,search,2026-04-13T11:10:37.899Z,,,,,,ancient ,,,,,,,,,
1, Wikipedia_Exp_13.04,Wikipedia_Exp_13.04,40,Female,sg_1776078440359_ar34bw,diffuse,1,,art_history,high-art-history,How do ancient works of art play a role in contemporary society?,search,2026-04-13T11:10:39.348Z,,,,,,ancient artwork,,,,,,,,,
1, Wikipedia_Exp_13.04,Wikipedia_Exp_13.04,40,Female,sg_1776078440359_ar34bw,diffuse,1,,art_history,high-art-history,How do ancient works of art play a role in contemporary society?,search,2026-04-13T11:10:42.825Z,,,,,,ancient artwor,,,,,,,,,
1, Wikipedia_Exp_13.04,Wikipedia_Exp_13.04,40,Female,sg_1776078440359_ar34bw,diffuse,1,,art_history,high-art-history,How do ancient works of art play a role in contemporary society?,search,2026-04-13T11:10:44.917Z,,,,,,conr,,,,,,,,,
1, Wikipedia_Exp_13.04,Wikipedia_Exp_13.04,40,Female,sg_1776078440359_ar34bw,diffuse,1,,art_history,high-art-history,How do ancient works of art play a role in contemporary society?,search,2026-04-13T11:10:46.156Z,,,,,,contempory,,,,,,,,,
1, Wikipedia_Exp_13.04,Wikipedia_Exp_13.04,40,Female,sg_1776078440359_ar34bw,diffuse,1,,art_history,high-art-history,How do ancient works of art play a role in contemporary society?,search,2026-04-13T11:10:47.313Z,,,,,,contempory ,,,,,,,,,
1, Wikipedia_Exp_13.04,Wikipedia_Exp_13.04,40,Female,sg_1776078440359_ar34bw,diffuse,1,,art_history,high-art-history,How do ancient works of art play a role in contemporary society?,search,2026-04-13T11:10:48.587Z,,,,,,contempory societ,,,,,,,,,
1, Wikipedia_Exp_13.04,Wikipedia_Exp_13.04,40,Female,sg_1776078440359_ar34bw,diffuse,1,,art_history,high-art-history,How do ancient works of art play a role in contemporary society?,search,2026-04-13T11:10:55.854Z,,,,,,contempory society,,,,,,,,,
1, Wikipedia_Exp_13.04,Wikipedia_Exp_13.04,40,Female,sg_1776078440359_ar34bw,diffuse,1,,art_history,high-art-history,How do ancient works of art play a role in contemporary society?,search,2026-04-13T11:11:04.874Z,,,,,,contemanciet art,,,,,,,,,
1, Wikipedia_Exp_13.04,Wikipedia_Exp_13.04,40,Female,sg_1776078440359_ar34bw,diffuse,1,,art_history,high-art-history,How do ancient works of art play a role in contemporary society?,search,2026-04-13T11:11:07.543Z,,,,,,anciet art,,,,,,,,,
1, Wikipedia_Exp_13.04,Wikipedia_Exp_13.04,40,Female,sg_1776078440359_ar34bw,diffuse,1,,art_history,high-art-history,How do ancient works of art play a role in contemporary society?,search,2026-04-13T11:11:10.336Z,,,,,,ancient art,,,,,,,,,
1, Wikipedia_Exp_13.04,Wikipedia_Exp_13.04,40,Female,sg_1776078440359_ar34bw,diffuse,1,,art_history,high-art-history,How do ancient works of art play a role in contemporary society?,article_open,2026-04-13T11:11:12.741Z,Ancient_art,Ancient art,,9173,search,,,,,,,,,,
1, Wikipedia_Exp_13.04,Wikipedia_Exp_13.04,40,Female,sg_1776078440359_ar34bw,diffuse,1,,art_history,high-art-history,How do ancient works of art play a role in contemporary society?,paste,2026-04-13T11:11:53.565Z,,,,,,,,,,,"Ancient art refers to the many types of art produced by the advanced cultures of ancient societies with different forms of writing, such as those of China, India, Mesopotamia, Persia, Egypt, Greece, and Rome. The art of pre-literate societies is normally referred to as prehistoric art and is not covered by the scope of the ancient era. ",338,,,
1, Wikipedia_Exp_13.04,Wikipedia_Exp_13.04,40,Female,sg_1776078440359_ar34bw,diffuse,1,,art_history,high-art-history,How do ancient works of art play a role in contemporary society?,search,2026-04-13T11:12:52.583Z,,,,,,contempory,,,,,,,,,
1, Wikipedia_Exp_13.04,Wikipedia_Exp_13.04,40,Female,sg_1776078440359_ar34bw,diffuse,1,,art_history,high-art-history,How do ancient works of art play a role in contemporary society?,search,2026-04-13T11:12:53.449Z,,,,,,contempor,,,,,,,,,
1, Wikipedia_Exp_13.04,Wikipedia_Exp_13.04,40,Female,sg_1776078440359_ar34bw,diffuse,1,,art_history,high-art-history,How do ancient works of art play a role in contemporary society?,search,2026-04-13T11:12:59.759Z,,,,,,contemporary society,,,,,,,,,
1, Wikipedia_Exp_13.04,Wikipedia_Exp_13.04,40,Female,sg_1776078440359_ar34bw,diffuse,1,,art_history,high-art-history,How do ancient works of art play a role in contemporary society?,article_open,2026-04-13T11:13:05.417Z,Contemporary_Art_Society,Contemporary Art Society,,2501,search,,,,,,,,,,
1, Wikipedia_Exp_13.04,Wikipedia_Exp_13.04,40,Female,sg_1776078440359_ar34bw,diffuse,1,,art_history,high-art-history,How do ancient works of art play a role in contemporary society?,article_open,2026-04-13T11:13:26.331Z,Contemporary_art,Contemporary art,,4798,search,,,,,,,,,,
1, Wikipedia_Exp_13.04,Wikipedia_Exp_13.04,40,Female,sg_1776078440359_ar34bw,diffuse,1,,art_history,high-art-history,How do ancient works of art play a role in contemporary society?,search,2026-04-13T11:13:32.668Z,,,,,,contemporary ,,,,,,,,,
1, Wikipedia_Exp_13.04,Wikipedia_Exp_13.04,40,Female,sg_1776078440359_ar34bw,diffuse,1,,art_history,high-art-history,How do ancient works of art play a role in contemporary society?,search,2026-04-13T11:13:33.981Z,,,,,,contemporary society,,,,,,,,,
1, Wikipedia_Exp_13.04,Wikipedia_Exp_13.04,40,Female,sg_1776078440359_ar34bw,diffuse,1,,art_history,high-art-history,How do ancient works of art play a role in contemporary society?,search,2026-04-13T11:13:47.871Z,,,,,,contemporary society and art,,,,,,,,,
1, Wikipedia_Exp_13.04,Wikipedia_Exp_13.04,40,Female,sg_1776078440359_ar34bw,diffuse,1,,art_history,high-art-history,How do ancient works of art play a role in contemporary society?,article_open,2026-04-13T11:13:56.233Z,Contemporary_Art_Society,Contemporary Art Society,,2501,search,,,,,,,,,,
1, Wikipedia_Exp_13.04,Wikipedia_Exp_13.04,40,Female,sg_1776078440359_ar34bw,diffuse,1,,art_history,high-art-history,How do ancient works of art play a role in contemporary society?,search,2026-04-13T11:14:11.740Z,,,,,,am,,,,,,,,,
1, Wikipedia_Exp_13.04,Wikipedia_Exp_13.04,40,Female,sg_1776078440359_ar34bw,diffuse,1,,art_history,high-art-history,How do ancient works of art play a role in contemporary society?,search,2026-04-13T11:14:12.615Z,,,,,,a,,,,,,,,,
1, Wikipedia_Exp_13.04,Wikipedia_Exp_13.04,40,Female,sg_1776078440359_ar34bw,diffuse,1,,art_history,high-art-history,How do ancient works of art play a role in contemporary society?,search,2026-04-13T11:14:13.571Z,,,,,,ancient,,,,,,,,,
1, Wikipedia_Exp_13.04,Wikipedia_Exp_13.04,40,Female,sg_1776078440359_ar34bw,diffuse,1,,art_history,high-art-history,How do ancient works of art play a role in contemporary society?,search,2026-04-13T11:14:14.146Z,,,,,,ancien,,,,,,,,,
1, Wikipedia_Exp_13.04,Wikipedia_Exp_13.04,40,Female,sg_1776078440359_ar34bw,diffuse,1,,art_history,high-art-history,How do ancient works of art play a role in contemporary society?,search,2026-04-13T11:14:16.092Z,,,,,,ancient art,,,,,,,,,
1, Wikipedia_Exp_13.04,Wikipedia_Exp_13.04,40,Female,sg_1776078440359_ar34bw,diffuse,1,,art_history,high-art-history,How do ancient works of art play a role in contemporary society?,search,2026-04-13T11:14:18.816Z,,,,,,ancient art ,,,,,,,,,
1, Wikipedia_Exp_13.04,Wikipedia_Exp_13.04,40,Female,sg_1776078440359_ar34bw,diffuse,1,,art_history,high-art-history,How do ancient works of art play a role in contemporary society?,search,2026-04-13T11:14:21.638Z,,,,,,ancient art society,,,,,,,,,
1, Wikipedia_Exp_13.04,Wikipedia_Exp_13.04,40,Female,sg_1776078440359_ar34bw,diffuse,1,,art_history,high-art-history,How do ancient works of art play a role in contemporary society?,article_open,2026-04-13T11:14:24.907Z,Ancient_art,Ancient art,,9173,search,,,,,,,,,,
1, Wikipedia_Exp_13.04,Wikipedia_Exp_13.04,40,Female,sg_1776078440359_ar34bw,diffuse,1,,art_history,high-art-history,How do ancient works of art play a role in contemporary society?,link_click,2026-04-13T11:14:34.652Z,Contemporary_art,,Ancient_art,,,,,,,,,,,,
1, Wikipedia_Exp_13.04,Wikipedia_Exp_13.04,40,Female,sg_1776078440359_ar34bw,diffuse,1,,art_history,high-art-history,How do ancient works of art play a role in contemporary society?,article_open,2026-04-13T11:14:34.767Z,Contemporary_art,Contemporary art,,4798,link_click,,,,,,,,,,
1, Wikipedia_Exp_13.04,Wikipedia_Exp_13.04,40,Female,sg_1776078440359_ar34bw,diffuse,1,,art_history,high-art-history,How do ancient works of art play a role in contemporary society?,link_click,2026-04-13T11:14:42.873Z,Ancient_art,,Contemporary_art,,,,,,,,,,,,
1, Wikipedia_Exp_13.04,Wikipedia_Exp_13.04,40,Female,sg_1776078440359_ar34bw,diffuse,1,,art_history,high-art-history,How do ancient works of art play a role in contemporary society?,article_open,2026-04-13T11:14:43.028Z,Ancient_art,Ancient art,,9173,link_click,,,,,,,,,,
1, Wikipedia_Exp_13.04,Wikipedia_Exp_13.04,40,Female,sg_1776078440359_ar34bw,diffuse,1,,art_history,high-art-history,How do ancient works of art play a role in contemporary society?,paste,2026-04-13T11:15:03.815Z,,,,,,,,,,,"urthermore, although some pre-Columbian cultures developed writing in the centuries preceding the European discovery of the Americas, these advancements are, on grounds of dating, largely covered with the dedicated topic of pre-Columbian art and associated sub-topics, such as Maya art, Aztec art, and Olmec art.",312,,,
1, Wikipedia_Exp_13.04,Wikipedia_Exp_13.04,40,Female,sg_1776078440359_ar34bw,diffuse,1,,art_history,high-art-history,How do ancient works of art play a role in contemporary society?,link_click,2026-04-13T11:17:33.402Z,History_of_society,,Ancient_art,,,,,,,,,,,,
1, Wikipedia_Exp_13.04,Wikipedia_Exp_13.04,40,Female,sg_1776078440359_ar34bw,diffuse,1,,art_history,high-art-history,How do ancient works of art play a role in contemporary society?,article_open,2026-04-13T11:17:36.191Z,History_of_society,Human history,,29859,link_click,,,,,,,,,,
1, Wikipedia_Exp_13.04,Wikipedia_Exp_13.04,40,Female,sg_1776078440359_ar34bw,diffuse,1,,art_history,high-art-history,How do ancient works of art play a role in contemporary society?,paste,2026-04-13T11:18:07.826Z,,,,,,,,,,,"Paleolithic humans lived as hunter-gatherers and were generally nomadic.[25] Signs of early artistic expression can be found in the form of cave paintings and sculptures made from ivory, stone, and bone.[26] The cave paintings suggest a form of spirituality generally interpreted as animism[27] or shamanism.[",309,,,
1, Wikipedia_Exp_13.04,Wikipedia_Exp_13.04,40,Female,sg_1776078440359_ar34bw,diffuse,1,,art_history,high-art-history,How do ancient works of art play a role in contemporary society?,search,2026-04-13T11:19:17.498Z,,,,,,aqn,,,,,,,,,
1, Wikipedia_Exp_13.04,Wikipedia_Exp_13.04,40,Female,sg_1776078440359_ar34bw,diffuse,1,,art_history,high-art-history,How do ancient works of art play a role in contemporary society?,search,2026-04-13T11:19:18.339Z,,,,,,aqncient ,,,,,,,,,
1, Wikipedia_Exp_13.04,Wikipedia_Exp_13.04,40,Female,sg_1776078440359_ar34bw,diffuse,1,,art_history,high-art-history,How do ancient works of art play a role in contemporary society?,search,2026-04-13T11:19:19.618Z,,,,,,aqncient art mus,,,,,,,,,
1, Wikipedia_Exp_13.04,Wikipedia_Exp_13.04,40,Female,sg_1776078440359_ar34bw,diffuse,1,,art_history,high-art-history,How do ancient works of art play a role in contemporary society?,search,2026-04-13T11:19:20.624Z,,,,,,aqncient art museum,,,,,,,,,
1, Wikipedia_Exp_13.04,Wikipedia_Exp_13.04,40,Female,sg_1776078440359_ar34bw,diffuse,1,,art_history,high-art-history,How do ancient works of art play a role in contemporary society?,search,2026-04-13T11:19:21.280Z,,,,,,aqncient art museum,,,,,,,,,
1, Wikipedia_Exp_13.04,Wikipedia_Exp_13.04,40,Female,sg_1776078440359_ar34bw,diffuse,1,,art_history,high-art-history,How do ancient works of art play a role in contemporary society?,search,2026-04-13T11:19:24.191Z,,,,,,ancient art museum,,,,,,,,,
1, Wikipedia_Exp_13.04,Wikipedia_Exp_13.04,40,Female,sg_1776078440359_ar34bw,diffuse,1,,art_history,high-art-history,How do ancient works of art play a role in contemporary society?,article_open,2026-04-13T11:19:27.818Z,National_Museum_of_Ancient_Art,National Museum of Ancient Art,,2928,search,,,,,,,,,,
1, Wikipedia_Exp_13.04,Wikipedia_Exp_13.04,40,Female,sg_1776078440359_ar34bw,diffuse,1,,art_history,high-art-history,How do ancient works of art play a role in contemporary society?,paste,2026-04-13T11:19:37.363Z,,,,,,,,,,,"The Museu Nacional de Arte Antiga (Portuguese pronunciation: [muˈzew nɐsiuˈnal dɨ ˈaɾtɐ̃ˈtiɣɐ]; MNAA), also known in English as the National Museum of Ancient Art, is a Portuguese national art museum located in Lisbon. With over 40,000 items spanning a vast collection of painting, sculpture, goldware, furniture, textiles, ceramics, and prints, MNAA is one of the most visited museums in Portugal.[",399,,,
1, Wikipedia_Exp_13.04,Wikipedia_Exp_13.04,40,Female,sg_1776078440359_ar34bw,diffuse,1,,art_history,high-art-history,How do ancient works of art play a role in contemporary society?,task_end,2026-04-13T11:20:30.675Z,,,,,,,,,"Ancient art refers to the many types of art produced by the advanced cultures of ancient societies with different forms of writing, such as those of China, India, Mesopotamia, Persia, Egypt, Greece, and Rome. The art of pre-literate societies is normally referred to as prehistoric art and is not covered by the scope of the ancient era. Furthermore, although some pre-Columbian cultures developed writing in the centuries preceding the European discovery of the Americas, these advancements are, on grounds of dating, largely covered with the dedicated topic of pre-Columbian art and associated sub-topics, such as Maya art, Aztec art, and Olmec art. Paleolithic humans lived as hunter-gatherers and were generally nomadic. Signs of early artistic expression can be found in the form of cave paintings and sculptures made from ivory, stone, and bone.The cave paintings suggest a form of spirituality generally interpreted as animism or shamanism.The Museu Nacional de Arte Antiga (Portuguese pronunciation: [muˈzew nɐsiuˈnal dɨ ˈaɾtɐ̃ˈtiɣɐ]; MNAA), also known in English as the National Museum of Ancient Art, is a Portuguese national art museum located in Lisbon. With over 40,000 items spanning a vast collection of painting, sculpture, goldware, furniture, textiles, ceramics, and prints, MNAA is one of the most visited museums in Portugal.",1345,,,,,
1, Wikipedia_Exp_13.04,Wikipedia_Exp_13.04,40,Female,sg_1776078440359_ar34bw,diffuse,2,,psychology,high-psychology,What brain mechanisms help people make scientific discoveries?,familiarity_rating,2026-04-13T11:20:38.359Z,,,,,,,,,,,,,1,1,
1, Wikipedia_Exp_13.04,Wikipedia_Exp_13.04,40,Female,sg_1776078440359_ar34bw,diffuse,2,,psychology,high-psychology,What brain mechanisms help people make scientific discoveries?,search,2026-04-13T11:20:42.393Z,,,,,,b,,,,,,,,,
1, Wikipedia_Exp_13.04,Wikipedia_Exp_13.04,40,Female,sg_1776078440359_ar34bw,diffuse,2,,psychology,high-psychology,What brain mechanisms help people make scientific discoveries?,search,2026-04-13T11:20:42.865Z,,,,,,bra,,,,,,,,,
1, Wikipedia_Exp_13.04,Wikipedia_Exp_13.04,40,Female,sg_1776078440359_ar34bw,diffuse,2,,psychology,high-psychology,What brain mechanisms help people make scientific discoveries?,search,2026-04-13T11:20:43.205Z,,,,,,brai,,,,,,,,,
1, Wikipedia_Exp_13.04,Wikipedia_Exp_13.04,40,Female,sg_1776078440359_ar34bw,diffuse,2,,psychology,high-psychology,What brain mechanisms help people make scientific discoveries?,search,2026-04-13T11:20:43.871Z,,,,,,brain ,,,,,,,,,
1, Wikipedia_Exp_13.04,Wikipedia_Exp_13.04,40,Female,sg_1776078440359_ar34bw,diffuse,2,,psychology,high-psychology,What brain mechanisms help people make scientific discoveries?,search,2026-04-13T11:20:45.302Z,,,,,,brain mechanis,,,,,,,,,
1, Wikipedia_Exp_13.04,Wikipedia_Exp_13.04,40,Female,sg_1776078440359_ar34bw,diffuse,2,,psychology,high-psychology,What brain mechanisms help people make scientific discoveries?,search,2026-04-13T11:20:45.791Z,,,,,,brain mechanisms,,,,,,,,,
1, Wikipedia_Exp_13.04,Wikipedia_Exp_13.04,40,Female,sg_1776078440359_ar34bw,diffuse,2,,psychology,high-psychology,What brain mechanisms help people make scientific discoveries?,article_open,2026-04-13T11:20:53.783Z,Neuroscience,Neuroscience,,11159,search,,,,,,,,,,
1, Wikipedia_Exp_13.04,Wikipedia_Exp_13.04,40,Female,sg_1776078440359_ar34bw,diffuse,2,,psychology,high-psychology,What brain mechanisms help people make scientific discoveries?,paste,2026-04-13T11:21:34.037Z,,,,,,,,,,,"Neuroscience is the scientific study of the nervous system (the brain, spinal cord, and peripheral nervous system), its functions, and its disorders.[1][2][3] It is a multidisciplinary science that combines physiology, anatomy, molecular biology, developmental biology, cytology, psychology, physics, computer science, chemistry, medicine, statistics, and mathematical modeling to understand the fundamental and emergent properties of neurons, glia, and neural circuits.[4][5][6][7][8] The understanding of the biological basis of learning, memory, behavior, perception, and consciousness has been described by Eric Kandel as the ""epic challenge"" of the biological sciences.[9]

The scope of neuroscience has broadened over time to include different approaches used to study the nervous system at different scales. The techniques used by neuroscientists have expanded enormously, from molecular and cellular studies of individual neurons to imaging of sensory, motor, and cognitive tasks in the brain.",1003,,,
1, Wikipedia_Exp_13.04,Wikipedia_Exp_13.04,40,Female,sg_1776078440359_ar34bw,diffuse,2,,psychology,high-psychology,What brain mechanisms help people make scientific discoveries?,paste,2026-04-13T11:22:12.796Z,,,,,,,,,,,"The scientific study of the nervous system increased significantly during the second half of the twentieth century, principally due to advances in molecular biology, electrophysiology, and computational neuroscience. This has allowed neuroscientists to study the nervous system in all its aspects: how it is structured, how it works, how it develops, how it malfunctions, and how it can be changed.",398,,,
1, Wikipedia_Exp_13.04,Wikipedia_Exp_13.04,40,Female,sg_1776078440359_ar34bw,diffuse,2,,psychology,high-psychology,What brain mechanisms help people make scientific discoveries?,link_click,2026-04-13T11:22:13.883Z,Computational_neuroscience,,Neuroscience,,,,,,,,,,,,
1, Wikipedia_Exp_13.04,Wikipedia_Exp_13.04,40,Female,sg_1776078440359_ar34bw,diffuse,2,,psychology,high-psychology,What brain mechanisms help people make scientific discoveries?,article_open,2026-04-13T11:22:16.237Z,Computational_neuroscience,Computational neuroscience,,5325,link_click,,,,,,,,,,
1, Wikipedia_Exp_13.04,Wikipedia_Exp_13.04,40,Female,sg_1776078440359_ar34bw,diffuse,2,,psychology,high-psychology,What brain mechanisms help people make scientific discoveries?,paste,2026-04-13T11:22:36.851Z,,,,,,,,,,,"Computational neuroscience (also known as theoretical neuroscience or mathematical neuroscience) is a branch of neuroscience which employs mathematics, computer science, theoretical analysis and abstractions of the brain to understand the principles that govern the development, structure, physiology and cognitive abilities of the nervous system.[",348,,,
1, Wikipedia_Exp_13.04,Wikipedia_Exp_13.04,40,Female,sg_1776078440359_ar34bw,diffuse,2,,psychology,high-psychology,What brain mechanisms help people make scientific discoveries?,link_click,2026-04-13T11:22:42.910Z,Artificial_neural_network,,Computational_neuroscience,,,,,,,,,,,,
1, Wikipedia_Exp_13.04,Wikipedia_Exp_13.04,40,Female,sg_1776078440359_ar34bw,diffuse,2,,psychology,high-psychology,What brain mechanisms help people make scientific discoveries?,article_open,2026-04-13T11:22:45.013Z,Artificial_neural_network,Neural network (machine learning),,23476,link_click,,,,,,,,,,
1, Wikipedia_Exp_13.04,Wikipedia_Exp_13.04,40,Female,sg_1776078440359_ar34bw,diffuse,2,,psychology,high-psychology,What brain mechanisms help people make scientific discoveries?,back_navigation,2026-04-13T11:22:47.589Z,Computational_neuroscience,,Artificial_neural_network,,,,,,,,,,,,
1, Wikipedia_Exp_13.04,Wikipedia_Exp_13.04,40,Female,sg_1776078440359_ar34bw,diffuse,2,,psychology,high-psychology,What brain mechanisms help people make scientific discoveries?,article_open,2026-04-13T11:22:47.696Z,Computational_neuroscience,Computational neuroscience,,5325,back,,,,,,,,,,
1, Wikipedia_Exp_13.04,Wikipedia_Exp_13.04,40,Female,sg_1776078440359_ar34bw,diffuse,2,,psychology,high-psychology,What brain mechanisms help people make scientific discoveries?,paste,2026-04-13T11:23:05.438Z,,,,,,,,,,,"Models in theoretical neuroscience are aimed at capturing the essential features of the biological system at multiple spatial-temporal scales, from membrane currents, and chemical coupling via network oscillations, columnar and topographic architecture, nuclei, all the way up to psychological faculties like memory, learning and behavior. These computational models frame hypotheses that can be directly tested by biological or psychological experiments.",455,,,
1, Wikipedia_Exp_13.04,Wikipedia_Exp_13.04,40,Female,sg_1776078440359_ar34bw,diffuse,2,,psychology,high-psychology,What brain mechanisms help people make scientific discoveries?,link_click,2026-04-13T11:23:26.083Z,Neuromorphic_engineering,,Computational_neuroscience,,,,,,,,,,,,
1, Wikipedia_Exp_13.04,Wikipedia_Exp_13.04,40,Female,sg_1776078440359_ar34bw,diffuse,2,,psychology,high-psychology,What brain mechanisms help people make scientific discoveries?,article_open,2026-04-13T11:23:27.449Z,Neuromorphic_engineering,Neuromorphic computing,,2552,link_click,,,,,,,,,,
1, Wikipedia_Exp_13.04,Wikipedia_Exp_13.04,40,Female,sg_1776078440359_ar34bw,diffuse,2,,psychology,high-psychology,What brain mechanisms help people make scientific discoveries?,paste,2026-04-13T11:23:46.933Z,,,,,,,,,,,"Neuromorphic computing is a computing approach inspired by the human brain's structure and function.[1][2] It uses artificial neurons to perform computations, mimicking neural systems for tasks such as perception, motor control, and multisensory integration.[3] These systems, implemented in analog, digital, or mixed-mode VLSI, prioritize robustness, adaptability, and learning by emulating the brain’s distributed processing across small computing elements.[4] This interdisciplinary field integrates biology, physics, mathematics, computer science, and electronic engineering to develop systems that emulate the brain’s morphology and computational strategies.[5] Neuromorphic systems aim to enhance energy efficiency and computational power for applications including artificial intelligence, pattern recognition, and sensory processing.",841,,,
1, Wikipedia_Exp_13.04,Wikipedia_Exp_13.04,40,Female,sg_1776078440359_ar34bw,diffuse,2,,psychology,high-psychology,What brain mechanisms help people make scientific discoveries?,search,2026-04-13T11:24:10.706Z,,,,,,bra,,,,,,,,,
1, Wikipedia_Exp_13.04,Wikipedia_Exp_13.04,40,Female,sg_1776078440359_ar34bw,diffuse,2,,psychology,high-psychology,What brain mechanisms help people make scientific discoveries?,search,2026-04-13T11:24:11.222Z,,,,,,brain,,,,,,,,,
1, Wikipedia_Exp_13.04,Wikipedia_Exp_13.04,40,Female,sg_1776078440359_ar34bw,diffuse,2,,psychology,high-psychology,What brain mechanisms help people make scientific discoveries?,article_open,2026-04-13T11:24:13.953Z,Neuroscience,Neuroscience,,11159,search,,,,,,,,,,
1, Wikipedia_Exp_13.04,Wikipedia_Exp_13.04,40,Female,sg_1776078440359_ar34bw,diffuse,2,,psychology,high-psychology,What brain mechanisms help people make scientific discoveries?,paste,2026-04-13T11:24:49.853Z,,,,,,,,,,,"Basic questions addressed in molecular neuroscience include the mechanisms by which neurons express and respond to molecular signals and how axons form complex connectivity patterns. At this level, tools from molecular biology and genetics are used to understand how neurons develop and how genetic changes affect biological functions.[48] The morphology, molecular identity, and physiological characteristics of neurons and how they relate to different types of behavior are also of considerable interest.",506,,,
1, Wikipedia_Exp_13.04,Wikipedia_Exp_13.04,40,Female,sg_1776078440359_ar34bw,diffuse,2,,psychology,high-psychology,What brain mechanisms help people make scientific discoveries?,task_end,2026-04-13T11:30:48.422Z,,,,,,,,,"Neuroscience is the scientific study of the nervous system (the brain, spinal cord, and peripheral nervous system), its functions, and its disorders. It is a multidisciplinary science that combines physiology, anatomy, molecular biology, developmental biology, cytology, psychology, physics, computer science, chemistry, medicine, statistics, and mathematical modeling to understand the fundamental and emergent properties of neurons, glia, and neural circuits.The understanding of the biological basis of learning, memory, behavior, perception, and consciousness has been described by Eric Kandel as the ""epic challenge"" of the biological sciences.

The scope of neuroscience has broadened over time to include different approaches used to study the nervous system at different scales. The techniques used by neuroscientists have expanded enormously, from molecular and cellular studies of individual neurons to imaging of sensory, motor, and cognitive tasks in the brain.

The scientific study of the nervous system increased significantly during the second half of the twentieth century, principally due to advances in molecular biology, electrophysiology, and computational neuroscience. This has allowed neuroscientists to study the nervous system in all its aspects: how it is structured, how it works, how it develops, how it malfunctions, and how it can be changed.

Computational neuroscience (also known as theoretical neuroscience or mathematical neuroscience) is a branch of neuroscience which employs mathematics, computer science, theoretical analysis and abstractions of the brain to understand the principles that govern the development, structure, physiology and cognitive abilities of the nervous system.
Models in theoretical neuroscience are aimed at capturing the essential features of the biological system at multiple spatial-temporal scales, from membrane currents, and chemical coupling via network oscillations, columnar and topographic architecture, nuclei, all the way up to psychological faculties like memory, learning and behavior. These computational models frame hypotheses that can be directly tested by biological or psychological experiments.

Neuromorphic computing is a computing approach inspired by the human brain's structure and function. It uses artificial neurons to perform computations, mimicking neural systems for tasks such as perception, motor control, and multisensory integration.These systems, implemented in analog, digital, or mixed-mode VLSI, prioritize robustness, adaptability, and learning by emulating the brain’s distributed processing across small computing elements.This interdisciplinary field integrates biology, physics, mathematics, computer science, and electronic engineering to develop systems that emulate the brain’s morphology and computational strategies. Neuromorphic systems aim to enhance energy efficiency and computational power for applications including artificial intelligence, pattern recognition, and sensory processing.

Basic questions addressed in molecular neuroscience include the mechanisms by which neurons express and respond to molecular signals and how axons form complex connectivity patterns. At this level, tools from molecular biology and genetics are used to understand how neurons develop and how genetic changes affect biological functions.The morphology, molecular identity, and physiological characteristics of neurons and how they relate to different types of behavior are also of considerable interest.

",3509,,,,,
2, Wikipedia_Exp_13.04,Wikipedia_Exp_13.04,35,Male,sg_1776078787377_1x8jip,diffuse,0,1,practice,practice-capybaras,What do Capybaras eat?,attention_check_pass,2026-04-13T11:14:07.608Z,,,,,,,,,,,,,,,attempt_1
2, Wikipedia_Exp_13.04,Wikipedia_Exp_13.04,35,Male,sg_1776078787377_1x8jip,diffuse,0,1,practice,practice-capybaras,What do Capybaras eat?,familiarity_rating,2026-04-13T11:14:20.958Z,,,,,,,,,,,,,2,5,
2, Wikipedia_Exp_13.04,Wikipedia_Exp_13.04,35,Male,sg_1776078787377_1x8jip,diffuse,0,1,practice,practice-capybaras,What do Capybaras eat?,article_open,2026-04-13T11:14:21.226Z,Capybara,Capybara,,4650,,,,,,,,,,,
2, Wikipedia_Exp_13.04,Wikipedia_Exp_13.04,35,Male,sg_1776078787377_1x8jip,diffuse,0,1,practice,practice-capybaras,What do Capybaras eat?,task_end,2026-04-13T11:16:07.239Z,,,,,,,,,these animals eat mostly grass and aquatic plants. they are very picky eaters,77,,,,,
2, Wikipedia_Exp_13.04,Wikipedia_Exp_13.04,35,Male,sg_1776078787377_1x8jip,diffuse,1,,psychology,high-psychology,What brain mechanisms help people make scientific discoveries?,familiarity_rating,2026-04-13T11:16:22.222Z,,,,,,,,,,,,,1,4,
2, Wikipedia_Exp_13.04,Wikipedia_Exp_13.04,35,Male,sg_1776078787377_1x8jip,diffuse,1,,psychology,high-psychology,What brain mechanisms help people make scientific discoveries?,search,2026-04-13T11:16:46.041Z,,,,,,What brain mechanisms help people make scientific discoveries?,,,,,,,,,
2, Wikipedia_Exp_13.04,Wikipedia_Exp_13.04,35,Male,sg_1776078787377_1x8jip,diffuse,1,,psychology,high-psychology,What brain mechanisms help people make scientific discoveries?,search,2026-04-13T11:16:46.696Z,,,,,,What brain mechanisms help people make scientific discoveries?,,,,,,,,,
2, Wikipedia_Exp_13.04,Wikipedia_Exp_13.04,35,Male,sg_1776078787377_1x8jip,diffuse,1,,psychology,high-psychology,What brain mechanisms help people make scientific discoveries?,article_open,2026-04-13T11:16:57.536Z,Role_of_chance_in_scientific_discoveries,Role of chance in scientific discoveries,,2029,search,,,,,,,,,,
2, Wikipedia_Exp_13.04,Wikipedia_Exp_13.04,35,Male,sg_1776078787377_1x8jip,diffuse,1,,psychology,high-psychology,What brain mechanisms help people make scientific discoveries?,task_end,2026-04-13T11:26:26.902Z,,,,,,,,,the answer i think is fugelsaug and dunbar im not too sure it seems like made up words these should be right its what i gavered from wiki. its a surprise,153,,,,,
2, Wikipedia_Exp_13.04,Wikipedia_Exp_13.04,35,Male,sg_1776078787377_1x8jip,diffuse,2,,art_history,high-art-history,How do ancient works of art play a role in contemporary society?,familiarity_rating,2026-04-13T11:26:37.735Z,,,,,,,,,,,,,2,2,
2, Wikipedia_Exp_13.04,Wikipedia_Exp_13.04,35,Male,sg_1776078787377_1x8jip,diffuse,2,,art_history,high-art-history,How do ancient works of art play a role in contemporary society?,search,2026-04-13T11:27:00.845Z,,,,,,How do ancient works of art play a role in contemporary society?,,,,,,,,,
2, Wikipedia_Exp_13.04,Wikipedia_Exp_13.04,35,Male,sg_1776078787377_1x8jip,diffuse,2,,art_history,high-art-history,How do ancient works of art play a role in contemporary society?,article_open,2026-04-13T11:27:10.501Z,Metropolitan_Museum_of_Art,Metropolitan Museum of Art,,25318,search,,,,,,,,,,
2, Wikipedia_Exp_13.04,Wikipedia_Exp_13.04,35,Male,sg_1776078787377_1x8jip,diffuse,2,,art_history,high-art-history,How do ancient works of art play a role in contemporary society?,task_end,2026-04-13T11:36:38.903Z,,,,,,,,,im not too sure how to answer this one wiki not really giving me the answers i need art is a hard subject for me,112,,,,,
3, Wikipedia_Exp_13.04,Wikipedia_Exp_13.04,34,Male,sg_1776078895326_y2uwfl,diffuse,0,1,practice,practice-capybaras,What do Capybaras eat?,attention_check_pass,2026-04-13T11:17:21.291Z,,,,,,,,,,,,,,,attempt_1
3, Wikipedia_Exp_13.04,Wikipedia_Exp_13.04,34,Male,sg_1776078895326_y2uwfl,diffuse,0,1,practice,practice-capybaras,What do Capybaras eat?,familiarity_rating,2026-04-13T11:17:27.083Z,,,,,,,,,,,,,2,1,
3, Wikipedia_Exp_13.04,Wikipedia_Exp_13.04,34,Male,sg_1776078895326_y2uwfl,diffuse,0,1,practice,practice-capybaras,What do Capybaras eat?,article_open,2026-04-13T11:17:27.600Z,Capybara,Capybara,,4650,,,,,,,,,,,
3, Wikipedia_Exp_13.04,Wikipedia_Exp_13.04,34,Male,sg_1776078895326_y2uwfl,diffuse,0,1,practice,practice-capybaras,What do Capybaras eat?,paste,2026-04-13T11:18:03.771Z,,,,,,,,,,,"Capybaras are herbivores, grazing mainly on grasses and aquatic plants,[14][24] as well as fruit and tree bark.[15] They are very selective feeders[25] and feed on the leaves of one species and disregard other species surrounding it. They eat a greater variety of plants during the dry season, as fewer plants are available. While they eat grass during the wet season, they have to switch to more abundant reeds during the dry season.[26] Plants that capybaras eat during the summer lose their nutritional value in the winter, so they are not consumed at that time.[25] The capybara's jaw hinge is not perpendicular, so they chew food by grinding back-and-forth rather than side-to-side.[27] Capybaras are autocoprophagous,[28] meaning they eat their own feces as a source of bacterial gut flora, to help digest the cellulose in the grass that forms their normal diet, and to extract the maximum protein and vitamins from their food. They also regurgitate food to masticate again, similar to cud-chewing by cattle.[28][29] Like other rodents, a capybara's front teeth grow continually to compensate for the constant wear from eating grasses;[19] their cheek teeth also grow continuously.[27]",1191,,,
3, Wikipedia_Exp_13.04,Wikipedia_Exp_13.04,34,Male,sg_1776078895326_y2uwfl,diffuse,0,1,practice,practice-capybaras,What do Capybaras eat?,link_click,2026-04-13T11:19:42.707Z,Aquatic_plants,,Capybara,,,,,,,,,,,,
3, Wikipedia_Exp_13.04,Wikipedia_Exp_13.04,34,Male,sg_1776078895326_y2uwfl,diffuse,0,1,practice,practice-capybaras,What do Capybaras eat?,article_open,2026-04-13T11:19:45.607Z,Aquatic_plants,Aquatic plant,,6440,link_click,,,,,,,,,,
3, Wikipedia_Exp_13.04,Wikipedia_Exp_13.04,34,Male,sg_1776078895326_y2uwfl,diffuse,0,1,practice,practice-capybaras,What do Capybaras eat?,paste,2026-04-13T11:20:10.239Z,,,,,,,,,,,"waterlily, lotus, duckweeds, mosquito fern, floating heart, water milfoils, mare's tail, water lettuce, and water hyacinth",122,,,
3, Wikipedia_Exp_13.04,Wikipedia_Exp_13.04,34,Male,sg_1776078895326_y2uwfl,diffuse,0,1,practice,practice-capybaras,What do Capybaras eat?,back_navigation,2026-04-13T11:20:33.532Z,Capybara,,Aquatic_plants,,,,,,,,,,,,
3, Wikipedia_Exp_13.04,Wikipedia_Exp_13.04,34,Male,sg_1776078895326_y2uwfl,diffuse,0,1,practice,practice-capybaras,What do Capybaras eat?,article_open,2026-04-13T11:20:33.698Z,Capybara,Capybara,,4650,back,,,,,,,,,,
3, Wikipedia_Exp_13.04,Wikipedia_Exp_13.04,34,Male,sg_1776078895326_y2uwfl,diffuse,0,1,practice,practice-capybaras,What do Capybaras eat?,link_click,2026-04-13T11:20:41.279Z,Coprophagous,,Capybara,,,,,,,,,,,,
3, Wikipedia_Exp_13.04,Wikipedia_Exp_13.04,34,Male,sg_1776078895326_y2uwfl,diffuse,0,1,practice,practice-capybaras,What do Capybaras eat?,article_open,2026-04-13T11:20:42.107Z,Coprophagous,Coprophagia,,2671,link_click,,,,,,,,,,
3, Wikipedia_Exp_13.04,Wikipedia_Exp_13.04,34,Male,sg_1776078895326_y2uwfl,diffuse,0,1,practice,practice-capybaras,What do Capybaras eat?,paste,2026-04-13T11:21:07.619Z,,,,,,,,,,," derived from the Ancient Greek κόπρος kópros ""feces"" and φαγεῖν phageîn ""to eat""",81,,,
3, Wikipedia_Exp_13.04,Wikipedia_Exp_13.04,34,Male,sg_1776078895326_y2uwfl,diffuse,0,1,practice,practice-capybaras,What do Capybaras eat?,task_end,2026-04-13T11:21:12.152Z,,,,,,,,,"Capybaras are herbivores, grazing mainly on grasses and aquatic plants (e.g. waterlily, lotus, duckweeds, mosquito fern, floating heart, water milfoils, mare's tail, water lettuce, and water hyacinth), as well as fruit and tree bark. They are very selective feeders and feed on the leaves of one species and disregard other species surrounding it. They eat a greater variety of plants during the dry season, as fewer plants are available. While they eat grass during the wet season, they have to switch to more abundant reeds during the dry season. Plants that capybaras eat during the summer lose their nutritional value in the winter, so they are not consumed at that time. The capybara's jaw hinge is not perpendicular, so they chew food by grinding back-and-forth rather than side-to-side.Capybaras are autocoprophagous ( derived from the Ancient Greek κόπρος kópros ""feces"" and φαγεῖν phageîn ""to eat""), meaning they eat their own feces as a source of bacterial gut flora, to help digest the cellulose in the grass that forms their normal diet, and to extract the maximum protein and vitamins from their food. They also regurgitate food to masticate again, similar to cud-chewing by cattle. Like other rodents, a capybara's front teeth grow continually to compensate for the constant wear from eating grasses; their cheek teeth also grow continuously.",1356,,,,,
3, Wikipedia_Exp_13.04,Wikipedia_Exp_13.04,34,Male,sg_1776078895326_y2uwfl,diffuse,1,,art_history,high-art-history,How do ancient works of art play a role in contemporary society?,familiarity_rating,2026-04-13T11:21:32.192Z,,,,,,,,,,,,,3,4,
3, Wikipedia_Exp_13.04,Wikipedia_Exp_13.04,34,Male,sg_1776078895326_y2uwfl,diffuse,1,,art_history,high-art-history,How do ancient works of art play a role in contemporary society?,search,2026-04-13T11:21:39.541Z,,,,,,cult,,,,,,,,,
3, Wikipedia_Exp_13.04,Wikipedia_Exp_13.04,34,Male,sg_1776078895326_y2uwfl,diffuse,1,,art_history,high-art-history,How do ancient works of art play a role in contemporary society?,search,2026-04-13T11:21:46.580Z,,,,,,cultural influences,,,,,,,,,
3, Wikipedia_Exp_13.04,Wikipedia_Exp_13.04,34,Male,sg_1776078895326_y2uwfl,diffuse,1,,art_history,high-art-history,How do ancient works of art play a role in contemporary society?,search,2026-04-13T11:21:49.322Z,,,,,,cultural influences ,,,,,,,,,
3, Wikipedia_Exp_13.04,Wikipedia_Exp_13.04,34,Male,sg_1776078895326_y2uwfl,diffuse,1,,art_history,high-art-history,How do ancient works of art play a role in contemporary society?,search,2026-04-13T11:21:51.389Z,,,,,,cultural influences a,,,,,,,,,
3, Wikipedia_Exp_13.04,Wikipedia_Exp_13.04,34,Male,sg_1776078895326_y2uwfl,diffuse,1,,art_history,high-art-history,How do ancient works of art play a role in contemporary society?,search,2026-04-13T11:21:51.928Z,,,,,,cultural influences art,,,,,,,,,
3, Wikipedia_Exp_13.04,Wikipedia_Exp_13.04,34,Male,sg_1776078895326_y2uwfl,diffuse,1,,art_history,high-art-history,How do ancient works of art play a role in contemporary society?,search,2026-04-13T11:22:11.123Z,,,,,,anciet,,,,,,,,,
3, Wikipedia_Exp_13.04,Wikipedia_Exp_13.04,34,Male,sg_1776078895326_y2uwfl,diffuse,1,,art_history,high-art-history,How do ancient works of art play a role in contemporary society?,search,2026-04-13T11:22:11.449Z,,,,,,ancie,,,,,,,,,
3, Wikipedia_Exp_13.04,Wikipedia_Exp_13.04,34,Male,sg_1776078895326_y2uwfl,diffuse,1,,art_history,high-art-history,How do ancient works of art play a role in contemporary society?,search,2026-04-13T11:22:12.690Z,,,,,,ancient ,,,,,,,,,
3, Wikipedia_Exp_13.04,Wikipedia_Exp_13.04,34,Male,sg_1776078895326_y2uwfl,diffuse,1,,art_history,high-art-history,How do ancient works of art play a role in contemporary society?,search,2026-04-13T11:22:13.947Z,,,,,,ancient art,,,,,,,,,
3, Wikipedia_Exp_13.04,Wikipedia_Exp_13.04,34,Male,sg_1776078895326_y2uwfl,diffuse,1,,art_history,high-art-history,How do ancient works of art play a role in contemporary society?,article_open,2026-04-13T11:22:15.523Z,Ancient_art,Ancient art,,9173,search,,,,,,,,,,
3, Wikipedia_Exp_13.04,Wikipedia_Exp_13.04,34,Male,sg_1776078895326_y2uwfl,diffuse,1,,art_history,high-art-history,How do ancient works of art play a role in contemporary society?,link_click,2026-04-13T11:22:42.767Z,Renaissance_art,,Ancient_art,,,,,,,,,,,,
3, Wikipedia_Exp_13.04,Wikipedia_Exp_13.04,34,Male,sg_1776078895326_y2uwfl,diffuse,1,,art_history,high-art-history,How do ancient works of art play a role in contemporary society?,article_open,2026-04-13T11:22:44.047Z,Renaissance_art,Renaissance art,,6477,link_click,,,,,,,,,,
3, Wikipedia_Exp_13.04,Wikipedia_Exp_13.04,34,Male,sg_1776078895326_y2uwfl,diffuse,1,,art_history,high-art-history,How do ancient works of art play a role in contemporary society?,back_navigation,2026-04-13T11:23:09.366Z,Ancient_art,,Renaissance_art,,,,,,,,,,,,
3, Wikipedia_Exp_13.04,Wikipedia_Exp_13.04,34,Male,sg_1776078895326_y2uwfl,diffuse,1,,art_history,high-art-history,How do ancient works of art play a role in contemporary society?,article_open,2026-04-13T11:23:09.538Z,Ancient_art,Ancient art,,9173,back,,,,,,,,,,
3, Wikipedia_Exp_13.04,Wikipedia_Exp_13.04,34,Male,sg_1776078895326_y2uwfl,diffuse,1,,art_history,high-art-history,How do ancient works of art play a role in contemporary society?,link_click,2026-04-13T11:24:39.770Z,Rococo,,Ancient_art,,,,,,,,,,,,
3, Wikipedia_Exp_13.04,Wikipedia_Exp_13.04,34,Male,sg_1776078895326_y2uwfl,diffuse,1,,art_history,high-art-history,How do ancient works of art play a role in contemporary society?,article_open,2026-04-13T11:24:41.623Z,Rococo,Rococo,,9366,link_click,,,,,,,,,,
3, Wikipedia_Exp_13.04,Wikipedia_Exp_13.04,34,Male,sg_1776078895326_y2uwfl,diffuse,1,,art_history,high-art-history,How do ancient works of art play a role in contemporary society?,paste,2026-04-13T11:25:30.292Z,,,,,,,,,,,"apidly disseminated from French domestic interiors to other parts of Europe, particularly northern Italy, Austria, southern Germany, broader Central Europe, and Russia.[4] This geographic expansion coincided with a broader cross-disciplinary application, and it subsequently influenced sculpture, furniture, silverware, glassware, painting, music, theatre,[5] and literature.[6",377,,,
3, Wikipedia_Exp_13.04,Wikipedia_Exp_13.04,34,Male,sg_1776078895326_y2uwfl,diffuse,1,,art_history,high-art-history,How do ancient works of art play a role in contemporary society?,task_end,2026-04-13T11:31:38.911Z,,,,,,,,,"The history of art is broken up into periods and movements (e.g. Renaissance, Baroque, Romanticism) - each period is typified by styles and artists who have grown to impact the cultural zeitgeist of today. 

Taking, for example, the Rococo period which emerged in France in the 1730s. It rapidly disseminated from domestic interiors to other parts of Europe, particularly northern Italy, Austria, southern Germany, broader Central Europe, and Russia: it subsequently influenced sculpture, furniture, silverware, glassware, painting, music, theatre and literature.

Today, we see examples of Rococo's influence across art and society. In fashion, it introduced themes of extravagance and elegance (embellished petticoats, flowing gowns)... We see the influence of this across European and global fashion houses and catwalks today, synonymous with French flair but with much further reaching influence.",900,,,,,
3, Wikipedia_Exp_13.04,Wikipedia_Exp_13.04,34,Male,sg_1776078895326_y2uwfl,diffuse,2,,psychology,high-psychology,What brain mechanisms help people make scientific discoveries?,familiarity_rating,2026-04-13T11:31:48.348Z,,,,,,,,,,,,,1,3,
3, Wikipedia_Exp_13.04,Wikipedia_Exp_13.04,34,Male,sg_1776078895326_y2uwfl,diffuse,2,,psychology,high-psychology,What brain mechanisms help people make scientific discoveries?,search,2026-04-13T11:31:58.709Z,,,,,,brain,,,,,,,,,
3, Wikipedia_Exp_13.04,Wikipedia_Exp_13.04,34,Male,sg_1776078895326_y2uwfl,diffuse,2,,psychology,high-psychology,What brain mechanisms help people make scientific discoveries?,article_open,2026-04-13T11:32:09.456Z,Neuroscience,Neuroscience,,11159,search,,,,,,,,,,
3, Wikipedia_Exp_13.04,Wikipedia_Exp_13.04,34,Male,sg_1776078895326_y2uwfl,diffuse,2,,psychology,high-psychology,What brain mechanisms help people make scientific discoveries?,search,2026-04-13T11:32:20.275Z,,,,,,genius,,,,,,,,,
3, Wikipedia_Exp_13.04,Wikipedia_Exp_13.04,34,Male,sg_1776078895326_y2uwfl,diffuse,2,,psychology,high-psychology,What brain mechanisms help people make scientific discoveries?,search,2026-04-13T11:32:25.102Z,,,,,,discovery,,,,,,,,,
3, Wikipedia_Exp_13.04,Wikipedia_Exp_13.04,34,Male,sg_1776078895326_y2uwfl,diffuse,2,,psychology,high-psychology,What brain mechanisms help people make scientific discoveries?,article_open,2026-04-13T11:32:47.659Z,Discovery_science,Discovery science,,2869,search,,,,,,,,,,
3, Wikipedia_Exp_13.04,Wikipedia_Exp_13.04,34,Male,sg_1776078895326_y2uwfl,diffuse,2,,psychology,high-psychology,What brain mechanisms help people make scientific discoveries?,search,2026-04-13T11:33:18.112Z,,,,,,bri,,,,,,,,,
3, Wikipedia_Exp_13.04,Wikipedia_Exp_13.04,34,Male,sg_1776078895326_y2uwfl,diffuse,2,,psychology,high-psychology,What brain mechanisms help people make scientific discoveries?,search,2026-04-13T11:33:20.823Z,,,,,,brain fucntions,,,,,,,,,
3, Wikipedia_Exp_13.04,Wikipedia_Exp_13.04,34,Male,sg_1776078895326_y2uwfl,diffuse,2,,psychology,high-psychology,What brain mechanisms help people make scientific discoveries?,search,2026-04-13T11:33:24.718Z,,,,,,brain functions,,,,,,,,,
3, Wikipedia_Exp_13.04,Wikipedia_Exp_13.04,34,Male,sg_1776078895326_y2uwfl,diffuse,2,,psychology,high-psychology,What brain mechanisms help people make scientific discoveries?,article_open,2026-04-13T11:33:44.944Z,Brain,Brain,,17706,search,,,,,,,,,,
3, Wikipedia_Exp_13.04,Wikipedia_Exp_13.04,34,Male,sg_1776078895326_y2uwfl,diffuse,2,,psychology,high-psychology,What brain mechanisms help people make scientific discoveries?,search,2026-04-13T11:34:25.944Z,,,,,,cortex,,,,,,,,,
3, Wikipedia_Exp_13.04,Wikipedia_Exp_13.04,34,Male,sg_1776078895326_y2uwfl,diffuse,2,,psychology,high-psychology,What brain mechanisms help people make scientific discoveries?,article_open,2026-04-13T11:34:34.189Z,Prefrontal_cortex,Prefrontal cortex,,6959,search,,,,,,,,,,
3, Wikipedia_Exp_13.04,Wikipedia_Exp_13.04,34,Male,sg_1776078895326_y2uwfl,diffuse,2,,psychology,high-psychology,What brain mechanisms help people make scientific discoveries?,paste,2026-04-13T11:34:57.665Z,,,,,,,,,,,"In mammalian brain anatomy, the prefrontal cortex (PFC) covers the front part of the frontal lobe of the human brain. It is the association cortex in the frontal lobe.[2][3] This region is responsible for processing and adapting one's thinking in order to meet certain goals in different situations.[4] These processes of thinking can include the brain allowing one to focus, control how they behave, and make different decisions.[5]",433,,,
3, Wikipedia_Exp_13.04,Wikipedia_Exp_13.04,34,Male,sg_1776078895326_y2uwfl,diffuse,2,,psychology,high-psychology,What brain mechanisms help people make scientific discoveries?,link_click,2026-04-13T11:35:30.630Z,Frontal_lobe,,Prefrontal_cortex,,,,,,,,,,,,
3, Wikipedia_Exp_13.04,Wikipedia_Exp_13.04,34,Male,sg_1776078895326_y2uwfl,diffuse,2,,psychology,high-psychology,What brain mechanisms help people make scientific discoveries?,article_open,2026-04-13T11:35:33.164Z,Frontal_lobe,Frontal lobe,,3666,link_click,,,,,,,,,,
3, Wikipedia_Exp_13.04,Wikipedia_Exp_13.04,34,Male,sg_1776078895326_y2uwfl,diffuse,2,,psychology,high-psychology,What brain mechanisms help people make scientific discoveries?,paste,2026-04-13T11:35:55.905Z,,,,,,,,,,,the largest lobe of the vertebrate brain,40,,,
3, Wikipedia_Exp_13.04,Wikipedia_Exp_13.04,34,Male,sg_1776078895326_y2uwfl,diffuse,2,,psychology,high-psychology,What brain mechanisms help people make scientific discoveries?,search,2026-04-13T11:38:23.399Z,,,,,,discoveries,,,,,,,,,
3, Wikipedia_Exp_13.04,Wikipedia_Exp_13.04,34,Male,sg_1776078895326_y2uwfl,diffuse,2,,psychology,high-psychology,What brain mechanisms help people make scientific discoveries?,article_open,2026-04-13T11:38:35.473Z,Timeline_of_scientific_discoveries,Timeline of scientific discoveries,,11933,search,,,,,,,,,,
3, Wikipedia_Exp_13.04,Wikipedia_Exp_13.04,34,Male,sg_1776078895326_y2uwfl,diffuse,2,,psychology,high-psychology,What brain mechanisms help people make scientific discoveries?,paste,2026-04-13T11:38:58.739Z,,,,,,,,,,,first image of a black hole is captured,39,,,
3, Wikipedia_Exp_13.04,Wikipedia_Exp_13.04,34,Male,sg_1776078895326_y2uwfl,diffuse,2,,psychology,high-psychology,What brain mechanisms help people make scientific discoveries?,paste,2026-04-13T11:39:34.684Z,,,,,,,,,,,"using eight different telescopes taking simultaneous pictures, timed with extremely precise atomic clocks.",106,,,
3, Wikipedia_Exp_13.04,Wikipedia_Exp_13.04,34,Male,sg_1776078895326_y2uwfl,diffuse,2,,psychology,high-psychology,What brain mechanisms help people make scientific discoveries?,task_end,2026-04-13T11:41:50.956Z,,,,,,,,,"In mammalian brain anatomy, the prefrontal cortex covers the front part of the frontal lobe (the largest lobe of the vertebrate brain) of the human brain. It is the association cortex in the frontal lobe. This region is responsible for processing and adapting one's thinking in order to meet certain goals in different situations. These processes of thinking can include the brain allowing one to focus, control how they behave, and make different decisions.

It is this thought process, coupled with proper access to data and relevant technology, which allows scientists to pursue specific lines of investigation which lead to discoveries. 

An example of this is first image of a black hole, captured in 2019. This was of course a feat of human brilliance, but was ably supported by eight different telescopes taking simultaneous pictures, timed with extremely precise atomic clocks.",885,,,,,
4, Wikipedia_Exp_13.04,Wikipedia_Exp_13.04,31,Female,sg_1776078995993_b3jh4k,diffuse,0,1,practice,practice-capybaras,What do Capybaras eat?,attention_check_pass,2026-04-13T11:17:26.907Z,,,,,,,,,,,,,,,attempt_1
4, Wikipedia_Exp_13.04,Wikipedia_Exp_13.04,31,Female,sg_1776078995993_b3jh4k,diffuse,0,1,practice,practice-capybaras,What do Capybaras eat?,familiarity_rating,2026-04-13T11:17:36.814Z,,,,,,,,,,,,,1,7,
4, Wikipedia_Exp_13.04,Wikipedia_Exp_13.04,31,Female,sg_1776078995993_b3jh4k,diffuse,0,1,practice,practice-capybaras,What do Capybaras eat?,article_open,2026-04-13T11:17:37.298Z,Capybara,Capybara,,4650,,,,,,,,,,,
4, Wikipedia_Exp_13.04,Wikipedia_Exp_13.04,31,Female,sg_1776078995993_b3jh4k,diffuse,0,1,practice,practice-capybaras,What do Capybaras eat?,link_click,2026-04-13T11:20:05.452Z,Semiaquatic,,Capybara,,,,,,,,,,,,
4, Wikipedia_Exp_13.04,Wikipedia_Exp_13.04,31,Female,sg_1776078995993_b3jh4k,diffuse,0,1,practice,practice-capybaras,What do Capybaras eat?,article_open,2026-04-13T11:20:06.489Z,Semiaquatic,Semiaquatic,,867,link_click,,,,,,,,,,
4, Wikipedia_Exp_13.04,Wikipedia_Exp_13.04,31,Female,sg_1776078995993_b3jh4k,diffuse,0,1,practice,practice-capybaras,What do Capybaras eat?,back_navigation,2026-04-13T11:20:28.481Z,Capybara,,Semiaquatic,,,,,,,,,,,,
4, Wikipedia_Exp_13.04,Wikipedia_Exp_13.04,31,Female,sg_1776078995993_b3jh4k,diffuse,0,1,practice,practice-capybaras,What do Capybaras eat?,article_open,2026-04-13T11:20:28.625Z,Capybara,Capybara,,4650,back,,,,,,,,,,
4, Wikipedia_Exp_13.04,Wikipedia_Exp_13.04,31,Female,sg_1776078995993_b3jh4k,diffuse,0,1,practice,practice-capybaras,What do Capybaras eat?,link_click,2026-04-13T11:21:12.611Z,Coprophagous,,Capybara,,,,,,,,,,,,
4, Wikipedia_Exp_13.04,Wikipedia_Exp_13.04,31,Female,sg_1776078995993_b3jh4k,diffuse,0,1,practice,practice-capybaras,What do Capybaras eat?,article_open,2026-04-13T11:21:12.864Z,Coprophagous,Coprophagia,,2671,link_click,,,,,,,,,,
4, Wikipedia_Exp_13.04,Wikipedia_Exp_13.04,31,Female,sg_1776078995993_b3jh4k,diffuse,0,1,practice,practice-capybaras,What do Capybaras eat?,back_navigation,2026-04-13T11:21:46.136Z,Capybara,,Coprophagous,,,,,,,,,,,,
4, Wikipedia_Exp_13.04,Wikipedia_Exp_13.04,31,Female,sg_1776078995993_b3jh4k,diffuse,0,1,practice,practice-capybaras,What do Capybaras eat?,article_open,2026-04-13T11:21:46.294Z,Capybara,Capybara,,4650,back,,,,,,,,,,
4, Wikipedia_Exp_13.04,Wikipedia_Exp_13.04,31,Female,sg_1776078995993_b3jh4k,diffuse,0,1,practice,practice-capybaras,What do Capybaras eat?,task_end,2026-04-13T11:24:32.794Z,,,,,,,,,"Capybaras are the largest living rodent in the world. They are native to countries in South America, and are described as a ""Semiaquatic Herbivore"". This is because they inhabit savannas and dense forests, living close to bodies of water that provide aquatic plants and grasses for eating. 
Capybaras are also coprophagous, meaning they will consume their own feces to help them digest the cellulose in the grass that they eat. This assures they extract the maximum amount of protein and vitamins from their food. 
In the dry seasons, they eat a greater variety of plants as fewer plants are readily available to them. In the wetter seasons, they will predominantly have a diet of grass. ",688,,,,,
4, Wikipedia_Exp_13.04,Wikipedia_Exp_13.04,31,Female,sg_1776078995993_b3jh4k,diffuse,1,,art_history,high-art-history,How do ancient works of art play a role in contemporary society?,familiarity_rating,2026-04-13T11:24:43.884Z,,,,,,,,,,,,,2,7,
4, Wikipedia_Exp_13.04,Wikipedia_Exp_13.04,31,Female,sg_1776078995993_b3jh4k,diffuse,1,,art_history,high-art-history,How do ancient works of art play a role in contemporary society?,search,2026-04-13T11:25:00.327Z,,,,,,A,,,,,,,,,
4, Wikipedia_Exp_13.04,Wikipedia_Exp_13.04,31,Female,sg_1776078995993_b3jh4k,diffuse,1,,art_history,high-art-history,How do ancient works of art play a role in contemporary society?,search,2026-04-13T11:25:00.864Z,,,,,,An,,,,,,,,,
4, Wikipedia_Exp_13.04,Wikipedia_Exp_13.04,31,Female,sg_1776078995993_b3jh4k,diffuse,1,,art_history,high-art-history,How do ancient works of art play a role in contemporary society?,search,2026-04-13T11:25:04.358Z,,,,,,Ancient Art,,,,,,,,,
4, Wikipedia_Exp_13.04,Wikipedia_Exp_13.04,31,Female,sg_1776078995993_b3jh4k,diffuse,1,,art_history,high-art-history,How do ancient works of art play a role in contemporary society?,article_open,2026-04-13T11:25:06.188Z,Ancient_art,Ancient art,,9173,search,,,,,,,,,,
4, Wikipedia_Exp_13.04,Wikipedia_Exp_13.04,31,Female,sg_1776078995993_b3jh4k,diffuse,1,,art_history,high-art-history,How do ancient works of art play a role in contemporary society?,link_click,2026-04-13T11:25:49.311Z,Prehistoric_art,,Ancient_art,,,,,,,,,,,,
4, Wikipedia_Exp_13.04,Wikipedia_Exp_13.04,31,Female,sg_1776078995993_b3jh4k,diffuse,1,,art_history,high-art-history,How do ancient works of art play a role in contemporary society?,article_open,2026-04-13T11:25:51.767Z,Prehistoric_art,Prehistoric art,,13106,link_click,,,,,,,,,,
4, Wikipedia_Exp_13.04,Wikipedia_Exp_13.04,31,Female,sg_1776078995993_b3jh4k,diffuse,1,,art_history,high-art-history,How do ancient works of art play a role in contemporary society?,back_navigation,2026-04-13T11:27:30.354Z,Ancient_art,,Prehistoric_art,,,,,,,,,,,,
4, Wikipedia_Exp_13.04,Wikipedia_Exp_13.04,31,Female,sg_1776078995993_b3jh4k,diffuse,1,,art_history,high-art-history,How do ancient works of art play a role in contemporary society?,article_open,2026-04-13T11:27:31.067Z,Ancient_art,Ancient art,,9173,back,,,,,,,,,,
4, Wikipedia_Exp_13.04,Wikipedia_Exp_13.04,31,Female,sg_1776078995993_b3jh4k,diffuse,1,,art_history,high-art-history,How do ancient works of art play a role in contemporary society?,link_click,2026-04-13T11:27:50.301Z,Pre-Raphaelites,,Ancient_art,,,,,,,,,,,,
4, Wikipedia_Exp_13.04,Wikipedia_Exp_13.04,31,Female,sg_1776078995993_b3jh4k,diffuse,1,,art_history,high-art-history,How do ancient works of art play a role in contemporary society?,article_open,2026-04-13T11:27:52.424Z,Pre-Raphaelites,Pre-Raphaelite Brotherhood,,8934,link_click,,,,,,,,,,
4, Wikipedia_Exp_13.04,Wikipedia_Exp_13.04,31,Female,sg_1776078995993_b3jh4k,diffuse,1,,art_history,high-art-history,How do ancient works of art play a role in contemporary society?,back_navigation,2026-04-13T11:28:49.105Z,Ancient_art,,Pre-Raphaelites,,,,,,,,,,,,
4, Wikipedia_Exp_13.04,Wikipedia_Exp_13.04,31,Female,sg_1776078995993_b3jh4k,diffuse,1,,art_history,high-art-history,How do ancient works of art play a role in contemporary society?,article_open,2026-04-13T11:28:49.418Z,Ancient_art,Ancient art,,9173,back,,,,,,,,,,
4, Wikipedia_Exp_13.04,Wikipedia_Exp_13.04,31,Female,sg_1776078995993_b3jh4k,diffuse,1,,art_history,high-art-history,How do ancient works of art play a role in contemporary society?,link_click,2026-04-13T11:29:12.725Z,Postmodern_art,,Ancient_art,,,,,,,,,,,,
4, Wikipedia_Exp_13.04,Wikipedia_Exp_13.04,31,Female,sg_1776078995993_b3jh4k,diffuse,1,,art_history,high-art-history,How do ancient works of art play a role in contemporary society?,article_open,2026-04-13T11:29:15.742Z,Postmodern_art,Postmodern art,,8783,link_click,,,,,,,,,,
4, Wikipedia_Exp_13.04,Wikipedia_Exp_13.04,31,Female,sg_1776078995993_b3jh4k,diffuse,1,,art_history,high-art-history,How do ancient works of art play a role in contemporary society?,link_click,2026-04-13T11:29:29.511Z,Conceptual_art,,Postmodern_art,,,,,,,,,,,,
4, Wikipedia_Exp_13.04,Wikipedia_Exp_13.04,31,Female,sg_1776078995993_b3jh4k,diffuse,1,,art_history,high-art-history,How do ancient works of art play a role in contemporary society?,article_open,2026-04-13T11:29:31.206Z,Conceptual_art,Conceptual art,,8344,link_click,,,,,,,,,,
4, Wikipedia_Exp_13.04,Wikipedia_Exp_13.04,31,Female,sg_1776078995993_b3jh4k,diffuse,1,,art_history,high-art-history,How do ancient works of art play a role in contemporary society?,back_navigation,2026-04-13T11:32:01.906Z,Postmodern_art,,Conceptual_art,,,,,,,,,,,,
4, Wikipedia_Exp_13.04,Wikipedia_Exp_13.04,31,Female,sg_1776078995993_b3jh4k,diffuse,1,,art_history,high-art-history,How do ancient works of art play a role in contemporary society?,article_open,2026-04-13T11:32:02.535Z,Postmodern_art,Postmodern art,,8783,back,,,,,,,,,,
4, Wikipedia_Exp_13.04,Wikipedia_Exp_13.04,31,Female,sg_1776078995993_b3jh4k,diffuse,1,,art_history,high-art-history,How do ancient works of art play a role in contemporary society?,task_end,2026-04-13T11:34:46.321Z,,,,,,,,,"Ancient art dates back to prehistoric time, with some of the earliest depictions of art being that of cave paintings found on the island of Borneo of an animal, or a shell found in the Java with the faint carvings made by homo erectus faded on its surface. 
As we move through time, art has become more distinguished and complex, but one thing has remained consistent since the start; art being used to record the world around us, and used to connect the people around us. 
In contemporary society, we continue to carry this torch in new, modern ways, seen in pop art and conceptualism. 
While some of these pieces are certainly abstract, they record the world and society as we see it today.
Through looking back at ancient art, we are able to understand the state of the world as it was in prehistoric times through the eyes of the artists. 
Valuable information on what these people hunted, and how they lived, has helped us understand who we are as humans. 
Without these artists, our understanding of our history would be unclear.",1035,,,,,
4, Wikipedia_Exp_13.04,Wikipedia_Exp_13.04,31,Female,sg_1776078995993_b3jh4k,diffuse,2,,psychology,high-psychology,What brain mechanisms help people make scientific discoveries?,familiarity_rating,2026-04-13T11:35:02.064Z,,,,,,,,,,,,,1,4,
4, Wikipedia_Exp_13.04,Wikipedia_Exp_13.04,31,Female,sg_1776078995993_b3jh4k,diffuse,2,,psychology,high-psychology,What brain mechanisms help people make scientific discoveries?,search,2026-04-13T11:35:05.837Z,,,,,,the brain,,,,,,,,,
4, Wikipedia_Exp_13.04,Wikipedia_Exp_13.04,31,Female,sg_1776078995993_b3jh4k,diffuse,2,,psychology,high-psychology,What brain mechanisms help people make scientific discoveries?,article_open,2026-04-13T11:35:08.720Z,Brain,Brain,,17706,search,,,,,,,,,,
4, Wikipedia_Exp_13.04,Wikipedia_Exp_13.04,31,Female,sg_1776078995993_b3jh4k,diffuse,2,,psychology,high-psychology,What brain mechanisms help people make scientific discoveries?,paste,2026-04-13T11:39:47.729Z,,,,,,,,,,,"Since then technical advances have made these sorts of experiments much easier to carry out, and thousands of studies have been made that have clarified the mechanism of synaptic change, and uncovered other types of activity-driven synaptic change in a variety of brain areas, including the cerebral cortex, hippocampus, basal ganglia, and cerebellum.[",352,,,
4, Wikipedia_Exp_13.04,Wikipedia_Exp_13.04,31,Female,sg_1776078995993_b3jh4k,diffuse,2,,psychology,high-psychology,What brain mechanisms help people make scientific discoveries?,search,2026-04-13T11:40:45.299Z,,,,,,patter ,,,,,,,,,
4, Wikipedia_Exp_13.04,Wikipedia_Exp_13.04,31,Female,sg_1776078995993_b3jh4k,diffuse,2,,psychology,high-psychology,What brain mechanisms help people make scientific discoveries?,search,2026-04-13T11:40:45.937Z,,,,,,pattern re,,,,,,,,,
4, Wikipedia_Exp_13.04,Wikipedia_Exp_13.04,31,Female,sg_1776078995993_b3jh4k,diffuse,2,,psychology,high-psychology,What brain mechanisms help people make scientific discoveries?,search,2026-04-13T11:40:46.359Z,,,,,,pattern rec,,,,,,,,,
4, Wikipedia_Exp_13.04,Wikipedia_Exp_13.04,31,Female,sg_1776078995993_b3jh4k,diffuse,2,,psychology,high-psychology,What brain mechanisms help people make scientific discoveries?,search,2026-04-13T11:40:47.161Z,,,,,,pattern reco,,,,,,,,,
4, Wikipedia_Exp_13.04,Wikipedia_Exp_13.04,31,Female,sg_1776078995993_b3jh4k,diffuse,2,,psychology,high-psychology,What brain mechanisms help people make scientific discoveries?,search,2026-04-13T11:40:49.122Z,,,,,,pattern recognition ,,,,,,,,,
4, Wikipedia_Exp_13.04,Wikipedia_Exp_13.04,31,Female,sg_1776078995993_b3jh4k,diffuse,2,,psychology,high-psychology,What brain mechanisms help people make scientific discoveries?,article_open,2026-04-13T11:40:51.903Z,Pattern_recognition,Pattern recognition,,5186,search,,,,,,,,,,
4, Wikipedia_Exp_13.04,Wikipedia_Exp_13.04,31,Female,sg_1776078995993_b3jh4k,diffuse,2,,psychology,high-psychology,What brain mechanisms help people make scientific discoveries?,link_click,2026-04-13T11:41:16.817Z,Pattern_recognition_(psychology),,Pattern_recognition,,,,,,,,,,,,
4, Wikipedia_Exp_13.04,Wikipedia_Exp_13.04,31,Female,sg_1776078995993_b3jh4k,diffuse,2,,psychology,high-psychology,What brain mechanisms help people make scientific discoveries?,article_open,2026-04-13T11:41:17.718Z,Pattern_recognition_(psychology),Pattern recognition (psychology),,5223,link_click,,,,,,,,,,
4, Wikipedia_Exp_13.04,Wikipedia_Exp_13.04,31,Female,sg_1776078995993_b3jh4k,diffuse,2,,psychology,high-psychology,What brain mechanisms help people make scientific discoveries?,link_click,2026-04-13T11:42:38.802Z,Gestalt_psychology,,Pattern_recognition_(psychology),,,,,,,,,,,,
4, Wikipedia_Exp_13.04,Wikipedia_Exp_13.04,31,Female,sg_1776078995993_b3jh4k,diffuse,2,,psychology,high-psychology,What brain mechanisms help people make scientific discoveries?,article_open,2026-04-13T11:42:40.399Z,Gestalt_psychology,Gestalt psychology,,7763,link_click,,,,,,,,,,
4, Wikipedia_Exp_13.04,Wikipedia_Exp_13.04,31,Female,sg_1776078995993_b3jh4k,diffuse,2,,psychology,high-psychology,What brain mechanisms help people make scientific discoveries?,link_click,2026-04-13T11:42:49.015Z,Cognitive_neuroscience,,Gestalt_psychology,,,,,,,,,,,,
4, Wikipedia_Exp_13.04,Wikipedia_Exp_13.04,31,Female,sg_1776078995993_b3jh4k,diffuse,2,,psychology,high-psychology,What brain mechanisms help people make scientific discoveries?,article_open,2026-04-13T11:42:51.363Z,Cognitive_neuroscience,Cognitive neuroscience,,7944,link_click,,,,,,,,,,
4, Wikipedia_Exp_13.04,Wikipedia_Exp_13.04,31,Female,sg_1776078995993_b3jh4k,diffuse,2,,psychology,high-psychology,What brain mechanisms help people make scientific discoveries?,task_end,2026-04-13T11:45:05.919Z,,,,,,,,,"The study of the brain and how it learns and remembers is an ongoing study. It was not until 1970 that evidence began to grow support the synaptic placidity theory. 
""Since then technical advances have made these sorts of experiments much easier to carry out, and thousands of studies have been made that have clarified the mechanism of synaptic change, and uncovered other types of activity-driven synaptic change in a variety of brain areas, including the cerebral cortex, hippocampus, basal ganglia, and cerebellum.""
The brain's ability to learn is essential in the studies of science. 
By recognising patterns, the brain can begin to link pieces of evidence together to lead to new scientific discoveries. 
",711,,,,,
5, Wikipedia_Exp_13.04,Wikipedia_Exp_13.04,26,Male,sg_1776079217729_mg4vpe,diffuse,0,1,practice,practice-capybaras,What do Capybaras eat?,attention_check_pass,2026-04-13T11:21:05.640Z,,,,,,,,,,,,,,,attempt_1
5, Wikipedia_Exp_13.04,Wikipedia_Exp_13.04,26,Male,sg_1776079217729_mg4vpe,diffuse,0,1,practice,practice-capybaras,What do Capybaras eat?,familiarity_rating,2026-04-13T11:21:13.601Z,,,,,,,,,,,,,1,5,
5, Wikipedia_Exp_13.04,Wikipedia_Exp_13.04,26,Male,sg_1776079217729_mg4vpe,diffuse,0,1,practice,practice-capybaras,What do Capybaras eat?,article_open,2026-04-13T11:21:13.826Z,Capybara,Capybara,,4650,,,,,,,,,,,
5, Wikipedia_Exp_13.04,Wikipedia_Exp_13.04,26,Male,sg_1776079217729_mg4vpe,diffuse,0,1,practice,practice-capybaras,What do Capybaras eat?,search,2026-04-13T11:23:03.364Z,,,,,,w,,,,,,,,,
5, Wikipedia_Exp_13.04,Wikipedia_Exp_13.04,26,Male,sg_1776079217729_mg4vpe,diffuse,0,1,practice,practice-capybaras,What do Capybaras eat?,search,2026-04-13T11:23:06.299Z,,,,,,what does a ,,,,,,,,,
5, Wikipedia_Exp_13.04,Wikipedia_Exp_13.04,26,Male,sg_1776079217729_mg4vpe,diffuse,0,1,practice,practice-capybaras,What do Capybaras eat?,search,2026-04-13T11:23:06.775Z,,,,,,what does a c,,,,,,,,,
5, Wikipedia_Exp_13.04,Wikipedia_Exp_13.04,26,Male,sg_1776079217729_mg4vpe,diffuse,0,1,practice,practice-capybaras,What do Capybaras eat?,search,2026-04-13T11:23:07.254Z,,,,,,what does a cap,,,,,,,,,
5, Wikipedia_Exp_13.04,Wikipedia_Exp_13.04,26,Male,sg_1776079217729_mg4vpe,diffuse,0,1,practice,practice-capybaras,What do Capybaras eat?,search,2026-04-13T11:23:07.869Z,,,,,,what does a capy,,,,,,,,,
5, Wikipedia_Exp_13.04,Wikipedia_Exp_13.04,26,Male,sg_1776079217729_mg4vpe,diffuse,0,1,practice,practice-capybaras,What do Capybaras eat?,search,2026-04-13T11:23:08.689Z,,,,,,what does a capyb,,,,,,,,,
5, Wikipedia_Exp_13.04,Wikipedia_Exp_13.04,26,Male,sg_1776079217729_mg4vpe,diffuse,0,1,practice,practice-capybaras,What do Capybaras eat?,search,2026-04-13T11:23:09.917Z,,,,,,what does a capy,,,,,,,,,
5, Wikipedia_Exp_13.04,Wikipedia_Exp_13.04,26,Male,sg_1776079217729_mg4vpe,diffuse,0,1,practice,practice-capybaras,What do Capybaras eat?,search,2026-04-13T11:23:11.248Z,,,,,,what does a capya,,,,,,,,,
5, Wikipedia_Exp_13.04,Wikipedia_Exp_13.04,26,Male,sg_1776079217729_mg4vpe,diffuse,0,1,practice,practice-capybaras,What do Capybaras eat?,search,2026-04-13T11:23:11.970Z,,,,,,what does a capy,,,,,,,,,
5, Wikipedia_Exp_13.04,Wikipedia_Exp_13.04,26,Male,sg_1776079217729_mg4vpe,diffuse,0,1,practice,practice-capybaras,What do Capybaras eat?,search,2026-04-13T11:23:14.426Z,,,,,,what does a capybara,,,,,,,,,
5, Wikipedia_Exp_13.04,Wikipedia_Exp_13.04,26,Male,sg_1776079217729_mg4vpe,diffuse,0,1,practice,practice-capybaras,What do Capybaras eat?,search,2026-04-13T11:23:15.474Z,,,,,,what does a capybara eat,,,,,,,,,
5, Wikipedia_Exp_13.04,Wikipedia_Exp_13.04,26,Male,sg_1776079217729_mg4vpe,diffuse,0,1,practice,practice-capybaras,What do Capybaras eat?,search,2026-04-13T11:23:16.583Z,,,,,,what does a capybara eat,,,,,,,,,
5, Wikipedia_Exp_13.04,Wikipedia_Exp_13.04,26,Male,sg_1776079217729_mg4vpe,diffuse,0,1,practice,practice-capybaras,What do Capybaras eat?,search,2026-04-13T11:23:17.187Z,,,,,,what does a capybara eat,,,,,,,,,
5, Wikipedia_Exp_13.04,Wikipedia_Exp_13.04,26,Male,sg_1776079217729_mg4vpe,diffuse,0,1,practice,practice-capybaras,What do Capybaras eat?,search,2026-04-13T11:23:17.599Z,,,,,,what does a capybara eat,,,,,,,,,
5, Wikipedia_Exp_13.04,Wikipedia_Exp_13.04,26,Male,sg_1776079217729_mg4vpe,diffuse,0,1,practice,practice-capybaras,What do Capybaras eat?,search,2026-04-13T11:23:18.007Z,,,,,,what does a capybara eat,,,,,,,,,
5, Wikipedia_Exp_13.04,Wikipedia_Exp_13.04,26,Male,sg_1776079217729_mg4vpe,diffuse,0,1,practice,practice-capybaras,What do Capybaras eat?,link_click,2026-04-13T11:24:38.366Z,Aquatic_plant,,Capybara,,,,,,,,,,,,
5, Wikipedia_Exp_13.04,Wikipedia_Exp_13.04,26,Male,sg_1776079217729_mg4vpe,diffuse,0,1,practice,practice-capybaras,What do Capybaras eat?,article_open,2026-04-13T11:24:40.165Z,Aquatic_plant,Aquatic plant,,6440,link_click,,,,,,,,,,
5, Wikipedia_Exp_13.04,Wikipedia_Exp_13.04,26,Male,sg_1776079217729_mg4vpe,diffuse,0,1,practice,practice-capybaras,What do Capybaras eat?,back_navigation,2026-04-13T11:25:07.454Z,Capybara,,Aquatic_plant,,,,,,,,,,,,
5, Wikipedia_Exp_13.04,Wikipedia_Exp_13.04,26,Male,sg_1776079217729_mg4vpe,diffuse,0,1,practice,practice-capybaras,What do Capybaras eat?,article_open,2026-04-13T11:25:07.645Z,Capybara,Capybara,,4650,back,,,,,,,,,,
5, Wikipedia_Exp_13.04,Wikipedia_Exp_13.04,26,Male,sg_1776079217729_mg4vpe,diffuse,0,1,practice,practice-capybaras,What do Capybaras eat?,task_end,2026-04-13T11:25:43.015Z,,,,,,,,,"The Capybara is a semiaquatic herbivore, which is a diet centring around grasses an aquatic plants. Some of which include: waterlilies, lotus', duckweeds etc. It is most commonly related to guinea pigs and because of such can not eat foods containing vitamin C due to it's genetic disposition to developing gum disease as a sign of scurvy.",339,,,,,
5, Wikipedia_Exp_13.04,Wikipedia_Exp_13.04,26,Male,sg_1776079217729_mg4vpe,diffuse,1,,art_history,high-art-history,How do ancient works of art play a role in contemporary society?,familiarity_rating,2026-04-13T11:25:55.979Z,,,,,,,,,,,,,2,3,
5, Wikipedia_Exp_13.04,Wikipedia_Exp_13.04,26,Male,sg_1776079217729_mg4vpe,diffuse,1,,art_history,high-art-history,How do ancient works of art play a role in contemporary society?,search,2026-04-13T11:26:06.149Z,,,,,,contemporary art,,,,,,,,,
5, Wikipedia_Exp_13.04,Wikipedia_Exp_13.04,26,Male,sg_1776079217729_mg4vpe,diffuse,1,,art_history,high-art-history,How do ancient works of art play a role in contemporary society?,search,2026-04-13T11:26:07.889Z,,,,,,contemporary art history,,,,,,,,,
5, Wikipedia_Exp_13.04,Wikipedia_Exp_13.04,26,Male,sg_1776079217729_mg4vpe,diffuse,1,,art_history,high-art-history,How do ancient works of art play a role in contemporary society?,article_open,2026-04-13T11:26:08.913Z,Contemporary_art,Contemporary art,,4798,search,,,,,,,,,,
5, Wikipedia_Exp_13.04,Wikipedia_Exp_13.04,26,Male,sg_1776079217729_mg4vpe,diffuse,1,,art_history,high-art-history,How do ancient works of art play a role in contemporary society?,link_click,2026-04-13T11:26:13.608Z,Ancient_art,,Contemporary_art,,,,,,,,,,,,
5, Wikipedia_Exp_13.04,Wikipedia_Exp_13.04,26,Male,sg_1776079217729_mg4vpe,diffuse,1,,art_history,high-art-history,How do ancient works of art play a role in contemporary society?,article_open,2026-04-13T11:26:13.965Z,Ancient_art,Ancient art,,9173,link_click,,,,,,,,,,
5, Wikipedia_Exp_13.04,Wikipedia_Exp_13.04,26,Male,sg_1776079217729_mg4vpe,diffuse,1,,art_history,high-art-history,How do ancient works of art play a role in contemporary society?,search,2026-04-13T11:26:28.295Z,,,,,,ancient art,,,,,,,,,
5, Wikipedia_Exp_13.04,Wikipedia_Exp_13.04,26,Male,sg_1776079217729_mg4vpe,diffuse,1,,art_history,high-art-history,How do ancient works of art play a role in contemporary society?,search,2026-04-13T11:29:20.920Z,,,,,,influence of anx,,,,,,,,,
5, Wikipedia_Exp_13.04,Wikipedia_Exp_13.04,26,Male,sg_1776079217729_mg4vpe,diffuse,1,,art_history,high-art-history,How do ancient works of art play a role in contemporary society?,search,2026-04-13T11:29:21.837Z,,,,,,influence of an,,,,,,,,,
5, Wikipedia_Exp_13.04,Wikipedia_Exp_13.04,26,Male,sg_1776079217729_mg4vpe,diffuse,1,,art_history,high-art-history,How do ancient works of art play a role in contemporary society?,search,2026-04-13T11:29:23.782Z,,,,,,influence of ancient art,,,,,,,,,
5, Wikipedia_Exp_13.04,Wikipedia_Exp_13.04,26,Male,sg_1776079217729_mg4vpe,diffuse,1,,art_history,high-art-history,How do ancient works of art play a role in contemporary society?,article_open,2026-04-13T11:29:39.587Z,Ancient_Greek_art,Ancient Greek art,,16235,search,,,,,,,,,,
5, Wikipedia_Exp_13.04,Wikipedia_Exp_13.04,26,Male,sg_1776079217729_mg4vpe,diffuse,1,,art_history,high-art-history,How do ancient works of art play a role in contemporary society?,search,2026-04-13T11:31:45.610Z,,,,,,ancient ,,,,,,,,,
5, Wikipedia_Exp_13.04,Wikipedia_Exp_13.04,26,Male,sg_1776079217729_mg4vpe,diffuse,1,,art_history,high-art-history,How do ancient works of art play a role in contemporary society?,search,2026-04-13T11:31:46.367Z,,,,,,ancient egyp,,,,,,,,,
5, Wikipedia_Exp_13.04,Wikipedia_Exp_13.04,26,Male,sg_1776079217729_mg4vpe,diffuse,1,,art_history,high-art-history,How do ancient works of art play a role in contemporary society?,search,2026-04-13T11:31:48.784Z,,,,,,ancient egyptian ,,,,,,,,,
5, Wikipedia_Exp_13.04,Wikipedia_Exp_13.04,26,Male,sg_1776079217729_mg4vpe,diffuse,1,,art_history,high-art-history,How do ancient works of art play a role in contemporary society?,search,2026-04-13T11:31:49.704Z,,,,,,ancient egyptian art,,,,,,,,,
5, Wikipedia_Exp_13.04,Wikipedia_Exp_13.04,26,Male,sg_1776079217729_mg4vpe,diffuse,1,,art_history,high-art-history,How do ancient works of art play a role in contemporary society?,article_open,2026-04-13T11:31:53.002Z,Art_of_ancient_Egypt,Art of ancient Egypt,,21845,search,,,,,,,,,,
5, Wikipedia_Exp_13.04,Wikipedia_Exp_13.04,26,Male,sg_1776079217729_mg4vpe,diffuse,1,,art_history,high-art-history,How do ancient works of art play a role in contemporary society?,search,2026-04-13T11:32:07.624Z,,,,,,a,,,,,,,,,
5, Wikipedia_Exp_13.04,Wikipedia_Exp_13.04,26,Male,sg_1776079217729_mg4vpe,diffuse,1,,art_history,high-art-history,How do ancient works of art play a role in contemporary society?,search,2026-04-13T11:32:11.359Z,,,,,,ancient egyptian art influcne,,,,,,,,,
5, Wikipedia_Exp_13.04,Wikipedia_Exp_13.04,26,Male,sg_1776079217729_mg4vpe,diffuse,1,,art_history,high-art-history,How do ancient works of art play a role in contemporary society?,search,2026-04-13T11:32:12.762Z,,,,,,ancient egyptian art influence,,,,,,,,,
5, Wikipedia_Exp_13.04,Wikipedia_Exp_13.04,26,Male,sg_1776079217729_mg4vpe,diffuse,1,,art_history,high-art-history,How do ancient works of art play a role in contemporary society?,task_end,2026-04-13T11:35:59.795Z,,,,,,,,,"There are hundreds of different examples of the influence of ancient art on contemporary society. For example, Greek architecture (in all it's simplicity) was largely adopted by Romans, and from there is used commonly in modern buildings. Another prime example is the ancient Egyptians use of symbolism - often picturing the Pharaoh as the tallest focal point of engraved imagery, giving him a ""larger than life"" persona. This can be paralleled to modern day politics and propaganda from such, aswell as the concept of art we know in of itself (creating imagery through symbolism).",581,,,,,
5, Wikipedia_Exp_13.04,Wikipedia_Exp_13.04,26,Male,sg_1776079217729_mg4vpe,diffuse,2,,psychology,high-psychology,What brain mechanisms help people make scientific discoveries?,familiarity_rating,2026-04-13T11:36:07.442Z,,,,,,,,,,,,,1,2,
5, Wikipedia_Exp_13.04,Wikipedia_Exp_13.04,26,Male,sg_1776079217729_mg4vpe,diffuse,2,,psychology,high-psychology,What brain mechanisms help people make scientific discoveries?,search,2026-04-13T11:36:12.161Z,,,,,,w,,,,,,,,,
5, Wikipedia_Exp_13.04,Wikipedia_Exp_13.04,26,Male,sg_1776079217729_mg4vpe,diffuse,2,,psychology,high-psychology,What brain mechanisms help people make scientific discoveries?,search,2026-04-13T11:36:17.379Z,,,,,,wh,,,,,,,,,
5, Wikipedia_Exp_13.04,Wikipedia_Exp_13.04,26,Male,sg_1776079217729_mg4vpe,diffuse,2,,psychology,high-psychology,What brain mechanisms help people make scientific discoveries?,search,2026-04-13T11:36:19.021Z,,,,,,what brain me,,,,,,,,,
5, Wikipedia_Exp_13.04,Wikipedia_Exp_13.04,26,Male,sg_1776079217729_mg4vpe,diffuse,2,,psychology,high-psychology,What brain mechanisms help people make scientific discoveries?,search,2026-04-13T11:36:19.942Z,,,,,,what brain mechan,,,,,,,,,
5, Wikipedia_Exp_13.04,Wikipedia_Exp_13.04,26,Male,sg_1776079217729_mg4vpe,diffuse,2,,psychology,high-psychology,What brain mechanisms help people make scientific discoveries?,search,2026-04-13T11:36:20.557Z,,,,,,what brain mechanism,,,,,,,,,
5, Wikipedia_Exp_13.04,Wikipedia_Exp_13.04,26,Male,sg_1776079217729_mg4vpe,diffuse,2,,psychology,high-psychology,What brain mechanisms help people make scientific discoveries?,search,2026-04-13T11:36:21.272Z,,,,,,what brain mechanisms ,,,,,,,,,
5, Wikipedia_Exp_13.04,Wikipedia_Exp_13.04,26,Male,sg_1776079217729_mg4vpe,diffuse,2,,psychology,high-psychology,What brain mechanisms help people make scientific discoveries?,search,2026-04-13T11:36:24.241Z,,,,,,what brain mechanisms help people make sci,,,,,,,,,
5, Wikipedia_Exp_13.04,Wikipedia_Exp_13.04,26,Male,sg_1776079217729_mg4vpe,diffuse,2,,psychology,high-psychology,What brain mechanisms help people make scientific discoveries?,search,2026-04-13T11:36:25.879Z,,,,,,what brain mechanisms help people make scientific ,,,,,,,,,
5, Wikipedia_Exp_13.04,Wikipedia_Exp_13.04,26,Male,sg_1776079217729_mg4vpe,diffuse,2,,psychology,high-psychology,What brain mechanisms help people make scientific discoveries?,search,2026-04-13T11:36:27.316Z,,,,,,what brain mechanisms help people make scientific dis,,,,,,,,,
5, Wikipedia_Exp_13.04,Wikipedia_Exp_13.04,26,Male,sg_1776079217729_mg4vpe,diffuse,2,,psychology,high-psychology,What brain mechanisms help people make scientific discoveries?,search,2026-04-13T11:36:29.361Z,,,,,,what brain mechanisms help people make scientific disxo,,,,,,,,,
5, Wikipedia_Exp_13.04,Wikipedia_Exp_13.04,26,Male,sg_1776079217729_mg4vpe,diffuse,2,,psychology,high-psychology,What brain mechanisms help people make scientific discoveries?,search,2026-04-13T11:36:31.306Z,,,,,,what brain mechanisms help people make scientific discoveries,,,,,,,,,
5, Wikipedia_Exp_13.04,Wikipedia_Exp_13.04,26,Male,sg_1776079217729_mg4vpe,diffuse,2,,psychology,high-psychology,What brain mechanisms help people make scientific discoveries?,article_open,2026-04-13T11:36:35.710Z,Role_of_chance_in_scientific_discoveries,Role of chance in scientific discoveries,,2029,search,,,,,,,,,,
5, Wikipedia_Exp_13.04,Wikipedia_Exp_13.04,26,Male,sg_1776079217729_mg4vpe,diffuse,2,,psychology,high-psychology,What brain mechanisms help people make scientific discoveries?,task_end,2026-04-13T11:46:17.223Z,,,,,,,,,"Fascinatingly, a significant portion of scientific discoveries are purely discovered through matters of chance. Psychologist Kevin Dunbar estimates that 30-50% of all scientific discoveries are accidental in some sense, which was backed up by further scientists from the 19th/20th century. However, there is specific areas of the brain that are more active within those that do make scientific discoveries during the time they did so, this being the ""prefrontal cortex"" and the left hemisphere of the brain in general. Using neuroimaging, an fMRI investigation found that unusual finding activated these areas of the brain, suggesting that these findings need more attention, so the brain naturally applies the correct systems (linguistic, conscious) to explain how these findings were made.",791,,,,,
10, Wikipedia_Exp_13.04,Wikipedia_Exp_13.04,33,Male,sg_1776079855389_cd1peh,diffuse,0,1,practice,practice-capybaras,What do Capybaras eat?,attention_check_pass,2026-04-13T11:35:01.701Z,,,,,,,,,,,,,,,attempt_1
10, Wikipedia_Exp_13.04,Wikipedia_Exp_13.04,33,Male,sg_1776079855389_cd1peh,diffuse,0,1,practice,practice-capybaras,What do Capybaras eat?,familiarity_rating,2026-04-13T11:35:27.226Z,,,,,,,,,,,,,1,7,
10, Wikipedia_Exp_13.04,Wikipedia_Exp_13.04,33,Male,sg_1776079855389_cd1peh,diffuse,0,1,practice,practice-capybaras,What do Capybaras eat?,article_open,2026-04-13T11:35:30.582Z,Capybara,Capybara,,4650,,,,,,,,,,,
10, Wikipedia_Exp_13.04,Wikipedia_Exp_13.04,33,Male,sg_1776079855389_cd1peh,diffuse,0,1,practice,practice-capybaras,What do Capybaras eat?,search,2026-04-13T11:36:01.576Z,,,,,,w,,,,,,,,,
10, Wikipedia_Exp_13.04,Wikipedia_Exp_13.04,33,Male,sg_1776079855389_cd1peh,diffuse,0,1,practice,practice-capybaras,What do Capybaras eat?,search,2026-04-13T11:36:01.978Z,,,,,,wh,,,,,,,,,
10, Wikipedia_Exp_13.04,Wikipedia_Exp_13.04,33,Male,sg_1776079855389_cd1peh,diffuse,0,1,practice,practice-capybaras,What do Capybaras eat?,search,2026-04-13T11:36:02.389Z,,,,,,wha,,,,,,,,,
10, Wikipedia_Exp_13.04,Wikipedia_Exp_13.04,33,Male,sg_1776079855389_cd1peh,diffuse,0,1,practice,practice-capybaras,What do Capybaras eat?,search,2026-04-13T11:36:03.334Z,,,,,,what ,,,,,,,,,
10, Wikipedia_Exp_13.04,Wikipedia_Exp_13.04,33,Male,sg_1776079855389_cd1peh,diffuse,0,1,practice,practice-capybaras,What do Capybaras eat?,search,2026-04-13T11:36:03.578Z,,,,,,what,,,,,,,,,
10, Wikipedia_Exp_13.04,Wikipedia_Exp_13.04,33,Male,sg_1776079855389_cd1peh,diffuse,0,1,practice,practice-capybaras,What do Capybaras eat?,search,2026-04-13T11:36:04.237Z,,,,,,what a,,,,,,,,,
10, Wikipedia_Exp_13.04,Wikipedia_Exp_13.04,33,Male,sg_1776079855389_cd1peh,diffuse,0,1,practice,practice-capybaras,What do Capybaras eat?,search,2026-04-13T11:36:04.761Z,,,,,,what are,,,,,,,,,
10, Wikipedia_Exp_13.04,Wikipedia_Exp_13.04,33,Male,sg_1776079855389_cd1peh,diffuse,0,1,practice,practice-capybaras,What do Capybaras eat?,search,2026-04-13T11:36:05.067Z,,,,,,what are ,,,,,,,,,
10, Wikipedia_Exp_13.04,Wikipedia_Exp_13.04,33,Male,sg_1776079855389_cd1peh,diffuse,0,1,practice,practice-capybaras,What do Capybaras eat?,search,2026-04-13T11:36:08.615Z,,,,,,what are c,,,,,,,,,
10, Wikipedia_Exp_13.04,Wikipedia_Exp_13.04,33,Male,sg_1776079855389_cd1peh,diffuse,0,1,practice,practice-capybaras,What do Capybaras eat?,search,2026-04-13T11:36:09.111Z,,,,,,what are ca,,,,,,,,,
10, Wikipedia_Exp_13.04,Wikipedia_Exp_13.04,33,Male,sg_1776079855389_cd1peh,diffuse,0,1,practice,practice-capybaras,What do Capybaras eat?,search,2026-04-13T11:36:12.008Z,,,,,,what are cap,,,,,,,,,
10, Wikipedia_Exp_13.04,Wikipedia_Exp_13.04,33,Male,sg_1776079855389_cd1peh,diffuse,0,1,practice,practice-capybaras,What do Capybaras eat?,search,2026-04-13T11:36:12.521Z,,,,,,what are capy,,,,,,,,,
10, Wikipedia_Exp_13.04,Wikipedia_Exp_13.04,33,Male,sg_1776079855389_cd1peh,diffuse,0,1,practice,practice-capybaras,What do Capybaras eat?,search,2026-04-13T11:36:19.516Z,,,,,,what are capyb,,,,,,,,,
10, Wikipedia_Exp_13.04,Wikipedia_Exp_13.04,33,Male,sg_1776079855389_cd1peh,diffuse,0,1,practice,practice-capybaras,What do Capybaras eat?,search,2026-04-13T11:36:20.069Z,,,,,,what are capyba,,,,,,,,,
10, Wikipedia_Exp_13.04,Wikipedia_Exp_13.04,33,Male,sg_1776079855389_cd1peh,diffuse,0,1,practice,practice-capybaras,What do Capybaras eat?,search,2026-04-13T11:36:20.470Z,,,,,,what are capybar,,,,,,,,,
10, Wikipedia_Exp_13.04,Wikipedia_Exp_13.04,33,Male,sg_1776079855389_cd1peh,diffuse,0,1,practice,practice-capybaras,What do Capybaras eat?,search,2026-04-13T11:36:20.906Z,,,,,,what are capybara,,,,,,,,,
10, Wikipedia_Exp_13.04,Wikipedia_Exp_13.04,33,Male,sg_1776079855389_cd1peh,diffuse,0,1,practice,practice-capybaras,What do Capybaras eat?,search,2026-04-13T11:36:21.278Z,,,,,,what are capybaras,,,,,,,,,
10, Wikipedia_Exp_13.04,Wikipedia_Exp_13.04,33,Male,sg_1776079855389_cd1peh,diffuse,0,1,practice,practice-capybaras,What do Capybaras eat?,search,2026-04-13T11:36:22.571Z,,,,,,what are capybaras,,,,,,,,,
10, Wikipedia_Exp_13.04,Wikipedia_Exp_13.04,33,Male,sg_1776079855389_cd1peh,diffuse,0,1,practice,practice-capybaras,What do Capybaras eat?,paste,2026-04-13T11:37:57.865Z,,,,,,,,,,,"The capybara[a] or greater capybara (Hydrochoerus hydrochaeris) is the largest living rodent,[2] native to all countries in South America except Chile. It is a semiaquatic herbivore that inhabits savannas and dense forests, living near and in bodies of water and feeding mainly on grasses and aquatic plants",307,,,
10, Wikipedia_Exp_13.04,Wikipedia_Exp_13.04,33,Male,sg_1776079855389_cd1peh,diffuse,0,1,practice,practice-capybaras,What do Capybaras eat?,paste,2026-04-13T11:40:18.621Z,,,,,,,,,,,"Capybaras are semiaquatic mammals[15] found throughout all countries of South America except Chile.[19] They live in densely forested areas near bodies of water, such as lakes, rivers, swamps, ponds, and marshes,[14] as well as flooded savannah and along rivers in the tropical rainforest",288,,,
10, Wikipedia_Exp_13.04,Wikipedia_Exp_13.04,33,Male,sg_1776079855389_cd1peh,diffuse,0,1,practice,practice-capybaras,What do Capybaras eat?,paste,2026-04-13T11:43:26.819Z,,,,,,,,,,,"Capybaras are herbivores, grazing mainly on grasses and aquatic plants,[14][24] as well as fruit and tree bark.[15] They are very selective feeders[25] and feed on the leaves of one species and disregard other species surrounding it. They eat a greater variety of plants during the dry season, as fewer plants are available. While they eat grass during the wet season, they have to switch to more abundant reeds during the dry season.[26] Plants that capybaras eat during the summer lose their nutritional value in the winter, so they are not consumed at that time.[25] The capybara's jaw hinge is not perpendicular, so they chew food by grinding back-and-forth rather than side-to-side.[27] Capybaras are autocoprophagous,[28] meaning they eat their own feces as a source of bacterial gut flora, to help digest the cellulose in the grass that forms their normal diet, and to extract the maximum protein and vitamins from their food. They also regurgitate food to masticate again, similar to cud-chewing by cattle.[28][29] Like other rodents, a capybara's front teeth grow continually to compensate for the constant wear from eating grasses;[19] their cheek teeth also grow continuously.",1187,,,
10, Wikipedia_Exp_13.04,Wikipedia_Exp_13.04,33,Male,sg_1776079855389_cd1peh,diffuse,0,1,practice,practice-capybaras,What do Capybaras eat?,task_end,2026-04-13T11:45:55.412Z,,,,,,,,,"The capybara or greater capybara is the largest living rodent, native to all countries in South America except Chile. It is a semiaquatic herbivore that inhabits savannas and dense forests, living near and in bodies of water and feeding mainly on grasses and aquatic plants. Capybaras are semiaquatic mammals found throughout all countries of South America except Chile. They live in densely forested areas near bodies of water, such as lakes, rivers, swamps, ponds, and marshes, as well as flooded savannah and along rivers in the tropical rainforest. Capybaras are herbivores, grazing mainly on grasses and aquatic plants, as well as fruit and tree bark. They are very selective feeders and feed on the leaves of one species and disregard other species surrounding it. They eat a greater variety of plants during the dry season, as fewer plants are available. While they eat grass during the wet season, they have to switch to more abundant reeds during the dry season. Plants that capybaras eat during the summer lose their nutritional value in the winter, so they are not consumed at that time. The capybara's jaw hinge is not perpendicular, so they chew food by grinding back-and-forth rather than side-to-side. Capybaras are auto coprophagous, meaning they eat their own feces as a source of bacterial gut flora, to help digest the cellulose in the grass that forms their normal diet, and to extract the maximum protein and vitamins from their food. They also regurgitate food to masticate again, similar to cud-chewing by cattle. Like other rodents, a capybara's front teeth grow continually to compensate for the constant wear from eating grasses; their cheek teeth also grow continuously.",1697,,,,,
10, Wikipedia_Exp_13.04,Wikipedia_Exp_13.04,33,Male,sg_1776079855389_cd1peh,diffuse,1,,psychology,high-psychology,What brain mechanisms help people make scientific discoveries?,familiarity_rating,2026-04-13T11:46:15.232Z,,,,,,,,,,,,,1,7,
10, Wikipedia_Exp_13.04,Wikipedia_Exp_13.04,33,Male,sg_1776079855389_cd1peh,diffuse,1,,psychology,high-psychology,What brain mechanisms help people make scientific discoveries?,search,2026-04-13T11:46:50.057Z,,,,,,What brain mechanisms help people make scientific discoveries?,,,,,,,,,
10, Wikipedia_Exp_13.04,Wikipedia_Exp_13.04,33,Male,sg_1776079855389_cd1peh,diffuse,1,,psychology,high-psychology,What brain mechanisms help people make scientific discoveries?,search,2026-04-13T11:46:50.858Z,,,,,,What brain mechanisms help people make scientific discoveries?,,,,,,,,,
10, Wikipedia_Exp_13.04,Wikipedia_Exp_13.04,33,Male,sg_1776079855389_cd1peh,diffuse,1,,psychology,high-psychology,What brain mechanisms help people make scientific discoveries?,article_open,2026-04-13T11:47:35.624Z,Quantum_mind,Quantum mind,,9567,search,,,,,,,,,,
10, Wikipedia_Exp_13.04,Wikipedia_Exp_13.04,33,Male,sg_1776079855389_cd1peh,diffuse,1,,psychology,high-psychology,What brain mechanisms help people make scientific discoveries?,article_open,2026-04-13T11:48:36.378Z,Role_of_chance_in_scientific_discoveries,Role of chance in scientific discoveries,,2029,search,,,,,,,,,,
10, Wikipedia_Exp_13.04,Wikipedia_Exp_13.04,33,Male,sg_1776079855389_cd1peh,diffuse,1,,psychology,high-psychology,What brain mechanisms help people make scientific discoveries?,paste,2026-04-13T11:50:15.222Z,,,,,,,,,,,". Kevin Dunbar and Jonathan Fugelsang say that somewhere between 33% and 50% of all scientific discoveries are unexpected. This helps explain why scientists often call their discoveries ""lucky"", and yet scientists themselves may not be able to detail exactly what role luck played (see also introspection illusion). Dunbar and Fugelsang believe scientific discoveries are the result of carefully prepared experiments, but also ""prepared minds"".[2]

The author Nassim Nicholas Taleb calls science ""anti-",504,,,
10, Wikipedia_Exp_13.04,Wikipedia_Exp_13.04,33,Male,sg_1776079855389_cd1peh,diffuse,1,,psychology,high-psychology,What brain mechanisms help people make scientific discoveries?,paste,2026-04-13T11:51:56.554Z,,,,,,,,,,,"
Fugelsang and Dunbar observe scientists while they work together in labs or analyze data, but they also use experimental settings and even neuroimaging.[2] fMRI investigation found that unexpected findings were associated with particular brain activity. Unexpected findings were found to activate the prefrontal cortex as well as the left hemisphere in general. This suggests that unexpected findings provoke more attention, and the brain applies more linguistic, conscious systems to help explain those findings. This supports the idea that scientists are using particular abilities that exist to some extent in all humans",625,,,
10, Wikipedia_Exp_13.04,Wikipedia_Exp_13.04,33,Male,sg_1776079855389_cd1peh,diffuse,1,,psychology,high-psychology,What brain mechanisms help people make scientific discoveries?,paste,2026-04-13T11:52:43.819Z,,,,,,,,,,,"Royston Roberts says that various discoveries required a degree of genius, but also some lucky element for that genius to act on.[15] Richard Gaughan writes that accidental discoveries result from the convergence of preparation, opportunity, and desire",252,,,
10, Wikipedia_Exp_13.04,Wikipedia_Exp_13.04,33,Male,sg_1776079855389_cd1peh,diffuse,1,,psychology,high-psychology,What brain mechanisms help people make scientific discoveries?,task_end,2026-04-13T11:56:23.983Z,,,,,,,,,"Kevin Dunbar and Jonathan Fugelsang say that somewhere between 33% and 50% of all scientific discoveries are unexpected. This helps explain why scientists often call their discoveries ""lucky"", and yet scientists themselves may not be able to detail exactly what role luck played. Dunbar and Fugelsang believe scientific discoveries are the result of carefully prepared experiments, but also ""prepared minds"". Fugelsang and Dunbar observe scientists while they work together in labs or analyze data, but they also use experimental settings and even neuroimaging. fMRI investigation found that unexpected findings were associated with particular brain activity. Unexpected findings were found to activate the prefrontal cortex as well as the left hemisphere in general. This suggests that unexpected findings provoke more attention, and the brain applies more linguistic, conscious systems to help explain those findings. This supports the idea that scientists are using particular abilities that exist to some extent in all humans. Royston Roberts says that various discoveries required a degree of genius, but also some lucky element for that genius to act on. Richard Gaughan writes that accidental discoveries result from the convergence of preparation, opportunity, and desire",1279,,,,,
10, Wikipedia_Exp_13.04,Wikipedia_Exp_13.04,33,Male,sg_1776079855389_cd1peh,diffuse,2,,art_history,high-art-history,How do ancient works of art play a role in contemporary society?,familiarity_rating,2026-04-13T11:57:49.214Z,,,,,,,,,,,,,1,7,
10, Wikipedia_Exp_13.04,Wikipedia_Exp_13.04,33,Male,sg_1776079855389_cd1peh,diffuse,2,,art_history,high-art-history,How do ancient works of art play a role in contemporary society?,search,2026-04-13T11:58:13.658Z,,,,,,How do ancient works of art play a role in contemporary society?,,,,,,,,,
10, Wikipedia_Exp_13.04,Wikipedia_Exp_13.04,33,Male,sg_1776079855389_cd1peh,diffuse,2,,art_history,high-art-history,How do ancient works of art play a role in contemporary society?,article_open,2026-04-13T12:00:14.000Z,Metropolitan_Museum_of_Art,Metropolitan Museum of Art,,25318,search,,,,,,,,,,
10, Wikipedia_Exp_13.04,Wikipedia_Exp_13.04,33,Male,sg_1776079855389_cd1peh,diffuse,2,,art_history,high-art-history,How do ancient works of art play a role in contemporary society?,paste,2026-04-13T12:03:50.202Z,,,,,,,,,,,"The museum regularly hosts notable special exhibitions, often focusing on the works of one artist that have been loaned out from a variety of other museums and sources for the duration of the exhibition. These exhibitions are part of the attraction that draw people both within and outside Manhattan to explore the Met. Such exhibitions include displays especially designed for the Costume Institute, paintings from artists from across the world, works of art related to specific art movements, and collections of historical artifacts. Exhibitions are commonly located within their specific departments, ranging from American decorative arts, arms and armor, drawings and prints, Egyptian art, Medieval art, musical instruments, and photographs. Typical exhibitions run for months at a time and are open to the general public. Each exhibition provides insight into the world of art as a transformative, cultural experience and often includes a historical analysis to demonstrate the profound impact that art has on society and its dramatic transformation over the years",1069,,,
10, Wikipedia_Exp_13.04,Wikipedia_Exp_13.04,33,Male,sg_1776079855389_cd1peh,diffuse,2,,art_history,high-art-history,How do ancient works of art play a role in contemporary society?,paste,2026-04-13T12:05:35.742Z,,,,,,,,,,,"Study of the Fine Arts, and the application of Art to manufacture and natural life, of advancing the general knowledge of kindred subjects, and to that end of furnishing popular instruction and recreations",205,,,
10, Wikipedia_Exp_13.04,Wikipedia_Exp_13.04,33,Male,sg_1776079855389_cd1peh,diffuse,2,,art_history,high-art-history,How do ancient works of art play a role in contemporary society?,task_end,2026-04-13T12:07:56.528Z,,,,,,,,,"The museum regularly hosts notable special exhibitions, often focusing on the works of one artist that have been loaned out from a variety of other museums and sources for the duration of the exhibition. These exhibitions are part of the attraction that draw people both within and outside Manhattan to explore the Met. Such exhibitions include displays especially designed for the Costume Institute, paintings from artists from across the world, works of art related to specific art movements, and collections of historical artifacts. Exhibitions are commonly located within their specific departments, ranging from American decorative arts, arms and armor, drawings and prints, Egyptian art, Medieval art, musical instruments, and photographs. Typical exhibitions run for months at a time and are open to the general public. Each exhibition provides insight into the world of art as a transformative, cultural experience and often includes a historical analysis to demonstrate the profound impact that art has on society and its dramatic transformation over the years. Study of the Fine Arts, and the application of Art to manufacture and natural life, of advancing the general knowledge of kindred subjects, and to that end of furnishing popular instruction and recreations. ",1278,,,,,
11, Wikipedia_Exp_13.04,Wikipedia_Exp_13.04,50,Male,sg_1776080139803_b31t6f,clumpy,0,1,practice,practice-capybaras,What do Capybaras eat?,attention_check_pass,2026-04-13T11:36:00.639Z,,,,,,,,,,,,,,,attempt_1
11, Wikipedia_Exp_13.04,Wikipedia_Exp_13.04,50,Male,sg_1776080139803_b31t6f,clumpy,0,1,practice,practice-capybaras,What do Capybaras eat?,familiarity_rating,2026-04-13T11:36:10.125Z,,,,,,,,,,,,,1,4,
11, Wikipedia_Exp_13.04,Wikipedia_Exp_13.04,50,Male,sg_1776080139803_b31t6f,clumpy,0,1,practice,practice-capybaras,What do Capybaras eat?,article_open,2026-04-13T11:36:10.442Z,Capybara,Capybara,,4650,,,,,,,,,,,
11, Wikipedia_Exp_13.04,Wikipedia_Exp_13.04,50,Male,sg_1776080139803_b31t6f,clumpy,0,1,practice,practice-capybaras,What do Capybaras eat?,paste,2026-04-13T11:36:44.645Z,,,,,,,,,,,"Capybaras are herbivores, grazing mainly on grasses and aquatic plants,[14][24] as well as fruit and tree bark.[15] They are very selective feeders[25] and feed on the leaves of one species and disregard other species surrounding it. They eat a greater variety of plants during the dry season, as fewer plants are available. While they eat grass during the wet season, they have to switch to more abundant reeds during the dry season.",434,,,
11, Wikipedia_Exp_13.04,Wikipedia_Exp_13.04,50,Male,sg_1776080139803_b31t6f,clumpy,0,1,practice,practice-capybaras,What do Capybaras eat?,paste,2026-04-13T11:36:57.135Z,,,,,,,,,,,"Capybaras are autocoprophagous,[28] meaning they eat their own feces as a source of bacterial gut flora, to help digest the cellulose in the grass that forms their normal diet, and to extract the maximum protein and vitamins from their food. ",242,,,
11, Wikipedia_Exp_13.04,Wikipedia_Exp_13.04,50,Male,sg_1776080139803_b31t6f,clumpy,0,1,practice,practice-capybaras,What do Capybaras eat?,task_end,2026-04-13T11:37:09.905Z,,,,,,,,,"Capybaras are herbivores, grazing mainly on grasses and aquatic plants,[14][24] as well as fruit and tree bark.[15] They are very selective feeders[25] and feed on the leaves of one species and disregard other species surrounding it. They eat a greater variety of plants during the dry season, as fewer plants are available. While they eat grass during the wet season, they have to switch to more abundant reeds during the dry season.
Capybaras are autocoprophagous,[28] meaning they eat their own feces as a source of bacterial gut flora, to help digest the cellulose in the grass that forms their normal diet, and to extract the maximum protein and vitamins from their food. ",677,,,,,
11, Wikipedia_Exp_13.04,Wikipedia_Exp_13.04,50,Male,sg_1776080139803_b31t6f,clumpy,1,,psychology,high-psychology,What brain mechanisms help people make scientific discoveries?,familiarity_rating,2026-04-13T11:37:17.067Z,,,,,,,,,,,,,4,6,
11, Wikipedia_Exp_13.04,Wikipedia_Exp_13.04,50,Male,sg_1776080139803_b31t6f,clumpy,1,,psychology,high-psychology,What brain mechanisms help people make scientific discoveries?,search,2026-04-13T11:37:24.971Z,,,,,,brain,,,,,,,,,
11, Wikipedia_Exp_13.04,Wikipedia_Exp_13.04,50,Male,sg_1776080139803_b31t6f,clumpy,1,,psychology,high-psychology,What brain mechanisms help people make scientific discoveries?,search,2026-04-13T11:37:25.289Z,,,,,,brain ,,,,,,,,,
11, Wikipedia_Exp_13.04,Wikipedia_Exp_13.04,50,Male,sg_1776080139803_b31t6f,clumpy,1,,psychology,high-psychology,What brain mechanisms help people make scientific discoveries?,search,2026-04-13T11:37:26.649Z,,,,,,brain mechanis,,,,,,,,,
11, Wikipedia_Exp_13.04,Wikipedia_Exp_13.04,50,Male,sg_1776080139803_b31t6f,clumpy,1,,psychology,high-psychology,What brain mechanisms help people make scientific discoveries?,search,2026-04-13T11:37:26.888Z,,,,,,brain mechanisl,,,,,,,,,
11, Wikipedia_Exp_13.04,Wikipedia_Exp_13.04,50,Male,sg_1776080139803_b31t6f,clumpy,1,,psychology,high-psychology,What brain mechanisms help people make scientific discoveries?,search,2026-04-13T11:37:28.395Z,,,,,,brain mechanis,,,,,,,,,
11, Wikipedia_Exp_13.04,Wikipedia_Exp_13.04,50,Male,sg_1776080139803_b31t6f,clumpy,1,,psychology,high-psychology,What brain mechanisms help people make scientific discoveries?,search,2026-04-13T11:37:37.504Z,,,,,,brain mechanism,,,,,,,,,
11, Wikipedia_Exp_13.04,Wikipedia_Exp_13.04,50,Male,sg_1776080139803_b31t6f,clumpy,1,,psychology,high-psychology,What brain mechanisms help people make scientific discoveries?,search,2026-04-13T11:37:39.827Z,,,,,,brain mechanism scientific,,,,,,,,,
11, Wikipedia_Exp_13.04,Wikipedia_Exp_13.04,50,Male,sg_1776080139803_b31t6f,clumpy,1,,psychology,high-psychology,What brain mechanisms help people make scientific discoveries?,search,2026-04-13T11:37:45.365Z,,,,,,brain,,,,,,,,,
11, Wikipedia_Exp_13.04,Wikipedia_Exp_13.04,50,Male,sg_1776080139803_b31t6f,clumpy,1,,psychology,high-psychology,What brain mechanisms help people make scientific discoveries?,search,2026-04-13T11:37:46.171Z,,,,,,brain ,,,,,,,,,
11, Wikipedia_Exp_13.04,Wikipedia_Exp_13.04,50,Male,sg_1776080139803_b31t6f,clumpy,1,,psychology,high-psychology,What brain mechanisms help people make scientific discoveries?,search,2026-04-13T11:37:49.315Z,,,,,,brain scientific discover,,,,,,,,,
11, Wikipedia_Exp_13.04,Wikipedia_Exp_13.04,50,Male,sg_1776080139803_b31t6f,clumpy,1,,psychology,high-psychology,What brain mechanisms help people make scientific discoveries?,search,2026-04-13T11:37:57.106Z,,,,,,scinetific discoveries,,,,,,,,,
11, Wikipedia_Exp_13.04,Wikipedia_Exp_13.04,50,Male,sg_1776080139803_b31t6f,clumpy,1,,psychology,high-psychology,What brain mechanisms help people make scientific discoveries?,search,2026-04-13T11:38:01.269Z,,,,,,scietific discoveries,,,,,,,,,
11, Wikipedia_Exp_13.04,Wikipedia_Exp_13.04,50,Male,sg_1776080139803_b31t6f,clumpy,1,,psychology,high-psychology,What brain mechanisms help people make scientific discoveries?,search,2026-04-13T11:38:02.381Z,,,,,,scientific discoveries,,,,,,,,,
11, Wikipedia_Exp_13.04,Wikipedia_Exp_13.04,50,Male,sg_1776080139803_b31t6f,clumpy,1,,psychology,high-psychology,What brain mechanisms help people make scientific discoveries?,article_open,2026-04-13T11:38:05.378Z,Discovery_(observation),Discovery (observation),,1723,search,,,,,,,,,,
11, Wikipedia_Exp_13.04,Wikipedia_Exp_13.04,50,Male,sg_1776080139803_b31t6f,clumpy,1,,psychology,high-psychology,What brain mechanisms help people make scientific discoveries?,paste,2026-04-13T11:38:34.885Z,,,,,,,,,,,"Within scientific disciplines, discovery is the observation of new phenomena, actions, or events that help explain the knowledge gathered through previously acquired scientific evidence. Discovery is made by providing observational evidence and attempting to develop an initial, rough understanding of some phenomenon.",318,,,
11, Wikipedia_Exp_13.04,Wikipedia_Exp_13.04,50,Male,sg_1776080139803_b31t6f,clumpy,1,,psychology,high-psychology,What brain mechanisms help people make scientific discoveries?,paste,2026-04-13T11:38:46.715Z,,,,,,,,,,,"Discovery is the act of detecting something new, or something previously unrecognized as meaningful. In the sciences and other academic disciplines, discovery is the observation of new phenomena, new actions, or new events and involves providing new reasoning to explain the knowledge gathered through such observations, using knowledge previously acquired through abstract thought and from everyday experiences.[1]",415,,,
11, Wikipedia_Exp_13.04,Wikipedia_Exp_13.04,50,Male,sg_1776080139803_b31t6f,clumpy,1,,psychology,high-psychology,What brain mechanisms help people make scientific discoveries?,paste,2026-04-13T11:38:56.898Z,,,,,,,,,,,"Some discoveries represent a radical breakthrough in knowledge or technology. Others are based on earlier discoveries, collaborations or ideas. In such cases, the process of discovery requires at least the awareness that an existing concept or method could be modified or transformed. New discoveries are made using various senses, and are usually added to pre-existing knowledge. Questioning plays a key role in discovery; discoveries are often made due to questions. Some discoveries lead to the invention of objects, processes, or techniques.",545,,,
11, Wikipedia_Exp_13.04,Wikipedia_Exp_13.04,50,Male,sg_1776080139803_b31t6f,clumpy,1,,psychology,high-psychology,What brain mechanisms help people make scientific discoveries?,link_click,2026-04-13T11:39:05.795Z,Bold_hypothesis,,Discovery_(observation),,,,,,,,,,,,
11, Wikipedia_Exp_13.04,Wikipedia_Exp_13.04,50,Male,sg_1776080139803_b31t6f,clumpy,1,,psychology,high-psychology,What brain mechanisms help people make scientific discoveries?,article_open,2026-04-13T11:39:06.856Z,Bold_hypothesis,Bold hypothesis,,4574,link_click,,,,,,,,,,
11, Wikipedia_Exp_13.04,Wikipedia_Exp_13.04,50,Male,sg_1776080139803_b31t6f,clumpy,1,,psychology,high-psychology,What brain mechanisms help people make scientific discoveries?,paste,2026-04-13T11:39:17.624Z,,,,,,,,,,,"Bold hypothesis (or bold conjecture, the terms are used interchangeably) is a concept originally created by the liberal philosopher Karl Popper when he tried to define the meaning of scientific thinking and scientific progress. It was first explained in his debut The Logic of Scientific Discovery (1935) and subsequently elaborated in writings such as Conjectures and Refutations: The Growth of Scientific Knowledge (1963), Objective knowledge: an evolutionary approach (1972),[1] and Replies to my critics (1974).[2] In successive texts written in the course of four decades, Popper added some nuances to the definition of the concept.

Broadly speaking, the idea of a bold hypothesis refers to a new, testable theoretical proposition (or theoretical claim) made within a subject area which, if it is true, would be able to explain and predict much more about the subject than was previously possible. It would significantly alter existing scientific understandings about the subject, in a positive way. The new idea would be very useful for scientific research about the subject. This contrasts with other types of scientific claims which, if they turn out to be true, make little difference to what scientists already know about the subject. The contrary of a bold hypothesis is an ""ad hoc hypothesis"" which protects a well-established scientific theory from refutation, by means of some convenient modification of this theory which has no new testable consequences.[3] Alan F. Chalmers summarizes that, in Popper's philosophy of science,",1544,,,
11, Wikipedia_Exp_13.04,Wikipedia_Exp_13.04,50,Male,sg_1776080139803_b31t6f,clumpy,1,,psychology,high-psychology,What brain mechanisms help people make scientific discoveries?,link_click,2026-04-13T11:39:31.791Z,Scientific_progress,,Bold_hypothesis,,,,,,,,,,,,
11, Wikipedia_Exp_13.04,Wikipedia_Exp_13.04,50,Male,sg_1776080139803_b31t6f,clumpy,1,,psychology,high-psychology,What brain mechanisms help people make scientific discoveries?,article_open,2026-04-13T11:39:33.192Z,Scientific_progress,Progress,,8750,link_click,,,,,,,,,,
11, Wikipedia_Exp_13.04,Wikipedia_Exp_13.04,50,Male,sg_1776080139803_b31t6f,clumpy,1,,psychology,high-psychology,What brain mechanisms help people make scientific discoveries?,back_navigation,2026-04-13T11:39:50.292Z,Bold_hypothesis,,Scientific_progress,,,,,,,,,,,,
11, Wikipedia_Exp_13.04,Wikipedia_Exp_13.04,50,Male,sg_1776080139803_b31t6f,clumpy,1,,psychology,high-psychology,What brain mechanisms help people make scientific discoveries?,article_open,2026-04-13T11:39:50.371Z,Bold_hypothesis,Bold hypothesis,,4574,back,,,,,,,,,,
11, Wikipedia_Exp_13.04,Wikipedia_Exp_13.04,50,Male,sg_1776080139803_b31t6f,clumpy,1,,psychology,high-psychology,What brain mechanisms help people make scientific discoveries?,link_click,2026-04-13T11:40:02.623Z,Outline_of_scientific_method,,Bold_hypothesis,,,,,,,,,,,,
11, Wikipedia_Exp_13.04,Wikipedia_Exp_13.04,50,Male,sg_1776080139803_b31t6f,clumpy,1,,psychology,high-psychology,What brain mechanisms help people make scientific discoveries?,article_open,2026-04-13T11:40:03.383Z,Outline_of_scientific_method,Outline of scientific method,,730,link_click,,,,,,,,,,
11, Wikipedia_Exp_13.04,Wikipedia_Exp_13.04,50,Male,sg_1776080139803_b31t6f,clumpy,1,,psychology,high-psychology,What brain mechanisms help people make scientific discoveries?,link_click,2026-04-13T11:40:08.075Z,Timeline_of_scientific_discoveries,,Outline_of_scientific_method,,,,,,,,,,,,
11, Wikipedia_Exp_13.04,Wikipedia_Exp_13.04,50,Male,sg_1776080139803_b31t6f,clumpy,1,,psychology,high-psychology,What brain mechanisms help people make scientific discoveries?,article_open,2026-04-13T11:40:08.240Z,Timeline_of_scientific_discoveries,Timeline of scientific discoveries,,11933,link_click,,,,,,,,,,
11, Wikipedia_Exp_13.04,Wikipedia_Exp_13.04,50,Male,sg_1776080139803_b31t6f,clumpy,1,,psychology,high-psychology,What brain mechanisms help people make scientific discoveries?,back_navigation,2026-04-13T11:40:15.913Z,Outline_of_scientific_method,,Timeline_of_scientific_discoveries,,,,,,,,,,,,
11, Wikipedia_Exp_13.04,Wikipedia_Exp_13.04,50,Male,sg_1776080139803_b31t6f,clumpy,1,,psychology,high-psychology,What brain mechanisms help people make scientific discoveries?,article_open,2026-04-13T11:40:16.103Z,Outline_of_scientific_method,Outline of scientific method,,730,back,,,,,,,,,,
11, Wikipedia_Exp_13.04,Wikipedia_Exp_13.04,50,Male,sg_1776080139803_b31t6f,clumpy,1,,psychology,high-psychology,What brain mechanisms help people make scientific discoveries?,link_click,2026-04-13T11:40:19.686Z,Knowledge,,Outline_of_scientific_method,,,,,,,,,,,,
11, Wikipedia_Exp_13.04,Wikipedia_Exp_13.04,50,Male,sg_1776080139803_b31t6f,clumpy,1,,psychology,high-psychology,What brain mechanisms help people make scientific discoveries?,article_open,2026-04-13T11:40:21.456Z,Knowledge,Knowledge,,21719,link_click,,,,,,,,,,
11, Wikipedia_Exp_13.04,Wikipedia_Exp_13.04,50,Male,sg_1776080139803_b31t6f,clumpy,1,,psychology,high-psychology,What brain mechanisms help people make scientific discoveries?,link_click,2026-04-13T11:40:36.414Z,Certainty,,Knowledge,,,,,,,,,,,,
11, Wikipedia_Exp_13.04,Wikipedia_Exp_13.04,50,Male,sg_1776080139803_b31t6f,clumpy,1,,psychology,high-psychology,What brain mechanisms help people make scientific discoveries?,article_open,2026-04-13T11:40:37.281Z,Certainty,Certainty,,2446,link_click,,,,,,,,,,
11, Wikipedia_Exp_13.04,Wikipedia_Exp_13.04,50,Male,sg_1776080139803_b31t6f,clumpy,1,,psychology,high-psychology,What brain mechanisms help people make scientific discoveries?,paste,2026-04-13T11:40:48.828Z,,,,,,,,,,,"Certainty (also known as epistemic certainty or objective certainty) is the epistemic property of beliefs which a person has no rational grounds for doubting.[1] One standard way of defining epistemic certainty is that a belief is certain if and only if the person holding that belief could not be mistaken in holding that belief. Other common definitions of certainty involve the indubitable nature of such beliefs or define certainty as a property of those beliefs with the greatest possible justification. Certainty is closely related to knowledge, although contemporary philosophers tend to treat knowledge as having lower requirements than certainty.[1]",658,,,
11, Wikipedia_Exp_13.04,Wikipedia_Exp_13.04,50,Male,sg_1776080139803_b31t6f,clumpy,1,,psychology,high-psychology,What brain mechanisms help people make scientific discoveries?,back_navigation,2026-04-13T11:40:52.710Z,Knowledge,,Certainty,,,,,,,,,,,,
11, Wikipedia_Exp_13.04,Wikipedia_Exp_13.04,50,Male,sg_1776080139803_b31t6f,clumpy,1,,psychology,high-psychology,What brain mechanisms help people make scientific discoveries?,article_open,2026-04-13T11:40:52.875Z,Knowledge,Knowledge,,21719,back,,,,,,,,,,
11, Wikipedia_Exp_13.04,Wikipedia_Exp_13.04,50,Male,sg_1776080139803_b31t6f,clumpy,1,,psychology,high-psychology,What brain mechanisms help people make scientific discoveries?,link_click,2026-04-13T11:40:58.950Z,Analytic–synthetic_distinction,,Knowledge,,,,,,,,,,,,
11, Wikipedia_Exp_13.04,Wikipedia_Exp_13.04,50,Male,sg_1776080139803_b31t6f,clumpy,1,,psychology,high-psychology,What brain mechanisms help people make scientific discoveries?,article_open,2026-04-13T11:40:59.950Z,Analytic–synthetic_distinction,Analytic–synthetic distinction,,6127,link_click,,,,,,,,,,
11, Wikipedia_Exp_13.04,Wikipedia_Exp_13.04,50,Male,sg_1776080139803_b31t6f,clumpy,1,,psychology,high-psychology,What brain mechanisms help people make scientific discoveries?,paste,2026-04-13T11:41:09.901Z,,,,,,,,,,,"The analytic–synthetic distinction is a semantic distinction used primarily in philosophy to distinguish between propositions (in particular, statements that are affirmative subject–predicate judgments) that are of two types: analytic propositions and synthetic propositions. Analytic propositions are true or not true solely by virtue of their meaning, whereas synthetic propositions' truth, if any, derives from how their meaning relates to the world.[1]",456,,,
11, Wikipedia_Exp_13.04,Wikipedia_Exp_13.04,50,Male,sg_1776080139803_b31t6f,clumpy,1,,psychology,high-psychology,What brain mechanisms help people make scientific discoveries?,paste,2026-04-13T11:41:20.599Z,,,,,,,,,,,"Conceptual containment
The philosopher Immanuel Kant uses the terms ""analytic"" and ""synthetic"" to divide propositions into two types. Kant introduces the analytic–synthetic distinction in the Introduction to his Critique of Pure Reason (1781/1998, A6–7/B10–11). There, he restricts his attention to statements that are affirmative subject–predicate judgments and defines ""analytic proposition"" and ""synthetic proposition"" as follows:

analytic proposition: a proposition whose predicate concept is contained in its subject concept
synthetic proposition: a proposition whose predicate concept is not contained in its subject concept but related",647,,,
11, Wikipedia_Exp_13.04,Wikipedia_Exp_13.04,50,Male,sg_1776080139803_b31t6f,clumpy,1,,psychology,high-psychology,What brain mechanisms help people make scientific discoveries?,back_navigation,2026-04-13T11:41:26.378Z,Knowledge,,Analytic–synthetic_distinction,,,,,,,,,,,,
11, Wikipedia_Exp_13.04,Wikipedia_Exp_13.04,50,Male,sg_1776080139803_b31t6f,clumpy,1,,psychology,high-psychology,What brain mechanisms help people make scientific discoveries?,article_open,2026-04-13T11:41:26.541Z,Knowledge,Knowledge,,21719,back,,,,,,,,,,
11, Wikipedia_Exp_13.04,Wikipedia_Exp_13.04,50,Male,sg_1776080139803_b31t6f,clumpy,1,,psychology,high-psychology,What brain mechanisms help people make scientific discoveries?,link_click,2026-04-13T11:41:35.426Z,Rationality,,Knowledge,,,,,,,,,,,,
11, Wikipedia_Exp_13.04,Wikipedia_Exp_13.04,50,Male,sg_1776080139803_b31t6f,clumpy,1,,psychology,high-psychology,What brain mechanisms help people make scientific discoveries?,article_open,2026-04-13T11:41:37.500Z,Rationality,Rationality,,18023,link_click,,,,,,,,,,
11, Wikipedia_Exp_13.04,Wikipedia_Exp_13.04,50,Male,sg_1776080139803_b31t6f,clumpy,1,,psychology,high-psychology,What brain mechanisms help people make scientific discoveries?,paste,2026-04-13T11:41:44.858Z,,,,,,,,,,,"Rationality is the quality of being guided by or based on reason. In this regard, a person acts rationally if they have a good reason for what they do, or a belief is rational if it is based on strong evidence. This quality can apply to an ability, as in a rational animal, to a psychological process, like reasoning, to mental states, such as beliefs and intentions, or to persons who possess these other forms of rationality. A thing that lacks rationality is either arational, if it is outside the domain of rational evaluation, or irrational, if it belongs to this domain but does not fulfill its standards.",611,,,
11, Wikipedia_Exp_13.04,Wikipedia_Exp_13.04,50,Male,sg_1776080139803_b31t6f,clumpy,1,,psychology,high-psychology,What brain mechanisms help people make scientific discoveries?,link_click,2026-04-13T11:45:54.709Z,Data,,Rationality,,,,,,,,,,,,
11, Wikipedia_Exp_13.04,Wikipedia_Exp_13.04,50,Male,sg_1776080139803_b31t6f,clumpy,1,,psychology,high-psychology,What brain mechanisms help people make scientific discoveries?,article_open,2026-04-13T11:45:56.686Z,Data,Data,,4286,link_click,,,,,,,,,,
11, Wikipedia_Exp_13.04,Wikipedia_Exp_13.04,50,Male,sg_1776080139803_b31t6f,clumpy,1,,psychology,high-psychology,What brain mechanisms help people make scientific discoveries?,paste,2026-04-13T11:46:02.749Z,,,,,,,,,,,"Data (/ˈdeɪtə/ DAY-tə, US also /ˈdætə/ DAT-ə) are a collection of discrete or continuous values that convey information, describing the quantity, quality, fact, statistics, other basic units of meaning, or simply sequences of symbols that may be further interpreted formally. A datum is an individual value in a collection of data. Data are usually organized into structures such as tables that provide additional context and meaning, and may themselves be used as data in larger structures. Data may be used as variables in a computational process.[1][2] Data may represent abstract ideas or concrete measurements.[3] Data are commonly used in scientific research, economics, and virtually every other form of human organizational activity. Examples of data sets include price indices (such as the consumer price index), unemployment rates, literacy rates, and census data. In this context, data represent the raw facts and figures from which useful information can be extracted.",980,,,
11, Wikipedia_Exp_13.04,Wikipedia_Exp_13.04,50,Male,sg_1776080139803_b31t6f,clumpy,1,,psychology,high-psychology,What brain mechanisms help people make scientific discoveries?,task_end,2026-04-13T11:47:58.477Z,,,,,,,,,"Within scientific disciplines, discovery is the observation of new phenomena, actions, or events that help explain the knowledge gathered through previously acquired scientific evidence. Discovery is made by providing observational evidence and attempting to develop an initial, rough understanding of some phenomenon.

Discovery is the act of detecting something new, or something previously unrecognized as meaningful. In the sciences and other academic disciplines, discovery is the observation of new phenomena, new actions, or new events and involves providing new reasoning to explain the knowledge gathered through such observations, using knowledge previously acquired through abstract thought and from everyday experiences.[1]

Some discoveries represent a radical breakthrough in knowledge or technology. Others are based on earlier discoveries, collaborations or ideas. In such cases, the process of discovery requires at least the awareness that an existing concept or method could be modified or transformed. New discoveries are made using various senses, and are usually added to pre-existing knowledge. Questioning plays a key role in discovery; discoveries are often made due to questions. Some discoveries lead to the invention of objects, processes, or techniques.

Bold hypothesis (or bold conjecture, the terms are used interchangeably) is a concept originally created by the liberal philosopher Karl Popper when he tried to define the meaning of scientific thinking and scientific progress. It was first explained in his debut The Logic of Scientific Discovery (1935) and subsequently elaborated in writings such as Conjectures and Refutations: The Growth of Scientific Knowledge (1963), Objective knowledge: an evolutionary approach (1972),[1] and Replies to my critics (1974).[2] In successive texts written in the course of four decades, Popper added some nuances to the definition of the concept.

Broadly speaking, the idea of a bold hypothesis refers to a new, testable theoretical proposition (or theoretical claim) made within a subject area which, if it is true, would be able to explain and predict much more about the subject than was previously possible. It would significantly alter existing scientific understandings about the subject, in a positive way. The new idea would be very useful for scientific research about the subject. This contrasts with other types of scientific claims which, if they turn out to be true, make little difference to what scientists already know about the subject. The contrary of a bold hypothesis is an ""ad hoc hypothesis"" which protects a well-established scientific theory from refutation, by means of some convenient modification of this theory which has no new testable consequences.[3] Alan F. Chalmers summarizes that, in Popper's philosophy of science,

Certainty (also known as epistemic certainty or objective certainty) is the epistemic property of beliefs which a person has no rational grounds for doubting.[1] One standard way of defining epistemic certainty is that a belief is certain if and only if the person holding that belief could not be mistaken in holding that belief. Other common definitions of certainty involve the indubitable nature of such beliefs or define certainty as a property of those beliefs with the greatest possible justification. Certainty is closely related to knowledge, although contemporary philosophers tend to treat knowledge as having lower requirements than certainty.[1]

The analytic–synthetic distinction is a semantic distinction used primarily in philosophy to distinguish between propositions (in particular, statements that are affirmative subject–predicate judgments) that are of two types: analytic propositions and synthetic propositions. Analytic propositions are true or not true solely by virtue of their meaning, whereas synthetic propositions' truth, if any, derives from how their meaning relates to the world.[1]

Conceptual containment
The philosopher Immanuel Kant uses the terms ""analytic"" and ""synthetic"" to divide propositions into two types. Kant introduces the analytic–synthetic distinction in the Introduction to his Critique of Pure Reason (1781/1998, A6–7/B10–11). There, he restricts his attention to statements that are affirmative subject–predicate judgments and defines ""analytic proposition"" and ""synthetic proposition"" as follows:

analytic proposition: a proposition whose predicate concept is contained in its subject concept
synthetic proposition: a proposition whose predicate concept is not contained in its subject concept but related

Rationality is the quality of being guided by or based on reason. In this regard, a person acts rationally if they have a good reason for what they do, or a belief is rational if it is based on strong evidence. This quality can apply to an ability, as in a rational animal, to a psychological process, like reasoning, to mental states, such as beliefs and intentions, or to persons who possess these other forms of rationality. A thing that lacks rationality is either arational, if it is outside the domain of rational evaluation, or irrational, if it belongs to this domain but does not fulfill its standards.

Data (/ˈdeɪtə/ DAY-tə, US also /ˈdætə/ DAT-ə) are a collection of discrete or continuous values that convey information, describing the quantity, quality, fact, statistics, other basic units of meaning, or simply sequences of symbols that may be further interpreted formally. A datum is an individual value in a collection of data. Data are usually organized into structures such as tables that provide additional context and meaning, and may themselves be used as data in larger structures. Data may be used as variables in a computational process.[1][2] Data may represent abstract ideas or concrete measurements.[3] Data are commonly used in scientific research, economics, and virtually every other form of human organizational activity. Examples of data sets include price indices (such as the consumer price index), unemployment rates, literacy rates, and census data. In this context, data represent the raw facts and figures from which useful information can be extracted.
",6185,,,,,
11, Wikipedia_Exp_13.04,Wikipedia_Exp_13.04,50,Male,sg_1776080139803_b31t6f,clumpy,2,,art_history,high-art-history,How do ancient works of art play a role in contemporary society?,familiarity_rating,2026-04-13T11:48:08.124Z,,,,,,,,,,,,,3,5,
11, Wikipedia_Exp_13.04,Wikipedia_Exp_13.04,50,Male,sg_1776080139803_b31t6f,clumpy,2,,art_history,high-art-history,How do ancient works of art play a role in contemporary society?,search,2026-04-13T11:48:14.400Z,,,,,,a,,,,,,,,,
11, Wikipedia_Exp_13.04,Wikipedia_Exp_13.04,50,Male,sg_1776080139803_b31t6f,clumpy,2,,art_history,high-art-history,How do ancient works of art play a role in contemporary society?,search,2026-04-13T11:48:15.339Z,,,,,,ancient ,,,,,,,,,
11, Wikipedia_Exp_13.04,Wikipedia_Exp_13.04,50,Male,sg_1776080139803_b31t6f,clumpy,2,,art_history,high-art-history,How do ancient works of art play a role in contemporary society?,search,2026-04-13T11:48:15.849Z,,,,,,ancient a,,,,,,,,,
11, Wikipedia_Exp_13.04,Wikipedia_Exp_13.04,50,Male,sg_1776080139803_b31t6f,clumpy,2,,art_history,high-art-history,How do ancient works of art play a role in contemporary society?,search,2026-04-13T11:48:16.730Z,,,,,,ancient ,,,,,,,,,
11, Wikipedia_Exp_13.04,Wikipedia_Exp_13.04,50,Male,sg_1776080139803_b31t6f,clumpy,2,,art_history,high-art-history,How do ancient works of art play a role in contemporary society?,search,2026-04-13T11:48:17.749Z,,,,,,ancient works,,,,,,,,,
11, Wikipedia_Exp_13.04,Wikipedia_Exp_13.04,50,Male,sg_1776080139803_b31t6f,clumpy,2,,art_history,high-art-history,How do ancient works of art play a role in contemporary society?,search,2026-04-13T11:48:23.304Z,,,,,,ancient works ,,,,,,,,,
11, Wikipedia_Exp_13.04,Wikipedia_Exp_13.04,50,Male,sg_1776080139803_b31t6f,clumpy,2,,art_history,high-art-history,How do ancient works of art play a role in contemporary society?,search,2026-04-13T11:48:24.255Z,,,,,,ancient works con,,,,,,,,,
11, Wikipedia_Exp_13.04,Wikipedia_Exp_13.04,50,Male,sg_1776080139803_b31t6f,clumpy,2,,art_history,high-art-history,How do ancient works of art play a role in contemporary society?,search,2026-04-13T11:48:25.069Z,,,,,,ancient works contemp,,,,,,,,,
11, Wikipedia_Exp_13.04,Wikipedia_Exp_13.04,50,Male,sg_1776080139803_b31t6f,clumpy,2,,art_history,high-art-history,How do ancient works of art play a role in contemporary society?,search,2026-04-13T11:48:27.904Z,,,,,,ancient works contempo,,,,,,,,,
11, Wikipedia_Exp_13.04,Wikipedia_Exp_13.04,50,Male,sg_1776080139803_b31t6f,clumpy,2,,art_history,high-art-history,How do ancient works of art play a role in contemporary society?,search,2026-04-13T11:48:28.311Z,,,,,,ancient works contempora,,,,,,,,,
11, Wikipedia_Exp_13.04,Wikipedia_Exp_13.04,50,Male,sg_1776080139803_b31t6f,clumpy,2,,art_history,high-art-history,How do ancient works of art play a role in contemporary society?,search,2026-04-13T11:48:28.869Z,,,,,,ancient works contemporar,,,,,,,,,
11, Wikipedia_Exp_13.04,Wikipedia_Exp_13.04,50,Male,sg_1776080139803_b31t6f,clumpy,2,,art_history,high-art-history,How do ancient works of art play a role in contemporary society?,search,2026-04-13T11:48:29.714Z,,,,,,ancient works contemporary,,,,,,,,,
11, Wikipedia_Exp_13.04,Wikipedia_Exp_13.04,50,Male,sg_1776080139803_b31t6f,clumpy,2,,art_history,high-art-history,How do ancient works of art play a role in contemporary society?,article_open,2026-04-13T11:48:33.640Z,Ancient_Greek_literature,Ancient Greek literature,,10739,search,,,,,,,,,,
11, Wikipedia_Exp_13.04,Wikipedia_Exp_13.04,50,Male,sg_1776080139803_b31t6f,clumpy,2,,art_history,high-art-history,How do ancient works of art play a role in contemporary society?,paste,2026-04-13T11:48:41.696Z,,,,,,,,,,,"Ancient Greek literature is literature written in the Ancient Greek language from the earliest texts until the time of the Byzantine Empire. The earliest surviving works of ancient Greek literature, dating back to the early Archaic period, are the two epic poems the Iliad and the Odyssey, set in an idealized archaic past today identified as having some relation to the Mycenaean era. These two epics, along with the Homeric Hymns and the two poems of Hesiod, the Theogony and Works and Days, constituted the major foundations of the Greek literary tradition that would continue into the Classical, Hellenistic, and Roman periods.

The lyric poets Sappho, Alcaeus, and Pindar were highly influential during the early development of the Greek poetic tradition. Aeschylus is the earliest Greek tragic playwright for whom any plays have survived complete. Sophocles is famous for his tragedies about Oedipus, particularly Oedipus the King and Antigone. Euripides is known for his plays which often pushed the boundaries of the tragic genre. The comedic playwright Aristophanes wrote in the genre of Old Comedy, while the later playwright Menander was an early pioneer of New Comedy. The historians Herodotus of Halicarnassus and Thucydides, who both lived during the fifth century BC, wrote accounts of events that happened shortly before and during their own lifetimes. The philosopher Plato wrote dialogues, usually centered around his teacher Socrates, dealing with various philosophical subjects, whereas his student Aristotle wrote numerous treatises, which later became highly influential.[1][2]

Important later writers included Apollonius of Rhodes, who wrote The Argonautica, an epic poem about the voyage of the Argonauts; Archimedes, who wrote groundbreaking mathematical treatises; and Plutarch, who wrote mainly biographies and essays. The second-century AD writer Lucian of Samosata was a Greek, who wrote primarily works of satire.[3] Ancient Greek literature has had a profound impact on later Greek literature and also on western literature at large. In particular, many ancient Roman authors drew inspiration from their Greek predecessors. Ever since the Renaissance, European authors in general, including Dante Alighieri, William Shakespeare, John Milton, and James Joyce, have all drawn heavily on classical themes and motifs.",2349,,,
11, Wikipedia_Exp_13.04,Wikipedia_Exp_13.04,50,Male,sg_1776080139803_b31t6f,clumpy,2,,art_history,high-art-history,How do ancient works of art play a role in contemporary society?,paste,2026-04-13T11:48:58.476Z,,,,,,,,,,,Poetry,6,,,
11, Wikipedia_Exp_13.04,Wikipedia_Exp_13.04,50,Male,sg_1776080139803_b31t6f,clumpy,2,,art_history,high-art-history,How do ancient works of art play a role in contemporary society?,paste,2026-04-13T11:49:27.711Z,,,,,,,,,,,"At the beginning of Greek literature stand the two monumental works: the Iliad and the Odyssey.[9]: 1–3  Although the works as they now stand are credited to a single poet named Homer, both of these works were based on ancient legends, and it is certain that their roots reach far back before his time",301,,,
11, Wikipedia_Exp_13.04,Wikipedia_Exp_13.04,50,Male,sg_1776080139803_b31t6f,clumpy,2,,art_history,high-art-history,How do ancient works of art play a role in contemporary society?,paste,2026-04-13T11:49:32.949Z,,,,,,,,,,,Lyric poetry,12,,,
11, Wikipedia_Exp_13.04,Wikipedia_Exp_13.04,50,Male,sg_1776080139803_b31t6f,clumpy,2,,art_history,high-art-history,How do ancient works of art play a role in contemporary society?,paste,2026-04-13T11:49:36.771Z,,,,,,,,,,,received its name from the fact that it was originally sung by individuals or a chorus accompanied by the instrument called the lyre. Lyric poems often employed highly varied poetic meters.,189,,,
11, Wikipedia_Exp_13.04,Wikipedia_Exp_13.04,50,Male,sg_1776080139803_b31t6f,clumpy,2,,art_history,high-art-history,How do ancient works of art play a role in contemporary society?,paste,2026-04-13T11:49:47.858Z,,,,,,,,,,,Drama,5,,,
11, Wikipedia_Exp_13.04,Wikipedia_Exp_13.04,50,Male,sg_1776080139803_b31t6f,clumpy,2,,art_history,high-art-history,How do ancient works of art play a role in contemporary society?,paste,2026-04-13T11:49:58.091Z,,,,,,,,,,,"All surviving works of Greek drama were composed by playwrights from Athens and are written exclusively in the Attic dialect.[39] Choral performances were a common tradition in all Greek city-states.[39] The Athenians credited a man named Thespis with having invented drama[39] by introducing the first actor, whose primary purpose was to interact with the leader of the chorus.[40] Later playwrights expanded the number of actors to three, allowing for greater freedom in storytelling.[41]",490,,,
11, Wikipedia_Exp_13.04,Wikipedia_Exp_13.04,50,Male,sg_1776080139803_b31t6f,clumpy,2,,art_history,high-art-history,How do ancient works of art play a role in contemporary society?,paste,2026-04-13T11:50:02.877Z,,,,,,,,,,,Tragedy,7,,,
11, Wikipedia_Exp_13.04,Wikipedia_Exp_13.04,50,Male,sg_1776080139803_b31t6f,clumpy,2,,art_history,high-art-history,How do ancient works of art play a role in contemporary society?,paste,2026-04-13T11:50:13.162Z,,,,,,,,,,,"In the age that followed the Greco-Persian Wars, the awakened national spirit of Athens was expressed in hundreds of tragedies based on heroic and legendary themes of the past. The tragic plays grew out of simple choral songs and dialogues performed at festivals of the god Dionysus. In the classical period, performances included three tragedies and one pastoral drama, depicting four different episodes of the same myth. Wealthy citizens were chosen to bear the expense of costuming and training the chorus as a public and religious duty. Attendance at the festival performances was regarded as an act of worship. Performances were held in the great open-air theater of Dionysus in Athens. The poets competed for the prizes offered for the best plays.[42]

All fully surviving Greek tragedies are conventionally attributed to Aeschylus, Sophocles or Euripides. The authorship of Prometheus Bound, which is traditionally attributed to Aeschylus,[43] and Rhesus, which is traditionally attributed to Euripides, are, however, questioned.[44]",1042,,,
11, Wikipedia_Exp_13.04,Wikipedia_Exp_13.04,50,Male,sg_1776080139803_b31t6f,clumpy,2,,art_history,high-art-history,How do ancient works of art play a role in contemporary society?,paste,2026-04-13T11:50:21.990Z,,,,,,,,,,,Comedy,6,,,
11, Wikipedia_Exp_13.04,Wikipedia_Exp_13.04,50,Male,sg_1776080139803_b31t6f,clumpy,2,,art_history,high-art-history,How do ancient works of art play a role in contemporary society?,paste,2026-04-13T11:50:27.136Z,,,,,,,,,,,"Like tragedy, comedy arose from a ritual in honor of Dionysus, but in this case the plays were full of frank obscenity, abuse, and insult. At Athens, the comedies became an official part of the festival celebration in 486 BC, and prizes were offered for the best productions. As with the tragedians, few works remain of the great comedic writers.",346,,,
11, Wikipedia_Exp_13.04,Wikipedia_Exp_13.04,50,Male,sg_1776080139803_b31t6f,clumpy,2,,art_history,high-art-history,How do ancient works of art play a role in contemporary society?,paste,2026-04-13T11:50:37.519Z,,,,,,,,,,,"Satyr plays
The third dramatic genre was the satyr play. Although the genre was popular, only one complete example of a satyr play has survived: Cyclops by Euripides.[55] Large portions of a second satyr play, Ichneutae by Sophocles, have been recovered from the site of Oxyrhynchus in Egypt among the Oxyrhynchus Papyri.[56]",326,,,
11, Wikipedia_Exp_13.04,Wikipedia_Exp_13.04,50,Male,sg_1776080139803_b31t6f,clumpy,2,,art_history,high-art-history,How do ancient works of art play a role in contemporary society?,search,2026-04-13T11:50:50.719Z,,,,,,contem,,,,,,,,,
11, Wikipedia_Exp_13.04,Wikipedia_Exp_13.04,50,Male,sg_1776080139803_b31t6f,clumpy,2,,art_history,high-art-history,How do ancient works of art play a role in contemporary society?,search,2026-04-13T11:50:50.942Z,,,,,,contemp,,,,,,,,,
11, Wikipedia_Exp_13.04,Wikipedia_Exp_13.04,50,Male,sg_1776080139803_b31t6f,clumpy,2,,art_history,high-art-history,How do ancient works of art play a role in contemporary society?,search,2026-04-13T11:50:51.896Z,,,,,,contemporary,,,,,,,,,
11, Wikipedia_Exp_13.04,Wikipedia_Exp_13.04,50,Male,sg_1776080139803_b31t6f,clumpy,2,,art_history,high-art-history,How do ancient works of art play a role in contemporary society?,search,2026-04-13T11:50:53.968Z,,,,,,contemporary ,,,,,,,,,
11, Wikipedia_Exp_13.04,Wikipedia_Exp_13.04,50,Male,sg_1776080139803_b31t6f,clumpy,2,,art_history,high-art-history,How do ancient works of art play a role in contemporary society?,search,2026-04-13T11:50:54.423Z,,,,,,contemporary s,,,,,,,,,
11, Wikipedia_Exp_13.04,Wikipedia_Exp_13.04,50,Male,sg_1776080139803_b31t6f,clumpy,2,,art_history,high-art-history,How do ancient works of art play a role in contemporary society?,search,2026-04-13T11:50:55.724Z,,,,,,contemporary soci,,,,,,,,,
11, Wikipedia_Exp_13.04,Wikipedia_Exp_13.04,50,Male,sg_1776080139803_b31t6f,clumpy,2,,art_history,high-art-history,How do ancient works of art play a role in contemporary society?,search,2026-04-13T11:50:56.962Z,,,,,,contemporary socie,,,,,,,,,
11, Wikipedia_Exp_13.04,Wikipedia_Exp_13.04,50,Male,sg_1776080139803_b31t6f,clumpy,2,,art_history,high-art-history,How do ancient works of art play a role in contemporary society?,search,2026-04-13T11:50:58.405Z,,,,,,contemporary society,,,,,,,,,
11, Wikipedia_Exp_13.04,Wikipedia_Exp_13.04,50,Male,sg_1776080139803_b31t6f,clumpy,2,,art_history,high-art-history,How do ancient works of art play a role in contemporary society?,article_open,2026-04-13T11:51:00.679Z,Contemporary_Art_Society,Contemporary Art Society,,2501,search,,,,,,,,,,
11, Wikipedia_Exp_13.04,Wikipedia_Exp_13.04,50,Male,sg_1776080139803_b31t6f,clumpy,2,,art_history,high-art-history,How do ancient works of art play a role in contemporary society?,paste,2026-04-13T11:51:48.520Z,,,,,,,,,,,"The Contemporary Art Society (CAS) is a British charity founded in 1910 that champions the collecting of outstanding contemporary art and craft for museum collections in the UK. From the 1930s until around 1989, the society also donated works to Commonwealth museums,[1] but since 1989 the focus has remained exclusively on UK institutions.

Each year, the CAS donates works of modern and contemporary art to more than 70 museums and public galleries in the UK, which subscribe as Museum Members. Notable acquisitions have included the first works by Paul Gauguin (1917), Dame Barbara Hepworth (1931), Pablo Picasso (1933), Henri Matisse (1935), Francis Bacon (1952), Sir Anthony Caro (1965), Sir Antony Gormley (1981) and Damien Hirst (1992) to enter UK public collections. More recent acquisitions have included works by 2016 Turner Prize winner Helen Marten in 2012, Phyllida Barlow in the same year and in 2016 the first works by Glenn Brown and Kader Attia to enter a UK museum collection.

Funding",1007,,,
11, Wikipedia_Exp_13.04,Wikipedia_Exp_13.04,50,Male,sg_1776080139803_b31t6f,clumpy,2,,art_history,high-art-history,How do ancient works of art play a role in contemporary society?,paste,2026-04-13T11:52:05.778Z,,,,,,,,,,,"The Contemporary Art Society was established by seven prominent individuals whose vision it was to do for contemporary art what the National Art Collections Fund, founded in 1903, was doing for art of earlier periods.

An inaugural meeting took place on the morning of 9 April 1909 at 44 Bedford Square, London, the home of Philip Morrell, and was attended by Charles Aitken, Director of the Whitechapel Art Gallery; Roger Fry, painter/critic and curator of Metropolitan Museum of Art, New York; Charles J Holmes, painter/critic and Director of the National Portrait Gallery; Ernest Marsh, expert on Martinware pottery; DS MacColl, painter/critic and the first Keeper of the Tate Gallery's collection; Philip Morrell, a Liberal MP and Lady Ottoline Morrell, patron of the arts.

Lady Ottoline Morrell recorded in her diary after that first meeting:

""…. I feel strongly that every penny one can save ought to be given to young artists. At least, we who really feel the beauty and wonder of art ought to help them.  There are heaps of people who understand philanthropy…. and young creators have such a terrible struggle.""

It was not until 18 May 1910 that the name of the Contemporary Art Society was settled upon. 1910 also saw its first purchase, Augustus John's Smiling Woman, 1908–09, which was presented to Tate in 1917. First public collections to join the CAS as members were the Ulster Museum, Belfast; New Walk Museum & Art Gallery, Leicester; and Manchester Art Gallery, all in 1912.

The Contemporary Art Society laid the foundation of the Tate's modern collection in the early years of the organisation.[2] In 1917 Tate was reconstituted in its dual capacity as the National Gallery of British Art, with special responsibility for modern British art, and for the first time as the National Gallery of Modern Foreign Art. At this period the Tate had no government grant, so the acquisition of modern art had to be financed out of small private funds. The largest of these was the Chantrey Bequest, which was controlled by the Council of the Royal Academy and had very conservative taste.  It was left to the CAS to see that some more adventurous work by British artists came into the Tate collection. In the 1920s this meant mainly Camden Town and Bloomsbury painting and the artists who showed with the London Group.[3]",2342,,,
11, Wikipedia_Exp_13.04,Wikipedia_Exp_13.04,50,Male,sg_1776080139803_b31t6f,clumpy,2,,art_history,high-art-history,How do ancient works of art play a role in contemporary society?,paste,2026-04-13T11:52:13.527Z,,,,,,,,,,,"ARTfutures
In 1984 the annual Contemporary Art Society Art Market was staged for the first time, later to become ARTfutures. Between 1984 and 1993 these were held at Smith's Gallery in Covent Garden, supported by ""The Queen of Covent Garden"" Christina Smith.[9] ARTfutures sold works by emerging artists selected by CAS curators, with the commission raising funds for the society. It gained sponsorship from Bloomberg from 2002 and was subsequently held at Bloomberg Space in London until its final edition in 2002.",516,,,
11, Wikipedia_Exp_13.04,Wikipedia_Exp_13.04,50,Male,sg_1776080139803_b31t6f,clumpy,2,,art_history,high-art-history,How do ancient works of art play a role in contemporary society?,paste,2026-04-13T11:52:23.463Z,,,,,,,,,,,"Contemporary Art Society Consultancy is an art advisory service for corporate clients and including companies, developers, hospitals, local authorities and universities. The consultancy curates public art projects, manage corporate art collections and produce cultural strategies for developers and local authorities.[15] The fees charged for these services support the charitable mission of the society.

The Contemporary Art Society's consultancy services originated in 1976 through a corporate membership scheme set up by Pauline Vogelpoel, then Organising Secretary of the society, and its President, Nancy Balfour. Balfour proposed that companies might buy experimental works for presentation, while the Society would reciprocate with loans or advice on purchases of art for their collections. [minutes, 23/02/1976] Vogelpoel helped Mobil to buy prints for its new London building, which brought the Society a donation of £1,000. In 1977, the first important corporate contact was established with De Beers, and in 1988 Consultancy Art Society Projects was formally created. During the 1980s, the CAS became a major advisor to corporate art collections, working with, among others, ICI, Unilever, and Stanhope Properties plc.

In recent years the business has expanded to include public art projects and cultural strategies, alongside its corporate clients. These have included commissions at Heathrow Terminal 5, the Olympic Park in London and a series of works by artists including Mark Wallinger and Richard Wilson for the LSE. In 2017 the CAS managed the commissioning of a new public monument by Gillian Wearing OBE depicting suffragist leader Dame Millicent Fawcett (1847–1929), the first-ever monument of a woman, created by a woman, to be sited in Parliament Square. CAS Consultancy also managed the commission of a major work at the Supreme Court in London by Catherine Yass in 2019, celebrating 100 years of women in law.

In 2012 the Contemporary Art Society Consultancy developed its first public art strategy for Cambridge University's North West Cambridge development, a 15-year programme of commissioning temporary and permanent projects. Other major cultural strategies since then have included country-wide public art guidelines for Qatar, the City of London's Culture Mile and a placemaking strategy for the Royal Docks in London.",2359,,,
11, Wikipedia_Exp_13.04,Wikipedia_Exp_13.04,50,Male,sg_1776080139803_b31t6f,clumpy,2,,art_history,high-art-history,How do ancient works of art play a role in contemporary society?,back_navigation,2026-04-13T11:52:48.332Z,Ancient_Greek_literature,,Contemporary_Art_Society,,,,,,,,,,,,
11, Wikipedia_Exp_13.04,Wikipedia_Exp_13.04,50,Male,sg_1776080139803_b31t6f,clumpy,2,,art_history,high-art-history,How do ancient works of art play a role in contemporary society?,article_open,2026-04-13T11:52:48.501Z,Ancient_Greek_literature,Ancient Greek literature,,10739,back,,,,,,,,,,
11, Wikipedia_Exp_13.04,Wikipedia_Exp_13.04,50,Male,sg_1776080139803_b31t6f,clumpy,2,,art_history,high-art-history,How do ancient works of art play a role in contemporary society?,task_end,2026-04-13T11:58:18.183Z,,,,,,,,,"Ancient Greek literature is literature written in the Ancient Greek language from the earliest texts until the time of the Byzantine Empire. The earliest surviving works of ancient Greek literature, dating back to the early Archaic period, are the two epic poems the Iliad and the Odyssey, set in an idealized archaic past today identified as having some relation to the Mycenaean era. These two epics, along with the Homeric Hymns and the two poems of Hesiod, the Theogony and Works and Days, constituted the major foundations of the Greek literary tradition that would continue into the Classical, Hellenistic, and Roman periods.

The lyric poets Sappho, Alcaeus, and Pindar were highly influential during the early development of the Greek poetic tradition. Aeschylus is the earliest Greek tragic playwright for whom any plays have survived complete. Sophocles is famous for his tragedies about Oedipus, particularly Oedipus the King and Antigone. Euripides is known for his plays which often pushed the boundaries of the tragic genre. The comedic playwright Aristophanes wrote in the genre of Old Comedy, while the later playwright Menander was an early pioneer of New Comedy. The historians Herodotus of Halicarnassus and Thucydides, who both lived during the fifth century BC, wrote accounts of events that happened shortly before and during their own lifetimes. The philosopher Plato wrote dialogues, usually centered around his teacher Socrates, dealing with various philosophical subjects, whereas his student Aristotle wrote numerous treatises, which later became highly influential.[1][2]

Important later writers included Apollonius of Rhodes, who wrote The Argonautica, an epic poem about the voyage of the Argonauts; Archimedes, who wrote groundbreaking mathematical treatises; and Plutarch, who wrote mainly biographies and essays. The second-century AD writer Lucian of Samosata was a Greek, who wrote primarily works of satire.[3] Ancient Greek literature has had a profound impact on later Greek literature and also on western literature at large. In particular, many ancient Roman authors drew inspiration from their Greek predecessors. Ever since the Renaissance, European authors in general, including Dante Alighieri, William Shakespeare, John Milton, and James Joyce, have all drawn heavily on classical themes and motifs.

Poetry: At the beginning of Greek literature stand the two monumental works: the Iliad and the Odyssey.[9]: 1–3  Although the works as they now stand are credited to a single poet named Homer, both of these works were based on ancient legends, and it is certain that their roots reach far back before his time

Lyric poetry received its name from the fact that it was originally sung by individuals or a chorus accompanied by the instrument called the lyre. Lyric poems often employed highly varied poetic meters.

Drama: All surviving works of Greek drama were composed by playwrights from Athens and are written exclusively in the Attic dialect.[39] Choral performances were a common tradition in all Greek city-states.[39] The Athenians credited a man named Thespis with having invented drama[39] by introducing the first actor, whose primary purpose was to interact with the leader of the chorus.[40] Later playwrights expanded the number of actors to three, allowing for greater freedom in storytelling.[41]

Tragedy: In the age that followed the Greco-Persian Wars, the awakened national spirit of Athens was expressed in hundreds of tragedies based on heroic and legendary themes of the past. The tragic plays grew out of simple choral songs and dialogues performed at festivals of the god Dionysus. In the classical period, performances included three tragedies and one pastoral drama, depicting four different episodes of the same myth. Wealthy citizens were chosen to bear the expense of costuming and training the chorus as a public and religious duty. Attendance at the festival performances was regarded as an act of worship. Performances were held in the great open-air theater of Dionysus in Athens. The poets competed for the prizes offered for the best plays.[42]

All fully surviving Greek tragedies are conventionally attributed to Aeschylus, Sophocles or Euripides. The authorship of Prometheus Bound, which is traditionally attributed to Aeschylus,[43] and Rhesus, which is traditionally attributed to Euripides, are, however, questioned.[44]

Comedy: Like tragedy, comedy arose from a ritual in honor of Dionysus, but in this case the plays were full of frank obscenity, abuse, and insult. At Athens, the comedies became an official part of the festival celebration in 486 BC, and prizes were offered for the best productions. As with the tragedians, few works remain of the great comedic writers.

Satyr plays
The third dramatic genre was the satyr play. Although the genre was popular, only one complete example of a satyr play has survived: Cyclops by Euripides.[55] Large portions of a second satyr play, Ichneutae by Sophocles, have been recovered from the site of Oxyrhynchus in Egypt among the Oxyrhynchus Papyri.[56]

These all can be seen in today's culture in current dialect and form to the human lifestyles.

The Contemporary Art Society (CAS) is a British charity founded in 1910 that champions the collecting of outstanding contemporary art and craft for museum collections in the UK. From the 1930s until around 1989, the society also donated works to Commonwealth museums,[1] but since 1989 the focus has remained exclusively on UK institutions.

Each year, the CAS donates works of modern and contemporary art to more than 70 museums and public galleries in the UK, which subscribe as Museum Members. Notable acquisitions have included the first works by Paul Gauguin (1917), Dame Barbara Hepworth (1931), Pablo Picasso (1933), Henri Matisse (1935), Francis Bacon (1952), Sir Anthony Caro (1965), Sir Antony Gormley (1981) and Damien Hirst (1992) to enter UK public collections. More recent acquisitions have included works by 2016 Turner Prize winner Helen Marten in 2012, Phyllida Barlow in the same year and in 2016 the first works by Glenn Brown and Kader Attia to enter a UK museum collection.

The Contemporary Art Society was established by seven prominent individuals whose vision it was to do for contemporary art what the National Art Collections Fund, founded in 1903, was doing for art of earlier periods.

An inaugural meeting took place on the morning of 9 April 1909 at 44 Bedford Square, London, the home of Philip Morrell, and was attended by Charles Aitken, Director of the Whitechapel Art Gallery; Roger Fry, painter/critic and curator of Metropolitan Museum of Art, New York; Charles J Holmes, painter/critic and Director of the National Portrait Gallery; Ernest Marsh, expert on Martinware pottery; DS MacColl, painter/critic and the first Keeper of the Tate Gallery's collection; Philip Morrell, a Liberal MP and Lady Ottoline Morrell, patron of the arts.

Lady Ottoline Morrell recorded in her diary after that first meeting:

""…. I feel strongly that every penny one can save ought to be given to young artists. At least, we who really feel the beauty and wonder of art ought to help them.  There are heaps of people who understand philanthropy…. and young creators have such a terrible struggle.""

It was not until 18 May 1910 that the name of the Contemporary Art Society was settled upon. 1910 also saw its first purchase, Augustus John's Smiling Woman, 1908–09, which was presented to Tate in 1917. First public collections to join the CAS as members were the Ulster Museum, Belfast; New Walk Museum & Art Gallery, Leicester; and Manchester Art Gallery, all in 1912.

The Contemporary Art Society laid the foundation of the Tate's modern collection in the early years of the organisation.[2] In 1917 Tate was reconstituted in its dual capacity as the National Gallery of British Art, with special responsibility for modern British art, and for the first time as the National Gallery of Modern Foreign Art. At this period the Tate had no government grant, so the acquisition of modern art had to be financed out of small private funds. The largest of these was the Chantrey Bequest, which was controlled by the Council of the Royal Academy and had very conservative taste.  It was left to the CAS to see that some more adventurous work by British artists came into the Tate collection. In the 1920s this meant mainly Camden Town and Bloomsbury painting and the artists who showed with the London Group.[3]

ARTfutures
In 1984 the annual Contemporary Art Society Art Market was staged for the first time, later to become ARTfutures. Between 1984 and 1993 these were held at Smith's Gallery in Covent Garden, supported by ""The Queen of Covent Garden"" Christina Smith.[9] ARTfutures sold works by emerging artists selected by CAS curators, with the commission raising funds for the society. It gained sponsorship from Bloomberg from 2002 and was subsequently held at Bloomberg Space in London until its final edition in 2002.

Contemporary Art Society Consultancy is an art advisory service for corporate clients and including companies, developers, hospitals, local authorities and universities. The consultancy curates public art projects, manage corporate art collections and produce cultural strategies for developers and local authorities.[15] The fees charged for these services support the charitable mission of the society.

The Contemporary Art Society's consultancy services originated in 1976 through a corporate membership scheme set up by Pauline Vogelpoel, then Organising Secretary of the society, and its President, Nancy Balfour. Balfour proposed that companies might buy experimental works for presentation, while the Society would reciprocate with loans or advice on purchases of art for their collections. [minutes, 23/02/1976] Vogelpoel helped Mobil to buy prints for its new London building, which brought the Society a donation of £1,000. In 1977, the first important corporate contact was established with De Beers, and in 1988 Consultancy Art Society Projects was formally created. During the 1980s, the CAS became a major advisor to corporate art collections, working with, among others, ICI, Unilever, and Stanhope Properties plc.

In recent years the business has expanded to include public art projects and cultural strategies, alongside its corporate clients. These have included commissions at Heathrow Terminal 5, the Olympic Park in London and a series of works by artists including Mark Wallinger and Richard Wilson for the LSE. In 2017 the CAS managed the commissioning of a new public monument by Gillian Wearing OBE depicting suffragist leader Dame Millicent Fawcett (1847–1929), the first-ever monument of a woman, created by a woman, to be sited in Parliament Square. CAS Consultancy also managed the commission of a major work at the Supreme Court in London by Catherine Yass in 2019, celebrating 100 years of women in law.

In 2012 the Contemporary Art Society Consultancy developed its first public art strategy for Cambridge University's North West Cambridge development, a 15-year programme of commissioning temporary and permanent projects. Other major cultural strategies since then have included country-wide public art guidelines for Qatar, the City of London's Culture Mile and a placemaking strategy for the Royal Docks in London.",11390,,,,,
13, Wikipedia_Exp_13.04,Wikipedia_Exp_13.04,34,Female,sg_1776081219118_jecknh,clumpy,0,1,practice,practice-capybaras,What do Capybaras eat?,attention_check_pass,2026-04-13T11:56:01.682Z,,,,,,,,,,,,,,,attempt_1
13, Wikipedia_Exp_13.04,Wikipedia_Exp_13.04,34,Female,sg_1776081219118_jecknh,clumpy,0,1,practice,practice-capybaras,What do Capybaras eat?,familiarity_rating,2026-04-13T11:56:29.534Z,,,,,,,,,,,,,4,5,
13, Wikipedia_Exp_13.04,Wikipedia_Exp_13.04,34,Female,sg_1776081219118_jecknh,clumpy,0,1,practice,practice-capybaras,What do Capybaras eat?,article_open,2026-04-13T11:56:30.390Z,Capybara,Capybara,,4650,,,,,,,,,,,
13, Wikipedia_Exp_13.04,Wikipedia_Exp_13.04,34,Female,sg_1776081219118_jecknh,clumpy,0,1,practice,practice-capybaras,What do Capybaras eat?,search,2026-04-13T11:57:16.025Z,,,,,,what ,,,,,,,,,
13, Wikipedia_Exp_13.04,Wikipedia_Exp_13.04,34,Female,sg_1776081219118_jecknh,clumpy,0,1,practice,practice-capybaras,What do Capybaras eat?,search,2026-04-13T11:57:17.931Z,,,,,,what ty,,,,,,,,,
13, Wikipedia_Exp_13.04,Wikipedia_Exp_13.04,34,Female,sg_1776081219118_jecknh,clumpy,0,1,practice,practice-capybaras,What do Capybaras eat?,search,2026-04-13T11:57:19.320Z,,,,,,what types of ,,,,,,,,,
13, Wikipedia_Exp_13.04,Wikipedia_Exp_13.04,34,Female,sg_1776081219118_jecknh,clumpy,0,1,practice,practice-capybaras,What do Capybaras eat?,search,2026-04-13T11:57:21.235Z,,,,,,what types of food ,,,,,,,,,
13, Wikipedia_Exp_13.04,Wikipedia_Exp_13.04,34,Female,sg_1776081219118_jecknh,clumpy,0,1,practice,practice-capybaras,What do Capybaras eat?,search,2026-04-13T11:57:26.094Z,,,,,,what types of food do ,,,,,,,,,
13, Wikipedia_Exp_13.04,Wikipedia_Exp_13.04,34,Female,sg_1776081219118_jecknh,clumpy,0,1,practice,practice-capybaras,What do Capybaras eat?,search,2026-04-13T11:57:26.646Z,,,,,,what types of food do c,,,,,,,,,
13, Wikipedia_Exp_13.04,Wikipedia_Exp_13.04,34,Female,sg_1776081219118_jecknh,clumpy,0,1,practice,practice-capybaras,What do Capybaras eat?,search,2026-04-13T11:57:27.702Z,,,,,,what types of food do ca,,,,,,,,,
13, Wikipedia_Exp_13.04,Wikipedia_Exp_13.04,34,Female,sg_1776081219118_jecknh,clumpy,0,1,practice,practice-capybaras,What do Capybaras eat?,search,2026-04-13T11:57:28.226Z,,,,,,what types of food do cap,,,,,,,,,
13, Wikipedia_Exp_13.04,Wikipedia_Exp_13.04,34,Female,sg_1776081219118_jecknh,clumpy,0,1,practice,practice-capybaras,What do Capybaras eat?,search,2026-04-13T11:57:28.459Z,,,,,,what types of food do capy,,,,,,,,,
13, Wikipedia_Exp_13.04,Wikipedia_Exp_13.04,34,Female,sg_1776081219118_jecknh,clumpy,0,1,practice,practice-capybaras,What do Capybaras eat?,search,2026-04-13T11:57:30.375Z,,,,,,what types of food do capybar,,,,,,,,,
13, Wikipedia_Exp_13.04,Wikipedia_Exp_13.04,34,Female,sg_1776081219118_jecknh,clumpy,0,1,practice,practice-capybaras,What do Capybaras eat?,search,2026-04-13T11:57:31.163Z,,,,,,what types of food do capybaras,,,,,,,,,
13, Wikipedia_Exp_13.04,Wikipedia_Exp_13.04,34,Female,sg_1776081219118_jecknh,clumpy,0,1,practice,practice-capybaras,What do Capybaras eat?,search,2026-04-13T11:57:31.534Z,,,,,,what types of food do capybaras ,,,,,,,,,
13, Wikipedia_Exp_13.04,Wikipedia_Exp_13.04,34,Female,sg_1776081219118_jecknh,clumpy,0,1,practice,practice-capybaras,What do Capybaras eat?,search,2026-04-13T11:57:32.055Z,,,,,,what types of food do capybaras e,,,,,,,,,
13, Wikipedia_Exp_13.04,Wikipedia_Exp_13.04,34,Female,sg_1776081219118_jecknh,clumpy,0,1,practice,practice-capybaras,What do Capybaras eat?,search,2026-04-13T11:57:32.583Z,,,,,,what types of food do capybaras eat,,,,,,,,,
13, Wikipedia_Exp_13.04,Wikipedia_Exp_13.04,34,Female,sg_1776081219118_jecknh,clumpy,0,1,practice,practice-capybaras,What do Capybaras eat?,search,2026-04-13T11:57:33.611Z,,,,,,what types of food do capybaras eat?,,,,,,,,,
13, Wikipedia_Exp_13.04,Wikipedia_Exp_13.04,34,Female,sg_1776081219118_jecknh,clumpy,0,1,practice,practice-capybaras,What do Capybaras eat?,paste,2026-04-13T11:58:19.981Z,,,,,,,,,,,"Capybaras are herbivores, grazing mainly on grasses and aquatic plants,[14][24] as well as fruit and tree bark.[",112,,,
13, Wikipedia_Exp_13.04,Wikipedia_Exp_13.04,34,Female,sg_1776081219118_jecknh,clumpy,0,1,practice,practice-capybaras,What do Capybaras eat?,paste,2026-04-13T11:58:47.056Z,,,,,,,,,,,"They are very selective feeders[25] and feed on the leaves of one species and disregard other species surrounding it. They eat a greater variety of plants during the dry season, as fewer plants are available. ",209,,,
13, Wikipedia_Exp_13.04,Wikipedia_Exp_13.04,34,Female,sg_1776081219118_jecknh,clumpy,0,1,practice,practice-capybaras,What do Capybaras eat?,paste,2026-04-13T11:59:44.226Z,,,,,,,,,,,"Plants that capybaras eat during the summer lose their nutritional value in the winter, so they are not consumed at that time.",126,,,
13, Wikipedia_Exp_13.04,Wikipedia_Exp_13.04,34,Female,sg_1776081219118_jecknh,clumpy,0,1,practice,practice-capybaras,What do Capybaras eat?,task_end,2026-04-13T12:01:29.995Z,,,,,,,,,"Capybaras are herbivores, grazing mainly on grasses and aquatic plants,[14][24] as well as fruit and tree bark. They are very selective feeders[25] and feed on the leaves of one species and disregard other species surrounding it. They eat a greater variety of plants during the dry season, as fewer plants are available. Plants that capybaras eat during the summer lose their nutritional value in the winter, so they are not consumed at that time.",447,,,,,
13, Wikipedia_Exp_13.04,Wikipedia_Exp_13.04,34,Female,sg_1776081219118_jecknh,clumpy,1,,art_history,high-art-history,How do ancient works of art play a role in contemporary society?,familiarity_rating,2026-04-13T12:01:49.994Z,,,,,,,,,,,,,2,4,
13, Wikipedia_Exp_13.04,Wikipedia_Exp_13.04,34,Female,sg_1776081219118_jecknh,clumpy,1,,art_history,high-art-history,How do ancient works of art play a role in contemporary society?,search,2026-04-13T12:02:02.284Z,,,,,,how do,,,,,,,,,
13, Wikipedia_Exp_13.04,Wikipedia_Exp_13.04,34,Female,sg_1776081219118_jecknh,clumpy,1,,art_history,high-art-history,How do ancient works of art play a role in contemporary society?,search,2026-04-13T12:02:02.854Z,,,,,,how do ,,,,,,,,,
13, Wikipedia_Exp_13.04,Wikipedia_Exp_13.04,34,Female,sg_1776081219118_jecknh,clumpy,1,,art_history,high-art-history,How do ancient works of art play a role in contemporary society?,search,2026-04-13T12:02:03.594Z,,,,,,how do a,,,,,,,,,
13, Wikipedia_Exp_13.04,Wikipedia_Exp_13.04,34,Female,sg_1776081219118_jecknh,clumpy,1,,art_history,high-art-history,How do ancient works of art play a role in contemporary society?,search,2026-04-13T12:02:05.028Z,,,,,,how do ancient ,,,,,,,,,
13, Wikipedia_Exp_13.04,Wikipedia_Exp_13.04,34,Female,sg_1776081219118_jecknh,clumpy,1,,art_history,high-art-history,How do ancient works of art play a role in contemporary society?,search,2026-04-13T12:02:07.964Z,,,,,,how do ancient a,,,,,,,,,
13, Wikipedia_Exp_13.04,Wikipedia_Exp_13.04,34,Female,sg_1776081219118_jecknh,clumpy,1,,art_history,high-art-history,How do ancient works of art play a role in contemporary society?,search,2026-04-13T12:02:08.949Z,,,,,,how do ancient art ,,,,,,,,,
13, Wikipedia_Exp_13.04,Wikipedia_Exp_13.04,34,Female,sg_1776081219118_jecknh,clumpy,1,,art_history,high-art-history,How do ancient works of art play a role in contemporary society?,search,2026-04-13T12:02:10.048Z,,,,,,how do ancient art play ,,,,,,,,,
13, Wikipedia_Exp_13.04,Wikipedia_Exp_13.04,34,Female,sg_1776081219118_jecknh,clumpy,1,,art_history,high-art-history,How do ancient works of art play a role in contemporary society?,search,2026-04-13T12:02:13.815Z,,,,,,how do ancient art play a role in ,,,,,,,,,
13, Wikipedia_Exp_13.04,Wikipedia_Exp_13.04,34,Female,sg_1776081219118_jecknh,clumpy,1,,art_history,high-art-history,How do ancient works of art play a role in contemporary society?,search,2026-04-13T12:02:15.664Z,,,,,,how do ancient art play a role in contem,,,,,,,,,
13, Wikipedia_Exp_13.04,Wikipedia_Exp_13.04,34,Female,sg_1776081219118_jecknh,clumpy,1,,art_history,high-art-history,How do ancient works of art play a role in contemporary society?,search,2026-04-13T12:02:17.329Z,,,,,,how do ancient art play a role in contempo,,,,,,,,,
13, Wikipedia_Exp_13.04,Wikipedia_Exp_13.04,34,Female,sg_1776081219118_jecknh,clumpy,1,,art_history,high-art-history,How do ancient works of art play a role in contemporary society?,search,2026-04-13T12:02:17.643Z,,,,,,how do ancient art play a role in contempor,,,,,,,,,
13, Wikipedia_Exp_13.04,Wikipedia_Exp_13.04,34,Female,sg_1776081219118_jecknh,clumpy,1,,art_history,high-art-history,How do ancient works of art play a role in contemporary society?,search,2026-04-13T12:02:18.764Z,,,,,,how do ancient art play a role in contemporary ,,,,,,,,,
13, Wikipedia_Exp_13.04,Wikipedia_Exp_13.04,34,Female,sg_1776081219118_jecknh,clumpy,1,,art_history,high-art-history,How do ancient works of art play a role in contemporary society?,search,2026-04-13T12:02:19.730Z,,,,,,how do ancient art play a role in contemporary socie,,,,,,,,,
13, Wikipedia_Exp_13.04,Wikipedia_Exp_13.04,34,Female,sg_1776081219118_jecknh,clumpy,1,,art_history,high-art-history,How do ancient works of art play a role in contemporary society?,search,2026-04-13T12:02:20.483Z,,,,,,how do ancient art play a role in contemporary society,,,,,,,,,
13, Wikipedia_Exp_13.04,Wikipedia_Exp_13.04,34,Female,sg_1776081219118_jecknh,clumpy,1,,art_history,high-art-history,How do ancient works of art play a role in contemporary society?,search,2026-04-13T12:02:22.175Z,,,,,,how do ancient art play a role in contemporary society?,,,,,,,,,
13, Wikipedia_Exp_13.04,Wikipedia_Exp_13.04,34,Female,sg_1776081219118_jecknh,clumpy,1,,art_history,high-art-history,How do ancient works of art play a role in contemporary society?,search,2026-04-13T12:02:36.953Z,,,,,,how do ancient work art play a role in contemporary society?,,,,,,,,,
13, Wikipedia_Exp_13.04,Wikipedia_Exp_13.04,34,Female,sg_1776081219118_jecknh,clumpy,1,,art_history,high-art-history,How do ancient works of art play a role in contemporary society?,search,2026-04-13T12:02:39.306Z,,,,,,how do ancient work of art play a role in contemporary society?,,,,,,,,,
13, Wikipedia_Exp_13.04,Wikipedia_Exp_13.04,34,Female,sg_1776081219118_jecknh,clumpy,1,,art_history,high-art-history,How do ancient works of art play a role in contemporary society?,search,2026-04-13T12:02:40.117Z,,,,,,how do ancient work of art play a role in contemporary society?,,,,,,,,,
13, Wikipedia_Exp_13.04,Wikipedia_Exp_13.04,34,Female,sg_1776081219118_jecknh,clumpy,1,,art_history,high-art-history,How do ancient works of art play a role in contemporary society?,article_open,2026-04-13T12:02:46.804Z,The_Work_of_Art_in_the_Age_of_Mechanical_Reproduction,The Work of Art in the Age of Mechanical Reproduction,,3684,search,,,,,,,,,,
13, Wikipedia_Exp_13.04,Wikipedia_Exp_13.04,34,Female,sg_1776081219118_jecknh,clumpy,1,,art_history,high-art-history,How do ancient works of art play a role in contemporary society?,search,2026-04-13T12:04:03.187Z,,,,,,a,,,,,,,,,
13, Wikipedia_Exp_13.04,Wikipedia_Exp_13.04,34,Female,sg_1776081219118_jecknh,clumpy,1,,art_history,high-art-history,How do ancient works of art play a role in contemporary society?,search,2026-04-13T12:04:03.959Z,,,,,,ancient,,,,,,,,,
13, Wikipedia_Exp_13.04,Wikipedia_Exp_13.04,34,Female,sg_1776081219118_jecknh,clumpy,1,,art_history,high-art-history,How do ancient works of art play a role in contemporary society?,search,2026-04-13T12:04:04.698Z,,,,,,ancient ,,,,,,,,,
13, Wikipedia_Exp_13.04,Wikipedia_Exp_13.04,34,Female,sg_1776081219118_jecknh,clumpy,1,,art_history,high-art-history,How do ancient works of art play a role in contemporary society?,search,2026-04-13T12:04:05.154Z,,,,,,ancient a,,,,,,,,,
13, Wikipedia_Exp_13.04,Wikipedia_Exp_13.04,34,Female,sg_1776081219118_jecknh,clumpy,1,,art_history,high-art-history,How do ancient works of art play a role in contemporary society?,search,2026-04-13T12:04:05.729Z,,,,,,ancient art,,,,,,,,,
13, Wikipedia_Exp_13.04,Wikipedia_Exp_13.04,34,Female,sg_1776081219118_jecknh,clumpy,1,,art_history,high-art-history,How do ancient works of art play a role in contemporary society?,search,2026-04-13T12:04:16.187Z,,,,,,ancient,,,,,,,,,
13, Wikipedia_Exp_13.04,Wikipedia_Exp_13.04,34,Female,sg_1776081219118_jecknh,clumpy,1,,art_history,high-art-history,How do ancient works of art play a role in contemporary society?,search,2026-04-13T12:04:20.931Z,,,,,,history of art,,,,,,,,,
13, Wikipedia_Exp_13.04,Wikipedia_Exp_13.04,34,Female,sg_1776081219118_jecknh,clumpy,1,,art_history,high-art-history,How do ancient works of art play a role in contemporary society?,search,2026-04-13T12:04:21.697Z,,,,,,history of art,,,,,,,,,
13, Wikipedia_Exp_13.04,Wikipedia_Exp_13.04,34,Female,sg_1776081219118_jecknh,clumpy,1,,art_history,high-art-history,How do ancient works of art play a role in contemporary society?,article_open,2026-04-13T12:04:45.132Z,Art_history,Art history,,4903,search,,,,,,,,,,
13, Wikipedia_Exp_13.04,Wikipedia_Exp_13.04,34,Female,sg_1776081219118_jecknh,clumpy,1,,art_history,high-art-history,How do ancient works of art play a role in contemporary society?,article_open,2026-04-13T12:04:50.826Z,History_of_art,History of art,,32277,search,,,,,,,,,,
13, Wikipedia_Exp_13.04,Wikipedia_Exp_13.04,34,Female,sg_1776081219118_jecknh,clumpy,1,,art_history,high-art-history,How do ancient works of art play a role in contemporary society?,paste,2026-04-13T12:05:41.980Z,,,,,,,,,,,"The history of art focuses on objects made by humans for any number of spiritual, narrative, philosophical, symbolic, conceptual, documentary, decorative, and even functional and other purposes, but with a primary emphasis on its aesthetic visual form.",252,,,
13, Wikipedia_Exp_13.04,Wikipedia_Exp_13.04,34,Female,sg_1776081219118_jecknh,clumpy,1,,art_history,high-art-history,How do ancient works of art play a role in contemporary society?,search,2026-04-13T12:06:10.582Z,,,,,,in,,,,,,,,,
13, Wikipedia_Exp_13.04,Wikipedia_Exp_13.04,34,Female,sg_1776081219118_jecknh,clumpy,1,,art_history,high-art-history,How do ancient works of art play a role in contemporary society?,search,2026-04-13T12:06:12.159Z,,,,,,influence of ,,,,,,,,,
13, Wikipedia_Exp_13.04,Wikipedia_Exp_13.04,34,Female,sg_1776081219118_jecknh,clumpy,1,,art_history,high-art-history,How do ancient works of art play a role in contemporary society?,search,2026-04-13T12:06:16.802Z,,,,,,influence of cle,,,,,,,,,
13, Wikipedia_Exp_13.04,Wikipedia_Exp_13.04,34,Female,sg_1776081219118_jecknh,clumpy,1,,art_history,high-art-history,How do ancient works of art play a role in contemporary society?,search,2026-04-13T12:06:16.840Z,,,,,,influence of cla,,,,,,,,,
13, Wikipedia_Exp_13.04,Wikipedia_Exp_13.04,34,Female,sg_1776081219118_jecknh,clumpy,1,,art_history,high-art-history,How do ancient works of art play a role in contemporary society?,search,2026-04-13T12:06:19.305Z,,,,,,influence of classical art,,,,,,,,,
13, Wikipedia_Exp_13.04,Wikipedia_Exp_13.04,34,Female,sg_1776081219118_jecknh,clumpy,1,,art_history,high-art-history,How do ancient works of art play a role in contemporary society?,search,2026-04-13T12:06:24.176Z,,,,,,influence of classical art,,,,,,,,,
13, Wikipedia_Exp_13.04,Wikipedia_Exp_13.04,34,Female,sg_1776081219118_jecknh,clumpy,1,,art_history,high-art-history,How do ancient works of art play a role in contemporary society?,search,2026-04-13T12:06:40.885Z,,,,,,a,,,,,,,,,
13, Wikipedia_Exp_13.04,Wikipedia_Exp_13.04,34,Female,sg_1776081219118_jecknh,clumpy,1,,art_history,high-art-history,How do ancient works of art play a role in contemporary society?,search,2026-04-13T12:06:42.313Z,,,,,,art in com,,,,,,,,,
13, Wikipedia_Exp_13.04,Wikipedia_Exp_13.04,34,Female,sg_1776081219118_jecknh,clumpy,1,,art_history,high-art-history,How do ancient works of art play a role in contemporary society?,search,2026-04-13T12:06:44.254Z,,,,,,art in co,,,,,,,,,
13, Wikipedia_Exp_13.04,Wikipedia_Exp_13.04,34,Female,sg_1776081219118_jecknh,clumpy,1,,art_history,high-art-history,How do ancient works of art play a role in contemporary society?,search,2026-04-13T12:06:44.721Z,,,,,,art in con,,,,,,,,,
13, Wikipedia_Exp_13.04,Wikipedia_Exp_13.04,34,Female,sg_1776081219118_jecknh,clumpy,1,,art_history,high-art-history,How do ancient works of art play a role in contemporary society?,search,2026-04-13T12:06:45.290Z,,,,,,art in contem,,,,,,,,,
13, Wikipedia_Exp_13.04,Wikipedia_Exp_13.04,34,Female,sg_1776081219118_jecknh,clumpy,1,,art_history,high-art-history,How do ancient works of art play a role in contemporary society?,search,2026-04-13T12:06:48.465Z,,,,,,art in contempo,,,,,,,,,
13, Wikipedia_Exp_13.04,Wikipedia_Exp_13.04,34,Female,sg_1776081219118_jecknh,clumpy,1,,art_history,high-art-history,How do ancient works of art play a role in contemporary society?,search,2026-04-13T12:06:48.798Z,,,,,,art in contempor,,,,,,,,,
13, Wikipedia_Exp_13.04,Wikipedia_Exp_13.04,34,Female,sg_1776081219118_jecknh,clumpy,1,,art_history,high-art-history,How do ancient works of art play a role in contemporary society?,search,2026-04-13T12:06:50.012Z,,,,,,art in contemporary ,,,,,,,,,
13, Wikipedia_Exp_13.04,Wikipedia_Exp_13.04,34,Female,sg_1776081219118_jecknh,clumpy,1,,art_history,high-art-history,How do ancient works of art play a role in contemporary society?,search,2026-04-13T12:06:52.387Z,,,,,,art in contemporary society,,,,,,,,,
13, Wikipedia_Exp_13.04,Wikipedia_Exp_13.04,34,Female,sg_1776081219118_jecknh,clumpy,1,,art_history,high-art-history,How do ancient works of art play a role in contemporary society?,search,2026-04-13T12:06:52.939Z,,,,,,art in contemporary society,,,,,,,,,
13, Wikipedia_Exp_13.04,Wikipedia_Exp_13.04,34,Female,sg_1776081219118_jecknh,clumpy,1,,art_history,high-art-history,How do ancient works of art play a role in contemporary society?,article_open,2026-04-13T12:06:58.866Z,Contemporary_Art_Society,Contemporary Art Society,,2501,search,,,,,,,,,,
13, Wikipedia_Exp_13.04,Wikipedia_Exp_13.04,34,Female,sg_1776081219118_jecknh,clumpy,1,,art_history,high-art-history,How do ancient works of art play a role in contemporary society?,search,2026-04-13T12:08:00.502Z,,,,,,ci,,,,,,,,,
13, Wikipedia_Exp_13.04,Wikipedia_Exp_13.04,34,Female,sg_1776081219118_jecknh,clumpy,1,,art_history,high-art-history,How do ancient works of art play a role in contemporary society?,search,2026-04-13T12:08:01.022Z,,,,,,c,,,,,,,,,
13, Wikipedia_Exp_13.04,Wikipedia_Exp_13.04,34,Female,sg_1776081219118_jecknh,clumpy,1,,art_history,high-art-history,How do ancient works of art play a role in contemporary society?,search,2026-04-13T12:08:01.734Z,,,,,,cult,,,,,,,,,
13, Wikipedia_Exp_13.04,Wikipedia_Exp_13.04,34,Female,sg_1776081219118_jecknh,clumpy,1,,art_history,high-art-history,How do ancient works of art play a role in contemporary society?,search,2026-04-13T12:08:02.405Z,,,,,,cultur,,,,,,,,,
13, Wikipedia_Exp_13.04,Wikipedia_Exp_13.04,34,Female,sg_1776081219118_jecknh,clumpy,1,,art_history,high-art-history,How do ancient works of art play a role in contemporary society?,search,2026-04-13T12:08:03.025Z,,,,,,cultural ,,,,,,,,,
13, Wikipedia_Exp_13.04,Wikipedia_Exp_13.04,34,Female,sg_1776081219118_jecknh,clumpy,1,,art_history,high-art-history,How do ancient works of art play a role in contemporary society?,search,2026-04-13T12:08:11.028Z,,,,,,cultural herit,,,,,,,,,
13, Wikipedia_Exp_13.04,Wikipedia_Exp_13.04,34,Female,sg_1776081219118_jecknh,clumpy,1,,art_history,high-art-history,How do ancient works of art play a role in contemporary society?,search,2026-04-13T12:08:11.731Z,,,,,,cultural heritage,,,,,,,,,
13, Wikipedia_Exp_13.04,Wikipedia_Exp_13.04,34,Female,sg_1776081219118_jecknh,clumpy,1,,art_history,high-art-history,How do ancient works of art play a role in contemporary society?,article_open,2026-04-13T12:08:15.597Z,Cultural_heritage,Cultural heritage,,6658,search,,,,,,,,,,
13, Wikipedia_Exp_13.04,Wikipedia_Exp_13.04,34,Female,sg_1776081219118_jecknh,clumpy,1,,art_history,high-art-history,How do ancient works of art play a role in contemporary society?,paste,2026-04-13T12:09:53.804Z,,,,,,,,,,,Ancient archaeological artefacts and archaeological sites are naturally prone to damage due to their age and environmental conditions. ,135,,,
13, Wikipedia_Exp_13.04,Wikipedia_Exp_13.04,34,Female,sg_1776081219118_jecknh,clumpy,1,,art_history,high-art-history,How do ancient works of art play a role in contemporary society?,paste,2026-04-13T12:10:14.452Z,,,,,,,,,,,"Therefore, there is a growing need to digitize cultural heritage in order to preserve them in the face of potential calamities such as climate change, natural disaster, poor policy or inadequate infrastructure. ",211,,,
13, Wikipedia_Exp_13.04,Wikipedia_Exp_13.04,34,Female,sg_1776081219118_jecknh,clumpy,1,,art_history,high-art-history,How do ancient works of art play a role in contemporary society?,search,2026-04-13T12:11:02.497Z,,,,,,role of ,,,,,,,,,
13, Wikipedia_Exp_13.04,Wikipedia_Exp_13.04,34,Female,sg_1776081219118_jecknh,clumpy,1,,art_history,high-art-history,How do ancient works of art play a role in contemporary society?,search,2026-04-13T12:11:02.908Z,,,,,,role of a,,,,,,,,,
13, Wikipedia_Exp_13.04,Wikipedia_Exp_13.04,34,Female,sg_1776081219118_jecknh,clumpy,1,,art_history,high-art-history,How do ancient works of art play a role in contemporary society?,search,2026-04-13T12:11:02.974Z,,,,,,role of ar,,,,,,,,,
13, Wikipedia_Exp_13.04,Wikipedia_Exp_13.04,34,Female,sg_1776081219118_jecknh,clumpy,1,,art_history,high-art-history,How do ancient works of art play a role in contemporary society?,search,2026-04-13T12:11:03.742Z,,,,,,role of art ,,,,,,,,,
13, Wikipedia_Exp_13.04,Wikipedia_Exp_13.04,34,Female,sg_1776081219118_jecknh,clumpy,1,,art_history,high-art-history,How do ancient works of art play a role in contemporary society?,search,2026-04-13T12:11:05.446Z,,,,,,role of art in ,,,,,,,,,
13, Wikipedia_Exp_13.04,Wikipedia_Exp_13.04,34,Female,sg_1776081219118_jecknh,clumpy,1,,art_history,high-art-history,How do ancient works of art play a role in contemporary society?,search,2026-04-13T12:11:06.522Z,,,,,,role of art in tod,,,,,,,,,
13, Wikipedia_Exp_13.04,Wikipedia_Exp_13.04,34,Female,sg_1776081219118_jecknh,clumpy,1,,art_history,high-art-history,How do ancient works of art play a role in contemporary society?,search,2026-04-13T12:11:07.158Z,,,,,,role of art in today,,,,,,,,,
13, Wikipedia_Exp_13.04,Wikipedia_Exp_13.04,34,Female,sg_1776081219118_jecknh,clumpy,1,,art_history,high-art-history,How do ancient works of art play a role in contemporary society?,search,2026-04-13T12:11:13.689Z,,,,,,role of art in today's socir,,,,,,,,,
13, Wikipedia_Exp_13.04,Wikipedia_Exp_13.04,34,Female,sg_1776081219118_jecknh,clumpy,1,,art_history,high-art-history,How do ancient works of art play a role in contemporary society?,search,2026-04-13T12:11:14.174Z,,,,,,role of art in today's socie,,,,,,,,,
13, Wikipedia_Exp_13.04,Wikipedia_Exp_13.04,34,Female,sg_1776081219118_jecknh,clumpy,1,,art_history,high-art-history,How do ancient works of art play a role in contemporary society?,search,2026-04-13T12:11:15.958Z,,,,,,role of art in today's society,,,,,,,,,
13, Wikipedia_Exp_13.04,Wikipedia_Exp_13.04,34,Female,sg_1776081219118_jecknh,clumpy,1,,art_history,high-art-history,How do ancient works of art play a role in contemporary society?,search,2026-04-13T12:11:17.327Z,,,,,,role of art in today's society,,,,,,,,,
13, Wikipedia_Exp_13.04,Wikipedia_Exp_13.04,34,Female,sg_1776081219118_jecknh,clumpy,1,,art_history,high-art-history,How do ancient works of art play a role in contemporary society?,search,2026-04-13T12:11:28.908Z,,,,,,role of art in co society,,,,,,,,,
13, Wikipedia_Exp_13.04,Wikipedia_Exp_13.04,34,Female,sg_1776081219118_jecknh,clumpy,1,,art_history,high-art-history,How do ancient works of art play a role in contemporary society?,search,2026-04-13T12:11:29.100Z,,,,,,role of art in con society,,,,,,,,,
13, Wikipedia_Exp_13.04,Wikipedia_Exp_13.04,34,Female,sg_1776081219118_jecknh,clumpy,1,,art_history,high-art-history,How do ancient works of art play a role in contemporary society?,search,2026-04-13T12:11:30.484Z,,,,,,role of art in cont society,,,,,,,,,
13, Wikipedia_Exp_13.04,Wikipedia_Exp_13.04,34,Female,sg_1776081219118_jecknh,clumpy,1,,art_history,high-art-history,How do ancient works of art play a role in contemporary society?,search,2026-04-13T12:11:31.169Z,,,,,,role of art in contem society,,,,,,,,,
13, Wikipedia_Exp_13.04,Wikipedia_Exp_13.04,34,Female,sg_1776081219118_jecknh,clumpy,1,,art_history,high-art-history,How do ancient works of art play a role in contemporary society?,search,2026-04-13T12:11:34.409Z,,,,,,role of art in contempor society,,,,,,,,,
13, Wikipedia_Exp_13.04,Wikipedia_Exp_13.04,34,Female,sg_1776081219118_jecknh,clumpy,1,,art_history,high-art-history,How do ancient works of art play a role in contemporary society?,search,2026-04-13T12:11:35.394Z,,,,,,role of art in contemporary society,,,,,,,,,
13, Wikipedia_Exp_13.04,Wikipedia_Exp_13.04,34,Female,sg_1776081219118_jecknh,clumpy,1,,art_history,high-art-history,How do ancient works of art play a role in contemporary society?,article_open,2026-04-13T12:11:40.548Z,Contemporary_art_in_Egypt,Contemporary art in Egypt,,7298,search,,,,,,,,,,
13, Wikipedia_Exp_13.04,Wikipedia_Exp_13.04,34,Female,sg_1776081219118_jecknh,clumpy,1,,art_history,high-art-history,How do ancient works of art play a role in contemporary society?,task_end,2026-04-13T12:11:55.563Z,,,,,,,,,"The history of art focuses on objects made by humans for any number of spiritual, narrative, philosophical, symbolic, conceptual, documentary, decorative, and even functional and other purposes, but with a primary emphasis on its aesthetic visual form. Ancient archaeological artefacts and archaeological sites are naturally prone to damage due to their age and environmental conditions. Therefore, there is a growing need to digitize cultural heritage in order to preserve them in the face of potential calamities such as climate change, natural disaster, poor policy or inadequate infrastructure. ",599,,,,,
13, Wikipedia_Exp_13.04,Wikipedia_Exp_13.04,34,Female,sg_1776081219118_jecknh,clumpy,2,,psychology,high-psychology,What brain mechanisms help people make scientific discoveries?,familiarity_rating,2026-04-13T12:12:15.309Z,,,,,,,,,,,,,4,6,
13, Wikipedia_Exp_13.04,Wikipedia_Exp_13.04,34,Female,sg_1776081219118_jecknh,clumpy,2,,psychology,high-psychology,What brain mechanisms help people make scientific discoveries?,search,2026-04-13T12:13:36.810Z,,,,,,co,,,,,,,,,
13, Wikipedia_Exp_13.04,Wikipedia_Exp_13.04,34,Female,sg_1776081219118_jecknh,clumpy,2,,psychology,high-psychology,What brain mechanisms help people make scientific discoveries?,search,2026-04-13T12:13:37.059Z,,,,,,cog,,,,,,,,,
13, Wikipedia_Exp_13.04,Wikipedia_Exp_13.04,34,Female,sg_1776081219118_jecknh,clumpy,2,,psychology,high-psychology,What brain mechanisms help people make scientific discoveries?,search,2026-04-13T12:13:41.033Z,,,,,,cognitive ,,,,,,,,,
13, Wikipedia_Exp_13.04,Wikipedia_Exp_13.04,34,Female,sg_1776081219118_jecknh,clumpy,2,,psychology,high-psychology,What brain mechanisms help people make scientific discoveries?,search,2026-04-13T12:13:41.646Z,,,,,,cognitive ne,,,,,,,,,
13, Wikipedia_Exp_13.04,Wikipedia_Exp_13.04,34,Female,sg_1776081219118_jecknh,clumpy,2,,psychology,high-psychology,What brain mechanisms help people make scientific discoveries?,search,2026-04-13T12:13:44.413Z,,,,,,cognitive neuros,,,,,,,,,
13, Wikipedia_Exp_13.04,Wikipedia_Exp_13.04,34,Female,sg_1776081219118_jecknh,clumpy,2,,psychology,high-psychology,What brain mechanisms help people make scientific discoveries?,search,2026-04-13T12:13:45.272Z,,,,,,cognitive neurosciene,,,,,,,,,
13, Wikipedia_Exp_13.04,Wikipedia_Exp_13.04,34,Female,sg_1776081219118_jecknh,clumpy,2,,psychology,high-psychology,What brain mechanisms help people make scientific discoveries?,search,2026-04-13T12:13:46.269Z,,,,,,cognitive neuroscience,,,,,,,,,
13, Wikipedia_Exp_13.04,Wikipedia_Exp_13.04,34,Female,sg_1776081219118_jecknh,clumpy,2,,psychology,high-psychology,What brain mechanisms help people make scientific discoveries?,article_open,2026-04-13T12:13:48.470Z,Cognitive_neuroscience,Cognitive neuroscience,,7944,search,,,,,,,,,,
13, Wikipedia_Exp_13.04,Wikipedia_Exp_13.04,34,Female,sg_1776081219118_jecknh,clumpy,2,,psychology,high-psychology,What brain mechanisms help people make scientific discoveries?,search,2026-04-13T12:15:17.096Z,,,,,,what br,,,,,,,,,
13, Wikipedia_Exp_13.04,Wikipedia_Exp_13.04,34,Female,sg_1776081219118_jecknh,clumpy,2,,psychology,high-psychology,What brain mechanisms help people make scientific discoveries?,search,2026-04-13T12:15:18.465Z,,,,,,what brain me,,,,,,,,,
13, Wikipedia_Exp_13.04,Wikipedia_Exp_13.04,34,Female,sg_1776081219118_jecknh,clumpy,2,,psychology,high-psychology,What brain mechanisms help people make scientific discoveries?,search,2026-04-13T12:15:19.081Z,,,,,,what brain mech,,,,,,,,,
13, Wikipedia_Exp_13.04,Wikipedia_Exp_13.04,34,Female,sg_1776081219118_jecknh,clumpy,2,,psychology,high-psychology,What brain mechanisms help people make scientific discoveries?,search,2026-04-13T12:15:21.089Z,,,,,,what brain mechani,,,,,,,,,
13, Wikipedia_Exp_13.04,Wikipedia_Exp_13.04,34,Female,sg_1776081219118_jecknh,clumpy,2,,psychology,high-psychology,What brain mechanisms help people make scientific discoveries?,search,2026-04-13T12:15:22.010Z,,,,,,what brain mechanism,,,,,,,,,
13, Wikipedia_Exp_13.04,Wikipedia_Exp_13.04,34,Female,sg_1776081219118_jecknh,clumpy,2,,psychology,high-psychology,What brain mechanisms help people make scientific discoveries?,search,2026-04-13T12:15:24.720Z,,,,,,what brain mechanism ,,,,,,,,,
13, Wikipedia_Exp_13.04,Wikipedia_Exp_13.04,34,Female,sg_1776081219118_jecknh,clumpy,2,,psychology,high-psychology,What brain mechanisms help people make scientific discoveries?,search,2026-04-13T12:15:26.044Z,,,,,,what brain mechanism help ,,,,,,,,,
13, Wikipedia_Exp_13.04,Wikipedia_Exp_13.04,34,Female,sg_1776081219118_jecknh,clumpy,2,,psychology,high-psychology,What brain mechanisms help people make scientific discoveries?,search,2026-04-13T12:15:27.089Z,,,,,,what brain mechanism help with ,,,,,,,,,
13, Wikipedia_Exp_13.04,Wikipedia_Exp_13.04,34,Female,sg_1776081219118_jecknh,clumpy,2,,psychology,high-psychology,What brain mechanisms help people make scientific discoveries?,search,2026-04-13T12:15:27.783Z,,,,,,what brain mechanism help with s,,,,,,,,,
13, Wikipedia_Exp_13.04,Wikipedia_Exp_13.04,34,Female,sg_1776081219118_jecknh,clumpy,2,,psychology,high-psychology,What brain mechanisms help people make scientific discoveries?,search,2026-04-13T12:15:28.897Z,,,,,,what brain mechanism help with scienti,,,,,,,,,
13, Wikipedia_Exp_13.04,Wikipedia_Exp_13.04,34,Female,sg_1776081219118_jecknh,clumpy,2,,psychology,high-psychology,What brain mechanisms help people make scientific discoveries?,search,2026-04-13T12:15:29.880Z,,,,,,what brain mechanism help with scientific ,,,,,,,,,
13, Wikipedia_Exp_13.04,Wikipedia_Exp_13.04,34,Female,sg_1776081219118_jecknh,clumpy,2,,psychology,high-psychology,What brain mechanisms help people make scientific discoveries?,search,2026-04-13T12:15:33.120Z,,,,,,what brain mechanism help with scientific disco,,,,,,,,,
13, Wikipedia_Exp_13.04,Wikipedia_Exp_13.04,34,Female,sg_1776081219118_jecknh,clumpy,2,,psychology,high-psychology,What brain mechanisms help people make scientific discoveries?,search,2026-04-13T12:15:34.386Z,,,,,,what brain mechanism help with scientific discoveries,,,,,,,,,
13, Wikipedia_Exp_13.04,Wikipedia_Exp_13.04,34,Female,sg_1776081219118_jecknh,clumpy,2,,psychology,high-psychology,What brain mechanisms help people make scientific discoveries?,article_open,2026-04-13T12:15:46.811Z,Human_brain,Human brain,,25482,search,,,,,,,,,,
13, Wikipedia_Exp_13.04,Wikipedia_Exp_13.04,34,Female,sg_1776081219118_jecknh,clumpy,2,,psychology,high-psychology,What brain mechanisms help people make scientific discoveries?,paste,2026-04-13T12:16:20.842Z,,,,,,,,,,,"The human brain is the central organ of the nervous system, and with the spinal cord, comprises the central nervous system. It consists of the cerebrum, the brainstem and the cerebellum. The brain controls most of the activities of the body, processing, integrating, and coordinating the information it receives from the sensory nervous system. ",345,,,
13, Wikipedia_Exp_13.04,Wikipedia_Exp_13.04,34,Female,sg_1776081219118_jecknh,clumpy,2,,psychology,high-psychology,What brain mechanisms help people make scientific discoveries?,search,2026-04-13T12:16:30.873Z,,,,,,br,,,,,,,,,
13, Wikipedia_Exp_13.04,Wikipedia_Exp_13.04,34,Female,sg_1776081219118_jecknh,clumpy,2,,psychology,high-psychology,What brain mechanisms help people make scientific discoveries?,search,2026-04-13T12:16:31.242Z,,,,,,brain,,,,,,,,,
13, Wikipedia_Exp_13.04,Wikipedia_Exp_13.04,34,Female,sg_1776081219118_jecknh,clumpy,2,,psychology,high-psychology,What brain mechanisms help people make scientific discoveries?,search,2026-04-13T12:16:31.612Z,,,,,,brain ,,,,,,,,,
13, Wikipedia_Exp_13.04,Wikipedia_Exp_13.04,34,Female,sg_1776081219118_jecknh,clumpy,2,,psychology,high-psychology,What brain mechanisms help people make scientific discoveries?,search,2026-04-13T12:16:33.511Z,,,,,,brain me,,,,,,,,,
13, Wikipedia_Exp_13.04,Wikipedia_Exp_13.04,34,Female,sg_1776081219118_jecknh,clumpy,2,,psychology,high-psychology,What brain mechanisms help people make scientific discoveries?,search,2026-04-13T12:16:34.609Z,,,,,,brain mechani,,,,,,,,,
13, Wikipedia_Exp_13.04,Wikipedia_Exp_13.04,34,Female,sg_1776081219118_jecknh,clumpy,2,,psychology,high-psychology,What brain mechanisms help people make scientific discoveries?,search,2026-04-13T12:16:35.307Z,,,,,,brain mechanism,,,,,,,,,
13, Wikipedia_Exp_13.04,Wikipedia_Exp_13.04,34,Female,sg_1776081219118_jecknh,clumpy,2,,psychology,high-psychology,What brain mechanisms help people make scientific discoveries?,search,2026-04-13T12:16:39.917Z,,,,,,brain mechanisms,,,,,,,,,
13, Wikipedia_Exp_13.04,Wikipedia_Exp_13.04,34,Female,sg_1776081219118_jecknh,clumpy,2,,psychology,high-psychology,What brain mechanisms help people make scientific discoveries?,search,2026-04-13T12:16:40.257Z,,,,,,brain mechanisms ,,,,,,,,,
13, Wikipedia_Exp_13.04,Wikipedia_Exp_13.04,34,Female,sg_1776081219118_jecknh,clumpy,2,,psychology,high-psychology,What brain mechanisms help people make scientific discoveries?,search,2026-04-13T12:17:39.809Z,,,,,,scientif,,,,,,,,,
13, Wikipedia_Exp_13.04,Wikipedia_Exp_13.04,34,Female,sg_1776081219118_jecknh,clumpy,2,,psychology,high-psychology,What brain mechanisms help people make scientific discoveries?,search,2026-04-13T12:17:40.101Z,,,,,,scientifu,,,,,,,,,
13, Wikipedia_Exp_13.04,Wikipedia_Exp_13.04,34,Female,sg_1776081219118_jecknh,clumpy,2,,psychology,high-psychology,What brain mechanisms help people make scientific discoveries?,search,2026-04-13T12:17:40.502Z,,,,,,scientif,,,,,,,,,
13, Wikipedia_Exp_13.04,Wikipedia_Exp_13.04,34,Female,sg_1776081219118_jecknh,clumpy,2,,psychology,high-psychology,What brain mechanisms help people make scientific discoveries?,search,2026-04-13T12:17:41.411Z,,,,,,scientific ,,,,,,,,,
13, Wikipedia_Exp_13.04,Wikipedia_Exp_13.04,34,Female,sg_1776081219118_jecknh,clumpy,2,,psychology,high-psychology,What brain mechanisms help people make scientific discoveries?,search,2026-04-13T12:17:42.010Z,,,,,,scientific de,,,,,,,,,
13, Wikipedia_Exp_13.04,Wikipedia_Exp_13.04,34,Female,sg_1776081219118_jecknh,clumpy,2,,psychology,high-psychology,What brain mechanisms help people make scientific discoveries?,search,2026-04-13T12:17:43.418Z,,,,,,scientific d,,,,,,,,,
13, Wikipedia_Exp_13.04,Wikipedia_Exp_13.04,34,Female,sg_1776081219118_jecknh,clumpy,2,,psychology,high-psychology,What brain mechanisms help people make scientific discoveries?,search,2026-04-13T12:17:44.443Z,,,,,,scientific disco,,,,,,,,,
13, Wikipedia_Exp_13.04,Wikipedia_Exp_13.04,34,Female,sg_1776081219118_jecknh,clumpy,2,,psychology,high-psychology,What brain mechanisms help people make scientific discoveries?,search,2026-04-13T12:17:45.754Z,,,,,,scientific discoveries,,,,,,,,,
13, Wikipedia_Exp_13.04,Wikipedia_Exp_13.04,34,Female,sg_1776081219118_jecknh,clumpy,2,,psychology,high-psychology,What brain mechanisms help people make scientific discoveries?,search,2026-04-13T12:17:49.068Z,,,,,,scientific discoveries ,,,,,,,,,
13, Wikipedia_Exp_13.04,Wikipedia_Exp_13.04,34,Female,sg_1776081219118_jecknh,clumpy,2,,psychology,high-psychology,What brain mechanisms help people make scientific discoveries?,search,2026-04-13T12:17:50.259Z,,,,,,scientific discoveries brain,,,,,,,,,
13, Wikipedia_Exp_13.04,Wikipedia_Exp_13.04,34,Female,sg_1776081219118_jecknh,clumpy,2,,psychology,high-psychology,What brain mechanisms help people make scientific discoveries?,article_open,2026-04-13T12:18:15.158Z,Neuroscience,Neuroscience,,11159,search,,,,,,,,,,
13, Wikipedia_Exp_13.04,Wikipedia_Exp_13.04,34,Female,sg_1776081219118_jecknh,clumpy,2,,psychology,high-psychology,What brain mechanisms help people make scientific discoveries?,search,2026-04-13T12:21:18.808Z,,,,,,pe,,,,,,,,,
13, Wikipedia_Exp_13.04,Wikipedia_Exp_13.04,34,Female,sg_1776081219118_jecknh,clumpy,2,,psychology,high-psychology,What brain mechanisms help people make scientific discoveries?,search,2026-04-13T12:21:20.263Z,,,,,,pre,,,,,,,,,
13, Wikipedia_Exp_13.04,Wikipedia_Exp_13.04,34,Female,sg_1776081219118_jecknh,clumpy,2,,psychology,high-psychology,What brain mechanisms help people make scientific discoveries?,search,2026-04-13T12:21:20.996Z,,,,,,pref,,,,,,,,,
13, Wikipedia_Exp_13.04,Wikipedia_Exp_13.04,34,Female,sg_1776081219118_jecknh,clumpy,2,,psychology,high-psychology,What brain mechanisms help people make scientific discoveries?,search,2026-04-13T12:21:23.224Z,,,,,,prefrontal ,,,,,,,,,
13, Wikipedia_Exp_13.04,Wikipedia_Exp_13.04,34,Female,sg_1776081219118_jecknh,clumpy,2,,psychology,high-psychology,What brain mechanisms help people make scientific discoveries?,article_open,2026-04-13T12:21:26.153Z,Prefrontal_cortex,Prefrontal cortex,,6959,search,,,,,,,,,,
13, Wikipedia_Exp_13.04,Wikipedia_Exp_13.04,34,Female,sg_1776081219118_jecknh,clumpy,2,,psychology,high-psychology,What brain mechanisms help people make scientific discoveries?,paste,2026-04-13T12:21:53.029Z,,,,,,,,,,,"In mammalian brain anatomy, the prefrontal cortex (PFC) covers the front part of the frontal lobe of the human brain. It is the association cortex in the frontal lobe.[2][3] This region is responsible for processing and adapting one's thinking in order to meet certain goals in different situations.",299,,,
13, Wikipedia_Exp_13.04,Wikipedia_Exp_13.04,34,Female,sg_1776081219118_jecknh,clumpy,2,,psychology,high-psychology,What brain mechanisms help people make scientific discoveries?,task_end,2026-04-13T12:22:20.822Z,,,,,,,,,"The human brain is the central organ of the nervous system, and with the spinal cord, comprises the central nervous system. It consists of the cerebrum, the brainstem and the cerebellum. The brain controls most of the activities of the body, processing, integrating, and coordinating the information it receives from the sensory nervous system. 
In mammalian brain anatomy, the prefrontal cortex (PFC) covers the front part of the frontal lobe of the human brain. It is the association cortex in the frontal lobe.[2][3] This region is responsible for processing and adapting one's thinking in order to meet certain goals in different situations.
",646,,,,,
16, Wikipedia_Exp_13.04,Wikipedia_Exp_13.04,48,Male,sg_1776083344770_xc4ym6,clumpy,0,1,practice,practice-capybaras,What do Capybaras eat?,attention_check_pass,2026-04-13T12:32:43.470Z,,,,,,,,,,,,,,,attempt_1
16, Wikipedia_Exp_13.04,Wikipedia_Exp_13.04,48,Male,sg_1776083344770_xc4ym6,clumpy,0,1,practice,practice-capybaras,What do Capybaras eat?,familiarity_rating,2026-04-13T12:32:51.164Z,,,,,,,,,,,,,1,4,
16, Wikipedia_Exp_13.04,Wikipedia_Exp_13.04,48,Male,sg_1776083344770_xc4ym6,clumpy,0,1,practice,practice-capybaras,What do Capybaras eat?,article_open,2026-04-13T12:32:52.167Z,Capybara,Capybara,,4650,,,,,,,,,,,
16, Wikipedia_Exp_13.04,Wikipedia_Exp_13.04,48,Male,sg_1776083344770_xc4ym6,clumpy,0,1,practice,practice-capybaras,What do Capybaras eat?,paste,2026-04-13T12:33:40.735Z,,,,,,,,,,,"Capybaras are herbivores, grazing mainly on grasses and aquatic plants,[14][24] as well as fruit and tree bark.[15] They are very selective feeders[25] and feed on the leaves of one species and disregard other species surrounding it. They eat a greater variety of plants during the dry season, as fewer plants are available. While they eat grass during the wet season, they have to switch to more abundant reeds during the dry season.[26] Plants that capybaras eat during the summer lose their nutritional value in the winter, so they are not consumed at that time.[25] The capybara's jaw hinge is not perpendicular, so they chew food by grinding back-and-forth rather than side-to-side.[27] Capybaras are autocoprophagous,[28] meaning they eat their own feces as a source of bacterial gut flora, to help digest the cellulose in the grass that forms their normal diet, and to extract the maximum protein and vitamins from their food. They also regurgitate food to masticate again, similar to cud-chewing by cattle.[",1015,,,
16, Wikipedia_Exp_13.04,Wikipedia_Exp_13.04,48,Male,sg_1776083344770_xc4ym6,clumpy,0,1,practice,practice-capybaras,What do Capybaras eat?,task_end,2026-04-13T12:34:09.926Z,,,,,,,,,"Capybaras are herbivores, grazing mainly on grasses and aquatic plants, as well as fruit and tree bark.They are very selective feeders and feed on the leaves of one species and disregard other species surrounding it. They eat a greater variety of plants during the dry season, as fewer plants are available. While they eat grass during the wet season, they have to switch to more abundant reeds during the dry season. Plants that capybaras eat during the summer lose their nutritional value in the winter, so they are not consumed at that time. The capybara's jaw hinge is not perpendicular, so they chew food by grinding back-and-forth rather than side-to-side. Capybaras are autocoprophagous, meaning they eat their own feces as a source of bacterial gut flora, to help digest the cellulose in the grass that forms their normal diet, and to extract the maximum protein and vitamins from their food. They also regurgitate food to masticate again, similar to cud-chewing by cattle.",981,,,,,
16, Wikipedia_Exp_13.04,Wikipedia_Exp_13.04,48,Male,sg_1776083344770_xc4ym6,clumpy,1,,psychology,high-psychology,What brain mechanisms help people make scientific discoveries?,familiarity_rating,2026-04-13T12:34:17.524Z,,,,,,,,,,,,,1,5,
16, Wikipedia_Exp_13.04,Wikipedia_Exp_13.04,48,Male,sg_1776083344770_xc4ym6,clumpy,1,,psychology,high-psychology,What brain mechanisms help people make scientific discoveries?,search,2026-04-13T12:34:32.390Z,,,,,,human brain scei,,,,,,,,,
16, Wikipedia_Exp_13.04,Wikipedia_Exp_13.04,48,Male,sg_1776083344770_xc4ym6,clumpy,1,,psychology,high-psychology,What brain mechanisms help people make scientific discoveries?,search,2026-04-13T12:34:33.005Z,,,,,,human brain science,,,,,,,,,
16, Wikipedia_Exp_13.04,Wikipedia_Exp_13.04,48,Male,sg_1776083344770_xc4ym6,clumpy,1,,psychology,high-psychology,What brain mechanisms help people make scientific discoveries?,article_open,2026-04-13T12:34:36.100Z,Human_brain,Human brain,,25482,search,,,,,,,,,,
16, Wikipedia_Exp_13.04,Wikipedia_Exp_13.04,48,Male,sg_1776083344770_xc4ym6,clumpy,1,,psychology,high-psychology,What brain mechanisms help people make scientific discoveries?,paste,2026-04-13T12:35:49.529Z,,,,,,,,,,,"The main functions of the frontal lobe are to control attention, abstract thinking, behaviour, problem-solving tasks, and physical reactions and personality.",157,,,
16, Wikipedia_Exp_13.04,Wikipedia_Exp_13.04,48,Male,sg_1776083344770_xc4ym6,clumpy,1,,psychology,high-psychology,What brain mechanisms help people make scientific discoveries?,link_click,2026-04-13T12:36:15.167Z,Cognition,,Human_brain,,,,,,,,,,,,
16, Wikipedia_Exp_13.04,Wikipedia_Exp_13.04,48,Male,sg_1776083344770_xc4ym6,clumpy,1,,psychology,high-psychology,What brain mechanisms help people make scientific discoveries?,article_open,2026-04-13T12:36:17.243Z,Cognition,Cognition,,15828,link_click,,,,,,,,,,
16, Wikipedia_Exp_13.04,Wikipedia_Exp_13.04,48,Male,sg_1776083344770_xc4ym6,clumpy,1,,psychology,high-psychology,What brain mechanisms help people make scientific discoveries?,paste,2026-04-13T12:37:12.682Z,,,,,,,,,,,"Cognitions are mental processes that deal with knowledge, involving the acquisition, transformation, storage, retrieval, and use of information.",144,,,
16, Wikipedia_Exp_13.04,Wikipedia_Exp_13.04,48,Male,sg_1776083344770_xc4ym6,clumpy,1,,psychology,high-psychology,What brain mechanisms help people make scientific discoveries?,back_navigation,2026-04-13T12:39:49.459Z,Human_brain,,Cognition,,,,,,,,,,,,
16, Wikipedia_Exp_13.04,Wikipedia_Exp_13.04,48,Male,sg_1776083344770_xc4ym6,clumpy,1,,psychology,high-psychology,What brain mechanisms help people make scientific discoveries?,article_open,2026-04-13T12:39:50.074Z,Human_brain,Human brain,,25482,back,,,,,,,,,,
16, Wikipedia_Exp_13.04,Wikipedia_Exp_13.04,48,Male,sg_1776083344770_xc4ym6,clumpy,1,,psychology,high-psychology,What brain mechanisms help people make scientific discoveries?,link_click,2026-04-13T12:40:26.819Z,Problem_solving,,Human_brain,,,,,,,,,,,,
16, Wikipedia_Exp_13.04,Wikipedia_Exp_13.04,48,Male,sg_1776083344770_xc4ym6,clumpy,1,,psychology,high-psychology,What brain mechanisms help people make scientific discoveries?,article_open,2026-04-13T12:40:29.780Z,Problem_solving,Problem solving,,12336,link_click,,,,,,,,,,
16, Wikipedia_Exp_13.04,Wikipedia_Exp_13.04,48,Male,sg_1776083344770_xc4ym6,clumpy,1,,psychology,high-psychology,What brain mechanisms help people make scientific discoveries?,search,2026-04-13T12:41:05.191Z,,,,,,brain mechani,,,,,,,,,
16, Wikipedia_Exp_13.04,Wikipedia_Exp_13.04,48,Male,sg_1776083344770_xc4ym6,clumpy,1,,psychology,high-psychology,What brain mechanisms help people make scientific discoveries?,search,2026-04-13T12:41:06.002Z,,,,,,brain mechanism,,,,,,,,,
16, Wikipedia_Exp_13.04,Wikipedia_Exp_13.04,48,Male,sg_1776083344770_xc4ym6,clumpy,1,,psychology,high-psychology,What brain mechanisms help people make scientific discoveries?,search,2026-04-13T12:41:06.423Z,,,,,,brain mechanism,,,,,,,,,
16, Wikipedia_Exp_13.04,Wikipedia_Exp_13.04,48,Male,sg_1776083344770_xc4ym6,clumpy,1,,psychology,high-psychology,What brain mechanisms help people make scientific discoveries?,article_open,2026-04-13T12:41:22.481Z,Brain,Brain,,17706,search,,,,,,,,,,
16, Wikipedia_Exp_13.04,Wikipedia_Exp_13.04,48,Male,sg_1776083344770_xc4ym6,clumpy,1,,psychology,high-psychology,What brain mechanisms help people make scientific discoveries?,link_click,2026-04-13T12:41:52.090Z,Synaptic_plasticity,,Brain,,,,,,,,,,,,
16, Wikipedia_Exp_13.04,Wikipedia_Exp_13.04,48,Male,sg_1776083344770_xc4ym6,clumpy,1,,psychology,high-psychology,What brain mechanisms help people make scientific discoveries?,article_open,2026-04-13T12:41:53.308Z,Synaptic_plasticity,Synaptic plasticity,,5659,link_click,,,,,,,,,,
16, Wikipedia_Exp_13.04,Wikipedia_Exp_13.04,48,Male,sg_1776083344770_xc4ym6,clumpy,1,,psychology,high-psychology,What brain mechanisms help people make scientific discoveries?,back_navigation,2026-04-13T12:42:15.407Z,Brain,,Synaptic_plasticity,,,,,,,,,,,,
16, Wikipedia_Exp_13.04,Wikipedia_Exp_13.04,48,Male,sg_1776083344770_xc4ym6,clumpy,1,,psychology,high-psychology,What brain mechanisms help people make scientific discoveries?,article_open,2026-04-13T12:42:15.804Z,Brain,Brain,,17706,back,,,,,,,,,,
16, Wikipedia_Exp_13.04,Wikipedia_Exp_13.04,48,Male,sg_1776083344770_xc4ym6,clumpy,1,,psychology,high-psychology,What brain mechanisms help people make scientific discoveries?,back_navigation,2026-04-13T12:42:18.715Z,Problem_solving,,Brain,,,,,,,,,,,,
16, Wikipedia_Exp_13.04,Wikipedia_Exp_13.04,48,Male,sg_1776083344770_xc4ym6,clumpy,1,,psychology,high-psychology,What brain mechanisms help people make scientific discoveries?,article_open,2026-04-13T12:42:19.206Z,Problem_solving,Problem solving,,12336,back,,,,,,,,,,
16, Wikipedia_Exp_13.04,Wikipedia_Exp_13.04,48,Male,sg_1776083344770_xc4ym6,clumpy,1,,psychology,high-psychology,What brain mechanisms help people make scientific discoveries?,link_click,2026-04-13T12:42:22.983Z,Reason,,Problem_solving,,,,,,,,,,,,
16, Wikipedia_Exp_13.04,Wikipedia_Exp_13.04,48,Male,sg_1776083344770_xc4ym6,clumpy,1,,psychology,high-psychology,What brain mechanisms help people make scientific discoveries?,article_open,2026-04-13T12:42:26.341Z,Reason,Reason,,13807,link_click,,,,,,,,,,
16, Wikipedia_Exp_13.04,Wikipedia_Exp_13.04,48,Male,sg_1776083344770_xc4ym6,clumpy,1,,psychology,high-psychology,What brain mechanisms help people make scientific discoveries?,paste,2026-04-13T12:42:55.041Z,,,,,,,,,,,"Reason is the capacity to consciously apply logic by drawing valid conclusions from new or existing information, with the aim of seeking truth.[1] It is associated with activities considered characteristic of humans, including philosophy, religion, science, language, and mathematics, and is generally considered a distinguishing ability possessed by humans.",358,,,
16, Wikipedia_Exp_13.04,Wikipedia_Exp_13.04,48,Male,sg_1776083344770_xc4ym6,clumpy,1,,psychology,high-psychology,What brain mechanisms help people make scientific discoveries?,paste,2026-04-13T12:44:10.261Z,,,,,,,,,,,"Cognitive–instrumental reason
    the kind of reason employed by the sciences; used to observe events, to predict and control outcomes, and to intervene in the world on the basis of its hypotheses",196,,,
16, Wikipedia_Exp_13.04,Wikipedia_Exp_13.04,48,Male,sg_1776083344770_xc4ym6,clumpy,1,,psychology,high-psychology,What brain mechanisms help people make scientific discoveries?,task_end,2026-04-13T12:44:25.890Z,,,,,,,,,"The main functions of the frontal lobe are to control attention, abstract thinking, behaviour, problem-solving tasks, and physical reactions and personality.
Cognitions are mental processes that deal with knowledge, involving the acquisition, transformation, storage, retrieval, and use of information.
Reason is the capacity to consciously apply logic by drawing valid conclusions from new or existing information, with the aim of seeking truth.It is associated with activities considered characteristic of humans, including philosophy, religion, science, language, and mathematics, and is generally considered a distinguishing ability possessed by humans.
Cognitive–instrumental reason is the kind of reason employed by the sciences; used to observe events, to predict and control outcomes, and to intervene in the world on the basis of its hypotheses.",854,,,,,
16, Wikipedia_Exp_13.04,Wikipedia_Exp_13.04,48,Male,sg_1776083344770_xc4ym6,clumpy,2,,art_history,high-art-history,How do ancient works of art play a role in contemporary society?,familiarity_rating,2026-04-13T12:44:39.338Z,,,,,,,,,,,,,1,5,
16, Wikipedia_Exp_13.04,Wikipedia_Exp_13.04,48,Male,sg_1776083344770_xc4ym6,clumpy,2,,art_history,high-art-history,How do ancient works of art play a role in contemporary society?,search,2026-04-13T12:44:47.806Z,,,,,,ancient art,,,,,,,,,
16, Wikipedia_Exp_13.04,Wikipedia_Exp_13.04,48,Male,sg_1776083344770_xc4ym6,clumpy,2,,art_history,high-art-history,How do ancient works of art play a role in contemporary society?,article_open,2026-04-13T12:44:49.964Z,Ancient_art,Ancient art,,9173,search,,,,,,,,,,
16, Wikipedia_Exp_13.04,Wikipedia_Exp_13.04,48,Male,sg_1776083344770_xc4ym6,clumpy,2,,art_history,high-art-history,How do ancient works of art play a role in contemporary society?,search,2026-04-13T12:45:39.845Z,,,,,,impact of ,,,,,,,,,
16, Wikipedia_Exp_13.04,Wikipedia_Exp_13.04,48,Male,sg_1776083344770_xc4ym6,clumpy,2,,art_history,high-art-history,How do ancient works of art play a role in contemporary society?,search,2026-04-13T12:45:40.626Z,,,,,,impact of art,,,,,,,,,
16, Wikipedia_Exp_13.04,Wikipedia_Exp_13.04,48,Male,sg_1776083344770_xc4ym6,clumpy,2,,art_history,high-art-history,How do ancient works of art play a role in contemporary society?,search,2026-04-13T12:45:41.191Z,,,,,,impact of art ,,,,,,,,,
16, Wikipedia_Exp_13.04,Wikipedia_Exp_13.04,48,Male,sg_1776083344770_xc4ym6,clumpy,2,,art_history,high-art-history,How do ancient works of art play a role in contemporary society?,search,2026-04-13T12:45:42.277Z,,,,,,impact of art in,,,,,,,,,
16, Wikipedia_Exp_13.04,Wikipedia_Exp_13.04,48,Male,sg_1776083344770_xc4ym6,clumpy,2,,art_history,high-art-history,How do ancient works of art play a role in contemporary society?,search,2026-04-13T12:45:43.165Z,,,,,,impact of art in socien,,,,,,,,,
16, Wikipedia_Exp_13.04,Wikipedia_Exp_13.04,48,Male,sg_1776083344770_xc4ym6,clumpy,2,,art_history,high-art-history,How do ancient works of art play a role in contemporary society?,search,2026-04-13T12:45:43.962Z,,,,,,impact of art in society,,,,,,,,,
16, Wikipedia_Exp_13.04,Wikipedia_Exp_13.04,48,Male,sg_1776083344770_xc4ym6,clumpy,2,,art_history,high-art-history,How do ancient works of art play a role in contemporary society?,article_open,2026-04-13T12:46:04.980Z,Art,Art,,16998,search,,,,,,,,,,
16, Wikipedia_Exp_13.04,Wikipedia_Exp_13.04,48,Male,sg_1776083344770_xc4ym6,clumpy,2,,art_history,high-art-history,How do ancient works of art play a role in contemporary society?,paste,2026-04-13T12:46:38.428Z,,,,,,,,,,,"Over time, philosophers like Plato, Aristotle, Socrates and Immanuel Kant, among others, questioned the meaning of art.",119,,,
16, Wikipedia_Exp_13.04,Wikipedia_Exp_13.04,48,Male,sg_1776083344770_xc4ym6,clumpy,2,,art_history,high-art-history,How do ancient works of art play a role in contemporary society?,paste,2026-04-13T12:47:09.446Z,,,,,,,,,,,"Many great traditions in art have a foundation in the art of one of the great ancient civilizations: Ancient Egypt, Mesopotamia, Persia, India, China, Ancient Greece, Rome, as well as Inca, Maya, and Olmec.",206,,,
16, Wikipedia_Exp_13.04,Wikipedia_Exp_13.04,48,Male,sg_1776083344770_xc4ym6,clumpy,2,,art_history,high-art-history,How do ancient works of art play a role in contemporary society?,search,2026-04-13T12:48:36.813Z,,,,,,societa,,,,,,,,,
16, Wikipedia_Exp_13.04,Wikipedia_Exp_13.04,48,Male,sg_1776083344770_xc4ym6,clumpy,2,,art_history,high-art-history,How do ancient works of art play a role in contemporary society?,search,2026-04-13T12:48:37.252Z,,,,,,societal,,,,,,,,,
16, Wikipedia_Exp_13.04,Wikipedia_Exp_13.04,48,Male,sg_1776083344770_xc4ym6,clumpy,2,,art_history,high-art-history,How do ancient works of art play a role in contemporary society?,search,2026-04-13T12:48:40.473Z,,,,,,socie,,,,,,,,,
16, Wikipedia_Exp_13.04,Wikipedia_Exp_13.04,48,Male,sg_1776083344770_xc4ym6,clumpy,2,,art_history,high-art-history,How do ancient works of art play a role in contemporary society?,search,2026-04-13T12:48:41.970Z,,,,,,society,,,,,,,,,
16, Wikipedia_Exp_13.04,Wikipedia_Exp_13.04,48,Male,sg_1776083344770_xc4ym6,clumpy,2,,art_history,high-art-history,How do ancient works of art play a role in contemporary society?,search,2026-04-13T12:48:43.833Z,,,,,,society art,,,,,,,,,
16, Wikipedia_Exp_13.04,Wikipedia_Exp_13.04,48,Male,sg_1776083344770_xc4ym6,clumpy,2,,art_history,high-art-history,How do ancient works of art play a role in contemporary society?,search,2026-04-13T12:48:57.055Z,,,,,,society,,,,,,,,,
16, Wikipedia_Exp_13.04,Wikipedia_Exp_13.04,48,Male,sg_1776083344770_xc4ym6,clumpy,2,,art_history,high-art-history,How do ancient works of art play a role in contemporary society?,search,2026-04-13T12:49:00.501Z,,,,,,art impact,,,,,,,,,
16, Wikipedia_Exp_13.04,Wikipedia_Exp_13.04,48,Male,sg_1776083344770_xc4ym6,clumpy,2,,art_history,high-art-history,How do ancient works of art play a role in contemporary society?,article_open,2026-04-13T12:49:03.862Z,Art_history,Art history,,4903,search,,,,,,,,,,
16, Wikipedia_Exp_13.04,Wikipedia_Exp_13.04,48,Male,sg_1776083344770_xc4ym6,clumpy,2,,art_history,high-art-history,How do ancient works of art play a role in contemporary society?,search,2026-04-13T12:49:55.607Z,,,,,,socia,,,,,,,,,
16, Wikipedia_Exp_13.04,Wikipedia_Exp_13.04,48,Male,sg_1776083344770_xc4ym6,clumpy,2,,art_history,high-art-history,How do ancient works of art play a role in contemporary society?,search,2026-04-13T12:49:56.862Z,,,,,,societ,,,,,,,,,
16, Wikipedia_Exp_13.04,Wikipedia_Exp_13.04,48,Male,sg_1776083344770_xc4ym6,clumpy,2,,art_history,high-art-history,How do ancient works of art play a role in contemporary society?,search,2026-04-13T12:49:57.610Z,,,,,,societal ,,,,,,,,,
16, Wikipedia_Exp_13.04,Wikipedia_Exp_13.04,48,Male,sg_1776083344770_xc4ym6,clumpy,2,,art_history,high-art-history,How do ancient works of art play a role in contemporary society?,search,2026-04-13T12:49:59.373Z,,,,,,societal impact of art,,,,,,,,,
16, Wikipedia_Exp_13.04,Wikipedia_Exp_13.04,48,Male,sg_1776083344770_xc4ym6,clumpy,2,,art_history,high-art-history,How do ancient works of art play a role in contemporary society?,search,2026-04-13T12:50:19.390Z,,,,,,cultural impact of ,,,,,,,,,
16, Wikipedia_Exp_13.04,Wikipedia_Exp_13.04,48,Male,sg_1776083344770_xc4ym6,clumpy,2,,art_history,high-art-history,How do ancient works of art play a role in contemporary society?,search,2026-04-13T12:50:20.103Z,,,,,,cultural impact of art,,,,,,,,,
16, Wikipedia_Exp_13.04,Wikipedia_Exp_13.04,48,Male,sg_1776083344770_xc4ym6,clumpy,2,,art_history,high-art-history,How do ancient works of art play a role in contemporary society?,search,2026-04-13T12:50:30.677Z,,,,,,ancient art,,,,,,,,,
16, Wikipedia_Exp_13.04,Wikipedia_Exp_13.04,48,Male,sg_1776083344770_xc4ym6,clumpy,2,,art_history,high-art-history,How do ancient works of art play a role in contemporary society?,article_open,2026-04-13T12:50:32.797Z,Ancient_art,Ancient art,,9173,search,,,,,,,,,,
16, Wikipedia_Exp_13.04,Wikipedia_Exp_13.04,48,Male,sg_1776083344770_xc4ym6,clumpy,2,,art_history,high-art-history,How do ancient works of art play a role in contemporary society?,link_click,2026-04-13T12:51:26.025Z,History_of_art,,Ancient_art,,,,,,,,,,,,
16, Wikipedia_Exp_13.04,Wikipedia_Exp_13.04,48,Male,sg_1776083344770_xc4ym6,clumpy,2,,art_history,high-art-history,How do ancient works of art play a role in contemporary society?,article_open,2026-04-13T12:51:26.785Z,History_of_art,History of art,,32277,link_click,,,,,,,,,,
16, Wikipedia_Exp_13.04,Wikipedia_Exp_13.04,48,Male,sg_1776083344770_xc4ym6,clumpy,2,,art_history,high-art-history,How do ancient works of art play a role in contemporary society?,search,2026-04-13T12:52:41.027Z,,,,,,socia,,,,,,,,,
16, Wikipedia_Exp_13.04,Wikipedia_Exp_13.04,48,Male,sg_1776083344770_xc4ym6,clumpy,2,,art_history,high-art-history,How do ancient works of art play a role in contemporary society?,search,2026-04-13T12:52:41.714Z,,,,,,soc,,,,,,,,,
16, Wikipedia_Exp_13.04,Wikipedia_Exp_13.04,48,Male,sg_1776083344770_xc4ym6,clumpy,2,,art_history,high-art-history,How do ancient works of art play a role in contemporary society?,search,2026-04-13T12:52:43.918Z,,,,,,anthropol,,,,,,,,,
16, Wikipedia_Exp_13.04,Wikipedia_Exp_13.04,48,Male,sg_1776083344770_xc4ym6,clumpy,2,,art_history,high-art-history,How do ancient works of art play a role in contemporary society?,search,2026-04-13T12:52:44.680Z,,,,,,anthropolo,,,,,,,,,
16, Wikipedia_Exp_13.04,Wikipedia_Exp_13.04,48,Male,sg_1776083344770_xc4ym6,clumpy,2,,art_history,high-art-history,How do ancient works of art play a role in contemporary society?,search,2026-04-13T12:52:47.367Z,,,,,,anthropol,,,,,,,,,
16, Wikipedia_Exp_13.04,Wikipedia_Exp_13.04,48,Male,sg_1776083344770_xc4ym6,clumpy,2,,art_history,high-art-history,How do ancient works of art play a role in contemporary society?,article_open,2026-04-13T12:52:49.522Z,Anthropology,Anthropology,,15528,search,,,,,,,,,,
16, Wikipedia_Exp_13.04,Wikipedia_Exp_13.04,48,Male,sg_1776083344770_xc4ym6,clumpy,2,,art_history,high-art-history,How do ancient works of art play a role in contemporary society?,link_click,2026-04-13T12:52:55.705Z,Anthropology_of_art,,Anthropology,,,,,,,,,,,,
16, Wikipedia_Exp_13.04,Wikipedia_Exp_13.04,48,Male,sg_1776083344770_xc4ym6,clumpy,2,,art_history,high-art-history,How do ancient works of art play a role in contemporary society?,article_open,2026-04-13T12:52:56.449Z,Anthropology_of_art,Anthropology of art,,1918,link_click,,,,,,,,,,
16, Wikipedia_Exp_13.04,Wikipedia_Exp_13.04,48,Male,sg_1776083344770_xc4ym6,clumpy,2,,art_history,high-art-history,How do ancient works of art play a role in contemporary society?,link_click,2026-04-13T12:53:36.463Z,Sociocultural_evolution,,Anthropology_of_art,,,,,,,,,,,,
16, Wikipedia_Exp_13.04,Wikipedia_Exp_13.04,48,Male,sg_1776083344770_xc4ym6,clumpy,2,,art_history,high-art-history,How do ancient works of art play a role in contemporary society?,article_open,2026-04-13T12:53:37.739Z,Sociocultural_evolution,Sociocultural evolution,,13094,link_click,,,,,,,,,,
16, Wikipedia_Exp_13.04,Wikipedia_Exp_13.04,48,Male,sg_1776083344770_xc4ym6,clumpy,2,,art_history,high-art-history,How do ancient works of art play a role in contemporary society?,back_navigation,2026-04-13T12:54:07.732Z,Anthropology_of_art,,Sociocultural_evolution,,,,,,,,,,,,
16, Wikipedia_Exp_13.04,Wikipedia_Exp_13.04,48,Male,sg_1776083344770_xc4ym6,clumpy,2,,art_history,high-art-history,How do ancient works of art play a role in contemporary society?,article_open,2026-04-13T12:54:07.925Z,Anthropology_of_art,Anthropology of art,,1918,back,,,,,,,,,,
16, Wikipedia_Exp_13.04,Wikipedia_Exp_13.04,48,Male,sg_1776083344770_xc4ym6,clumpy,2,,art_history,high-art-history,How do ancient works of art play a role in contemporary society?,paste,2026-04-13T12:54:24.395Z,,,,,,,,,,,"One of the central problems in the anthropology of art concerns the universality of 'art' as a cultural phenomenon. Several anthropologists have noted that the Western categories of 'painting', 'sculpture', or 'literature', conceived as independent artistic activities, do not exist, or exist in a significantly different form, in most non-Western contexts.[6] Thus, there is no consensus on a single, cross-cultural definition of 'art' in anthropology",452,,,
16, Wikipedia_Exp_13.04,Wikipedia_Exp_13.04,48,Male,sg_1776083344770_xc4ym6,clumpy,2,,art_history,high-art-history,How do ancient works of art play a role in contemporary society?,link_click,2026-04-13T12:54:31.680Z,Sociology_of_art,,Anthropology_of_art,,,,,,,,,,,,
16, Wikipedia_Exp_13.04,Wikipedia_Exp_13.04,48,Male,sg_1776083344770_xc4ym6,clumpy,2,,art_history,high-art-history,How do ancient works of art play a role in contemporary society?,article_open,2026-04-13T12:54:32.426Z,Sociology_of_art,Sociology of art,,1311,link_click,,,,,,,,,,
16, Wikipedia_Exp_13.04,Wikipedia_Exp_13.04,48,Male,sg_1776083344770_xc4ym6,clumpy,2,,art_history,high-art-history,How do ancient works of art play a role in contemporary society?,paste,2026-04-13T12:54:41.964Z,,,,,,,,,,,"Other approaches consider the social and economic background to the creation of works of art, which has been a great focus of art history in recent decades. For example, research has examined the role of gender and nationality of artists in museum exhibition and textbook inclusion.[3] The role of patrons and consumers of art, as well as those of the artist(s) themselves, are considered. Work into the role geographic location of art collections/collectors has been shown to affect the prestige and recognition of collectors in the art world.[4] There has also been a great interest in the history of art collecting, and the history of older objects between their creation and their current location, beyond a mere provenance. Recent work has also employed new analysis techniques such as social network analysis to understand how an artist's reputation can be affected by association with other artists in exhibition.[5]",923,,,
16, Wikipedia_Exp_13.04,Wikipedia_Exp_13.04,48,Male,sg_1776083344770_xc4ym6,clumpy,2,,art_history,high-art-history,How do ancient works of art play a role in contemporary society?,task_end,2026-04-13T12:54:45.863Z,,,,,,,,,"Over time, philosophers like Plato, Aristotle, Socrates and Immanuel Kant, among others, questioned the meaning of art. Many great traditions in art have a foundation in the art of one of the great ancient civilizations: Ancient Egypt, Mesopotamia, Persia, India, China, Ancient Greece, Rome, as well as Inca, Maya, and Olmec. One of the central problems in the anthropology of art concerns the universality of 'art' as a cultural phenomenon. Several anthropologists have noted that the Western categories of 'painting', 'sculpture', or 'literature', conceived as independent artistic activities, do not exist, or exist in a significantly different form, in most non-Western contexts.[6] Thus, there is no consensus on a single, cross-cultural definition of 'art' in anthropology.Other approaches consider the social and economic background to the creation of works of art, which has been a great focus of art history in recent decades. For example, research has examined the role of gender and nationality of artists in museum exhibition and textbook inclusion.[3] The role of patrons and consumers of art, as well as those of the artist(s) themselves, are considered. Work into the role geographic location of art collections/collectors has been shown to affect the prestige and recognition of collectors in the art world.[4] There has also been a great interest in the history of art collecting, and the history of older objects between their creation and their current location, beyond a mere provenance. Recent work has also employed new analysis techniques such as social network analysis to understand how an artist's reputation can be affected by association with other artists in exhibition.[5]",1703,,,,,
